"center_code_anon","assessment_year_be","assessment_year_ce","source_file","source_row","source_sheet","record_key","ministry","sub_agency_1","sub_agency_2","sub_agency_3","province","district","subdistrict","user_code","center_name","center_name_raw","opening_date_raw","opening_date_iso","opening_date_status","improvement_items_raw","improvement_items_mapped","improvement_item_count_raw","improvement_item_count_mapped","unknown_improvement_code_count","unknown_improvement_codes","has_unknown_improvement_code","indicator_1_1_1","indicator_1_1_2","indicator_1_1_3","indicator_1_2_1","indicator_1_2_2","indicator_1_2_3","indicator_1_2_4","indicator_1_3_1","indicator_1_3_2","indicator_1_3_3","indicator_1_3_4","indicator_1_3_5","indicator_1_3_6","indicator_1_3_7","indicator_1_3_8","indicator_1_4_1","indicator_1_4_2","indicator_1_4_3","indicator_1_4_4","indicator_1_4_5","indicator_1_4_6","indicator_1_4_7","indicator_1_5_1","indicator_1_5_2","indicator_1_5_3","indicator_1_5_4","indicator_2_1_1","indicator_2_1_2","indicator_2_1_3","indicator_2_1_4","indicator_2_1_5","indicator_2_2_1","indicator_2_2_2","indicator_2_2_3","indicator_2_2_4","indicator_2_2_5","indicator_2_3_1","indicator_2_3_2","indicator_2_3_3","indicator_2_3_4","indicator_2_3_5","indicator_2_4_1","indicator_2_4_2","indicator_2_4_3","indicator_2_5_1","indicator_2_5_2","indicator_3_1_1ก","indicator_3_2_1ก","indicator_3_2_2ก","indicator_3_2_3ก","indicator_3_2_4ก","indicator_3_2_5ก","indicator_3_2_6ก","indicator_3_1_1ข","indicator_3_1_2ข","indicator_3_1_3ข","indicator_3_2_1ข","indicator_3_3_1ข","indicator_3_3_2ข","indicator_3_4_1ข","indicator_3_4_2ข","indicator_3_4_3ข","indicator_3_5_1ข","indicator_3_5_2ข","indicator_3_5_3ข","indicator_3_5_4ข","indicator_3_5_5ข","indicator_3_6_1ข","indicator_3_6_2ข","indicator_3_6_3ข","indicator_3_6_4ข","indicator_3_7_1ข","indicator_3_7_2ข","indicator_3_7_3ข","indicator_3_7_4ข","ImproveScore","Quality_level","target_label"
"SCH_G3_0001","2563","2020","7. 2563 REP004-IMPROVEMENT 12 - ตารางสรุปรายงานมาตรฐานแต่ละด้าน พร้อมจำนวนข้อที่ต้องปรับปรุง และจำนวนเด็กที่ผ่านเกณฑ์.xls","3","Sheet1","2563|7222021101","สำนักงานตำรวจแห่งชาติ","กองบัญชาการตำรวจตระเวนชายแดน","กองบังคับการตำรวจตระเวนชายแดนภาค 1","กองกำกับการตำรวจตระเวนชายแดนที่ 11","","","","7222021101","รร.ตชด.บ้านน้ำแดง","รร.ตชด.บ้านน้ำแดง","27/02/2528","1985-02-27","parsed","","","0","0","0","","0","0","0","0","0","0","0","0","0","0","0","0","0","0","0","0","0","0","0","0","0","0","0","0","0","0","0","0","0","0","0","0","0","0","0","0","0","0","0","0","0","0","0","0","0","0","0","0","0","0","0","0","0","0","0","0","0","0","0","0","0","0","0","0","0","0","0","0","0","0","0","0","0","0","0","0","0","A","ผ่าน"
"SCH_G3_0002","2563","2020","7. 2563 REP004-IMPROVEMENT 12 - ตารางสรุปรายงานมาตรฐานแต่ละด้าน พร้อมจำนวนข้อที่ต้องปรับปรุง และจำนวนเด็กที่ผ่านเกณฑ์.xls","4","Sheet1","2563|7222051102","สำนักงานตำรวจแห่งชาติ","กองบัญชาการตำรวจตระเวนชายแดน","กองบังคับการตำรวจตระเวนชายแดนภาค 1","กองกำกับการตำรวจตระเวนชายแดนที่ 11","","","","7222051102","รร.ตชด.บ้านคลองมะลิประเวศน์วิทยา","รร.ตชด.บ้านคลองมะลิประเวศน์วิทยา","30/07/2529","1986-07-30","parsed","","","0","0","0","","0","0","0","0","0","0","0","0","0","0","0","0","0","0","0","0","0","0","0","0","0","0","0","0","0","0","0","0","0","0","0","0","0","0","0","0","0","0","0","0","0","0","0","0","0","0","0","0","0","0","0","0","0","0","0","0","0","0","0","0","0","0","0","0","0","0","0","0","0","0","0","0","0","0","0","0","0","A","ผ่าน"
"SCH_G3_0003","2563","2020","7. 2563 REP004-IMPROVEMENT 12 - ตารางสรุปรายงานมาตรฐานแต่ละด้าน พร้อมจำนวนข้อที่ต้องปรับปรุง และจำนวนเด็กที่ผ่านเกณฑ์.xls","5","Sheet1","2563|7222071103","สำนักงานตำรวจแห่งชาติ","กองบัญชาการตำรวจตระเวนชายแดน","กองบังคับการตำรวจตระเวนชายแดนภาค 1","กองกำกับการตำรวจตระเวนชายแดนที่ 11","","","","7222071103","รร.ตชด.สิงคโปร์แอร์ไลน์สฯ","รร.ตชด.สิงคโปร์แอร์ไลน์สฯ","03/03/2530","1987-03-03","parsed","1.2.3,3.1.1ข,3.1.3ข,3.2.1ข","1.2.3,3.1.1ข,3.1.3ข,3.2.1ข","4","4","0","","0","0","0","0","0","0","1","0","0","0","0","0","0","0","0","0","0","0","0","0","0","0","0","0","0","0","0","0","0","0","0","0","0","0","0","0","0","0","0","0","0","0","0","0","0","0","0","0","0","0","0","0","0","0","1","0","1","1","0","0","0","0","0","0","0","0","0","0","0","0","0","0","0","0","0","0","4","B","ผ่าน"
"SCH_G3_0004","2563","2020","7. 2563 REP004-IMPROVEMENT 12 - ตารางสรุปรายงานมาตรฐานแต่ละด้าน พร้อมจำนวนข้อที่ต้องปรับปรุง และจำนวนเด็กที่ผ่านเกณฑ์.xls","6","Sheet1","2563|7222081104","สำนักงานตำรวจแห่งชาติ","กองบัญชาการตำรวจตระเวนชายแดน","กองบังคับการตำรวจตระเวนชายแดนภาค 1","กองกำกับการตำรวจตระเวนชายแดนที่ 11","","","","7222081104","รร.ตชด.บ้านบ่อชะอม","รร.ตชด.บ้านบ่อชะอม","16/05/2568","2025-05-16","parsed","1.2.2,1.2.3,3.1.3ข,3.4.2ข,3.4.3ข,3.5.1ข,3.5.2ข,3.5.3ข,3.6.1ข,3.6.2ข","1.2.2,1.2.3,3.1.3ข,3.4.2ข,3.4.3ข,3.5.1ข,3.5.2ข,3.5.3ข,3.6.1ข,3.6.2ข","10","10","0","","0","0","0","0","0","1","1","0","0","0","0","0","0","0","0","0","0","0","0","0","0","0","0","0","0","0","0","0","0","0","0","0","0","0","0","0","0","0","0","0","0","0","0","0","0","0","0","0","0","0","0","0","0","0","0","0","1","0","0","0","0","1","1","1","1","1","0","0","1","1","0","0","0","0","0","0","10","C","ผ่าน"
"SCH_G3_0005","2563","2020","7. 2563 REP004-IMPROVEMENT 12 - ตารางสรุปรายงานมาตรฐานแต่ละด้าน พร้อมจำนวนข้อที่ต้องปรับปรุง และจำนวนเด็กที่ผ่านเกณฑ์.xls","7","Sheet1","2563|7222081105","สำนักงานตำรวจแห่งชาติ","กองบัญชาการตำรวจตระเวนชายแดน","กองบังคับการตำรวจตระเวนชายแดนภาค 1","กองกำกับการตำรวจตระเวนชายแดนที่ 11","","","","7222081105","รร.ตชด.บ้านหางแมว","รร.ตชด.บ้านหางแมว","15/03/2534","1991-03-15","parsed","","","0","0","0","","0","0","0","0","0","0","0","0","0","0","0","0","0","0","0","0","0","0","0","0","0","0","0","0","0","0","0","0","0","0","0","0","0","0","0","0","0","0","0","0","0","0","0","0","0","0","0","0","0","0","0","0","0","0","0","0","0","0","0","0","0","0","0","0","0","0","0","0","0","0","0","0","0","0","0","0","0","A","ผ่าน"
"SCH_G3_0006","2563","2020","7. 2563 REP004-IMPROVEMENT 12 - ตารางสรุปรายงานมาตรฐานแต่ละด้าน พร้อมจำนวนข้อที่ต้องปรับปรุง และจำนวนเด็กที่ผ่านเกณฑ์.xls","8","Sheet1","2563|7222081108","สำนักงานตำรวจแห่งชาติ","กองบัญชาการตำรวจตระเวนชายแดน","กองบังคับการตำรวจตระเวนชายแดนภาค 1","กองกำกับการตำรวจตระเวนชายแดนที่ 11","","","","7222081108","รร.ตชด.บ้านคลองแดง","รร.ตชด.บ้านคลองแดง","16/05/2545","2002-05-16","parsed","","","0","0","0","","0","0","0","0","0","0","0","0","0","0","0","0","0","0","0","0","0","0","0","0","0","0","0","0","0","0","0","0","0","0","0","0","0","0","0","0","0","0","0","0","0","0","0","0","0","0","0","0","0","0","0","0","0","0","0","0","0","0","0","0","0","0","0","0","0","0","0","0","0","0","0","0","0","0","0","0","0","A","ผ่าน"
"SCH_G3_0007","2563","2020","7. 2563 REP004-IMPROVEMENT 12 - ตารางสรุปรายงานมาตรฐานแต่ละด้าน พร้อมจำนวนข้อที่ต้องปรับปรุง และจำนวนเด็กที่ผ่านเกณฑ์.xls","9","Sheet1","2563|7223011106","สำนักงานตำรวจแห่งชาติ","กองบัญชาการตำรวจตระเวนชายแดน","กองบังคับการตำรวจตระเวนชายแดนภาค 1","กองกำกับการตำรวจตระเวนชายแดนที่ 11","","","","7223011106","รร.ตชด.บ้านท่ากุ่ม","รร.ตชด.บ้านท่ากุ่ม","01/11/2536","1993-11-01","parsed","","","0","0","0","","0","0","0","0","0","0","0","0","0","0","0","0","0","0","0","0","0","0","0","0","0","0","0","0","0","0","0","0","0","0","0","0","0","0","0","0","0","0","0","0","0","0","0","0","0","0","0","0","0","0","0","0","0","0","0","0","0","0","0","0","0","0","0","0","0","0","0","0","0","0","0","0","0","0","0","0","0","A","ผ่าน"
"SCH_G3_0008","2563","2020","7. 2563 REP004-IMPROVEMENT 12 - ตารางสรุปรายงานมาตรฐานแต่ละด้าน พร้อมจำนวนข้อที่ต้องปรับปรุง และจำนวนเด็กที่ผ่านเกณฑ์.xls","10","Sheet1","2563|7223031107","สำนักงานตำรวจแห่งชาติ","กองบัญชาการตำรวจตระเวนชายแดน","กองบังคับการตำรวจตระเวนชายแดนภาค 1","กองกำกับการตำรวจตระเวนชายแดนที่ 11","","","","7223031107","รร.ตชด.บ้านเขาฉลาด","รร.ตชด.บ้านเขาฉลาด","16/05/2542","1999-05-16","parsed","","","0","0","0","","0","0","0","0","0","0","0","0","0","0","0","0","0","0","0","0","0","0","0","0","0","0","0","0","0","0","0","0","0","0","0","0","0","0","0","0","0","0","0","0","0","0","0","0","0","0","0","0","0","0","0","0","0","0","0","0","0","0","0","0","0","0","0","0","0","0","0","0","0","0","0","0","0","0","0","0","0","A","ผ่าน"
"SCH_G3_0009","2563","2020","7. 2563 REP004-IMPROVEMENT 12 - ตารางสรุปรายงานมาตรฐานแต่ละด้าน พร้อมจำนวนข้อที่ต้องปรับปรุง และจำนวนเด็กที่ผ่านเกณฑ์.xls","11","Sheet1","2563|7224081210","สำนักงานตำรวจแห่งชาติ","กองบัญชาการตำรวจตระเวนชายแดน","กองบังคับการตำรวจตระเวนชายแดนภาค 1","กองกำกับการตำรวจตระเวนชายแดนที่ 12","","","","7224081210","รร.ตชด.บ้านนายาว","รร.ตชด.บ้านนายาว","12/07/2564","2021-07-12","parsed","1.2.3,3.5.2ข","1.2.3,3.5.2ข","2","2","0","","0","0","0","0","0","0","1","0","0","0","0","0","0","0","0","0","0","0","0","0","0","0","0","0","0","0","0","0","0","0","0","0","0","0","0","0","0","0","0","0","0","0","0","0","0","0","0","0","0","0","0","0","0","0","0","0","0","0","0","0","0","0","0","0","1","0","0","0","0","0","0","0","0","0","0","0","2","B","ผ่าน"
"SCH_G3_0011","2563","2020","7. 2563 REP004-IMPROVEMENT 12 - ตารางสรุปรายงานมาตรฐานแต่ละด้าน พร้อมจำนวนข้อที่ต้องปรับปรุง และจำนวนเด็กที่ผ่านเกณฑ์.xls","12","Sheet1","2563|7227021205","สำนักงานตำรวจแห่งชาติ","กองบัญชาการตำรวจตระเวนชายแดน","กองบังคับการตำรวจตระเวนชายแดนภาค 1","กองกำกับการตำรวจตระเวนชายแดนที่ 12","","","","7227021205","รร.ตชด.การบินไทย","รร.ตชด.การบินไทย","16/05/2560","2017-05-16","parsed","1.2.3","1.2.3","1","1","0","","0","0","0","0","0","0","1","0","0","0","0","0","0","0","0","0","0","0","0","0","0","0","0","0","0","0","0","0","0","0","0","0","0","0","0","0","0","0","0","0","0","0","0","0","0","0","0","0","0","0","0","0","0","0","0","0","0","0","0","0","0","0","0","0","0","0","0","0","0","0","0","0","0","0","0","0","1","B","ผ่าน"
"SCH_G3_0014","2563","2020","7. 2563 REP004-IMPROVEMENT 12 - ตารางสรุปรายงานมาตรฐานแต่ละด้าน พร้อมจำนวนข้อที่ต้องปรับปรุง และจำนวนเด็กที่ผ่านเกณฑ์.xls","13","Sheet1","2563|7227061206","สำนักงานตำรวจแห่งชาติ","กองบัญชาการตำรวจตระเวนชายแดน","กองบังคับการตำรวจตระเวนชายแดนภาค 1","กองกำกับการตำรวจตระเวนชายแดนที่ 12","","","","7227061206","รร.ตชด.ประชารัฐบำรุง 1","รร.ตชด.ประชารัฐบำรุง 1","03/06/2568","2025-06-03","parsed","","","0","0","0","","0","0","0","0","0","0","0","0","0","0","0","0","0","0","0","0","0","0","0","0","0","0","0","0","0","0","0","0","0","0","0","0","0","0","0","0","0","0","0","0","0","0","0","0","0","0","0","0","0","0","0","0","0","0","0","0","0","0","0","0","0","0","0","0","0","0","0","0","0","0","0","0","0","0","0","0","0","A","ผ่าน"
"SCH_G3_0015","2563","2020","7. 2563 REP004-IMPROVEMENT 12 - ตารางสรุปรายงานมาตรฐานแต่ละด้าน พร้อมจำนวนข้อที่ต้องปรับปรุง และจำนวนเด็กที่ผ่านเกณฑ์.xls","14","Sheet1","2563|7227071209","สำนักงานตำรวจแห่งชาติ","กองบัญชาการตำรวจตระเวนชายแดน","กองบังคับการตำรวจตระเวนชายแดนภาค 1","กองกำกับการตำรวจตระเวนชายแดนที่ 12","","","","7227071209","รร.ตชด.บ้านน้ำอ้อม","รร.ตชด.บ้านน้ำอ้อม","09/02/2525","1982-02-09","parsed","","","0","0","0","","0","0","0","0","0","0","0","0","0","0","0","0","0","0","0","0","0","0","0","0","0","0","0","0","0","0","0","0","0","0","0","0","0","0","0","0","0","0","0","0","0","0","0","0","0","0","0","0","0","0","0","0","0","0","0","0","0","0","0","0","0","0","0","0","0","0","0","0","0","0","0","0","0","0","0","0","0","A","ผ่าน"
"SCH_G3_0016","2563","2020","7. 2563 REP004-IMPROVEMENT 12 - ตารางสรุปรายงานมาตรฐานแต่ละด้าน พร้อมจำนวนข้อที่ต้องปรับปรุง และจำนวนเด็กที่ผ่านเกณฑ์.xls","15","Sheet1","2563|7227091202","สำนักงานตำรวจแห่งชาติ","กองบัญชาการตำรวจตระเวนชายแดน","กองบังคับการตำรวจตระเวนชายแดนภาค 1","กองกำกับการตำรวจตระเวนชายแดนที่ 12","","","","7227091202","รร.ตชด.บ้านทุ่งกบินทร์","รร.ตชด.บ้านทุ่งกบินทร์","20/06/2520","1977-06-20","parsed","1.2.3,1.3.5,1.4.2,1.4.4,3.6.2ข","1.2.3,1.3.5,1.4.2,1.4.4,3.6.2ข","5","5","0","","0","0","0","0","0","0","1","0","0","0","0","0","1","0","0","0","0","1","0","1","0","0","0","0","0","0","0","0","0","0","0","0","0","0","0","0","0","0","0","0","0","0","0","0","0","0","0","0","0","0","0","0","0","0","0","0","0","0","0","0","0","0","0","0","0","0","0","0","0","1","0","0","0","0","0","0","5","B","ผ่าน"
"SCH_G3_0017","2563","2020","7. 2563 REP004-IMPROVEMENT 12 - ตารางสรุปรายงานมาตรฐานแต่ละด้าน พร้อมจำนวนข้อที่ต้องปรับปรุง และจำนวนเด็กที่ผ่านเกณฑ์.xls","16","Sheet1","2563|7227091203","สำนักงานตำรวจแห่งชาติ","กองบัญชาการตำรวจตระเวนชายแดน","กองบังคับการตำรวจตระเวนชายแดนภาค 1","กองกำกับการตำรวจตระเวนชายแดนที่ 12","","","","7227091203","รร.ตชด.วังศรีทอง","รร.ตชด.วังศรีทอง","","","missing","1.2.3","1.2.3","1","1","0","","0","0","0","0","0","0","1","0","0","0","0","0","0","0","0","0","0","0","0","0","0","0","0","0","0","0","0","0","0","0","0","0","0","0","0","0","0","0","0","0","0","0","0","0","0","0","0","0","0","0","0","0","0","0","0","0","0","0","0","0","0","0","0","0","0","0","0","0","0","0","0","0","0","0","0","0","1","B","ผ่าน"
"SCH_G3_0018","2563","2020","7. 2563 REP004-IMPROVEMENT 12 - ตารางสรุปรายงานมาตรฐานแต่ละด้าน พร้อมจำนวนข้อที่ต้องปรับปรุง และจำนวนเด็กที่ผ่านเกณฑ์.xls","17","Sheet1","2563|7227091212","สำนักงานตำรวจแห่งชาติ","กองบัญชาการตำรวจตระเวนชายแดน","กองบังคับการตำรวจตระเวนชายแดนภาค 1","กองกำกับการตำรวจตระเวนชายแดนที่ 12","","","","7227091212","รร.ตชด.พีระยานุเคราะห์ฯ 1","รร.ตชด.พีระยานุเคราะห์ฯ 1","01/06/2538","1995-06-01","parsed","","","0","0","0","","0","0","0","0","0","0","0","0","0","0","0","0","0","0","0","0","0","0","0","0","0","0","0","0","0","0","0","0","0","0","0","0","0","0","0","0","0","0","0","0","0","0","0","0","0","0","0","0","0","0","0","0","0","0","0","0","0","0","0","0","0","0","0","0","0","0","0","0","0","0","0","0","0","0","0","0","0","A","ผ่าน"
"SCH_G3_0020","2563","2020","7. 2563 REP004-IMPROVEMENT 12 - ตารางสรุปรายงานมาตรฐานแต่ละด้าน พร้อมจำนวนข้อที่ต้องปรับปรุง และจำนวนเด็กที่ผ่านเกณฑ์.xls","18","Sheet1","2563|7232052103","สำนักงานตำรวจแห่งชาติ","กองบัญชาการตำรวจตระเวนชายแดน","กองบังคับการตำรวจตระเวนชายแดนภาค 2","กองกำกับการตำรวจตระเวนชายแดนที่ 21","","","","7232052103","รร.ตชด.พีระยานุเคราะห์ฯ 2","รร.ตชด.พีระยานุเคราะห์ฯ 2","","","missing","1.2.1,1.3.6,1.3.8","1.2.1,1.3.6,1.3.8","3","3","0","","0","0","0","0","1","0","0","0","0","0","0","0","0","1","0","1","0","0","0","0","0","0","0","0","0","0","0","0","0","0","0","0","0","0","0","0","0","0","0","0","0","0","0","0","0","0","0","0","0","0","0","0","0","0","0","0","0","0","0","0","0","0","0","0","0","0","0","0","0","0","0","0","0","0","0","0","3","B","ผ่าน"
"SCH_G3_0022","2563","2020","7. 2563 REP004-IMPROVEMENT 12 - ตารางสรุปรายงานมาตรฐานแต่ละด้าน พร้อมจำนวนข้อที่ต้องปรับปรุง และจำนวนเด็กที่ผ่านเกณฑ์.xls","19","Sheet1","2563|7232102105","สำนักงานตำรวจแห่งชาติ","กองบัญชาการตำรวจตระเวนชายแดน","กองบังคับการตำรวจตระเวนชายแดนภาค 2","กองกำกับการตำรวจตระเวนชายแดนที่ 21","","","","7232102105","รร.ตชด.บ้านตาตุม","รร.ตชด.บ้านตาตุม","","","missing","3.5.2ข,3.5.3ข","3.5.2ข,3.5.3ข","2","2","0","","0","0","0","0","0","0","0","0","0","0","0","0","0","0","0","0","0","0","0","0","0","0","0","0","0","0","0","0","0","0","0","0","0","0","0","0","0","0","0","0","0","0","0","0","0","0","0","0","0","0","0","0","0","0","0","0","0","0","0","0","0","0","0","0","1","1","0","0","0","0","0","0","0","0","0","0","2","B","ผ่าน"
"SCH_G3_0023","2563","2020","7. 2563 REP004-IMPROVEMENT 12 - ตารางสรุปรายงานมาตรฐานแต่ละด้าน พร้อมจำนวนข้อที่ต้องปรับปรุง และจำนวนเด็กที่ผ่านเกณฑ์.xls","20","Sheet1","2563|7232102106","สำนักงานตำรวจแห่งชาติ","กองบัญชาการตำรวจตระเวนชายแดน","กองบังคับการตำรวจตระเวนชายแดนภาค 2","กองกำกับการตำรวจตระเวนชายแดนที่ 21","","","","7232102106","รร.ตชด.บ้านตาแตรว","รร.ตชด.บ้านตาแตรว","30/03/2540","1997-03-30","parsed","","","0","0","0","","0","0","0","0","0","0","0","0","0","0","0","0","0","0","0","0","0","0","0","0","0","0","0","0","0","0","0","0","0","0","0","0","0","0","0","0","0","0","0","0","0","0","0","0","0","0","0","0","0","0","0","0","0","0","0","0","0","0","0","0","0","0","0","0","0","0","0","0","0","0","0","0","0","0","0","0","0","A","ผ่าน"
"SCH_G3_0026","2563","2020","7. 2563 REP004-IMPROVEMENT 12 - ตารางสรุปรายงานมาตรฐานแต่ละด้าน พร้อมจำนวนข้อที่ต้องปรับปรุง และจำนวนเด็กที่ผ่านเกณฑ์.xls","21","Sheet1","2563|7232142101","สำนักงานตำรวจแห่งชาติ","กองบัญชาการตำรวจตระเวนชายแดน","กองบังคับการตำรวจตระเวนชายแดนภาค 2","กองกำกับการตำรวจตระเวนชายแดนที่ 21","","","","7232142101","รร.ตชด.บ้านโคกแสลง","รร.ตชด.บ้านโคกแสลง","29/04/2566","2023-04-29","parsed","","","0","0","0","","0","0","0","0","0","0","0","0","0","0","0","0","0","0","0","0","0","0","0","0","0","0","0","0","0","0","0","0","0","0","0","0","0","0","0","0","0","0","0","0","0","0","0","0","0","0","0","0","0","0","0","0","0","0","0","0","0","0","0","0","0","0","0","0","0","0","0","0","0","0","0","0","0","0","0","0","0","A","ผ่าน"
"SCH_G3_0027","2563","2020","7. 2563 REP004-IMPROVEMENT 12 - ตารางสรุปรายงานมาตรฐานแต่ละด้าน พร้อมจำนวนข้อที่ต้องปรับปรุง และจำนวนเด็กที่ผ่านเกณฑ์.xls","22","Sheet1","2563|7233042210","สำนักงานตำรวจแห่งชาติ","กองบัญชาการตำรวจตระเวนชายแดน","กองบังคับการตำรวจตระเวนชายแดนภาค 2","กองกำกับการตำรวจตระเวนชายแดนที่ 22","","","","7233042210","รร.ตชด.บ้านหนองใหญ่","รร.ตชด.บ้านหนองใหญ่","01/05/2538","1995-05-01","parsed","","","0","0","0","","0","0","0","0","0","0","0","0","0","0","0","0","0","0","0","0","0","0","0","0","0","0","0","0","0","0","0","0","0","0","0","0","0","0","0","0","0","0","0","0","0","0","0","0","0","0","0","0","0","0","0","0","0","0","0","0","0","0","0","0","0","0","0","0","0","0","0","0","0","0","0","0","0","0","0","0","0","A","ผ่าน"
"SCH_G3_0030","2563","2020","7. 2563 REP004-IMPROVEMENT 12 - ตารางสรุปรายงานมาตรฐานแต่ละด้าน พร้อมจำนวนข้อที่ต้องปรับปรุง และจำนวนเด็กที่ผ่านเกณฑ์.xls","23","Sheet1","2563|7234092204","สำนักงานตำรวจแห่งชาติ","กองบัญชาการตำรวจตระเวนชายแดน","กองบังคับการตำรวจตระเวนชายแดนภาค 2","กองกำกับการตำรวจตระเวนชายแดนที่ 22","","","","7234092204","รร.ตชด.บ้านท่าแสนคูณ","รร.ตชด.บ้านท่าแสนคูณ","27/08/2567","2024-08-27","parsed","1.3.4,3.1.3ข,3.5.3ข,3.6.3ข,3.6.4ข","1.3.4,3.1.3ข,3.5.3ข,3.6.3ข,3.6.4ข","5","5","0","","0","0","0","0","0","0","0","0","0","0","0","1","0","0","0","0","0","0","0","0","0","0","0","0","0","0","0","0","0","0","0","0","0","0","0","0","0","0","0","0","0","0","0","0","0","0","0","0","0","0","0","0","0","0","0","0","1","0","0","0","0","0","0","0","0","1","0","0","0","0","1","1","0","0","0","0","5","B","ผ่าน"
"SCH_G3_0031","2563","2020","7. 2563 REP004-IMPROVEMENT 12 - ตารางสรุปรายงานมาตรฐานแต่ละด้าน พร้อมจำนวนข้อที่ต้องปรับปรุง และจำนวนเด็กที่ผ่านเกณฑ์.xls","24","Sheet1","2563|7234092212","สำนักงานตำรวจแห่งชาติ","กองบัญชาการตำรวจตระเวนชายแดน","กองบังคับการตำรวจตระเวนชายแดนภาค 2","กองกำกับการตำรวจตระเวนชายแดนที่ 22","","","","7234092212","ศกร.ตชด.บ้านหนองบัวพัฒนา","ศกร.ตชด.บ้านหนองบัวพัฒนา","16/05/2557","2014-05-16","parsed","3.6.1ข","3.6.1ข","1","1","0","","0","0","0","0","0","0","0","0","0","0","0","0","0","0","0","0","0","0","0","0","0","0","0","0","0","0","0","0","0","0","0","0","0","0","0","0","0","0","0","0","0","0","0","0","0","0","0","0","0","0","0","0","0","0","0","0","0","0","0","0","0","0","0","0","0","0","0","0","1","0","0","0","0","0","0","0","1","B","ผ่าน"
"SCH_G3_0033","2563","2020","7. 2563 REP004-IMPROVEMENT 12 - ตารางสรุปรายงานมาตรฐานแต่ละด้าน พร้อมจำนวนข้อที่ต้องปรับปรุง และจำนวนเด็กที่ผ่านเกณฑ์.xls","25","Sheet1","2563|7234172215","สำนักงานตำรวจแห่งชาติ","กองบัญชาการตำรวจตระเวนชายแดน","กองบังคับการตำรวจตระเวนชายแดนภาค 2","กองกำกับการตำรวจตระเวนชายแดนที่ 22","","","","7234172215","ศกร.ตชด.เอไอเอ ประเทศไทย (บ้านบ๋าฮี)","ศกร.ตชด.เอไอเอ ประเทศไทย (บ้านบ๋าฮี)","16/05/2561","2018-05-16","parsed","1.2.3,3.6.2ข,3.6.4ข,3.7.2ข","1.2.3,3.6.2ข,3.6.4ข,3.7.2ข","4","4","0","","0","0","0","0","0","0","1","0","0","0","0","0","0","0","0","0","0","0","0","0","0","0","0","0","0","0","0","0","0","0","0","0","0","0","0","0","0","0","0","0","0","0","0","0","0","0","0","0","0","0","0","0","0","0","0","0","0","0","0","0","0","0","0","0","0","0","0","0","0","1","0","1","0","1","0","0","4","B","ผ่าน"
"SCH_G3_0035","2563","2020","7. 2563 REP004-IMPROVEMENT 12 - ตารางสรุปรายงานมาตรฐานแต่ละด้าน พร้อมจำนวนข้อที่ต้องปรับปรุง และจำนวนเด็กที่ผ่านเกณฑ์.xls","26","Sheet1","2563|7234252211","สำนักงานตำรวจแห่งชาติ","กองบัญชาการตำรวจตระเวนชายแดน","กองบังคับการตำรวจตระเวนชายแดนภาค 2","กองกำกับการตำรวจตระเวนชายแดนที่ 22","","","","7234252211","ศกร.ตชด.ชุมชนป่าหญ้าคา","ศกร.ตชด.ชุมชนป่าหญ้าคา","27/08/2545","2002-08-27","parsed","1.3.8","1.3.8","1","1","0","","0","0","0","0","0","0","0","0","0","0","0","0","0","0","0","1","0","0","0","0","0","0","0","0","0","0","0","0","0","0","0","0","0","0","0","0","0","0","0","0","0","0","0","0","0","0","0","0","0","0","0","0","0","0","0","0","0","0","0","0","0","0","0","0","0","0","0","0","0","0","0","0","0","0","0","0","1","B","ผ่าน"
"SCH_G3_0036","2563","2020","7. 2563 REP004-IMPROVEMENT 12 - ตารางสรุปรายงานมาตรฐานแต่ละด้าน พร้อมจำนวนข้อที่ต้องปรับปรุง และจำนวนเด็กที่ผ่านเกณฑ์.xls","27","Sheet1","2563|7234272214","สำนักงานตำรวจแห่งชาติ","กองบัญชาการตำรวจตระเวนชายแดน","กองบังคับการตำรวจตระเวนชายแดนภาค 2","กองกำกับการตำรวจตระเวนชายแดนที่ 22","","","","7234272214","ศกร.ตชด.พิทักษ์ปัญญา","ศกร.ตชด.พิทักษ์ปัญญา","16/05/2561","2018-05-16","parsed","","","0","0","0","","0","0","0","0","0","0","0","0","0","0","0","0","0","0","0","0","0","0","0","0","0","0","0","0","0","0","0","0","0","0","0","0","0","0","0","0","0","0","0","0","0","0","0","0","0","0","0","0","0","0","0","0","0","0","0","0","0","0","0","0","0","0","0","0","0","0","0","0","0","0","0","0","0","0","0","0","0","A","ผ่าน"
"SCH_G3_0038","2563","2020","7. 2563 REP004-IMPROVEMENT 12 - ตารางสรุปรายงานมาตรฐานแต่ละด้าน พร้อมจำนวนข้อที่ต้องปรับปรุง และจำนวนเด็กที่ผ่านเกณฑ์.xls","28","Sheet1","2563|7237022207","สำนักงานตำรวจแห่งชาติ","กองบัญชาการตำรวจตระเวนชายแดน","กองบังคับการตำรวจตระเวนชายแดนภาค 2","กองกำกับการตำรวจตระเวนชายแดนที่ 22","","","","7237022207","รร.ตชด.บ้านห้วยฆ้อง","รร.ตชด.บ้านห้วยฆ้อง","11/08/2529","1986-08-11","parsed","","","0","0","0","","0","0","0","0","0","0","0","0","0","0","0","0","0","0","0","0","0","0","0","0","0","0","0","0","0","0","0","0","0","0","0","0","0","0","0","0","0","0","0","0","0","0","0","0","0","0","0","0","0","0","0","0","0","0","0","0","0","0","0","0","0","0","0","0","0","0","0","0","0","0","0","0","0","0","0","0","0","A","ผ่าน"
"SCH_G3_0039","2563","2020","7. 2563 REP004-IMPROVEMENT 12 - ตารางสรุปรายงานมาตรฐานแต่ละด้าน พร้อมจำนวนข้อที่ต้องปรับปรุง และจำนวนเด็กที่ผ่านเกณฑ์.xls","29","Sheet1","2563|7237022216","สำนักงานตำรวจแห่งชาติ","กองบัญชาการตำรวจตระเวนชายแดน","กองบังคับการตำรวจตระเวนชายแดนภาค 2","กองกำกับการตำรวจตระเวนชายแดนที่ 22","","","","7237022216","รร.ตชด.บ้านห้วยกระแสน","รร.ตชด.บ้านห้วยกระแสน","18/08/2564","2021-08-18","parsed","1.4.3","1.4.3","1","1","0","","0","0","0","0","0","0","0","0","0","0","0","0","0","0","0","0","0","0","1","0","0","0","0","0","0","0","0","0","0","0","0","0","0","0","0","0","0","0","0","0","0","0","0","0","0","0","0","0","0","0","0","0","0","0","0","0","0","0","0","0","0","0","0","0","0","0","0","0","0","0","0","0","0","0","0","0","1","B","ผ่าน"
"SCH_G3_0040","2563","2020","7. 2563 REP004-IMPROVEMENT 12 - ตารางสรุปรายงานมาตรฐานแต่ละด้าน พร้อมจำนวนข้อที่ต้องปรับปรุง และจำนวนเด็กที่ผ่านเกณฑ์.xls","30","Sheet1","2563|7237112213","สำนักงานตำรวจแห่งชาติ","กองบัญชาการตำรวจตระเวนชายแดน","กองบังคับการตำรวจตระเวนชายแดนภาค 2","กองกำกับการตำรวจตระเวนชายแดนที่ 22","","","","7237112213","ศกร.ตชด.บ้านภูดานกอย","ศกร.ตชด.บ้านภูดานกอย","18/05/2558","2015-05-18","parsed","1.2.3,1.3.8","1.2.3,1.3.8","2","2","0","","0","0","0","0","0","0","1","0","0","0","0","0","0","0","0","1","0","0","0","0","0","0","0","0","0","0","0","0","0","0","0","0","0","0","0","0","0","0","0","0","0","0","0","0","0","0","0","0","0","0","0","0","0","0","0","0","0","0","0","0","0","0","0","0","0","0","0","0","0","0","0","0","0","0","0","0","2","B","ผ่าน"
"SCH_G3_0041","2563","2020","7. 2563 REP004-IMPROVEMENT 12 - ตารางสรุปรายงานมาตรฐานแต่ละด้าน พร้อมจำนวนข้อที่ต้องปรับปรุง และจำนวนเด็กที่ผ่านเกณฑ์.xls","31","Sheet1","2563|7238012406","สำนักงานตำรวจแห่งชาติ","กองบัญชาการตำรวจตระเวนชายแดน","กองบังคับการตำรวจตระเวนชายแดนภาค 2","กองกำกับการตำรวจตระเวนชายแดนที่ 24","","","","7238012406","รร.ตชด.บ้านห้วยดอกไม้","รร.ตชด.บ้านห้วยดอกไม้","25/02/2565","2022-02-25","parsed","1.3.8","1.3.8","1","1","0","","0","0","0","0","0","0","0","0","0","0","0","0","0","0","0","1","0","0","0","0","0","0","0","0","0","0","0","0","0","0","0","0","0","0","0","0","0","0","0","0","0","0","0","0","0","0","0","0","0","0","0","0","0","0","0","0","0","0","0","0","0","0","0","0","0","0","0","0","0","0","0","0","0","0","0","0","1","B","ผ่าน"
"SCH_G3_0042","2563","2020","7. 2563 REP004-IMPROVEMENT 12 - ตารางสรุปรายงานมาตรฐานแต่ละด้าน พร้อมจำนวนข้อที่ต้องปรับปรุง และจำนวนเด็กที่ผ่านเกณฑ์.xls","32","Sheet1","2563|7238012411","สำนักงานตำรวจแห่งชาติ","กองบัญชาการตำรวจตระเวนชายแดน","กองบังคับการตำรวจตระเวนชายแดนภาค 2","กองกำกับการตำรวจตระเวนชายแดนที่ 24","","","","7238012411","รร.ตชด.บ้านหนองตะไก้","รร.ตชด.บ้านหนองตะไก้","10/06/2538","1995-06-10","parsed","","","0","0","0","","0","0","0","0","0","0","0","0","0","0","0","0","0","0","0","0","0","0","0","0","0","0","0","0","0","0","0","0","0","0","0","0","0","0","0","0","0","0","0","0","0","0","0","0","0","0","0","0","0","0","0","0","0","0","0","0","0","0","0","0","0","0","0","0","0","0","0","0","0","0","0","0","0","0","0","0","0","A","ผ่าน"
"SCH_G3_0043","2563","2020","7. 2563 REP004-IMPROVEMENT 12 - ตารางสรุปรายงานมาตรฐานแต่ละด้าน พร้อมจำนวนข้อที่ต้องปรับปรุง และจำนวนเด็กที่ผ่านเกณฑ์.xls","33","Sheet1","2563|7238012412","สำนักงานตำรวจแห่งชาติ","กองบัญชาการตำรวจตระเวนชายแดน","กองบังคับการตำรวจตระเวนชายแดนภาค 2","กองกำกับการตำรวจตระเวนชายแดนที่ 24","","","","7238012412","รร.ตชด.บ้านนาแวง","รร.ตชด.บ้านนาแวง","22/07/2564","2021-07-22","parsed","","","0","0","0","","0","0","0","0","0","0","0","0","0","0","0","0","0","0","0","0","0","0","0","0","0","0","0","0","0","0","0","0","0","0","0","0","0","0","0","0","0","0","0","0","0","0","0","0","0","0","0","0","0","0","0","0","0","0","0","0","0","0","0","0","0","0","0","0","0","0","0","0","0","0","0","0","0","0","0","0","0","A","ผ่าน"
"SCH_G3_0044","2563","2020","7. 2563 REP004-IMPROVEMENT 12 - ตารางสรุปรายงานมาตรฐานแต่ละด้าน พร้อมจำนวนข้อที่ต้องปรับปรุง และจำนวนเด็กที่ผ่านเกณฑ์.xls","34","Sheet1","2563|7238152417","สำนักงานตำรวจแห่งชาติ","กองบัญชาการตำรวจตระเวนชายแดน","กองบังคับการตำรวจตระเวนชายแดนภาค 2","กองกำกับการตำรวจตระเวนชายแดนที่ 24","","","","7238152417","รร.ตชด.บ้านคำชมภู","รร.ตชด.บ้านคำชมภู","18/05/2558","2015-05-18","parsed","1.3.8,1.4.1,2.5.2","1.3.8,1.4.1,2.5.2","3","3","0","","0","0","0","0","0","0","0","0","0","0","0","0","0","0","0","1","1","0","0","0","0","0","0","0","0","0","0","0","0","0","0","0","0","0","0","0","0","0","0","0","0","0","0","0","0","0","1","0","0","0","0","0","0","0","0","0","0","0","0","0","0","0","0","0","0","0","0","0","0","0","0","0","0","0","0","0","3","B","ผ่าน"
"SCH_G3_0045","2563","2020","7. 2563 REP004-IMPROVEMENT 12 - ตารางสรุปรายงานมาตรฐานแต่ละด้าน พร้อมจำนวนข้อที่ต้องปรับปรุง และจำนวนเด็กที่ผ่านเกณฑ์.xls","35","Sheet1","2563|7238152418","สำนักงานตำรวจแห่งชาติ","กองบัญชาการตำรวจตระเวนชายแดน","กองบังคับการตำรวจตระเวนชายแดนภาค 2","กองกำกับการตำรวจตระเวนชายแดนที่ 24","","","","7238152418","รร..ตชด.บ้านไทยเสรี","รร..ตชด.บ้านไทยเสรี","16/05/2560","2017-05-16","parsed","1.2.3","1.2.3","1","1","0","","0","0","0","0","0","0","1","0","0","0","0","0","0","0","0","0","0","0","0","0","0","0","0","0","0","0","0","0","0","0","0","0","0","0","0","0","0","0","0","0","0","0","0","0","0","0","0","0","0","0","0","0","0","0","0","0","0","0","0","0","0","0","0","0","0","0","0","0","0","0","0","0","0","0","0","0","1","B","ผ่าน"
"SCH_G3_0046","2563","2020","7. 2563 REP004-IMPROVEMENT 12 - ตารางสรุปรายงานมาตรฐานแต่ละด้าน พร้อมจำนวนข้อที่ต้องปรับปรุง และจำนวนเด็กที่ผ่านเกณฑ์.xls","36","Sheet1","2563|7241182415","สำนักงานตำรวจแห่งชาติ","กองบัญชาการตำรวจตระเวนชายแดน","กองบังคับการตำรวจตระเวนชายแดนภาค 2","กองกำกับการตำรวจตระเวนชายแดนที่ 24","","","","7241182415","รร.ตชด.บ้านเทพภูเงิน","รร.ตชด.บ้านเทพภูเงิน","07/11/2548","2005-11-07","parsed","1.2.3","1.2.3","1","1","0","","0","0","0","0","0","0","1","0","0","0","0","0","0","0","0","0","0","0","0","0","0","0","0","0","0","0","0","0","0","0","0","0","0","0","0","0","0","0","0","0","0","0","0","0","0","0","0","0","0","0","0","0","0","0","0","0","0","0","0","0","0","0","0","0","0","0","0","0","0","0","0","0","0","0","0","0","1","B","ผ่าน"
"SCH_G3_0047","2563","2020","7. 2563 REP004-IMPROVEMENT 12 - ตารางสรุปรายงานมาตรฐานแต่ละด้าน พร้อมจำนวนข้อที่ต้องปรับปรุง และจำนวนเด็กที่ผ่านเกณฑ์.xls","37","Sheet1","2563|7241222404","สำนักงานตำรวจแห่งชาติ","กองบัญชาการตำรวจตระเวนชายแดน","กองบังคับการตำรวจตระเวนชายแดนภาค 2","กองกำกับการตำรวจตระเวนชายแดนที่ 24","","","","7241222404","รร.ตชด.บ้านห้วยเวียงงาม","รร.ตชด.บ้านห้วยเวียงงาม","22/10/2523","1980-10-22","parsed","","","0","0","0","","0","0","0","0","0","0","0","0","0","0","0","0","0","0","0","0","0","0","0","0","0","0","0","0","0","0","0","0","0","0","0","0","0","0","0","0","0","0","0","0","0","0","0","0","0","0","0","0","0","0","0","0","0","0","0","0","0","0","0","0","0","0","0","0","0","0","0","0","0","0","0","0","0","0","0","0","0","A","ผ่าน"
"SCH_G3_0048","2563","2020","7. 2563 REP004-IMPROVEMENT 12 - ตารางสรุปรายงานมาตรฐานแต่ละด้าน พร้อมจำนวนข้อที่ต้องปรับปรุง และจำนวนเด็กที่ผ่านเกณฑ์.xls","38","Sheet1","2563|7241222409","สำนักงานตำรวจแห่งชาติ","กองบัญชาการตำรวจตระเวนชายแดน","กองบังคับการตำรวจตระเวนชายแดนภาค 2","กองกำกับการตำรวจตระเวนชายแดนที่ 24","","","","7241222409","รร.ตชด.บ้านเมืองทอง","รร.ตชด.บ้านเมืองทอง","26/07/2564","2021-07-26","parsed","3.5.3ข","3.5.3ข","1","1","0","","0","0","0","0","0","0","0","0","0","0","0","0","0","0","0","0","0","0","0","0","0","0","0","0","0","0","0","0","0","0","0","0","0","0","0","0","0","0","0","0","0","0","0","0","0","0","0","0","0","0","0","0","0","0","0","0","0","0","0","0","0","0","0","0","0","1","0","0","0","0","0","0","0","0","0","0","1","B","ผ่าน"
"SCH_G3_0049","2563","2020","7. 2563 REP004-IMPROVEMENT 12 - ตารางสรุปรายงานมาตรฐานแต่ละด้าน พร้อมจำนวนข้อที่ต้องปรับปรุง และจำนวนเด็กที่ผ่านเกณฑ์.xls","39","Sheet1","2563|7241222413","สำนักงานตำรวจแห่งชาติ","กองบัญชาการตำรวจตระเวนชายแดน","กองบังคับการตำรวจตระเวนชายแดนภาค 2","กองกำกับการตำรวจตระเวนชายแดนที่ 24","","","","7241222413","รร.ตชด.บ้านนาชมภู","รร.ตชด.บ้านนาชมภู","22/07/2564","2021-07-22","parsed","3.1.3ข","3.1.3ข","1","1","0","","0","0","0","0","0","0","0","0","0","0","0","0","0","0","0","0","0","0","0","0","0","0","0","0","0","0","0","0","0","0","0","0","0","0","0","0","0","0","0","0","0","0","0","0","0","0","0","0","0","0","0","0","0","0","0","0","1","0","0","0","0","0","0","0","0","0","0","0","0","0","0","0","0","0","0","0","1","B","ผ่าน"
"SCH_G3_0050","2563","2020","7. 2563 REP004-IMPROVEMENT 12 - ตารางสรุปรายงานมาตรฐานแต่ละด้าน พร้อมจำนวนข้อที่ต้องปรับปรุง และจำนวนเด็กที่ผ่านเกณฑ์.xls","40","Sheet1","2563|7242022408","สำนักงานตำรวจแห่งชาติ","กองบัญชาการตำรวจตระเวนชายแดน","กองบังคับการตำรวจตระเวนชายแดนภาค 2","กองกำกับการตำรวจตระเวนชายแดนที่ 24","","","","7242022408","รร.ตชด.บ้านหนองแคน","รร.ตชด.บ้านหนองแคน","24/08/2532","1989-08-24","parsed","","","0","0","0","","0","0","0","0","0","0","0","0","0","0","0","0","0","0","0","0","0","0","0","0","0","0","0","0","0","0","0","0","0","0","0","0","0","0","0","0","0","0","0","0","0","0","0","0","0","0","0","0","0","0","0","0","0","0","0","0","0","0","0","0","0","0","0","0","0","0","0","0","0","0","0","0","0","0","0","0","0","A","ผ่าน"
"SCH_G3_0051","2563","2020","7. 2563 REP004-IMPROVEMENT 12 - ตารางสรุปรายงานมาตรฐานแต่ละด้าน พร้อมจำนวนข้อที่ต้องปรับปรุง และจำนวนเด็กที่ผ่านเกณฑ์.xls","41","Sheet1","2563|7242042402","สำนักงานตำรวจแห่งชาติ","กองบัญชาการตำรวจตระเวนชายแดน","กองบังคับการตำรวจตระเวนชายแดนภาค 2","กองกำกับการตำรวจตระเวนชายแดนที่ 24","","","","7242042402","รร.ตชด.บ้านห้วยเป้า","รร.ตชด.บ้านห้วยเป้า","20/09/2520","1977-09-20","parsed","1.2.3,3.1.3ข","1.2.3,3.1.3ข","2","2","0","","0","0","0","0","0","0","1","0","0","0","0","0","0","0","0","0","0","0","0","0","0","0","0","0","0","0","0","0","0","0","0","0","0","0","0","0","0","0","0","0","0","0","0","0","0","0","0","0","0","0","0","0","0","0","0","0","1","0","0","0","0","0","0","0","0","0","0","0","0","0","0","0","0","0","0","0","2","B","ผ่าน"
"SCH_G3_0052","2563","2020","7. 2563 REP004-IMPROVEMENT 12 - ตารางสรุปรายงานมาตรฐานแต่ละด้าน พร้อมจำนวนข้อที่ต้องปรับปรุง และจำนวนเด็กที่ผ่านเกณฑ์.xls","42","Sheet1","2563|7242042405","สำนักงานตำรวจแห่งชาติ","กองบัญชาการตำรวจตระเวนชายแดน","กองบังคับการตำรวจตระเวนชายแดนภาค 2","กองกำกับการตำรวจตระเวนชายแดนที่ 24","","","","7242042405","รร.ตชด.ฮิลมาร์พาเบิล","รร.ตชด.ฮิลมาร์พาเบิล","23/12/2523","1980-12-23","parsed","","","0","0","0","","0","0","0","0","0","0","0","0","0","0","0","0","0","0","0","0","0","0","0","0","0","0","0","0","0","0","0","0","0","0","0","0","0","0","0","0","0","0","0","0","0","0","0","0","0","0","0","0","0","0","0","0","0","0","0","0","0","0","0","0","0","0","0","0","0","0","0","0","0","0","0","0","0","0","0","0","0","A","ผ่าน"
"SCH_G3_0053","2563","2020","7. 2563 REP004-IMPROVEMENT 12 - ตารางสรุปรายงานมาตรฐานแต่ละด้าน พร้อมจำนวนข้อที่ต้องปรับปรุง และจำนวนเด็กที่ผ่านเกณฑ์.xls","43","Sheet1","2563|7242042407","สำนักงานตำรวจแห่งชาติ","กองบัญชาการตำรวจตระเวนชายแดน","กองบังคับการตำรวจตระเวนชายแดนภาค 2","กองกำกับการตำรวจตระเวนชายแดนที่ 24","","","","7242042407","รร.ตชด.บ้านนานกปีด","รร.ตชด.บ้านนานกปีด","05/05/2529","1986-05-05","parsed","","","0","0","0","","0","0","0","0","0","0","0","0","0","0","0","0","0","0","0","0","0","0","0","0","0","0","0","0","0","0","0","0","0","0","0","0","0","0","0","0","0","0","0","0","0","0","0","0","0","0","0","0","0","0","0","0","0","0","0","0","0","0","0","0","0","0","0","0","0","0","0","0","0","0","0","0","0","0","0","0","0","A","ผ่าน"
"SCH_G3_0054","2563","2020","7. 2563 REP004-IMPROVEMENT 12 - ตารางสรุปรายงานมาตรฐานแต่ละด้าน พร้อมจำนวนข้อที่ต้องปรับปรุง และจำนวนเด็กที่ผ่านเกณฑ์.xls","44","Sheet1","2563|7242052401","สำนักงานตำรวจแห่งชาติ","กองบัญชาการตำรวจตระเวนชายแดน","กองบังคับการตำรวจตระเวนชายแดนภาค 2","กองกำกับการตำรวจตระเวนชายแดนที่ 24","","","","7242052401","รร.ตชด.เฉลิมราษฎร์บำรุง","รร.ตชด.เฉลิมราษฎร์บำรุง","","","missing","","","0","0","0","","0","0","0","0","0","0","0","0","0","0","0","0","0","0","0","0","0","0","0","0","0","0","0","0","0","0","0","0","0","0","0","0","0","0","0","0","0","0","0","0","0","0","0","0","0","0","0","0","0","0","0","0","0","0","0","0","0","0","0","0","0","0","0","0","0","0","0","0","0","0","0","0","0","0","0","0","0","A","ผ่าน"
"SCH_G3_0055","2563","2020","7. 2563 REP004-IMPROVEMENT 12 - ตารางสรุปรายงานมาตรฐานแต่ละด้าน พร้อมจำนวนข้อที่ต้องปรับปรุง และจำนวนเด็กที่ผ่านเกณฑ์.xls","45","Sheet1","2563|7242062414","สำนักงานตำรวจแห่งชาติ","กองบัญชาการตำรวจตระเวนชายแดน","กองบังคับการตำรวจตระเวนชายแดนภาค 2","กองกำกับการตำรวจตระเวนชายแดนที่ 24","","","","7242062414","รร.ตชด.บ้านนาปอ","รร.ตชด.บ้านนาปอ","16/05/2567","2024-05-16","parsed","","","0","0","0","","0","0","0","0","0","0","0","0","0","0","0","0","0","0","0","0","0","0","0","0","0","0","0","0","0","0","0","0","0","0","0","0","0","0","0","0","0","0","0","0","0","0","0","0","0","0","0","0","0","0","0","0","0","0","0","0","0","0","0","0","0","0","0","0","0","0","0","0","0","0","0","0","0","0","0","0","0","A","ผ่าน"
"SCH_G3_0056","2563","2020","7. 2563 REP004-IMPROVEMENT 12 - ตารางสรุปรายงานมาตรฐานแต่ละด้าน พร้อมจำนวนข้อที่ต้องปรับปรุง และจำนวนเด็กที่ผ่านเกณฑ์.xls","46","Sheet1","2563|7242132410","สำนักงานตำรวจแห่งชาติ","กองบัญชาการตำรวจตระเวนชายแดน","กองบังคับการตำรวจตระเวนชายแดนภาค 2","กองกำกับการตำรวจตระเวนชายแดนที่ 24","","","","7242132410","รร.ตชด.บ้านวังชมภู","รร.ตชด.บ้านวังชมภู","14/06/2538","1995-06-14","parsed","1.2.2,1.2.3","1.2.2,1.2.3","2","2","0","","0","0","0","0","0","1","1","0","0","0","0","0","0","0","0","0","0","0","0","0","0","0","0","0","0","0","0","0","0","0","0","0","0","0","0","0","0","0","0","0","0","0","0","0","0","0","0","0","0","0","0","0","0","0","0","0","0","0","0","0","0","0","0","0","0","0","0","0","0","0","0","0","0","0","0","0","2","B","ผ่าน"
"SCH_G3_0057","2563","2020","7. 2563 REP004-IMPROVEMENT 12 - ตารางสรุปรายงานมาตรฐานแต่ละด้าน พร้อมจำนวนข้อที่ต้องปรับปรุง และจำนวนเด็กที่ผ่านเกณฑ์.xls","47","Sheet1","2563|7247152307","สำนักงานตำรวจแห่งชาติ","กองบัญชาการตำรวจตระเวนชายแดน","กองบังคับการตำรวจตระเวนชายแดนภาค 2","กองกำกับการตำรวจตระเวนชายแดนที่ 23","","","","7247152307","รร.ตชด.ค็อกนิสไทยฯ","รร.ตชด.ค็อกนิสไทยฯ","15/05/2568","2025-05-15","parsed","1.2.3","1.2.3","1","1","0","","0","0","0","0","0","0","1","0","0","0","0","0","0","0","0","0","0","0","0","0","0","0","0","0","0","0","0","0","0","0","0","0","0","0","0","0","0","0","0","0","0","0","0","0","0","0","0","0","0","0","0","0","0","0","0","0","0","0","0","0","0","0","0","0","0","0","0","0","0","0","0","0","0","0","0","0","1","B","ผ่าน"
"SCH_G3_0058","2563","2020","7. 2563 REP004-IMPROVEMENT 12 - ตารางสรุปรายงานมาตรฐานแต่ละด้าน พร้อมจำนวนข้อที่ต้องปรับปรุง และจำนวนเด็กที่ผ่านเกณฑ์.xls","48","Sheet1","2563|7248032301","สำนักงานตำรวจแห่งชาติ","กองบัญชาการตำรวจตระเวนชายแดน","กองบังคับการตำรวจตระเวนชายแดนภาค 2","กองกำกับการตำรวจตระเวนชายแดนที่ 23","","","","7248032301","รร.ตชด.ชูทิศวิทยา","รร.ตชด.ชูทิศวิทยา","14/06/2564","2021-06-14","parsed","1.2.3","1.2.3","1","1","0","","0","0","0","0","0","0","1","0","0","0","0","0","0","0","0","0","0","0","0","0","0","0","0","0","0","0","0","0","0","0","0","0","0","0","0","0","0","0","0","0","0","0","0","0","0","0","0","0","0","0","0","0","0","0","0","0","0","0","0","0","0","0","0","0","0","0","0","0","0","0","0","0","0","0","0","0","1","B","ผ่าน"
"SCH_G3_0059","2563","2020","7. 2563 REP004-IMPROVEMENT 12 - ตารางสรุปรายงานมาตรฐานแต่ละด้าน พร้อมจำนวนข้อที่ต้องปรับปรุง และจำนวนเด็กที่ผ่านเกณฑ์.xls","49","Sheet1","2563|7248032303","สำนักงานตำรวจแห่งชาติ","กองบัญชาการตำรวจตระเวนชายแดน","กองบังคับการตำรวจตระเวนชายแดนภาค 2","กองกำกับการตำรวจตระเวนชายแดนที่ 23","","","","7248032303","รร.ตชด.บ้านหาดทรายเพ","รร.ตชด.บ้านหาดทรายเพ","01/10/2520","1977-10-01","parsed","1.2.3,1.3.5,3.5.2ข,3.5.3ข,3.6.2ข,3.6.3ข,3.7.2ข","1.2.3,1.3.5,3.5.2ข,3.5.3ข,3.6.2ข,3.6.3ข,3.7.2ข","7","7","0","","0","0","0","0","0","0","1","0","0","0","0","0","1","0","0","0","0","0","0","0","0","0","0","0","0","0","0","0","0","0","0","0","0","0","0","0","0","0","0","0","0","0","0","0","0","0","0","0","0","0","0","0","0","0","0","0","0","0","0","0","0","0","0","0","1","1","0","0","0","1","1","0","0","1","0","0","7","B","ผ่าน"
"SCH_G3_0060","2563","2020","7. 2563 REP004-IMPROVEMENT 12 - ตารางสรุปรายงานมาตรฐานแต่ละด้าน พร้อมจำนวนข้อที่ต้องปรับปรุง และจำนวนเด็กที่ผ่านเกณฑ์.xls","50","Sheet1","2563|7248032309","สำนักงานตำรวจแห่งชาติ","กองบัญชาการตำรวจตระเวนชายแดน","กองบังคับการตำรวจตระเวนชายแดนภาค 2","กองกำกับการตำรวจตระเวนชายแดนที่ 23","","","","7248032309","ศกร.ตชด.บ้านนากระเสริม","ศกร.ตชด.บ้านนากระเสริม","07/01/2557","2014-01-07","parsed","","","0","0","0","","0","0","0","0","0","0","0","0","0","0","0","0","0","0","0","0","0","0","0","0","0","0","0","0","0","0","0","0","0","0","0","0","0","0","0","0","0","0","0","0","0","0","0","0","0","0","0","0","0","0","0","0","0","0","0","0","0","0","0","0","0","0","0","0","0","0","0","0","0","0","0","0","0","0","0","0","0","A","ผ่าน"
"SCH_G3_0061","2563","2020","7. 2563 REP004-IMPROVEMENT 12 - ตารางสรุปรายงานมาตรฐานแต่ละด้าน พร้อมจำนวนข้อที่ต้องปรับปรุง และจำนวนเด็กที่ผ่านเกณฑ์.xls","51","Sheet1","2563|7248042310","สำนักงานตำรวจแห่งชาติ","กองบัญชาการตำรวจตระเวนชายแดน","กองบังคับการตำรวจตระเวนชายแดนภาค 2","กองกำกับการตำรวจตระเวนชายแดนที่ 23","","","","7248042310","ศกร.ตชด.บ้านปากห้วยม่วง","ศกร.ตชด.บ้านปากห้วยม่วง","16/05/2557","2014-05-16","parsed","","","0","0","0","","0","0","0","0","0","0","0","0","0","0","0","0","0","0","0","0","0","0","0","0","0","0","0","0","0","0","0","0","0","0","0","0","0","0","0","0","0","0","0","0","0","0","0","0","0","0","0","0","0","0","0","0","0","0","0","0","0","0","0","0","0","0","0","0","0","0","0","0","0","0","0","0","0","0","0","0","0","A","ผ่าน"
"SCH_G3_0062","2563","2020","7. 2563 REP004-IMPROVEMENT 12 - ตารางสรุปรายงานมาตรฐานแต่ละด้าน พร้อมจำนวนข้อที่ต้องปรับปรุง และจำนวนเด็กที่ผ่านเกณฑ์.xls","52","Sheet1","2563|7248102304","สำนักงานตำรวจแห่งชาติ","กองบัญชาการตำรวจตระเวนชายแดน","กองบังคับการตำรวจตระเวนชายแดนภาค 2","กองกำกับการตำรวจตระเวนชายแดนที่ 23","","","","7248102304","รร.ตชด.บ้านหนองดู่","รร.ตชด.บ้านหนองดู่","","","missing","","","0","0","0","","0","0","0","0","0","0","0","0","0","0","0","0","0","0","0","0","0","0","0","0","0","0","0","0","0","0","0","0","0","0","0","0","0","0","0","0","0","0","0","0","0","0","0","0","0","0","0","0","0","0","0","0","0","0","0","0","0","0","0","0","0","0","0","0","0","0","0","0","0","0","0","0","0","0","0","0","0","A","ผ่าน"
"SCH_G3_0063","2563","2020","7. 2563 REP004-IMPROVEMENT 12 - ตารางสรุปรายงานมาตรฐานแต่ละด้าน พร้อมจำนวนข้อที่ต้องปรับปรุง และจำนวนเด็กที่ผ่านเกณฑ์.xls","53","Sheet1","2563|7248112302","สำนักงานตำรวจแห่งชาติ","กองบัญชาการตำรวจตระเวนชายแดน","กองบังคับการตำรวจตระเวนชายแดนภาค 2","กองกำกับการตำรวจตระเวนชายแดนที่ 23","","","","7248112302","รร.ตชด.ช่างกลปทุมวันอนุสรณ์ 8","รร.ตชด.ช่างกลปทุมวันอนุสรณ์ 8","01/06/2519","1976-06-01","parsed","","","0","0","0","","0","0","0","0","0","0","0","0","0","0","0","0","0","0","0","0","0","0","0","0","0","0","0","0","0","0","0","0","0","0","0","0","0","0","0","0","0","0","0","0","0","0","0","0","0","0","0","0","0","0","0","0","0","0","0","0","0","0","0","0","0","0","0","0","0","0","0","0","0","0","0","0","0","0","0","0","0","A","ผ่าน"
"SCH_G3_0064","2563","2020","7. 2563 REP004-IMPROVEMENT 12 - ตารางสรุปรายงานมาตรฐานแต่ละด้าน พร้อมจำนวนข้อที่ต้องปรับปรุง และจำนวนเด็กที่ผ่านเกณฑ์.xls","54","Sheet1","2563|7248112305","สำนักงานตำรวจแห่งชาติ","กองบัญชาการตำรวจตระเวนชายแดน","กองบังคับการตำรวจตระเวนชายแดนภาค 2","กองกำกับการตำรวจตระเวนชายแดนที่ 23","","","","7248112305","รร.ตชด.บ้านนาสามัคคี","รร.ตชด.บ้านนาสามัคคี","10/05/2528","1985-05-10","parsed","","","0","0","0","","0","0","0","0","0","0","0","0","0","0","0","0","0","0","0","0","0","0","0","0","0","0","0","0","0","0","0","0","0","0","0","0","0","0","0","0","0","0","0","0","0","0","0","0","0","0","0","0","0","0","0","0","0","0","0","0","0","0","0","0","0","0","0","0","0","0","0","0","0","0","0","0","0","0","0","0","0","A","ผ่าน"
"SCH_G3_0066","2563","2020","7. 2563 REP004-IMPROVEMENT 12 - ตารางสรุปรายงานมาตรฐานแต่ละด้าน พร้อมจำนวนข้อที่ต้องปรับปรุง และจำนวนเด็กที่ผ่านเกณฑ์.xls","55","Sheet1","2563|7249052311","สำนักงานตำรวจแห่งชาติ","กองบัญชาการตำรวจตระเวนชายแดน","กองบังคับการตำรวจตระเวนชายแดนภาค 2","กองกำกับการตำรวจตระเวนชายแดนที่ 23","","","","7249052311","ศกร.ตชด.ใต้ร่มพระบารมี (ธนาคารอาคารสงเคราะห์อุปถัมภ์)","ศกร.ตชด.ใต้ร่มพระบารมี (ธนาคารอาคารสงเคราะห์อุปถัมภ์)","12/05/2558","2015-05-12","parsed","1.2.3","1.2.3","1","1","0","","0","0","0","0","0","0","1","0","0","0","0","0","0","0","0","0","0","0","0","0","0","0","0","0","0","0","0","0","0","0","0","0","0","0","0","0","0","0","0","0","0","0","0","0","0","0","0","0","0","0","0","0","0","0","0","0","0","0","0","0","0","0","0","0","0","0","0","0","0","0","0","0","0","0","0","0","1","B","ผ่าน"
"SCH_G3_0068","2563","2020","7. 2563 REP004-IMPROVEMENT 12 - ตารางสรุปรายงานมาตรฐานแต่ละด้าน พร้อมจำนวนข้อที่ต้องปรับปรุง และจำนวนเด็กที่ผ่านเกณฑ์.xls","56","Sheet1","2563|7250033310","สำนักงานตำรวจแห่งชาติ","กองบัญชาการตำรวจตระเวนชายแดน","กองบังคับการตำรวจตระเวนชายแดนภาค 3","กองกำกับการตำรวจตระเวนชายแดนที่ 33","","","","7250033310","รร.ตชด.บ้านแม่ลอง","รร.ตชด.บ้านแม่ลอง","08/07/2564","2021-07-08","parsed","","","0","0","0","","0","0","0","0","0","0","0","0","0","0","0","0","0","0","0","0","0","0","0","0","0","0","0","0","0","0","0","0","0","0","0","0","0","0","0","0","0","0","0","0","0","0","0","0","0","0","0","0","0","0","0","0","0","0","0","0","0","0","0","0","0","0","0","0","0","0","0","0","0","0","0","0","0","0","0","0","0","A","ผ่าน"
"SCH_G3_0069","2563","2020","7. 2563 REP004-IMPROVEMENT 12 - ตารางสรุปรายงานมาตรฐานแต่ละด้าน พร้อมจำนวนข้อที่ต้องปรับปรุง และจำนวนเด็กที่ผ่านเกณฑ์.xls","57","Sheet1","2563|7250033314","สำนักงานตำรวจแห่งชาติ","กองบัญชาการตำรวจตระเวนชายแดน","กองบังคับการตำรวจตระเวนชายแดนภาค 3","กองกำกับการตำรวจตระเวนชายแดนที่ 33","","","","7250033314","รร.ตชด.บ้านใหม่พัฒนาสันติ","รร.ตชด.บ้านใหม่พัฒนาสันติ","20/03/2568","2025-03-20","parsed","2.1.5,3.5.3ข","2.1.5,3.5.3ข","2","2","0","","0","0","0","0","0","0","0","0","0","0","0","0","0","0","0","0","0","0","0","0","0","0","0","0","0","0","0","0","0","0","0","1","0","0","0","0","0","0","0","0","0","0","0","0","0","0","0","0","0","0","0","0","0","0","0","0","0","0","0","0","0","0","0","0","0","1","0","0","0","0","0","0","0","0","0","0","2","B","ผ่าน"
"SCH_G3_0070","2563","2020","7. 2563 REP004-IMPROVEMENT 12 - ตารางสรุปรายงานมาตรฐานแต่ละด้าน พร้อมจำนวนข้อที่ต้องปรับปรุง และจำนวนเด็กที่ผ่านเกณฑ์.xls","58","Sheet1","2563|7250033332","สำนักงานตำรวจแห่งชาติ","กองบัญชาการตำรวจตระเวนชายแดน","กองบังคับการตำรวจตระเวนชายแดนภาค 3","กองกำกับการตำรวจตระเวนชายแดนที่ 33","","","","7250033332","รร.ตชด.บางกอก เชฟ แชร์ริตี้ บ้านแม่ขอ","รร.ตชด.บางกอก เชฟ แชร์ริตี้ บ้านแม่ขอ","16/05/2560","2017-05-16","parsed","","","0","0","0","","0","0","0","0","0","0","0","0","0","0","0","0","0","0","0","0","0","0","0","0","0","0","0","0","0","0","0","0","0","0","0","0","0","0","0","0","0","0","0","0","0","0","0","0","0","0","0","0","0","0","0","0","0","0","0","0","0","0","0","0","0","0","0","0","0","0","0","0","0","0","0","0","0","0","0","0","0","A","ผ่าน"
"SCH_G3_0071","2563","2020","7. 2563 REP004-IMPROVEMENT 12 - ตารางสรุปรายงานมาตรฐานแต่ละด้าน พร้อมจำนวนข้อที่ต้องปรับปรุง และจำนวนเด็กที่ผ่านเกณฑ์.xls","59","Sheet1","2563|7250033333","สำนักงานตำรวจแห่งชาติ","กองบัญชาการตำรวจตระเวนชายแดน","กองบังคับการตำรวจตระเวนชายแดนภาค 3","กองกำกับการตำรวจตระเวนชายแดนที่ 33","","","","7250033333","ศกร.ตชด.บ้านแม่มุใน (บริษัท ซี เค พาวเวอร์ จำกัด (มหาชน)อุปถัมภ์)","ศกร.ตชด.บ้านแม่มุใน (บริษัท ซี เค พาวเวอร์ จำกัด (มหาชน)อุปถัมภ์)","16/05/2561","2018-05-16","parsed","","","0","0","0","","0","0","0","0","0","0","0","0","0","0","0","0","0","0","0","0","0","0","0","0","0","0","0","0","0","0","0","0","0","0","0","0","0","0","0","0","0","0","0","0","0","0","0","0","0","0","0","0","0","0","0","0","0","0","0","0","0","0","0","0","0","0","0","0","0","0","0","0","0","0","0","0","0","0","0","0","0","A","ผ่าน"
"SCH_G3_0072","2563","2020","7. 2563 REP004-IMPROVEMENT 12 - ตารางสรุปรายงานมาตรฐานแต่ละด้าน พร้อมจำนวนข้อที่ต้องปรับปรุง และจำนวนเด็กที่ผ่านเกณฑ์.xls","60","Sheet1","2563|7250043311","สำนักงานตำรวจแห่งชาติ","กองบัญชาการตำรวจตระเวนชายแดน","กองบังคับการตำรวจตระเวนชายแดนภาค 3","กองกำกับการตำรวจตระเวนชายแดนที่ 33","","","","7250043311","รร.ตชด.เฉลิมพระเกียรติฯ","รร.ตชด.เฉลิมพระเกียรติฯ","09/07/2564","2021-07-09","parsed","1.3.8","1.3.8","1","1","0","","0","0","0","0","0","0","0","0","0","0","0","0","0","0","0","1","0","0","0","0","0","0","0","0","0","0","0","0","0","0","0","0","0","0","0","0","0","0","0","0","0","0","0","0","0","0","0","0","0","0","0","0","0","0","0","0","0","0","0","0","0","0","0","0","0","0","0","0","0","0","0","0","0","0","0","0","1","B","ผ่าน"
"SCH_G3_0073","2563","2020","7. 2563 REP004-IMPROVEMENT 12 - ตารางสรุปรายงานมาตรฐานแต่ละด้าน พร้อมจำนวนข้อที่ต้องปรับปรุง และจำนวนเด็กที่ผ่านเกณฑ์.xls","61","Sheet1","2563|7250043316","สำนักงานตำรวจแห่งชาติ","กองบัญชาการตำรวจตระเวนชายแดน","กองบังคับการตำรวจตระเวนชายแดนภาค 3","กองกำกับการตำรวจตระเวนชายแดนที่ 33","","","","7250043316","รร.ตชด.บ้านหนองแขม","รร.ตชด.บ้านหนองแขม","25/07/2541","1998-07-25","parsed","","","0","0","0","","0","0","0","0","0","0","0","0","0","0","0","0","0","0","0","0","0","0","0","0","0","0","0","0","0","0","0","0","0","0","0","0","0","0","0","0","0","0","0","0","0","0","0","0","0","0","0","0","0","0","0","0","0","0","0","0","0","0","0","0","0","0","0","0","0","0","0","0","0","0","0","0","0","0","0","0","0","A","ผ่าน"
"SCH_G3_0074","2563","2020","7. 2563 REP004-IMPROVEMENT 12 - ตารางสรุปรายงานมาตรฐานแต่ละด้าน พร้อมจำนวนข้อที่ต้องปรับปรุง และจำนวนเด็กที่ผ่านเกณฑ์.xls","62","Sheet1","2563|7250063315","สำนักงานตำรวจแห่งชาติ","กองบัญชาการตำรวจตระเวนชายแดน","กองบังคับการตำรวจตระเวนชายแดนภาค 3","กองกำกับการตำรวจตระเวนชายแดนที่ 33","","","","7250063315","รร.ตชด.ไลออนส์มหาจักร 9","รร.ตชด.ไลออนส์มหาจักร 9","27/06/2535","1992-06-27","parsed","1.2.3,3.1.3ข,3.5.2ข","1.2.3,3.1.3ข,3.5.2ข","3","3","0","","0","0","0","0","0","0","1","0","0","0","0","0","0","0","0","0","0","0","0","0","0","0","0","0","0","0","0","0","0","0","0","0","0","0","0","0","0","0","0","0","0","0","0","0","0","0","0","0","0","0","0","0","0","0","0","0","1","0","0","0","0","0","0","0","1","0","0","0","0","0","0","0","0","0","0","0","3","B","ผ่าน"
"SCH_G3_0075","2563","2020","7. 2563 REP004-IMPROVEMENT 12 - ตารางสรุปรายงานมาตรฐานแต่ละด้าน พร้อมจำนวนข้อที่ต้องปรับปรุง และจำนวนเด็กที่ผ่านเกณฑ์.xls","63","Sheet1","2563|7250093302","สำนักงานตำรวจแห่งชาติ","กองบัญชาการตำรวจตระเวนชายแดน","กองบังคับการตำรวจตระเวนชายแดนภาค 3","กองกำกับการตำรวจตระเวนชายแดนที่ 33","","","","7250093302","รร.ตชด.อาโอยาม่า","รร.ตชด.อาโอยาม่า","10/01/2510","1967-01-10","parsed","1.2.3,3.1.3ข","1.2.3,3.1.3ข","2","2","0","","0","0","0","0","0","0","1","0","0","0","0","0","0","0","0","0","0","0","0","0","0","0","0","0","0","0","0","0","0","0","0","0","0","0","0","0","0","0","0","0","0","0","0","0","0","0","0","0","0","0","0","0","0","0","0","0","1","0","0","0","0","0","0","0","0","0","0","0","0","0","0","0","0","0","0","0","2","B","ผ่าน"
"SCH_G3_0076","2563","2020","7. 2563 REP004-IMPROVEMENT 12 - ตารางสรุปรายงานมาตรฐานแต่ละด้าน พร้อมจำนวนข้อที่ต้องปรับปรุง และจำนวนเด็กที่ผ่านเกณฑ์.xls","64","Sheet1","2563|7250103301","สำนักงานตำรวจแห่งชาติ","กองบัญชาการตำรวจตระเวนชายแดน","กองบังคับการตำรวจตระเวนชายแดนภาค 3","กองกำกับการตำรวจตระเวนชายแดนที่ 33","","","","7250103301","รร.ตชด.เฮียงไทยธำรงค์","รร.ตชด.เฮียงไทยธำรงค์","11/01/2505","1962-01-11","parsed","1.2.3,1.3.3,1.3.5,1.3.6,1.3.7,1.4.3,3.6.1ข","1.2.3,1.3.3,1.3.5,1.3.6,1.3.7,1.4.3,3.6.1ข","7","7","0","","0","0","0","0","0","0","1","0","0","0","1","0","1","1","1","0","0","0","1","0","0","0","0","0","0","0","0","0","0","0","0","0","0","0","0","0","0","0","0","0","0","0","0","0","0","0","0","0","0","0","0","0","0","0","0","0","0","0","0","0","0","0","0","0","0","0","0","0","1","0","0","0","0","0","0","0","7","B","ผ่าน"
"SCH_G3_0077","2563","2020","7. 2563 REP004-IMPROVEMENT 12 - ตารางสรุปรายงานมาตรฐานแต่ละด้าน พร้อมจำนวนข้อที่ต้องปรับปรุง และจำนวนเด็กที่ผ่านเกณฑ์.xls","65","Sheet1","2563|7250103307","สำนักงานตำรวจแห่งชาติ","กองบัญชาการตำรวจตระเวนชายแดน","กองบังคับการตำรวจตระเวนชายแดนภาค 3","กองกำกับการตำรวจตระเวนชายแดนที่ 33","","","","7250103307","รร.ตชด.ทุติยะโพธิ์อนุสรณ์","รร.ตชด.ทุติยะโพธิ์อนุสรณ์","14/06/2514","1971-06-14","parsed","1.2.2,3.7.1ข","1.2.2,3.7.1ข","2","2","0","","0","0","0","0","0","1","0","0","0","0","0","0","0","0","0","0","0","0","0","0","0","0","0","0","0","0","0","0","0","0","0","0","0","0","0","0","0","0","0","0","0","0","0","0","0","0","0","0","0","0","0","0","0","0","0","0","0","0","0","0","0","0","0","0","0","0","0","0","0","0","0","0","1","0","0","0","2","B","ผ่าน"
"SCH_G3_0078","2563","2020","7. 2563 REP004-IMPROVEMENT 12 - ตารางสรุปรายงานมาตรฐานแต่ละด้าน พร้อมจำนวนข้อที่ต้องปรับปรุง และจำนวนเด็กที่ผ่านเกณฑ์.xls","66","Sheet1","2563|7250113304","สำนักงานตำรวจแห่งชาติ","กองบัญชาการตำรวจตระเวนชายแดน","กองบังคับการตำรวจตระเวนชายแดนภาค 3","กองกำกับการตำรวจตระเวนชายแดนที่ 33","","","","7250113304","รร.ตชด.เจ้าพ่อหลวงอุปถัมภ์ 2","รร.ตชด.เจ้าพ่อหลวงอุปถัมภ์ 2","01/12/2508","1965-12-01","parsed","","","0","0","0","","0","0","0","0","0","0","0","0","0","0","0","0","0","0","0","0","0","0","0","0","0","0","0","0","0","0","0","0","0","0","0","0","0","0","0","0","0","0","0","0","0","0","0","0","0","0","0","0","0","0","0","0","0","0","0","0","0","0","0","0","0","0","0","0","0","0","0","0","0","0","0","0","0","0","0","0","0","A","ผ่าน"
"SCH_G3_0079","2563","2020","7. 2563 REP004-IMPROVEMENT 12 - ตารางสรุปรายงานมาตรฐานแต่ละด้าน พร้อมจำนวนข้อที่ต้องปรับปรุง และจำนวนเด็กที่ผ่านเกณฑ์.xls","67","Sheet1","2563|7250183318","สำนักงานตำรวจแห่งชาติ","กองบัญชาการตำรวจตระเวนชายแดน","กองบังคับการตำรวจตระเวนชายแดนภาค 3","กองกำกับการตำรวจตระเวนชายแดนที่ 33","","","","7250183318","รร.ตชด.รางวัลอินทิรา  คานธี","รร.ตชด.รางวัลอินทิรา  คานธี","20/04/2555","2012-04-20","parsed","","","0","0","0","","0","0","0","0","0","0","0","0","0","0","0","0","0","0","0","0","0","0","0","0","0","0","0","0","0","0","0","0","0","0","0","0","0","0","0","0","0","0","0","0","0","0","0","0","0","0","0","0","0","0","0","0","0","0","0","0","0","0","0","0","0","0","0","0","0","0","0","0","0","0","0","0","0","0","0","0","0","A","ผ่าน"
"SCH_G3_0080","2563","2020","7. 2563 REP004-IMPROVEMENT 12 - ตารางสรุปรายงานมาตรฐานแต่ละด้าน พร้อมจำนวนข้อที่ต้องปรับปรุง และจำนวนเด็กที่ผ่านเกณฑ์.xls","68","Sheet1","2563|7250183319","สำนักงานตำรวจแห่งชาติ","กองบัญชาการตำรวจตระเวนชายแดน","กองบังคับการตำรวจตระเวนชายแดนภาค 3","กองกำกับการตำรวจตระเวนชายแดนที่ 33","","","","7250183319","รร.ตชด.ท่านผู้หญิงประไพ ศิวะโกเศศ","รร.ตชด.ท่านผู้หญิงประไพ ศิวะโกเศศ","01/12/2550","2007-12-01","parsed","","","0","0","0","","0","0","0","0","0","0","0","0","0","0","0","0","0","0","0","0","0","0","0","0","0","0","0","0","0","0","0","0","0","0","0","0","0","0","0","0","0","0","0","0","0","0","0","0","0","0","0","0","0","0","0","0","0","0","0","0","0","0","0","0","0","0","0","0","0","0","0","0","0","0","0","0","0","0","0","0","0","A","ผ่าน"
"SCH_G3_0081","2563","2020","7. 2563 REP004-IMPROVEMENT 12 - ตารางสรุปรายงานมาตรฐานแต่ละด้าน พร้อมจำนวนข้อที่ต้องปรับปรุง และจำนวนเด็กที่ผ่านเกณฑ์.xls","69","Sheet1","2563|7250183326","สำนักงานตำรวจแห่งชาติ","กองบัญชาการตำรวจตระเวนชายแดน","กองบังคับการตำรวจตระเวนชายแดนภาค 3","กองกำกับการตำรวจตระเวนชายแดนที่ 33","","","","7250183326","รร.ตชด.บางกอก เชฟ แชร์ริตี้","รร.ตชด.บางกอก เชฟ แชร์ริตี้","18/05/2558","2015-05-18","parsed","","","0","0","0","","0","0","0","0","0","0","0","0","0","0","0","0","0","0","0","0","0","0","0","0","0","0","0","0","0","0","0","0","0","0","0","0","0","0","0","0","0","0","0","0","0","0","0","0","0","0","0","0","0","0","0","0","0","0","0","0","0","0","0","0","0","0","0","0","0","0","0","0","0","0","0","0","0","0","0","0","0","A","ผ่าน"
"SCH_G3_0084","2563","2020","7. 2563 REP004-IMPROVEMENT 12 - ตารางสรุปรายงานมาตรฐานแต่ละด้าน พร้อมจำนวนข้อที่ต้องปรับปรุง และจำนวนเด็กที่ผ่านเกณฑ์.xls","70","Sheet1","2563|7250283334","สำนักงานตำรวจแห่งชาติ","กองบัญชาการตำรวจตระเวนชายแดน","กองบังคับการตำรวจตระเวนชายแดนภาค 3","กองกำกับการตำรวจตระเวนชายแดนที่ 33","","","","7250283334","ศกร.ตชด.บ้านนามะอื้น","ศกร.ตชด.บ้านนามะอื้น","16/05/2562","2019-05-16","parsed","","","0","0","0","","0","0","0","0","0","0","0","0","0","0","0","0","0","0","0","0","0","0","0","0","0","0","0","0","0","0","0","0","0","0","0","0","0","0","0","0","0","0","0","0","0","0","0","0","0","0","0","0","0","0","0","0","0","0","0","0","0","0","0","0","0","0","0","0","0","0","0","0","0","0","0","0","0","0","0","0","0","A","ผ่าน"
"SCH_G3_0085","2563","2020","7. 2563 REP004-IMPROVEMENT 12 - ตารางสรุปรายงานมาตรฐานแต่ละด้าน พร้อมจำนวนข้อที่ต้องปรับปรุง และจำนวนเด็กที่ผ่านเกณฑ์.xls","71","Sheet1","2563|7253063101","สำนักงานตำรวจแห่งชาติ","กองบัญชาการตำรวจตระเวนชายแดน","กองบังคับการตำรวจตระเวนชายแดนภาค 3","กองกำกับการตำรวจตระเวนชายแดนที่ 31","","","","7253063101","รร.ตชด.บุญธรรม-บุญพรั้ง","รร.ตชด.บุญธรรม-บุญพรั้ง","01/05/2501","1958-05-01","parsed","","","0","0","0","","0","0","0","0","0","0","0","0","0","0","0","0","0","0","0","0","0","0","0","0","0","0","0","0","0","0","0","0","0","0","0","0","0","0","0","0","0","0","0","0","0","0","0","0","0","0","0","0","0","0","0","0","0","0","0","0","0","0","0","0","0","0","0","0","0","0","0","0","0","0","0","0","0","0","0","0","0","A","ผ่าน"
"SCH_G3_0086","2563","2020","7. 2563 REP004-IMPROVEMENT 12 - ตารางสรุปรายงานมาตรฐานแต่ละด้าน พร้อมจำนวนข้อที่ต้องปรับปรุง และจำนวนเด็กที่ผ่านเกณฑ์.xls","72","Sheet1","2563|7253063105","สำนักงานตำรวจแห่งชาติ","กองบัญชาการตำรวจตระเวนชายแดน","กองบังคับการตำรวจตระเวนชายแดนภาค 3","กองกำกับการตำรวจตระเวนชายแดนที่ 31","","","","7253063105","รร.ตชด.ยอดโพธิ์ทอง 1","รร.ตชด.ยอดโพธิ์ทอง 1","01/08/2529","1986-08-01","parsed","","","0","0","0","","0","0","0","0","0","0","0","0","0","0","0","0","0","0","0","0","0","0","0","0","0","0","0","0","0","0","0","0","0","0","0","0","0","0","0","0","0","0","0","0","0","0","0","0","0","0","0","0","0","0","0","0","0","0","0","0","0","0","0","0","0","0","0","0","0","0","0","0","0","0","0","0","0","0","0","0","0","A","ผ่าน"
"SCH_G3_0087","2563","2020","7. 2563 REP004-IMPROVEMENT 12 - ตารางสรุปรายงานมาตรฐานแต่ละด้าน พร้อมจำนวนข้อที่ต้องปรับปรุง และจำนวนเด็กที่ผ่านเกณฑ์.xls","73","Sheet1","2563|7255013224","สำนักงานตำรวจแห่งชาติ","กองบัญชาการตำรวจตระเวนชายแดน","กองบังคับการตำรวจตระเวนชายแดนภาค 3","กองกำกับการตำรวจตระเวนชายแดนที่ 32","","","","7255013224","ศกร.ตชด.บ้านห้วยลู่","ศกร.ตชด.บ้านห้วยลู่","24/01/2563","2020-01-24","parsed","1.4.6","1.4.6","1","1","0","","0","0","0","0","0","0","0","0","0","0","0","0","0","0","0","0","0","0","0","0","0","1","0","0","0","0","0","0","0","0","0","0","0","0","0","0","0","0","0","0","0","0","0","0","0","0","0","0","0","0","0","0","0","0","0","0","0","0","0","0","0","0","0","0","0","0","0","0","0","0","0","0","0","0","0","0","1","B","ผ่าน"
"SCH_G3_0088","2563","2020","7. 2563 REP004-IMPROVEMENT 12 - ตารางสรุปรายงานมาตรฐานแต่ละด้าน พร้อมจำนวนข้อที่ต้องปรับปรุง และจำนวนเด็กที่ผ่านเกณฑ์.xls","74","Sheet1","2563|7255023216","สำนักงานตำรวจแห่งชาติ","กองบัญชาการตำรวจตระเวนชายแดน","กองบังคับการตำรวจตระเวนชายแดนภาค 3","กองกำกับการตำรวจตระเวนชายแดนที่ 32","","","","7255023216","รร.ตชด.พีระยานุเคราะห์ฯ 3","รร.ตชด.พีระยานุเคราะห์ฯ 3","26/01/2538","1995-01-26","parsed","1.2.3,3.1.1ข,3.1.3ข","1.2.3,3.1.1ข,3.1.3ข","3","3","0","","0","0","0","0","0","0","1","0","0","0","0","0","0","0","0","0","0","0","0","0","0","0","0","0","0","0","0","0","0","0","0","0","0","0","0","0","0","0","0","0","0","0","0","0","0","0","0","0","0","0","0","0","0","0","1","0","1","0","0","0","0","0","0","0","0","0","0","0","0","0","0","0","0","0","0","0","3","B","ผ่าน"
"SCH_G3_0089","2563","2020","7. 2563 REP004-IMPROVEMENT 12 - ตารางสรุปรายงานมาตรฐานแต่ละด้าน พร้อมจำนวนข้อที่ต้องปรับปรุง และจำนวนเด็กที่ผ่านเกณฑ์.xls","75","Sheet1","2563|7255123217","สำนักงานตำรวจแห่งชาติ","กองบัญชาการตำรวจตระเวนชายแดน","กองบังคับการตำรวจตระเวนชายแดนภาค 3","กองกำกับการตำรวจตระเวนชายแดนที่ 32","","","","7255123217","รร.ตชด.เฉลิมฉลอง 100 ปีฯ","รร.ตชด.เฉลิมฉลอง 100 ปีฯ","","","missing","","","0","0","0","","0","0","0","0","0","0","0","0","0","0","0","0","0","0","0","0","0","0","0","0","0","0","0","0","0","0","0","0","0","0","0","0","0","0","0","0","0","0","0","0","0","0","0","0","0","0","0","0","0","0","0","0","0","0","0","0","0","0","0","0","0","0","0","0","0","0","0","0","0","0","0","0","0","0","0","0","0","A","ผ่าน"
"SCH_G3_0091","2563","2020","7. 2563 REP004-IMPROVEMENT 12 - ตารางสรุปรายงานมาตรฐานแต่ละด้าน พร้อมจำนวนข้อที่ต้องปรับปรุง และจำนวนเด็กที่ผ่านเกณฑ์.xls","76","Sheet1","2563|7256063211","สำนักงานตำรวจแห่งชาติ","กองบัญชาการตำรวจตระเวนชายแดน","กองบังคับการตำรวจตระเวนชายแดนภาค 3","กองกำกับการตำรวจตระเวนชายแดนที่ 32","","","","7256063211","รร.ตชด.เบ็ตตี้ดูเมน","รร.ตชด.เบ็ตตี้ดูเมน","12/01/2528","1985-01-12","parsed","","","0","0","0","","0","0","0","0","0","0","0","0","0","0","0","0","0","0","0","0","0","0","0","0","0","0","0","0","0","0","0","0","0","0","0","0","0","0","0","0","0","0","0","0","0","0","0","0","0","0","0","0","0","0","0","0","0","0","0","0","0","0","0","0","0","0","0","0","0","0","0","0","0","0","0","0","0","0","0","0","0","A","ผ่าน"
"SCH_G3_0092","2563","2020","7. 2563 REP004-IMPROVEMENT 12 - ตารางสรุปรายงานมาตรฐานแต่ละด้าน พร้อมจำนวนข้อที่ต้องปรับปรุง และจำนวนเด็กที่ผ่านเกณฑ์.xls","77","Sheet1","2563|7256113223","สำนักงานตำรวจแห่งชาติ","กองบัญชาการตำรวจตระเวนชายแดน","กองบังคับการตำรวจตระเวนชายแดนภาค 3","กองกำกับการตำรวจตระเวนชายแดนที่ 32","","","","7256113223","ศกร.ตชด.อินทรีอาสา (บ้านห้วยปุ้ม)","ศกร.ตชด.อินทรีอาสา (บ้านห้วยปุ้ม)","10/02/2561","2018-02-10","parsed","1.2.3,3.3.2ข,3.5.3ข,3.6.1ข,3.6.4ข,3.7.3ข","1.2.3,3.3.2ข,3.5.3ข,3.6.1ข,3.6.4ข,3.7.3ข","6","6","0","","0","0","0","0","0","0","1","0","0","0","0","0","0","0","0","0","0","0","0","0","0","0","0","0","0","0","0","0","0","0","0","0","0","0","0","0","0","0","0","0","0","0","0","0","0","0","0","0","0","0","0","0","0","0","0","0","0","0","0","1","0","0","0","0","0","1","0","0","1","0","0","1","0","0","1","0","6","B","ผ่าน"
"SCH_G3_0093","2563","2020","7. 2563 REP004-IMPROVEMENT 12 - ตารางสรุปรายงานมาตรฐานแต่ละด้าน พร้อมจำนวนข้อที่ต้องปรับปรุง และจำนวนเด็กที่ผ่านเกณฑ์.xls","78","Sheet1","2563|7257013213","สำนักงานตำรวจแห่งชาติ","กองบัญชาการตำรวจตระเวนชายแดน","กองบังคับการตำรวจตระเวนชายแดนภาค 3","กองกำกับการตำรวจตระเวนชายแดนที่ 32","","","","7257013213","รร.ตชด.เทคนิคดุสิต","รร.ตชด.เทคนิคดุสิต","14/06/2564","2021-06-14","parsed","","","0","0","0","","0","0","0","0","0","0","0","0","0","0","0","0","0","0","0","0","0","0","0","0","0","0","0","0","0","0","0","0","0","0","0","0","0","0","0","0","0","0","0","0","0","0","0","0","0","0","0","0","0","0","0","0","0","0","0","0","0","0","0","0","0","0","0","0","0","0","0","0","0","0","0","0","0","0","0","0","0","A","ผ่าน"
"SCH_G3_0094","2563","2020","7. 2563 REP004-IMPROVEMENT 12 - ตารางสรุปรายงานมาตรฐานแต่ละด้าน พร้อมจำนวนข้อที่ต้องปรับปรุง และจำนวนเด็กที่ผ่านเกณฑ์.xls","79","Sheet1","2563|7257013222","สำนักงานตำรวจแห่งชาติ","กองบัญชาการตำรวจตระเวนชายแดน","กองบังคับการตำรวจตระเวนชายแดนภาค 3","กองกำกับการตำรวจตระเวนชายแดนที่ 32","","","","7257013222","ศกร.ตชด.บ้านจะนู (จิราธิวัฒน์อุปถัมภ์)","ศกร.ตชด.บ้านจะนู (จิราธิวัฒน์อุปถัมภ์)","17/02/2568","2025-02-17","parsed","1.2.3,3.5.2ข,3.5.3ข,3.6.1ข,3.6.3ข,3.6.4ข","1.2.3,3.5.2ข,3.5.3ข,3.6.1ข,3.6.3ข,3.6.4ข","6","6","0","","0","0","0","0","0","0","1","0","0","0","0","0","0","0","0","0","0","0","0","0","0","0","0","0","0","0","0","0","0","0","0","0","0","0","0","0","0","0","0","0","0","0","0","0","0","0","0","0","0","0","0","0","0","0","0","0","0","0","0","0","0","0","0","0","1","1","0","0","1","0","1","1","0","0","0","0","6","B","ผ่าน"
"SCH_G3_0095","2563","2020","7. 2563 REP004-IMPROVEMENT 12 - ตารางสรุปรายงานมาตรฐานแต่ละด้าน พร้อมจำนวนข้อที่ต้องปรับปรุง และจำนวนเด็กที่ผ่านเกณฑ์.xls","80","Sheet1","2563|7257033203","สำนักงานตำรวจแห่งชาติ","กองบัญชาการตำรวจตระเวนชายแดน","กองบังคับการตำรวจตระเวนชายแดนภาค 3","กองกำกับการตำรวจตระเวนชายแดนที่ 32","","","","7257033203","รร.ตชด.อาชีวศึกษา เชียงราย-พะเยา","รร.ตชด.อาชีวศึกษา เชียงราย-พะเยา","08/05/2508","1965-05-08","parsed","3.1.3ข","3.1.3ข","1","1","0","","0","0","0","0","0","0","0","0","0","0","0","0","0","0","0","0","0","0","0","0","0","0","0","0","0","0","0","0","0","0","0","0","0","0","0","0","0","0","0","0","0","0","0","0","0","0","0","0","0","0","0","0","0","0","0","0","1","0","0","0","0","0","0","0","0","0","0","0","0","0","0","0","0","0","0","0","1","B","ผ่าน"
"SCH_G3_0096","2563","2020","7. 2563 REP004-IMPROVEMENT 12 - ตารางสรุปรายงานมาตรฐานแต่ละด้าน พร้อมจำนวนข้อที่ต้องปรับปรุง และจำนวนเด็กที่ผ่านเกณฑ์.xls","81","Sheet1","2563|7257103201","สำนักงานตำรวจแห่งชาติ","กองบัญชาการตำรวจตระเวนชายแดน","กองบังคับการตำรวจตระเวนชายแดนภาค 3","กองกำกับการตำรวจตระเวนชายแดนที่ 32","","","","7257103201","รร.ตชด.บ้านดอยล้าน *","รร.ตชด.บ้านดอยล้าน *","01/10/2503","1960-10-01","parsed","3.5.2ข,3.6.1ข","3.5.2ข,3.6.1ข","2","2","0","","0","0","0","0","0","0","0","0","0","0","0","0","0","0","0","0","0","0","0","0","0","0","0","0","0","0","0","0","0","0","0","0","0","0","0","0","0","0","0","0","0","0","0","0","0","0","0","0","0","0","0","0","0","0","0","0","0","0","0","0","0","0","0","0","1","0","0","0","1","0","0","0","0","0","0","0","2","B","ผ่าน"
"SCH_G3_0097","2563","2020","7. 2563 REP004-IMPROVEMENT 12 - ตารางสรุปรายงานมาตรฐานแต่ละด้าน พร้อมจำนวนข้อที่ต้องปรับปรุง และจำนวนเด็กที่ผ่านเกณฑ์.xls","82","Sheet1","2563|7257103221","สำนักงานตำรวจแห่งชาติ","กองบัญชาการตำรวจตระเวนชายแดน","กองบังคับการตำรวจตระเวนชายแดนภาค 3","กองกำกับการตำรวจตระเวนชายแดนที่ 32","","","","7257103221","ศกร.ตชด.อินทรีอาสา (บ้านห้วยน้ำกืน)","ศกร.ตชด.อินทรีอาสา (บ้านห้วยน้ำกืน)","16/05/2567","2024-05-16","parsed","1.3.8,3.5.2ข,3.5.3ข,3.5.5ข,3.6.1ข,3.6.3ข","1.3.8,3.5.2ข,3.5.3ข,3.5.5ข,3.6.1ข,3.6.3ข","6","6","0","","0","0","0","0","0","0","0","0","0","0","0","0","0","0","0","1","0","0","0","0","0","0","0","0","0","0","0","0","0","0","0","0","0","0","0","0","0","0","0","0","0","0","0","0","0","0","0","0","0","0","0","0","0","0","0","0","0","0","0","0","0","0","0","0","1","1","0","1","1","0","1","0","0","0","0","0","6","B","ผ่าน"
"SCH_G3_0098","2563","2020","7. 2563 REP004-IMPROVEMENT 12 - ตารางสรุปรายงานมาตรฐานแต่ละด้าน พร้อมจำนวนข้อที่ต้องปรับปรุง และจำนวนเด็กที่ผ่านเกณฑ์.xls","83","Sheet1","2563|7257133206","สำนักงานตำรวจแห่งชาติ","กองบัญชาการตำรวจตระเวนชายแดน","กองบังคับการตำรวจตระเวนชายแดนภาค 3","กองกำกับการตำรวจตระเวนชายแดนที่ 32","","","","7257133206","รร.ตชด.ชนัตถ์ปิยะอุย","รร.ตชด.ชนัตถ์ปิยะอุย","09/01/2517","1974-01-09","parsed","1.1.3,1.2.1,1.2.3,1.3.1,1.3.3,1.3.4,1.3.6,1.4.4,2.5.1,3.1.1ข,3.3.2ข,3.5.3ข,3.5.4ข,3.6.2ข,3.6.3ข","1.1.3,1.2.1,1.2.3,1.3.1,1.3.3,1.3.4,1.3.6,1.4.4,2.5.1,3.1.1ข,3.3.2ข,3.5.3ข,3.5.4ข,3.6.2ข,3.6.3ข","15","15","0","","0","0","0","1","1","0","1","0","1","0","1","1","0","1","0","0","0","0","0","1","0","0","0","0","0","0","0","0","0","0","0","0","0","0","0","0","0","0","0","0","0","0","0","0","0","1","0","0","0","0","0","0","0","0","1","0","0","0","0","1","0","0","0","0","0","1","1","0","0","1","1","0","0","0","0","0","15","C","ผ่าน"
"SCH_G3_0099","2563","2020","7. 2563 REP004-IMPROVEMENT 12 - ตารางสรุปรายงานมาตรฐานแต่ละด้าน พร้อมจำนวนข้อที่ต้องปรับปรุง และจำนวนเด็กที่ผ่านเกณฑ์.xls","84","Sheet1","2563|7257133219","สำนักงานตำรวจแห่งชาติ","กองบัญชาการตำรวจตระเวนชายแดน","กองบังคับการตำรวจตระเวนชายแดนภาค 3","กองกำกับการตำรวจตระเวนชายแดนที่ 32","","","","7257133219","ศกร.ตชด.บ้านฟ้าไทยงาม","ศกร.ตชด.บ้านฟ้าไทยงาม","16/05/2557","2014-05-16","parsed","","","0","0","0","","0","0","0","0","0","0","0","0","0","0","0","0","0","0","0","0","0","0","0","0","0","0","0","0","0","0","0","0","0","0","0","0","0","0","0","0","0","0","0","0","0","0","0","0","0","0","0","0","0","0","0","0","0","0","0","0","0","0","0","0","0","0","0","0","0","0","0","0","0","0","0","0","0","0","0","0","0","A","ผ่าน"
"SCH_G3_0100","2563","2020","7. 2563 REP004-IMPROVEMENT 12 - ตารางสรุปรายงานมาตรฐานแต่ละด้าน พร้อมจำนวนข้อที่ต้องปรับปรุง และจำนวนเด็กที่ผ่านเกณฑ์.xls","85","Sheet1","2563|7257133220","สำนักงานตำรวจแห่งชาติ","กองบัญชาการตำรวจตระเวนชายแดน","กองบังคับการตำรวจตระเวนชายแดนภาค 3","กองกำกับการตำรวจตระเวนชายแดนที่ 32","","","","7257133220","ศกร.ตชด.บ้านห้วยกุ๊ก","ศกร.ตชด.บ้านห้วยกุ๊ก","28/07/2564","2021-07-28","parsed","3.1.3ข,3.5.1ข,3.5.2ข,3.5.3ข,3.5.5ข,3.6.1ข,3.6.2ข,3.6.4ข,3.7.2ข,3.7.3ข","3.1.3ข,3.5.1ข,3.5.2ข,3.5.3ข,3.5.5ข,3.6.1ข,3.6.2ข,3.6.4ข,3.7.2ข,3.7.3ข","10","10","0","","0","0","0","0","0","0","0","0","0","0","0","0","0","0","0","0","0","0","0","0","0","0","0","0","0","0","0","0","0","0","0","0","0","0","0","0","0","0","0","0","0","0","0","0","0","0","0","0","0","0","0","0","0","0","0","0","1","0","0","0","0","0","0","1","1","1","0","1","1","1","0","1","0","1","1","0","10","C","ผ่าน"
"SCH_G3_0101","2563","2020","7. 2563 REP004-IMPROVEMENT 12 - ตารางสรุปรายงานมาตรฐานแต่ละด้าน พร้อมจำนวนข้อที่ต้องปรับปรุง และจำนวนเด็กที่ผ่านเกณฑ์.xls","86","Sheet1","2563|7257153208","สำนักงานตำรวจแห่งชาติ","กองบัญชาการตำรวจตระเวนชายแดน","กองบังคับการตำรวจตระเวนชายแดนภาค 3","กองกำกับการตำรวจตระเวนชายแดนที่ 32","","","","7257153208","รร.ตชด.เจ้าพ่อหลวงอุปถัมภ์ 4 *","รร.ตชด.เจ้าพ่อหลวงอุปถัมภ์ 4 *","01/01/2508","1965-01-01","parsed","","","0","0","0","","0","0","0","0","0","0","0","0","0","0","0","0","0","0","0","0","0","0","0","0","0","0","0","0","0","0","0","0","0","0","0","0","0","0","0","0","0","0","0","0","0","0","0","0","0","0","0","0","0","0","0","0","0","0","0","0","0","0","0","0","0","0","0","0","0","0","0","0","0","0","0","0","0","0","0","0","0","A","ผ่าน"
"SCH_G3_0102","2563","2020","7. 2563 REP004-IMPROVEMENT 12 - ตารางสรุปรายงานมาตรฐานแต่ละด้าน พร้อมจำนวนข้อที่ต้องปรับปรุง และจำนวนเด็กที่ผ่านเกณฑ์.xls","87","Sheet1","2563|7257153210","สำนักงานตำรวจแห่งชาติ","กองบัญชาการตำรวจตระเวนชายแดน","กองบังคับการตำรวจตระเวนชายแดนภาค 3","กองกำกับการตำรวจตระเวนชายแดนที่ 32","","","","7257153210","รร.ตชด.บำรุงที่ 112 *","รร.ตชด.บำรุงที่ 112 *","07/07/2564","2021-07-07","parsed","1.2.3,3.1.1ข","1.2.3,3.1.1ข","2","2","0","","0","0","0","0","0","0","1","0","0","0","0","0","0","0","0","0","0","0","0","0","0","0","0","0","0","0","0","0","0","0","0","0","0","0","0","0","0","0","0","0","0","0","0","0","0","0","0","0","0","0","0","0","0","0","1","0","0","0","0","0","0","0","0","0","0","0","0","0","0","0","0","0","0","0","0","0","2","B","ผ่าน"
"SCH_G3_0103","2563","2020","7. 2563 REP004-IMPROVEMENT 12 - ตารางสรุปรายงานมาตรฐานแต่ละด้าน พร้อมจำนวนข้อที่ต้องปรับปรุง และจำนวนเด็กที่ผ่านเกณฑ์.xls","88","Sheet1","2563|7257153214","สำนักงานตำรวจแห่งชาติ","กองบัญชาการตำรวจตระเวนชายแดน","กองบังคับการตำรวจตระเวนชายแดนภาค 3","กองกำกับการตำรวจตระเวนชายแดนที่ 32","","","","7257153214","รร.ตชด.สังวาลย์วิท 8 *","รร.ตชด.สังวาลย์วิท 8 *","17/05/2566","2023-05-17","parsed","1.2.3","1.2.3","1","1","0","","0","0","0","0","0","0","1","0","0","0","0","0","0","0","0","0","0","0","0","0","0","0","0","0","0","0","0","0","0","0","0","0","0","0","0","0","0","0","0","0","0","0","0","0","0","0","0","0","0","0","0","0","0","0","0","0","0","0","0","0","0","0","0","0","0","0","0","0","0","0","0","0","0","0","0","0","1","B","ผ่าน"
"SCH_G3_0104","2563","2020","7. 2563 REP004-IMPROVEMENT 12 - ตารางสรุปรายงานมาตรฐานแต่ละด้าน พร้อมจำนวนข้อที่ต้องปรับปรุง และจำนวนเด็กที่ผ่านเกณฑ์.xls","89","Sheet1","2563|7258013323","สำนักงานตำรวจแห่งชาติ","กองบัญชาการตำรวจตระเวนชายแดน","กองบังคับการตำรวจตระเวนชายแดนภาค 3","กองกำกับการตำรวจตระเวนชายแดนที่ 33","","","","7258013323","ศกร.ตชด.บ้านดอยแสง","ศกร.ตชด.บ้านดอยแสง","16/05/2558","2015-05-16","parsed","","","0","0","0","","0","0","0","0","0","0","0","0","0","0","0","0","0","0","0","0","0","0","0","0","0","0","0","0","0","0","0","0","0","0","0","0","0","0","0","0","0","0","0","0","0","0","0","0","0","0","0","0","0","0","0","0","0","0","0","0","0","0","0","0","0","0","0","0","0","0","0","0","0","0","0","0","0","0","0","0","0","A","ผ่าน"
"SCH_G3_0105","2563","2020","7. 2563 REP004-IMPROVEMENT 12 - ตารางสรุปรายงานมาตรฐานแต่ละด้าน พร้อมจำนวนข้อที่ต้องปรับปรุง และจำนวนเด็กที่ผ่านเกณฑ์.xls","90","Sheet1","2563|7258023328","สำนักงานตำรวจแห่งชาติ","กองบัญชาการตำรวจตระเวนชายแดน","กองบังคับการตำรวจตระเวนชายแดนภาค 3","กองกำกับการตำรวจตระเวนชายแดนที่ 33","","","","7258023328","ศกร.ตชด.บ้านห้วยโปงเลา","ศกร.ตชด.บ้านห้วยโปงเลา","24/11/2559","2016-11-24","parsed","","","0","0","0","","0","0","0","0","0","0","0","0","0","0","0","0","0","0","0","0","0","0","0","0","0","0","0","0","0","0","0","0","0","0","0","0","0","0","0","0","0","0","0","0","0","0","0","0","0","0","0","0","0","0","0","0","0","0","0","0","0","0","0","0","0","0","0","0","0","0","0","0","0","0","0","0","0","0","0","0","0","A","ผ่าน"
"SCH_G3_0107","2563","2020","7. 2563 REP004-IMPROVEMENT 12 - ตารางสรุปรายงานมาตรฐานแต่ละด้าน พร้อมจำนวนข้อที่ต้องปรับปรุง และจำนวนเด็กที่ผ่านเกณฑ์.xls","91","Sheet1","2563|7258043320","สำนักงานตำรวจแห่งชาติ","กองบัญชาการตำรวจตระเวนชายแดน","กองบังคับการตำรวจตระเวนชายแดนภาค 3","กองกำกับการตำรวจตระเวนชายแดนที่ 33","","","","7258043320","ศกร.ตชด.บ้านโกแประ","ศกร.ตชด.บ้านโกแประ","15/05/2551","2008-05-15","parsed","1.2.3","1.2.3","1","1","0","","0","0","0","0","0","0","1","0","0","0","0","0","0","0","0","0","0","0","0","0","0","0","0","0","0","0","0","0","0","0","0","0","0","0","0","0","0","0","0","0","0","0","0","0","0","0","0","0","0","0","0","0","0","0","0","0","0","0","0","0","0","0","0","0","0","0","0","0","0","0","0","0","0","0","0","0","1","B","ผ่าน"
"SCH_G3_0108","2563","2020","7. 2563 REP004-IMPROVEMENT 12 - ตารางสรุปรายงานมาตรฐานแต่ละด้าน พร้อมจำนวนข้อที่ต้องปรับปรุง และจำนวนเด็กที่ผ่านเกณฑ์.xls","92","Sheet1","2563|7258043321","สำนักงานตำรวจแห่งชาติ","กองบัญชาการตำรวจตระเวนชายแดน","กองบังคับการตำรวจตระเวนชายแดนภาค 3","กองกำกับการตำรวจตระเวนชายแดนที่ 33","","","","7258043321","ศกร.ตชด.บ้านปอหมื้อ","ศกร.ตชด.บ้านปอหมื้อ","17/05/2565","2022-05-17","parsed","","","0","0","0","","0","0","0","0","0","0","0","0","0","0","0","0","0","0","0","0","0","0","0","0","0","0","0","0","0","0","0","0","0","0","0","0","0","0","0","0","0","0","0","0","0","0","0","0","0","0","0","0","0","0","0","0","0","0","0","0","0","0","0","0","0","0","0","0","0","0","0","0","0","0","0","0","0","0","0","0","0","A","ผ่าน"
"SCH_G3_0109","2563","2020","7. 2563 REP004-IMPROVEMENT 12 - ตารางสรุปรายงานมาตรฐานแต่ละด้าน พร้อมจำนวนข้อที่ต้องปรับปรุง และจำนวนเด็กที่ผ่านเกณฑ์.xls","93","Sheet1","2563|7258043322","สำนักงานตำรวจแห่งชาติ","กองบัญชาการตำรวจตระเวนชายแดน","กองบังคับการตำรวจตระเวนชายแดนภาค 3","กองกำกับการตำรวจตระเวนชายแดนที่ 33","","","","7258043322","รร.ตชด.๙๐๕","รร.ตชด.๙๐๕","16/05/2569","2026-05-16","parsed","","","0","0","0","","0","0","0","0","0","0","0","0","0","0","0","0","0","0","0","0","0","0","0","0","0","0","0","0","0","0","0","0","0","0","0","0","0","0","0","0","0","0","0","0","0","0","0","0","0","0","0","0","0","0","0","0","0","0","0","0","0","0","0","0","0","0","0","0","0","0","0","0","0","0","0","0","0","0","0","0","0","A","ผ่าน"
"SCH_G3_0110","2563","2020","7. 2563 REP004-IMPROVEMENT 12 - ตารางสรุปรายงานมาตรฐานแต่ละด้าน พร้อมจำนวนข้อที่ต้องปรับปรุง และจำนวนเด็กที่ผ่านเกณฑ์.xls","94","Sheet1","2563|7258043327","สำนักงานตำรวจแห่งชาติ","กองบัญชาการตำรวจตระเวนชายแดน","กองบังคับการตำรวจตระเวนชายแดนภาค 3","กองกำกับการตำรวจตระเวนชายแดนที่ 33","","","","7258043327","ศกร.ตชด.บ้านแม่เหลอ","ศกร.ตชด.บ้านแม่เหลอ","30/07/2564","2021-07-30","parsed","1.2.3","1.2.3","1","1","0","","0","0","0","0","0","0","1","0","0","0","0","0","0","0","0","0","0","0","0","0","0","0","0","0","0","0","0","0","0","0","0","0","0","0","0","0","0","0","0","0","0","0","0","0","0","0","0","0","0","0","0","0","0","0","0","0","0","0","0","0","0","0","0","0","0","0","0","0","0","0","0","0","0","0","0","0","1","B","ผ่าน"
"SCH_G3_0111","2563","2020","7. 2563 REP004-IMPROVEMENT 12 - ตารางสรุปรายงานมาตรฐานแต่ละด้าน พร้อมจำนวนข้อที่ต้องปรับปรุง และจำนวนเด็กที่ผ่านเกณฑ์.xls","95","Sheet1","2563|7258053308","สำนักงานตำรวจแห่งชาติ","กองบัญชาการตำรวจตระเวนชายแดน","กองบังคับการตำรวจตระเวนชายแดนภาค 3","กองกำกับการตำรวจตระเวนชายแดนที่ 33","","","","7258053308","รร.ตชด.บ้านแม่ลางิ้ว","รร.ตชด.บ้านแม่ลางิ้ว","05/08/2525","1982-08-05","parsed","","","0","0","0","","0","0","0","0","0","0","0","0","0","0","0","0","0","0","0","0","0","0","0","0","0","0","0","0","0","0","0","0","0","0","0","0","0","0","0","0","0","0","0","0","0","0","0","0","0","0","0","0","0","0","0","0","0","0","0","0","0","0","0","0","0","0","0","0","0","0","0","0","0","0","0","0","0","0","0","0","0","A","ผ่าน"
"SCH_G3_0112","2563","2020","7. 2563 REP004-IMPROVEMENT 12 - ตารางสรุปรายงานมาตรฐานแต่ละด้าน พร้อมจำนวนข้อที่ต้องปรับปรุง และจำนวนเด็กที่ผ่านเกณฑ์.xls","96","Sheet1","2563|7258053309","สำนักงานตำรวจแห่งชาติ","กองบัญชาการตำรวจตระเวนชายแดน","กองบังคับการตำรวจตระเวนชายแดนภาค 3","กองกำกับการตำรวจตระเวนชายแดนที่ 33","","","","7258053309","รร.ตชด.บ้านตุน","รร.ตชด.บ้านตุน","30/07/2564","2021-07-30","parsed","1.2.3","1.2.3","1","1","0","","0","0","0","0","0","0","1","0","0","0","0","0","0","0","0","0","0","0","0","0","0","0","0","0","0","0","0","0","0","0","0","0","0","0","0","0","0","0","0","0","0","0","0","0","0","0","0","0","0","0","0","0","0","0","0","0","0","0","0","0","0","0","0","0","0","0","0","0","0","0","0","0","0","0","0","0","1","B","ผ่าน"
"SCH_G3_0113","2563","2020","7. 2563 REP004-IMPROVEMENT 12 - ตารางสรุปรายงานมาตรฐานแต่ละด้าน พร้อมจำนวนข้อที่ต้องปรับปรุง และจำนวนเด็กที่ผ่านเกณฑ์.xls","97","Sheet1","2563|7258063329","สำนักงานตำรวจแห่งชาติ","กองบัญชาการตำรวจตระเวนชายแดน","กองบังคับการตำรวจตระเวนชายแดนภาค 3","กองกำกับการตำรวจตระเวนชายแดนที่ 33","","","","7258063329","ศกร.ตชด.บ้านห้วยมะโอ","ศกร.ตชด.บ้านห้วยมะโอ","","","missing","","","0","0","0","","0","0","0","0","0","0","0","0","0","0","0","0","0","0","0","0","0","0","0","0","0","0","0","0","0","0","0","0","0","0","0","0","0","0","0","0","0","0","0","0","0","0","0","0","0","0","0","0","0","0","0","0","0","0","0","0","0","0","0","0","0","0","0","0","0","0","0","0","0","0","0","0","0","0","0","0","0","A","ผ่าน"
"SCH_G3_0114","2563","2020","7. 2563 REP004-IMPROVEMENT 12 - ตารางสรุปรายงานมาตรฐานแต่ละด้าน พร้อมจำนวนข้อที่ต้องปรับปรุง และจำนวนเด็กที่ผ่านเกณฑ์.xls","98","Sheet1","2563|7258073305","สำนักงานตำรวจแห่งชาติ","กองบัญชาการตำรวจตระเวนชายแดน","กองบังคับการตำรวจตระเวนชายแดนภาค 3","กองกำกับการตำรวจตระเวนชายแดนที่ 33","","","","7258073305","รร.ตชด.ชมรมอนุรักษ์พุทธศิลปไทยอนุสรณ์","รร.ตชด.ชมรมอนุรักษ์พุทธศิลปไทยอนุสรณ์","","","missing","1.2.3,2.3.5,3.5.2ข,3.5.5ข,3.7.3ข","1.2.3,2.3.5,3.5.2ข,3.5.5ข,3.7.3ข","5","5","0","","0","0","0","0","0","0","1","0","0","0","0","0","0","0","0","0","0","0","0","0","0","0","0","0","0","0","0","0","0","0","0","0","0","0","0","0","0","0","0","0","0","1","0","0","0","0","0","0","0","0","0","0","0","0","0","0","0","0","0","0","0","0","0","0","1","0","0","1","0","0","0","0","0","0","1","0","5","B","ผ่าน"
"SCH_G3_0115","2563","2020","7. 2563 REP004-IMPROVEMENT 12 - ตารางสรุปรายงานมาตรฐานแต่ละด้าน พร้อมจำนวนข้อที่ต้องปรับปรุง และจำนวนเด็กที่ผ่านเกณฑ์.xls","99","Sheet1","2563|7258073313","สำนักงานตำรวจแห่งชาติ","กองบัญชาการตำรวจตระเวนชายแดน","กองบังคับการตำรวจตระเวนชายแดนภาค 3","กองกำกับการตำรวจตระเวนชายแดนที่ 33","","","","7258073313","รร.ตชด.ชมรมอนุรักษ์พุทธศิลปไทยอนุสรณ์ 2","รร.ตชด.ชมรมอนุรักษ์พุทธศิลปไทยอนุสรณ์ 2","04/04/2534","1991-04-04","parsed","","","0","0","0","","0","0","0","0","0","0","0","0","0","0","0","0","0","0","0","0","0","0","0","0","0","0","0","0","0","0","0","0","0","0","0","0","0","0","0","0","0","0","0","0","0","0","0","0","0","0","0","0","0","0","0","0","0","0","0","0","0","0","0","0","0","0","0","0","0","0","0","0","0","0","0","0","0","0","0","0","0","A","ผ่าน"
"SCH_G3_0116","2563","2020","7. 2563 REP004-IMPROVEMENT 12 - ตารางสรุปรายงานมาตรฐานแต่ละด้าน พร้อมจำนวนข้อที่ต้องปรับปรุง และจำนวนเด็กที่ผ่านเกณฑ์.xls","100","Sheet1","2563|7258073324","สำนักงานตำรวจแห่งชาติ","กองบัญชาการตำรวจตระเวนชายแดน","กองบังคับการตำรวจตระเวนชายแดนภาค 3","กองกำกับการตำรวจตระเวนชายแดนที่ 33","","","","7258073324","ศกร.ตชด.เฉลิมพระเกียรติ ฯ บ้านน้ำบ่อสะเป่","ศกร.ตชด.เฉลิมพระเกียรติ ฯ บ้านน้ำบ่อสะเป่","16/05/2557","2014-05-16","parsed","","","0","0","0","","0","0","0","0","0","0","0","0","0","0","0","0","0","0","0","0","0","0","0","0","0","0","0","0","0","0","0","0","0","0","0","0","0","0","0","0","0","0","0","0","0","0","0","0","0","0","0","0","0","0","0","0","0","0","0","0","0","0","0","0","0","0","0","0","0","0","0","0","0","0","0","0","0","0","0","0","0","A","ผ่าน"
"SCH_G3_0117","2563","2020","7. 2563 REP004-IMPROVEMENT 12 - ตารางสรุปรายงานมาตรฐานแต่ละด้าน พร้อมจำนวนข้อที่ต้องปรับปรุง และจำนวนเด็กที่ผ่านเกณฑ์.xls","101","Sheet1","2563|7258133330","สำนักงานตำรวจแห่งชาติ","กองบัญชาการตำรวจตระเวนชายแดน","กองบังคับการตำรวจตระเวนชายแดนภาค 3","กองกำกับการตำรวจตระเวนชายแดนที่ 33","","","","7258133330","ศกร.ตชด.พลเอก อรชุน พิบูลนครินทร์","ศกร.ตชด.พลเอก อรชุน พิบูลนครินทร์","01/05/2559","2016-05-01","parsed","3.1.1ข,3.1.2ข,3.1.3ข,3.2.1ข,3.3.1ข,3.3.2ข,3.4.1ข,3.4.2ข,3.4.3ข,3.5.1ข,3.5.2ข,3.5.3ข,3.5.4ข,3.5.5ข,3.6.1ข,3.6.2ข,3.6.3ข,3.6.4ข,3.7.1ข,3.7.2ข,3.7.3ข,3.7.4ข","3.1.1ข,3.1.2ข,3.1.3ข,3.2.1ข,3.3.1ข,3.3.2ข,3.4.1ข,3.4.2ข,3.4.3ข,3.5.1ข,3.5.2ข,3.5.3ข,3.5.4ข,3.5.5ข,3.6.1ข,3.6.2ข,3.6.3ข,3.6.4ข,3.7.1ข,3.7.2ข,3.7.3ข,3.7.4ข","22","22","0","","0","0","0","0","0","0","0","0","0","0","0","0","0","0","0","0","0","0","0","0","0","0","0","0","0","0","0","0","0","0","0","0","0","0","0","0","0","0","0","0","0","0","0","0","0","0","0","0","0","0","0","0","0","0","1","1","1","1","1","1","1","1","1","1","1","1","1","1","1","1","1","1","1","1","1","1","22","D","ไม่ผ่าน"
"SCH_G3_0118","2563","2020","7. 2563 REP004-IMPROVEMENT 12 - ตารางสรุปรายงานมาตรฐานแต่ละด้าน พร้อมจำนวนข้อที่ต้องปรับปรุง และจำนวนเด็กที่ผ่านเกณฑ์.xls","102","Sheet1","2563|7258153331","สำนักงานตำรวจแห่งชาติ","กองบัญชาการตำรวจตระเวนชายแดน","กองบังคับการตำรวจตระเวนชายแดนภาค 3","กองกำกับการตำรวจตระเวนชายแดนที่ 33","","","","7258153331","รร.ตชด.บำรุงที่ 114","รร.ตชด.บำรุงที่ 114","16/05/2559","2016-05-16","parsed","1.3.8,3.1.3ข","1.3.8,3.1.3ข","2","2","0","","0","0","0","0","0","0","0","0","0","0","0","0","0","0","0","1","0","0","0","0","0","0","0","0","0","0","0","0","0","0","0","0","0","0","0","0","0","0","0","0","0","0","0","0","0","0","0","0","0","0","0","0","0","0","0","0","1","0","0","0","0","0","0","0","0","0","0","0","0","0","0","0","0","0","0","0","2","B","ผ่าน"
"SCH_G3_0119","2563","2020","7. 2563 REP004-IMPROVEMENT 12 - ตารางสรุปรายงานมาตรฐานแต่ละด้าน พร้อมจำนวนข้อที่ต้องปรับปรุง และจำนวนเด็กที่ผ่านเกณฑ์.xls","103","Sheet1","2563|7263043403","สำนักงานตำรวจแห่งชาติ","กองบัญชาการตำรวจตระเวนชายแดน","กองบังคับการตำรวจตระเวนชายแดนภาค 3","กองกำกับการตำรวจตระเวนชายแดนที่ 34","","","","7263043403","รร.ตชด.เฉลิมพระเกียรติ 7 รอบฯ (บ้านแพะ จังหวัดตาก)","รร.ตชด.เฉลิมพระเกียรติ 7 รอบฯ (บ้านแพะ จังหวัดตาก)","09/06/2524","1981-06-09","parsed","1.3.8,1.4.6","1.3.8,1.4.6","2","2","0","","0","0","0","0","0","0","0","0","0","0","0","0","0","0","0","1","0","0","0","0","0","1","0","0","0","0","0","0","0","0","0","0","0","0","0","0","0","0","0","0","0","0","0","0","0","0","0","0","0","0","0","0","0","0","0","0","0","0","0","0","0","0","0","0","0","0","0","0","0","0","0","0","0","0","0","0","2","B","ผ่าน"
"SCH_G3_0120","2563","2020","7. 2563 REP004-IMPROVEMENT 12 - ตารางสรุปรายงานมาตรฐานแต่ละด้าน พร้อมจำนวนข้อที่ต้องปรับปรุง และจำนวนเด็กที่ผ่านเกณฑ์.xls","104","Sheet1","2563|7263043419","สำนักงานตำรวจแห่งชาติ","กองบัญชาการตำรวจตระเวนชายแดน","กองบังคับการตำรวจตระเวนชายแดนภาค 3","กองกำกับการตำรวจตระเวนชายแดนที่ 34","","","","7263043419","รร.ตชด.หม่อมราชวงศ์เฉลิมลักษณ์ จันทรเสน (ขยายโอกาส)","รร.ตชด.หม่อมราชวงศ์เฉลิมลักษณ์ จันทรเสน (ขยายโอกาส)","07/02/2545","2002-02-07","parsed","1.2.3,3.1.3ข","1.2.3,3.1.3ข","2","2","0","","0","0","0","0","0","0","1","0","0","0","0","0","0","0","0","0","0","0","0","0","0","0","0","0","0","0","0","0","0","0","0","0","0","0","0","0","0","0","0","0","0","0","0","0","0","0","0","0","0","0","0","0","0","0","0","0","1","0","0","0","0","0","0","0","0","0","0","0","0","0","0","0","0","0","0","0","2","B","ผ่าน"
"SCH_G3_0121","2563","2020","7. 2563 REP004-IMPROVEMENT 12 - ตารางสรุปรายงานมาตรฐานแต่ละด้าน พร้อมจำนวนข้อที่ต้องปรับปรุง และจำนวนเด็กที่ผ่านเกณฑ์.xls","105","Sheet1","2563|7263043420","สำนักงานตำรวจแห่งชาติ","กองบัญชาการตำรวจตระเวนชายแดน","กองบังคับการตำรวจตระเวนชายแดนภาค 3","กองกำกับการตำรวจตระเวนชายแดนที่ 34","","","","7263043420","ศกร.ตชด.บ้านทีวะเบยทะ *","ศกร.ตชด.บ้านทีวะเบยทะ *","16/05/2545","2002-05-16","parsed","1.3.8,3.6.4ข","1.3.8,3.6.4ข","2","2","0","","0","0","0","0","0","0","0","0","0","0","0","0","0","0","0","1","0","0","0","0","0","0","0","0","0","0","0","0","0","0","0","0","0","0","0","0","0","0","0","0","0","0","0","0","0","0","0","0","0","0","0","0","0","0","0","0","0","0","0","0","0","0","0","0","0","0","0","0","0","0","0","1","0","0","0","0","2","B","ผ่าน"
"SCH_G3_0122","2563","2020","7. 2563 REP004-IMPROVEMENT 12 - ตารางสรุปรายงานมาตรฐานแต่ละด้าน พร้อมจำนวนข้อที่ต้องปรับปรุง และจำนวนเด็กที่ผ่านเกณฑ์.xls","106","Sheet1","2563|7263043421","สำนักงานตำรวจแห่งชาติ","กองบัญชาการตำรวจตระเวนชายแดน","กองบังคับการตำรวจตระเวนชายแดนภาค 3","กองกำกับการตำรวจตระเวนชายแดนที่ 34","","","","7263043421","ศกร.ตชด.บ้านวะกะเลโค๊ะ *(เอ็ม เอส ไอ จี อุปถัมภ์)","ศกร.ตชด.บ้านวะกะเลโค๊ะ *(เอ็ม เอส ไอ จี อุปถัมภ์)","16/05/2546","2003-05-16","parsed","1.2.3,2.1.5,2.5.1,2.5.2,3.6.4ข","1.2.3,2.1.5,2.5.1,2.5.2,3.6.4ข","5","5","0","","0","0","0","0","0","0","1","0","0","0","0","0","0","0","0","0","0","0","0","0","0","0","0","0","0","0","0","0","0","0","0","1","0","0","0","0","0","0","0","0","0","0","0","0","0","1","1","0","0","0","0","0","0","0","0","0","0","0","0","0","0","0","0","0","0","0","0","0","0","0","0","1","0","0","0","0","5","B","ผ่าน"
"SCH_G3_0123","2563","2020","7. 2563 REP004-IMPROVEMENT 12 - ตารางสรุปรายงานมาตรฐานแต่ละด้าน พร้อมจำนวนข้อที่ต้องปรับปรุง และจำนวนเด็กที่ผ่านเกณฑ์.xls","107","Sheet1","2563|7263043422","สำนักงานตำรวจแห่งชาติ","กองบัญชาการตำรวจตระเวนชายแดน","กองบังคับการตำรวจตระเวนชายแดนภาค 3","กองกำกับการตำรวจตระเวนชายแดนที่ 34","","","","7263043422","ศกร.ตชด.บ้านเลผะสุคี *","ศกร.ตชด.บ้านเลผะสุคี *","16/05/2546","2003-05-16","parsed","","","0","0","0","","0","0","0","0","0","0","0","0","0","0","0","0","0","0","0","0","0","0","0","0","0","0","0","0","0","0","0","0","0","0","0","0","0","0","0","0","0","0","0","0","0","0","0","0","0","0","0","0","0","0","0","0","0","0","0","0","0","0","0","0","0","0","0","0","0","0","0","0","0","0","0","0","0","0","0","0","0","A","ผ่าน"
"SCH_G3_0124","2563","2020","7. 2563 REP004-IMPROVEMENT 12 - ตารางสรุปรายงานมาตรฐานแต่ละด้าน พร้อมจำนวนข้อที่ต้องปรับปรุง และจำนวนเด็กที่ผ่านเกณฑ์.xls","108","Sheet1","2563|7263043427","สำนักงานตำรวจแห่งชาติ","กองบัญชาการตำรวจตระเวนชายแดน","กองบังคับการตำรวจตระเวนชายแดนภาค 3","กองกำกับการตำรวจตระเวนชายแดนที่ 34","","","","7263043427","ศกร.ตชด.บ้านห้วยสลุง","ศกร.ตชด.บ้านห้วยสลุง","16/05/2560","2017-05-16","parsed","1.2.3","1.2.3","1","1","0","","0","0","0","0","0","0","1","0","0","0","0","0","0","0","0","0","0","0","0","0","0","0","0","0","0","0","0","0","0","0","0","0","0","0","0","0","0","0","0","0","0","0","0","0","0","0","0","0","0","0","0","0","0","0","0","0","0","0","0","0","0","0","0","0","0","0","0","0","0","0","0","0","0","0","0","0","1","B","ผ่าน"
"SCH_G3_0126","2563","2020","7. 2563 REP004-IMPROVEMENT 12 - ตารางสรุปรายงานมาตรฐานแต่ละด้าน พร้อมจำนวนข้อที่ต้องปรับปรุง และจำนวนเด็กที่ผ่านเกณฑ์.xls","109","Sheet1","2563|7263053402","สำนักงานตำรวจแห่งชาติ","กองบัญชาการตำรวจตระเวนชายแดน","กองบังคับการตำรวจตระเวนชายแดนภาค 3","กองกำกับการตำรวจตระเวนชายแดนที่ 34","","","","7263053402","รร.ตชด.จุฬา - ธรรมศาสตร์ 3","รร.ตชด.จุฬา - ธรรมศาสตร์ 3","07/09/2515","1972-09-07","parsed","","","0","0","0","","0","0","0","0","0","0","0","0","0","0","0","0","0","0","0","0","0","0","0","0","0","0","0","0","0","0","0","0","0","0","0","0","0","0","0","0","0","0","0","0","0","0","0","0","0","0","0","0","0","0","0","0","0","0","0","0","0","0","0","0","0","0","0","0","0","0","0","0","0","0","0","0","0","0","0","0","0","A","ผ่าน"
"SCH_G3_0127","2563","2020","7. 2563 REP004-IMPROVEMENT 12 - ตารางสรุปรายงานมาตรฐานแต่ละด้าน พร้อมจำนวนข้อที่ต้องปรับปรุง และจำนวนเด็กที่ผ่านเกณฑ์.xls","110","Sheet1","2563|7263053404","สำนักงานตำรวจแห่งชาติ","กองบัญชาการตำรวจตระเวนชายแดน","กองบังคับการตำรวจตระเวนชายแดนภาค 3","กองกำกับการตำรวจตระเวนชายแดนที่ 34","","","","7263053404","รร.ตชด.เทคนิคอาสา 1","รร.ตชด.เทคนิคอาสา 1","15/03/2528","1985-03-15","parsed","1.2.2,1.2.3,1.4.6,2.2.1,3.6.1ข,3.6.2ข,3.6.4ข","1.2.2,1.2.3,1.4.6,2.2.1,3.6.1ข,3.6.2ข,3.6.4ข","7","7","0","","0","0","0","0","0","1","1","0","0","0","0","0","0","0","0","0","0","0","0","0","0","1","0","0","0","0","0","0","0","0","0","0","1","0","0","0","0","0","0","0","0","0","0","0","0","0","0","0","0","0","0","0","0","0","0","0","0","0","0","0","0","0","0","0","0","0","0","0","1","1","0","1","0","0","0","0","7","B","ผ่าน"
"SCH_G3_0128","2563","2020","7. 2563 REP004-IMPROVEMENT 12 - ตารางสรุปรายงานมาตรฐานแต่ละด้าน พร้อมจำนวนข้อที่ต้องปรับปรุง และจำนวนเด็กที่ผ่านเกณฑ์.xls","111","Sheet1","2563|7263053409","สำนักงานตำรวจแห่งชาติ","กองบัญชาการตำรวจตระเวนชายแดน","กองบังคับการตำรวจตระเวนชายแดนภาค 3","กองกำกับการตำรวจตระเวนชายแดนที่ 34","","","","7263053409","รร.ตชด.บ้านกามาผาโด้","รร.ตชด.บ้านกามาผาโด้","16/05/2526","1983-05-16","parsed","","","0","0","0","","0","0","0","0","0","0","0","0","0","0","0","0","0","0","0","0","0","0","0","0","0","0","0","0","0","0","0","0","0","0","0","0","0","0","0","0","0","0","0","0","0","0","0","0","0","0","0","0","0","0","0","0","0","0","0","0","0","0","0","0","0","0","0","0","0","0","0","0","0","0","0","0","0","0","0","0","0","A","ผ่าน"
"SCH_G3_0129","2563","2020","7. 2563 REP004-IMPROVEMENT 12 - ตารางสรุปรายงานมาตรฐานแต่ละด้าน พร้อมจำนวนข้อที่ต้องปรับปรุง และจำนวนเด็กที่ผ่านเกณฑ์.xls","112","Sheet1","2563|7263053414","สำนักงานตำรวจแห่งชาติ","กองบัญชาการตำรวจตระเวนชายแดน","กองบังคับการตำรวจตระเวนชายแดนภาค 3","กองกำกับการตำรวจตระเวนชายแดนที่ 34","","","","7263053414","ศกร.ตชด.บ้านแม่อมยะ *","ศกร.ตชด.บ้านแม่อมยะ *","02/04/2545","2002-04-02","parsed","1.2.4,1.4.6,1.5.3","1.2.4,1.4.6,1.5.3","3","3","0","","0","0","0","0","0","0","0","1","0","0","0","0","0","0","0","0","0","0","0","0","0","1","0","0","0","1","0","0","0","0","0","0","0","0","0","0","0","0","0","0","0","0","0","0","0","0","0","0","0","0","0","0","0","0","0","0","0","0","0","0","0","0","0","0","0","0","0","0","0","0","0","0","0","0","0","0","3","B","ผ่าน"
"SCH_G3_0130","2563","2020","7. 2563 REP004-IMPROVEMENT 12 - ตารางสรุปรายงานมาตรฐานแต่ละด้าน พร้อมจำนวนข้อที่ต้องปรับปรุง และจำนวนเด็กที่ผ่านเกณฑ์.xls","113","Sheet1","2563|7263053415","สำนักงานตำรวจแห่งชาติ","กองบัญชาการตำรวจตระเวนชายแดน","กองบังคับการตำรวจตระเวนชายแดนภาค 3","กองกำกับการตำรวจตระเวนชายแดนที่ 34","","","","7263053415","ศกร.ตชด.บ้านแม่ละนา *","ศกร.ตชด.บ้านแม่ละนา *","16/05/2546","2003-05-16","parsed","1.2.3,2.1.1,2.1.2,2.1.3,2.1.4,2.1.5,2.2.1,2.2.2,2.2.3,2.2.4,2.2.5,2.3.1,2.3.2,2.3.3,2.3.4,2.3.5,2.4.1,2.4.2,2.4.3,2.5.1,2.5.2,3.1.1ข,3.1.2ข,3.1.3ข,3.2.1ข,3.3.1ข,3.3.2ข,3.4.1ข,3.4.2ข,3.4.3ข,3.5.1ข,3.5.2ข,3.5.3ข,3.5.4ข,3.5.5ข,3.6.1ข,3.6.2ข,3.6.3ข,3.6.4ข,3.7","1.2.3,2.1.1,2.1.2,2.1.3,2.1.4,2.1.5,2.2.1,2.2.2,2.2.3,2.2.4,2.2.5,2.3.1,2.3.2,2.3.3,2.3.4,2.3.5,2.4.1,2.4.2,2.4.3,2.5.1,2.5.2,3.1.1ข,3.1.2ข,3.1.3ข,3.2.1ข,3.3.1ข,3.3.2ข,3.4.1ข,3.4.2ข,3.4.3ข,3.5.1ข,3.5.2ข,3.5.3ข,3.5.4ข,3.5.5ข,3.6.1ข,3.6.2ข,3.6.3ข,3.6.4ข","40","39","1","3.7","1","0","0","0","0","0","1","0","0","0","0","0","0","0","0","0","0","0","0","0","0","0","0","0","0","0","0","1","1","1","1","1","1","1","1","1","1","1","1","1","1","1","1","1","1","1","1","0","0","0","0","0","0","0","1","1","1","1","1","1","1","1","1","1","1","1","1","1","1","1","1","1","0","0","0","0","39","D","ไม่ผ่าน"
"SCH_G3_0131","2563","2020","7. 2563 REP004-IMPROVEMENT 12 - ตารางสรุปรายงานมาตรฐานแต่ละด้าน พร้อมจำนวนข้อที่ต้องปรับปรุง และจำนวนเด็กที่ผ่านเกณฑ์.xls","114","Sheet1","2563|7263053416","สำนักงานตำรวจแห่งชาติ","กองบัญชาการตำรวจตระเวนชายแดน","กองบังคับการตำรวจตระเวนชายแดนภาค 3","กองกำกับการตำรวจตระเวนชายแดนที่ 34","","","","7263053416","ศกร.ตชด.บ้านพอบือละคี *","ศกร.ตชด.บ้านพอบือละคี *","16/05/2545","2002-05-16","parsed","3.5.2ข,3.5.3ข,3.5.4ข,3.5.5ข,3.6.2ข,3.6.3ข,3.6.4ข","3.5.2ข,3.5.3ข,3.5.4ข,3.5.5ข,3.6.2ข,3.6.3ข,3.6.4ข","7","7","0","","0","0","0","0","0","0","0","0","0","0","0","0","0","0","0","0","0","0","0","0","0","0","0","0","0","0","0","0","0","0","0","0","0","0","0","0","0","0","0","0","0","0","0","0","0","0","0","0","0","0","0","0","0","0","0","0","0","0","0","0","0","0","0","0","1","1","1","1","0","1","1","1","0","0","0","0","7","B","ผ่าน"
"SCH_G3_0132","2563","2020","7. 2563 REP004-IMPROVEMENT 12 - ตารางสรุปรายงานมาตรฐานแต่ละด้าน พร้อมจำนวนข้อที่ต้องปรับปรุง และจำนวนเด็กที่ผ่านเกณฑ์.xls","115","Sheet1","2563|7263053417","สำนักงานตำรวจแห่งชาติ","กองบัญชาการตำรวจตระเวนชายแดน","กองบังคับการตำรวจตระเวนชายแดนภาค 3","กองกำกับการตำรวจตระเวนชายแดนที่ 34","","","","7263053417","ศกร.ตชด.บ้านแม่หละคี *","ศกร.ตชด.บ้านแม่หละคี *","08/02/2566","2023-02-08","parsed","1.1.1,1.1.2,1.1.3,1.2.1,1.2.2,1.2.3,1.2.4,1.3.1,1.3.2,1.3.3,1.3.4,1.3.5,1.3.6,1.3.7,1.3.8,1.4.1,1.4.2,1.4.3,1.4.4,1.4.5,1.4.6,1.4.7,1.5.1,1.5.2,1.5.3,1.5.4,2.1.1,2.1.2,2.1.3,2.1.4,2.1.5,2.2.1,2.2.2,2.2.3,2.2.4,2.2.5,2.3.1,2.3.2,2.3.3,2.3.4,2.3.5,2.4.1,2.4","1.1.1,1.1.2,1.1.3,1.2.1,1.2.2,1.2.3,1.2.4,1.3.1,1.3.2,1.3.3,1.3.4,1.3.5,1.3.6,1.3.7,1.3.8,1.4.1,1.4.2,1.4.3,1.4.4,1.4.5,1.4.6,1.4.7,1.5.1,1.5.2,1.5.3,1.5.4,2.1.1,2.1.2,2.1.3,2.1.4,2.1.5,2.2.1,2.2.2,2.2.3,2.2.4,2.2.5,2.3.1,2.3.2,2.3.3,2.3.4,2.3.5,2.4.1","43","42","1","2.4","1","1","1","1","1","1","1","1","1","1","1","1","1","1","1","1","1","1","1","1","1","1","1","1","1","1","1","1","1","1","1","1","1","1","1","1","1","1","1","1","1","1","1","0","0","0","0","0","0","0","0","0","0","0","0","0","0","0","0","0","0","0","0","0","0","0","0","0","0","0","0","0","0","0","0","0","42","D","ไม่ผ่าน"
"SCH_G3_0133","2563","2020","7. 2563 REP004-IMPROVEMENT 12 - ตารางสรุปรายงานมาตรฐานแต่ละด้าน พร้อมจำนวนข้อที่ต้องปรับปรุง และจำนวนเด็กที่ผ่านเกณฑ์.xls","116","Sheet1","2563|7263053418","สำนักงานตำรวจแห่งชาติ","กองบัญชาการตำรวจตระเวนชายแดน","กองบังคับการตำรวจตระเวนชายแดนภาค 3","กองกำกับการตำรวจตระเวนชายแดนที่ 34","","","","7263053418","ศกร.ตชด.บ้านคะเนจือทะ *","ศกร.ตชด.บ้านคะเนจือทะ *","16/07/2545","2002-07-16","parsed","","","0","0","0","","0","0","0","0","0","0","0","0","0","0","0","0","0","0","0","0","0","0","0","0","0","0","0","0","0","0","0","0","0","0","0","0","0","0","0","0","0","0","0","0","0","0","0","0","0","0","0","0","0","0","0","0","0","0","0","0","0","0","0","0","0","0","0","0","0","0","0","0","0","0","0","0","0","0","0","0","0","A","ผ่าน"
"SCH_G3_0135","2563","2020","7. 2563 REP004-IMPROVEMENT 12 - ตารางสรุปรายงานมาตรฐานแต่ละด้าน พร้อมจำนวนข้อที่ต้องปรับปรุง และจำนวนเด็กที่ผ่านเกณฑ์.xls","117","Sheet1","2563|7263053424","สำนักงานตำรวจแห่งชาติ","กองบัญชาการตำรวจตระเวนชายแดน","กองบังคับการตำรวจตระเวนชายแดนภาค 3","กองกำกับการตำรวจตระเวนชายแดนที่ 34","","","","7263053424","ศกร.ตชด.บ้านตีนดอย *","ศกร.ตชด.บ้านตีนดอย *","30/01/2547","2004-01-30","parsed","","","0","0","0","","0","0","0","0","0","0","0","0","0","0","0","0","0","0","0","0","0","0","0","0","0","0","0","0","0","0","0","0","0","0","0","0","0","0","0","0","0","0","0","0","0","0","0","0","0","0","0","0","0","0","0","0","0","0","0","0","0","0","0","0","0","0","0","0","0","0","0","0","0","0","0","0","0","0","0","0","0","A","ผ่าน"
"SCH_G3_0136","2563","2020","7. 2563 REP004-IMPROVEMENT 12 - ตารางสรุปรายงานมาตรฐานแต่ละด้าน พร้อมจำนวนข้อที่ต้องปรับปรุง และจำนวนเด็กที่ผ่านเกณฑ์.xls","118","Sheet1","2563|7263063412","สำนักงานตำรวจแห่งชาติ","กองบัญชาการตำรวจตระเวนชายแดน","กองบังคับการตำรวจตระเวนชายแดนภาค 3","กองกำกับการตำรวจตระเวนชายแดนที่ 34","","","","7263063412","รร.ตชด.ท่านผู้หญิงทวี มณีนุตร","รร.ตชด.ท่านผู้หญิงทวี มณีนุตร","01/05/2541","1998-05-01","parsed","1.4.6,1.5.4,3.6.2ข,3.6.4ข,3.7.1ข","1.4.6,1.5.4,3.6.2ข,3.6.4ข,3.7.1ข","5","5","0","","0","0","0","0","0","0","0","0","0","0","0","0","0","0","0","0","0","0","0","0","0","1","0","0","0","0","1","0","0","0","0","0","0","0","0","0","0","0","0","0","0","0","0","0","0","0","0","0","0","0","0","0","0","0","0","0","0","0","0","0","0","0","0","0","0","0","0","0","0","1","0","1","1","0","0","0","5","B","ผ่าน"
"SCH_G3_0137","2563","2020","7. 2563 REP004-IMPROVEMENT 12 - ตารางสรุปรายงานมาตรฐานแต่ละด้าน พร้อมจำนวนข้อที่ต้องปรับปรุง และจำนวนเด็กที่ผ่านเกณฑ์.xls","119","Sheet1","2563|7263063425","สำนักงานตำรวจแห่งชาติ","กองบัญชาการตำรวจตระเวนชายแดน","กองบังคับการตำรวจตระเวนชายแดนภาค 3","กองกำกับการตำรวจตระเวนชายแดนที่ 34","","","","7263063425","รร.ตชด.ศาสตราจารย์สำเภา-ไพวรรณ วรางกูร","รร.ตชด.ศาสตราจารย์สำเภา-ไพวรรณ วรางกูร","16/05/2557","2014-05-16","parsed","1.2.3,3.4.3ข,3.6.3ข,3.6.4ข","1.2.3,3.4.3ข,3.6.3ข,3.6.4ข","4","4","0","","0","0","0","0","0","0","1","0","0","0","0","0","0","0","0","0","0","0","0","0","0","0","0","0","0","0","0","0","0","0","0","0","0","0","0","0","0","0","0","0","0","0","0","0","0","0","0","0","0","0","0","0","0","0","0","0","0","0","0","0","0","0","1","0","0","0","0","0","0","0","1","1","0","0","0","0","4","B","ผ่าน"
"SCH_G3_0138","2563","2020","7. 2563 REP004-IMPROVEMENT 12 - ตารางสรุปรายงานมาตรฐานแต่ละด้าน พร้อมจำนวนข้อที่ต้องปรับปรุง และจำนวนเด็กที่ผ่านเกณฑ์.xls","120","Sheet1","2563|7263083405","สำนักงานตำรวจแห่งชาติ","กองบัญชาการตำรวจตระเวนชายแดน","กองบังคับการตำรวจตระเวนชายแดนภาค 3","กองกำกับการตำรวจตระเวนชายแดนที่ 34","","","","7263083405","รร.ตชด.บ้านแม่กลองคี","รร.ตชด.บ้านแม่กลองคี","25/02/2528","1985-02-25","parsed","","","0","0","0","","0","0","0","0","0","0","0","0","0","0","0","0","0","0","0","0","0","0","0","0","0","0","0","0","0","0","0","0","0","0","0","0","0","0","0","0","0","0","0","0","0","0","0","0","0","0","0","0","0","0","0","0","0","0","0","0","0","0","0","0","0","0","0","0","0","0","0","0","0","0","0","0","0","0","0","0","0","A","ผ่าน"
"SCH_G3_0139","2563","2020","7. 2563 REP004-IMPROVEMENT 12 - ตารางสรุปรายงานมาตรฐานแต่ละด้าน พร้อมจำนวนข้อที่ต้องปรับปรุง และจำนวนเด็กที่ผ่านเกณฑ์.xls","121","Sheet1","2563|7263083407","สำนักงานตำรวจแห่งชาติ","กองบัญชาการตำรวจตระเวนชายแดน","กองบังคับการตำรวจตระเวนชายแดนภาค 3","กองกำกับการตำรวจตระเวนชายแดนที่ 34","","","","7263083407","รร.ตชด.บ้านเลตองคุ","รร.ตชด.บ้านเลตองคุ","18/06/2533","1990-06-18","parsed","1.2.3,1.3.5,3.1.3ข,3.6.2ข,3.6.3ข","1.2.3,1.3.5,3.1.3ข,3.6.2ข,3.6.3ข","5","5","0","","0","0","0","0","0","0","1","0","0","0","0","0","1","0","0","0","0","0","0","0","0","0","0","0","0","0","0","0","0","0","0","0","0","0","0","0","0","0","0","0","0","0","0","0","0","0","0","0","0","0","0","0","0","0","0","0","1","0","0","0","0","0","0","0","0","0","0","0","0","1","1","0","0","0","0","0","5","B","ผ่าน"
"SCH_G3_0140","2563","2020","7. 2563 REP004-IMPROVEMENT 12 - ตารางสรุปรายงานมาตรฐานแต่ละด้าน พร้อมจำนวนข้อที่ต้องปรับปรุง และจำนวนเด็กที่ผ่านเกณฑ์.xls","122","Sheet1","2563|7263083408","สำนักงานตำรวจแห่งชาติ","กองบัญชาการตำรวจตระเวนชายแดน","กองบังคับการตำรวจตระเวนชายแดนภาค 3","กองกำกับการตำรวจตระเวนชายแดนที่ 34","","","","7263083408","รร.ตชด.บ้านแม่จันทะ","รร.ตชด.บ้านแม่จันทะ","19/07/2539","1996-07-19","parsed","","","0","0","0","","0","0","0","0","0","0","0","0","0","0","0","0","0","0","0","0","0","0","0","0","0","0","0","0","0","0","0","0","0","0","0","0","0","0","0","0","0","0","0","0","0","0","0","0","0","0","0","0","0","0","0","0","0","0","0","0","0","0","0","0","0","0","0","0","0","0","0","0","0","0","0","0","0","0","0","0","0","A","ผ่าน"
"SCH_G3_0141","2563","2020","7. 2563 REP004-IMPROVEMENT 12 - ตารางสรุปรายงานมาตรฐานแต่ละด้าน พร้อมจำนวนข้อที่ต้องปรับปรุง และจำนวนเด็กที่ผ่านเกณฑ์.xls","123","Sheet1","2563|7263083411","สำนักงานตำรวจแห่งชาติ","กองบัญชาการตำรวจตระเวนชายแดน","กองบังคับการตำรวจตระเวนชายแดนภาค 3","กองกำกับการตำรวจตระเวนชายแดนที่ 34","","","","7263083411","รร.ตชด.เฉลิมพระเกียรติ 7 รอบฯ (บ้านหม่องกั๊วะ จังหวัดตาก)","รร.ตชด.เฉลิมพระเกียรติ 7 รอบฯ (บ้านหม่องกั๊วะ จังหวัดตาก)","13/04/2556","2013-04-13","parsed","","","0","0","0","","0","0","0","0","0","0","0","0","0","0","0","0","0","0","0","0","0","0","0","0","0","0","0","0","0","0","0","0","0","0","0","0","0","0","0","0","0","0","0","0","0","0","0","0","0","0","0","0","0","0","0","0","0","0","0","0","0","0","0","0","0","0","0","0","0","0","0","0","0","0","0","0","0","0","0","0","0","A","ผ่าน"
"SCH_G3_0142","2563","2020","7. 2563 REP004-IMPROVEMENT 12 - ตารางสรุปรายงานมาตรฐานแต่ละด้าน พร้อมจำนวนข้อที่ต้องปรับปรุง และจำนวนเด็กที่ผ่านเกณฑ์.xls","124","Sheet1","2563|7263133426","สำนักงานตำรวจแห่งชาติ","กองบัญชาการตำรวจตระเวนชายแดน","กองบังคับการตำรวจตระเวนชายแดนภาค 3","กองกำกับการตำรวจตระเวนชายแดนที่ 34","","","","7263133426","ศกร.ตชด.พระยาประสาทธาตุการย์และคุณหญิงวาส (ประนิช)","ศกร.ตชด.พระยาประสาทธาตุการย์และคุณหญิงวาส (ประนิช)","10/05/2559","2016-05-10","parsed","1.2.3","1.2.3","1","1","0","","0","0","0","0","0","0","1","0","0","0","0","0","0","0","0","0","0","0","0","0","0","0","0","0","0","0","0","0","0","0","0","0","0","0","0","0","0","0","0","0","0","0","0","0","0","0","0","0","0","0","0","0","0","0","0","0","0","0","0","0","0","0","0","0","0","0","0","0","0","0","0","0","0","0","0","0","1","B","ผ่าน"
"SCH_G3_0143","2563","2020","7. 2563 REP004-IMPROVEMENT 12 - ตารางสรุปรายงานมาตรฐานแต่ละด้าน พร้อมจำนวนข้อที่ต้องปรับปรุง และจำนวนเด็กที่ผ่านเกณฑ์.xls","125","Sheet1","2563|7265023104","สำนักงานตำรวจแห่งชาติ","กองบัญชาการตำรวจตระเวนชายแดน","กองบังคับการตำรวจตระเวนชายแดนภาค 3","กองกำกับการตำรวจตระเวนชายแดนที่ 31","","","","7265023104","รร.ตชด.อาทรอุทิศ","รร.ตชด.อาทรอุทิศ","18/08/2522","1979-08-18","parsed","1.3.5,1.4.5","1.3.5,1.4.5","2","2","0","","0","0","0","0","0","0","0","0","0","0","0","0","1","0","0","0","0","0","0","0","1","0","0","0","0","0","0","0","0","0","0","0","0","0","0","0","0","0","0","0","0","0","0","0","0","0","0","0","0","0","0","0","0","0","0","0","0","0","0","0","0","0","0","0","0","0","0","0","0","0","0","0","0","0","0","0","2","B","ผ่าน"
"SCH_G3_0144","2563","2020","7. 2563 REP004-IMPROVEMENT 12 - ตารางสรุปรายงานมาตรฐานแต่ละด้าน พร้อมจำนวนข้อที่ต้องปรับปรุง และจำนวนเด็กที่ผ่านเกณฑ์.xls","126","Sheet1","2563|7265033102","สำนักงานตำรวจแห่งชาติ","กองบัญชาการตำรวจตระเวนชายแดน","กองบังคับการตำรวจตระเวนชายแดนภาค 3","กองกำกับการตำรวจตระเวนชายแดนที่ 31","","","","7265033102","รร.ตชด.บ้านลาดเรือ","รร.ตชด.บ้านลาดเรือ","22/07/2516","1973-07-22","parsed","1.2.3","1.2.3","1","1","0","","0","0","0","0","0","0","1","0","0","0","0","0","0","0","0","0","0","0","0","0","0","0","0","0","0","0","0","0","0","0","0","0","0","0","0","0","0","0","0","0","0","0","0","0","0","0","0","0","0","0","0","0","0","0","0","0","0","0","0","0","0","0","0","0","0","0","0","0","0","0","0","0","0","0","0","0","1","B","ผ่าน"
"SCH_G3_0145","2563","2020","7. 2563 REP004-IMPROVEMENT 12 - ตารางสรุปรายงานมาตรฐานแต่ละด้าน พร้อมจำนวนข้อที่ต้องปรับปรุง และจำนวนเด็กที่ผ่านเกณฑ์.xls","127","Sheet1","2563|7265033106","สำนักงานตำรวจแห่งชาติ","กองบัญชาการตำรวจตระเวนชายแดน","กองบังคับการตำรวจตระเวนชายแดนภาค 3","กองกำกับการตำรวจตระเวนชายแดนที่ 31","","","","7265033106","รร.ตชด.บ้านรักไทย","รร.ตชด.บ้านรักไทย","23/07/2534","1991-07-23","parsed","","","0","0","0","","0","0","0","0","0","0","0","0","0","0","0","0","0","0","0","0","0","0","0","0","0","0","0","0","0","0","0","0","0","0","0","0","0","0","0","0","0","0","0","0","0","0","0","0","0","0","0","0","0","0","0","0","0","0","0","0","0","0","0","0","0","0","0","0","0","0","0","0","0","0","0","0","0","0","0","0","0","A","ผ่าน"
"SCH_G3_0146","2563","2020","7. 2563 REP004-IMPROVEMENT 12 - ตารางสรุปรายงานมาตรฐานแต่ละด้าน พร้อมจำนวนข้อที่ต้องปรับปรุง และจำนวนเด็กที่ผ่านเกณฑ์.xls","128","Sheet1","2563|7265033107","สำนักงานตำรวจแห่งชาติ","กองบัญชาการตำรวจตระเวนชายแดน","กองบังคับการตำรวจตระเวนชายแดนภาค 3","กองกำกับการตำรวจตระเวนชายแดนที่ 31","","","","7265033107","รร.ตชด.บ้านนุชเทียน","รร.ตชด.บ้านนุชเทียน","15/07/2536","1993-07-15","parsed","3.1.1ข","3.1.1ข","1","1","0","","0","0","0","0","0","0","0","0","0","0","0","0","0","0","0","0","0","0","0","0","0","0","0","0","0","0","0","0","0","0","0","0","0","0","0","0","0","0","0","0","0","0","0","0","0","0","0","0","0","0","0","0","0","0","1","0","0","0","0","0","0","0","0","0","0","0","0","0","0","0","0","0","0","0","0","0","1","B","ผ่าน"
"SCH_G3_0148","2563","2020","7. 2563 REP004-IMPROVEMENT 12 - ตารางสรุปรายงานมาตรฐานแต่ละด้าน พร้อมจำนวนข้อที่ต้องปรับปรุง และจำนวนเด็กที่ผ่านเกณฑ์.xls","129","Sheet1","2563|7270031306","สำนักงานตำรวจแห่งชาติ","กองบัญชาการตำรวจตระเวนชายแดน","กองบังคับการตำรวจตระเวนชายแดนภาค 1","กองกำกับการตำรวจตระเวนชายแดนที่ 13","","","","7270031306","รร.ตชด.ตะโกปิดทอง","รร.ตชด.ตะโกปิดทอง","01/07/2563","2020-07-01","parsed","3.1.3ข,3.6.2ข","3.1.3ข,3.6.2ข","2","2","0","","0","0","0","0","0","0","0","0","0","0","0","0","0","0","0","0","0","0","0","0","0","0","0","0","0","0","0","0","0","0","0","0","0","0","0","0","0","0","0","0","0","0","0","0","0","0","0","0","0","0","0","0","0","0","0","0","1","0","0","0","0","0","0","0","0","0","0","0","0","1","0","0","0","0","0","0","2","B","ผ่าน"
"SCH_G3_0149","2563","2020","7. 2563 REP004-IMPROVEMENT 12 - ตารางสรุปรายงานมาตรฐานแต่ละด้าน พร้อมจำนวนข้อที่ต้องปรับปรุง และจำนวนเด็กที่ผ่านเกณฑ์.xls","130","Sheet1","2563|7270031309","สำนักงานตำรวจแห่งชาติ","กองบัญชาการตำรวจตระเวนชายแดน","กองบังคับการตำรวจตระเวนชายแดนภาค 1","กองกำกับการตำรวจตระเวนชายแดนที่ 13","","","","7270031309","รร.ตชด.บ้านถ้ำหิน","รร.ตชด.บ้านถ้ำหิน","12/07/2564","2021-07-12","parsed","3.1.3ข","3.1.3ข","1","1","0","","0","0","0","0","0","0","0","0","0","0","0","0","0","0","0","0","0","0","0","0","0","0","0","0","0","0","0","0","0","0","0","0","0","0","0","0","0","0","0","0","0","0","0","0","0","0","0","0","0","0","0","0","0","0","0","0","1","0","0","0","0","0","0","0","0","0","0","0","0","0","0","0","0","0","0","0","1","B","ผ่าน"
"SCH_G3_0150","2563","2020","7. 2563 REP004-IMPROVEMENT 12 - ตารางสรุปรายงานมาตรฐานแต่ละด้าน พร้อมจำนวนข้อที่ต้องปรับปรุง และจำนวนเด็กที่ผ่านเกณฑ์.xls","131","Sheet1","2563|7271021305","สำนักงานตำรวจแห่งชาติ","กองบัญชาการตำรวจตระเวนชายแดน","กองบังคับการตำรวจตระเวนชายแดนภาค 1","กองกำกับการตำรวจตระเวนชายแดนที่ 13","","","","7271021305","รร.ตชด.บ้านแม่น้ำน้อย","รร.ตชด.บ้านแม่น้ำน้อย","26/01/2566","2023-01-26","parsed","3.1.1ข,3.1.2ข,3.1.3ข,3.2.1ข,3.3.1ข,3.3.2ข,3.4.1ข,3.4.2ข,3.4.3ข,3.5.1ข,3.5.2ข,3.5.3ข,3.5.4ข,3.5.5ข,3.6.1ข,3.6.2ข,3.6.3ข,3.6.4ข,3.7.1ข,3.7.2ข,3.7.3ข,3.7.4ข","3.1.1ข,3.1.2ข,3.1.3ข,3.2.1ข,3.3.1ข,3.3.2ข,3.4.1ข,3.4.2ข,3.4.3ข,3.5.1ข,3.5.2ข,3.5.3ข,3.5.4ข,3.5.5ข,3.6.1ข,3.6.2ข,3.6.3ข,3.6.4ข,3.7.1ข,3.7.2ข,3.7.3ข,3.7.4ข","22","22","0","","0","0","0","0","0","0","0","0","0","0","0","0","0","0","0","0","0","0","0","0","0","0","0","0","0","0","0","0","0","0","0","0","0","0","0","0","0","0","0","0","0","0","0","0","0","0","0","0","0","0","0","0","0","0","1","1","1","1","1","1","1","1","1","1","1","1","1","1","1","1","1","1","1","1","1","1","22","D","ไม่ผ่าน"
"SCH_G3_0151","2563","2020","7. 2563 REP004-IMPROVEMENT 12 - ตารางสรุปรายงานมาตรฐานแต่ละด้าน พร้อมจำนวนข้อที่ต้องปรับปรุง และจำนวนเด็กที่ผ่านเกณฑ์.xls","132","Sheet1","2563|7271021307","สำนักงานตำรวจแห่งชาติ","กองบัญชาการตำรวจตระเวนชายแดน","กองบังคับการตำรวจตระเวนชายแดนภาค 1","กองกำกับการตำรวจตระเวนชายแดนที่ 13","","","","7271021307","รร.ตชด.เฮงเค็ลไทย","รร.ตชด.เฮงเค็ลไทย","23/05/2526","1983-05-23","parsed","1.2.3","1.2.3","1","1","0","","0","0","0","0","0","0","1","0","0","0","0","0","0","0","0","0","0","0","0","0","0","0","0","0","0","0","0","0","0","0","0","0","0","0","0","0","0","0","0","0","0","0","0","0","0","0","0","0","0","0","0","0","0","0","0","0","0","0","0","0","0","0","0","0","0","0","0","0","0","0","0","0","0","0","0","0","1","B","ผ่าน"
"SCH_G3_0152","2563","2020","7. 2563 REP004-IMPROVEMENT 12 - ตารางสรุปรายงานมาตรฐานแต่ละด้าน พร้อมจำนวนข้อที่ต้องปรับปรุง และจำนวนเด็กที่ผ่านเกณฑ์.xls","133","Sheet1","2563|7271021308","สำนักงานตำรวจแห่งชาติ","กองบัญชาการตำรวจตระเวนชายแดน","กองบังคับการตำรวจตระเวนชายแดนภาค 1","กองกำกับการตำรวจตระเวนชายแดนที่ 13","","","","7271021308","รร.ตชด.ต้นมะม่วง","รร.ตชด.ต้นมะม่วง","13/03/2567","2024-03-13","parsed","","","0","0","0","","0","0","0","0","0","0","0","0","0","0","0","0","0","0","0","0","0","0","0","0","0","0","0","0","0","0","0","0","0","0","0","0","0","0","0","0","0","0","0","0","0","0","0","0","0","0","0","0","0","0","0","0","0","0","0","0","0","0","0","0","0","0","0","0","0","0","0","0","0","0","0","0","0","0","0","0","0","A","ผ่าน"
"SCH_G3_0153","2563","2020","7. 2563 REP004-IMPROVEMENT 12 - ตารางสรุปรายงานมาตรฐานแต่ละด้าน พร้อมจำนวนข้อที่ต้องปรับปรุง และจำนวนเด็กที่ผ่านเกณฑ์.xls","134","Sheet1","2563|7271021313","สำนักงานตำรวจแห่งชาติ","กองบัญชาการตำรวจตระเวนชายแดน","กองบังคับการตำรวจตระเวนชายแดนภาค 1","กองกำกับการตำรวจตระเวนชายแดนที่ 13","","","","7271021313","รร.ตชด.วัดสุธาสินี","รร.ตชด.วัดสุธาสินี","06/07/2564","2021-07-06","parsed","1.2.2,1.2.3","1.2.2,1.2.3","2","2","0","","0","0","0","0","0","1","1","0","0","0","0","0","0","0","0","0","0","0","0","0","0","0","0","0","0","0","0","0","0","0","0","0","0","0","0","0","0","0","0","0","0","0","0","0","0","0","0","0","0","0","0","0","0","0","0","0","0","0","0","0","0","0","0","0","0","0","0","0","0","0","0","0","0","0","0","0","2","B","ผ่าน"
"SCH_G3_0154","2563","2020","7. 2563 REP004-IMPROVEMENT 12 - ตารางสรุปรายงานมาตรฐานแต่ละด้าน พร้อมจำนวนข้อที่ต้องปรับปรุง และจำนวนเด็กที่ผ่านเกณฑ์.xls","135","Sheet1","2563|7271041303","สำนักงานตำรวจแห่งชาติ","กองบัญชาการตำรวจตระเวนชายแดน","กองบังคับการตำรวจตระเวนชายแดนภาค 1","กองกำกับการตำรวจตระเวนชายแดนที่ 13","","","","7271041303","รร.ตชด.มิตรมวลชน 2","รร.ตชด.มิตรมวลชน 2","17/05/2553","2010-05-17","parsed","","","0","0","0","","0","0","0","0","0","0","0","0","0","0","0","0","0","0","0","0","0","0","0","0","0","0","0","0","0","0","0","0","0","0","0","0","0","0","0","0","0","0","0","0","0","0","0","0","0","0","0","0","0","0","0","0","0","0","0","0","0","0","0","0","0","0","0","0","0","0","0","0","0","0","0","0","0","0","0","0","0","A","ผ่าน"
"SCH_G3_0155","2563","2020","7. 2563 REP004-IMPROVEMENT 12 - ตารางสรุปรายงานมาตรฐานแต่ละด้าน พร้อมจำนวนข้อที่ต้องปรับปรุง และจำนวนเด็กที่ผ่านเกณฑ์.xls","136","Sheet1","2563|7271041316","สำนักงานตำรวจแห่งชาติ","กองบัญชาการตำรวจตระเวนชายแดน","กองบังคับการตำรวจตระเวนชายแดนภาค 1","กองกำกับการตำรวจตระเวนชายแดนที่ 13","","","","7271041316","ศูนย์การเรียนตำรวจตระเวนชายแดนปูนอินทรี-มูลนิธิกรุงศรี(บ้านไกรเกรียง)","ศูนย์การเรียนตำรวจตระเวนชายแดนปูนอินทรี-มูลนิธิกรุงศรี(บ้านไกรเกรียง)","15/05/2560","2017-05-15","parsed","","","0","0","0","","0","0","0","0","0","0","0","0","0","0","0","0","0","0","0","0","0","0","0","0","0","0","0","0","0","0","0","0","0","0","0","0","0","0","0","0","0","0","0","0","0","0","0","0","0","0","0","0","0","0","0","0","0","0","0","0","0","0","0","0","0","0","0","0","0","0","0","0","0","0","0","0","0","0","0","0","0","A","ผ่าน"
"SCH_G3_0156","2563","2020","7. 2563 REP004-IMPROVEMENT 12 - ตารางสรุปรายงานมาตรฐานแต่ละด้าน พร้อมจำนวนข้อที่ต้องปรับปรุง และจำนวนเด็กที่ผ่านเกณฑ์.xls","137","Sheet1","2563|7271071304","สำนักงานตำรวจแห่งชาติ","กองบัญชาการตำรวจตระเวนชายแดน","กองบังคับการตำรวจตระเวนชายแดนภาค 1","กองกำกับการตำรวจตระเวนชายแดนที่ 13","","","","7271071304","รร.ตชด.วิจิตรวิทยาคาร","รร.ตชด.วิจิตรวิทยาคาร","11/04/2569","2026-04-11","parsed","","","0","0","0","","0","0","0","0","0","0","0","0","0","0","0","0","0","0","0","0","0","0","0","0","0","0","0","0","0","0","0","0","0","0","0","0","0","0","0","0","0","0","0","0","0","0","0","0","0","0","0","0","0","0","0","0","0","0","0","0","0","0","0","0","0","0","0","0","0","0","0","0","0","0","0","0","0","0","0","0","0","A","ผ่าน"
"SCH_G3_0157","2563","2020","7. 2563 REP004-IMPROVEMENT 12 - ตารางสรุปรายงานมาตรฐานแต่ละด้าน พร้อมจำนวนข้อที่ต้องปรับปรุง และจำนวนเด็กที่ผ่านเกณฑ์.xls","138","Sheet1","2563|7271071312","สำนักงานตำรวจแห่งชาติ","กองบัญชาการตำรวจตระเวนชายแดน","กองบังคับการตำรวจตระเวนชายแดนภาค 1","กองกำกับการตำรวจตระเวนชายแดนที่ 13","","","","7271071312","รร.ตชด.บ้านปิล๊อกคี่","รร.ตชด.บ้านปิล๊อกคี่","","","missing","1.3.3,3.3.2ข","1.3.3,3.3.2ข","2","2","0","","0","0","0","0","0","0","0","0","0","0","1","0","0","0","0","0","0","0","0","0","0","0","0","0","0","0","0","0","0","0","0","0","0","0","0","0","0","0","0","0","0","0","0","0","0","0","0","0","0","0","0","0","0","0","0","0","0","0","0","1","0","0","0","0","0","0","0","0","0","0","0","0","0","0","0","0","2","B","ผ่าน"
"SCH_G3_0158","2563","2020","7. 2563 REP004-IMPROVEMENT 12 - ตารางสรุปรายงานมาตรฐานแต่ละด้าน พร้อมจำนวนข้อที่ต้องปรับปรุง และจำนวนเด็กที่ผ่านเกณฑ์.xls","139","Sheet1","2563|7271071314","สำนักงานตำรวจแห่งชาติ","กองบัญชาการตำรวจตระเวนชายแดน","กองบังคับการตำรวจตระเวนชายแดนภาค 1","กองกำกับการตำรวจตระเวนชายแดนที่ 13","","","","7271071314","ศกร.ตชด.หลวงประกอบนิติสารและท่านผู้หญิงถวิล","ศกร.ตชด.หลวงประกอบนิติสารและท่านผู้หญิงถวิล","24/02/2557","2014-02-24","parsed","","","0","0","0","","0","0","0","0","0","0","0","0","0","0","0","0","0","0","0","0","0","0","0","0","0","0","0","0","0","0","0","0","0","0","0","0","0","0","0","0","0","0","0","0","0","0","0","0","0","0","0","0","0","0","0","0","0","0","0","0","0","0","0","0","0","0","0","0","0","0","0","0","0","0","0","0","0","0","0","0","0","A","ผ่าน"
"SCH_G3_0159","2563","2020","7. 2563 REP004-IMPROVEMENT 12 - ตารางสรุปรายงานมาตรฐานแต่ละด้าน พร้อมจำนวนข้อที่ต้องปรับปรุง และจำนวนเด็กที่ผ่านเกณฑ์.xls","140","Sheet1","2563|7271081301","สำนักงานตำรวจแห่งชาติ","กองบัญชาการตำรวจตระเวนชายแดน","กองบังคับการตำรวจตระเวนชายแดนภาค 1","กองกำกับการตำรวจตระเวนชายแดนที่ 13","","","","7271081301","รร.ตชด.สหธนาคารกรุงเทพ","รร.ตชด.สหธนาคารกรุงเทพ","26/08/2513","1970-08-26","parsed","","","0","0","0","","0","0","0","0","0","0","0","0","0","0","0","0","0","0","0","0","0","0","0","0","0","0","0","0","0","0","0","0","0","0","0","0","0","0","0","0","0","0","0","0","0","0","0","0","0","0","0","0","0","0","0","0","0","0","0","0","0","0","0","0","0","0","0","0","0","0","0","0","0","0","0","0","0","0","0","0","0","A","ผ่าน"
"SCH_G3_0160","2563","2020","7. 2563 REP004-IMPROVEMENT 12 - ตารางสรุปรายงานมาตรฐานแต่ละด้าน พร้อมจำนวนข้อที่ต้องปรับปรุง และจำนวนเด็กที่ผ่านเกณฑ์.xls","141","Sheet1","2563|7271081302","สำนักงานตำรวจแห่งชาติ","กองบัญชาการตำรวจตระเวนชายแดน","กองบังคับการตำรวจตระเวนชายแดนภาค 1","กองกำกับการตำรวจตระเวนชายแดนที่ 13","","","","7271081302","รร.ตชด.สุนทรเวช","รร.ตชด.สุนทรเวช","13/07/2564","2021-07-13","parsed","","","0","0","0","","0","0","0","0","0","0","0","0","0","0","0","0","0","0","0","0","0","0","0","0","0","0","0","0","0","0","0","0","0","0","0","0","0","0","0","0","0","0","0","0","0","0","0","0","0","0","0","0","0","0","0","0","0","0","0","0","0","0","0","0","0","0","0","0","0","0","0","0","0","0","0","0","0","0","0","0","0","A","ผ่าน"
"SCH_G3_0161","2563","2020","7. 2563 REP004-IMPROVEMENT 12 - ตารางสรุปรายงานมาตรฐานแต่ละด้าน พร้อมจำนวนข้อที่ต้องปรับปรุง และจำนวนเด็กที่ผ่านเกณฑ์.xls","142","Sheet1","2563|7271081310","สำนักงานตำรวจแห่งชาติ","กองบัญชาการตำรวจตระเวนชายแดน","กองบังคับการตำรวจตระเวนชายแดนภาค 1","กองกำกับการตำรวจตระเวนชายแดนที่ 13","","","","7271081310","รร.ตชด.บ้านเรดาร์ *","รร.ตชด.บ้านเรดาร์ *","15/07/2564","2021-07-15","parsed","1.3.8","1.3.8","1","1","0","","0","0","0","0","0","0","0","0","0","0","0","0","0","0","0","1","0","0","0","0","0","0","0","0","0","0","0","0","0","0","0","0","0","0","0","0","0","0","0","0","0","0","0","0","0","0","0","0","0","0","0","0","0","0","0","0","0","0","0","0","0","0","0","0","0","0","0","0","0","0","0","0","0","0","0","0","1","B","ผ่าน"
"SCH_G3_0162","2563","2020","7. 2563 REP004-IMPROVEMENT 12 - ตารางสรุปรายงานมาตรฐานแต่ละด้าน พร้อมจำนวนข้อที่ต้องปรับปรุง และจำนวนเด็กที่ผ่านเกณฑ์.xls","143","Sheet1","2563|7271081311","สำนักงานตำรวจแห่งชาติ","กองบัญชาการตำรวจตระเวนชายแดน","กองบังคับการตำรวจตระเวนชายแดนภาค 1","กองกำกับการตำรวจตระเวนชายแดนที่ 13","","","","7271081311","รร.ตชด.บ้านทิไล่ป้า","รร.ตชด.บ้านทิไล่ป้า","19/05/2540","1997-05-19","parsed","","","0","0","0","","0","0","0","0","0","0","0","0","0","0","0","0","0","0","0","0","0","0","0","0","0","0","0","0","0","0","0","0","0","0","0","0","0","0","0","0","0","0","0","0","0","0","0","0","0","0","0","0","0","0","0","0","0","0","0","0","0","0","0","0","0","0","0","0","0","0","0","0","0","0","0","0","0","0","0","0","0","A","ผ่าน"
"SCH_G3_0163","2563","2020","7. 2563 REP004-IMPROVEMENT 12 - ตารางสรุปรายงานมาตรฐานแต่ละด้าน พร้อมจำนวนข้อที่ต้องปรับปรุง และจำนวนเด็กที่ผ่านเกณฑ์.xls","144","Sheet1","2563|7271081315","สำนักงานตำรวจแห่งชาติ","กองบัญชาการตำรวจตระเวนชายแดน","กองบังคับการตำรวจตระเวนชายแดนภาค 1","กองกำกับการตำรวจตระเวนชายแดนที่ 13","","","","7271081315","ศกร.ตชด.ท่านผู้หญิงมณีรัตน์ บุนนาค","ศกร.ตชด.ท่านผู้หญิงมณีรัตน์ บุนนาค","","","missing","","","0","0","0","","0","0","0","0","0","0","0","0","0","0","0","0","0","0","0","0","0","0","0","0","0","0","0","0","0","0","0","0","0","0","0","0","0","0","0","0","0","0","0","0","0","0","0","0","0","0","0","0","0","0","0","0","0","0","0","0","0","0","0","0","0","0","0","0","0","0","0","0","0","0","0","0","0","0","0","0","0","A","ผ่าน"
"SCH_G3_0164","2563","2020","7. 2563 REP004-IMPROVEMENT 12 - ตารางสรุปรายงานมาตรฐานแต่ละด้าน พร้อมจำนวนข้อที่ต้องปรับปรุง และจำนวนเด็กที่ผ่านเกณฑ์.xls","145","Sheet1","2563|7276081405","สำนักงานตำรวจแห่งชาติ","กองบัญชาการตำรวจตระเวนชายแดน","กองบังคับการตำรวจตระเวนชายแดนภาค 1","กองกำกับการตำรวจตระเวนชายแดนที่ 14","","","","7276081405","รร.ตชด.นเรศวรบ้านห้วยโสก","รร.ตชด.นเรศวรบ้านห้วยโสก","01/01/2528","1985-01-01","parsed","1.2.3","1.2.3","1","1","0","","0","0","0","0","0","0","1","0","0","0","0","0","0","0","0","0","0","0","0","0","0","0","0","0","0","0","0","0","0","0","0","0","0","0","0","0","0","0","0","0","0","0","0","0","0","0","0","0","0","0","0","0","0","0","0","0","0","0","0","0","0","0","0","0","0","0","0","0","0","0","0","0","0","0","0","0","1","B","ผ่าน"
"SCH_G3_0165","2563","2020","7. 2563 REP004-IMPROVEMENT 12 - ตารางสรุปรายงานมาตรฐานแต่ละด้าน พร้อมจำนวนข้อที่ต้องปรับปรุง และจำนวนเด็กที่ผ่านเกณฑ์.xls","146","Sheet1","2563|7276081406","สำนักงานตำรวจแห่งชาติ","กองบัญชาการตำรวจตระเวนชายแดน","กองบังคับการตำรวจตระเวนชายแดนภาค 1","กองกำกับการตำรวจตระเวนชายแดนที่ 14","","","","7276081406","รร.ตชด.บ้านโป่งลึก *","รร.ตชด.บ้านโป่งลึก *","09/04/2564","2021-04-09","parsed","1.2.3","1.2.3","1","1","0","","0","0","0","0","0","0","1","0","0","0","0","0","0","0","0","0","0","0","0","0","0","0","0","0","0","0","0","0","0","0","0","0","0","0","0","0","0","0","0","0","0","0","0","0","0","0","0","0","0","0","0","0","0","0","0","0","0","0","0","0","0","0","0","0","0","0","0","0","0","0","0","0","0","0","0","0","1","B","ผ่าน"
"SCH_G3_0166","2563","2020","7. 2563 REP004-IMPROVEMENT 12 - ตารางสรุปรายงานมาตรฐานแต่ละด้าน พร้อมจำนวนข้อที่ต้องปรับปรุง และจำนวนเด็กที่ผ่านเกณฑ์.xls","147","Sheet1","2563|7276081412","สำนักงานตำรวจแห่งชาติ","กองบัญชาการตำรวจตระเวนชายแดน","กองบังคับการตำรวจตระเวนชายแดนภาค 1","กองกำกับการตำรวจตระเวนชายแดนที่ 14","","","","7276081412","ศกร.ตชด.อินทรีอาสา","ศกร.ตชด.อินทรีอาสา","01/07/2563","2020-07-01","parsed","1.2.3","1.2.3","1","1","0","","0","0","0","0","0","0","1","0","0","0","0","0","0","0","0","0","0","0","0","0","0","0","0","0","0","0","0","0","0","0","0","0","0","0","0","0","0","0","0","0","0","0","0","0","0","0","0","0","0","0","0","0","0","0","0","0","0","0","0","0","0","0","0","0","0","0","0","0","0","0","0","0","0","0","0","0","1","B","ผ่าน"
"SCH_G3_0167","2563","2020","7. 2563 REP004-IMPROVEMENT 12 - ตารางสรุปรายงานมาตรฐานแต่ละด้าน พร้อมจำนวนข้อที่ต้องปรับปรุง และจำนวนเด็กที่ผ่านเกณฑ์.xls","148","Sheet1","2563|7277021403","สำนักงานตำรวจแห่งชาติ","กองบัญชาการตำรวจตระเวนชายแดน","กองบังคับการตำรวจตระเวนชายแดนภาค 1","กองกำกับการตำรวจตระเวนชายแดนที่ 14","","","","7277021403","รร.ตชด.บ้านย่านซื่อ","รร.ตชด.บ้านย่านซื่อ","23/07/2524","1981-07-23","parsed","","","0","0","0","","0","0","0","0","0","0","0","0","0","0","0","0","0","0","0","0","0","0","0","0","0","0","0","0","0","0","0","0","0","0","0","0","0","0","0","0","0","0","0","0","0","0","0","0","0","0","0","0","0","0","0","0","0","0","0","0","0","0","0","0","0","0","0","0","0","0","0","0","0","0","0","0","0","0","0","0","0","A","ผ่าน"
"SCH_G3_0168","2563","2020","7. 2563 REP004-IMPROVEMENT 12 - ตารางสรุปรายงานมาตรฐานแต่ละด้าน พร้อมจำนวนข้อที่ต้องปรับปรุง และจำนวนเด็กที่ผ่านเกณฑ์.xls","149","Sheet1","2563|7277051411","สำนักงานตำรวจแห่งชาติ","กองบัญชาการตำรวจตระเวนชายแดน","กองบังคับการตำรวจตระเวนชายแดนภาค 1","กองกำกับการตำรวจตระเวนชายแดนที่ 14","","","","7277051411","ศกร.ตชด.บ้านคีรีล้อม","ศกร.ตชด.บ้านคีรีล้อม","16/05/2557","2014-05-16","parsed","1.2.3","1.2.3","1","1","0","","0","0","0","0","0","0","1","0","0","0","0","0","0","0","0","0","0","0","0","0","0","0","0","0","0","0","0","0","0","0","0","0","0","0","0","0","0","0","0","0","0","0","0","0","0","0","0","0","0","0","0","0","0","0","0","0","0","0","0","0","0","0","0","0","0","0","0","0","0","0","0","0","0","0","0","0","1","B","ผ่าน"
"SCH_G3_0169","2563","2020","7. 2563 REP004-IMPROVEMENT 12 - ตารางสรุปรายงานมาตรฐานแต่ละด้าน พร้อมจำนวนข้อที่ต้องปรับปรุง และจำนวนเด็กที่ผ่านเกณฑ์.xls","150","Sheet1","2563|7277061401","สำนักงานตำรวจแห่งชาติ","กองบัญชาการตำรวจตระเวนชายแดน","กองบังคับการตำรวจตระเวนชายแดนภาค 1","กองกำกับการตำรวจตระเวนชายแดนที่ 14","","","","7277061401","รร.ตชด.บ้านเขาจ้าว","รร.ตชด.บ้านเขาจ้าว","21/04/2521","1978-04-21","parsed","1.2.3,1.3.8","1.2.3,1.3.8","2","2","0","","0","0","0","0","0","0","1","0","0","0","0","0","0","0","0","1","0","0","0","0","0","0","0","0","0","0","0","0","0","0","0","0","0","0","0","0","0","0","0","0","0","0","0","0","0","0","0","0","0","0","0","0","0","0","0","0","0","0","0","0","0","0","0","0","0","0","0","0","0","0","0","0","0","0","0","0","2","B","ผ่าน"
"SCH_G3_0170","2563","2020","7. 2563 REP004-IMPROVEMENT 12 - ตารางสรุปรายงานมาตรฐานแต่ละด้าน พร้อมจำนวนข้อที่ต้องปรับปรุง และจำนวนเด็กที่ผ่านเกณฑ์.xls","151","Sheet1","2563|7277061407","สำนักงานตำรวจแห่งชาติ","กองบัญชาการตำรวจตระเวนชายแดน","กองบังคับการตำรวจตระเวนชายแดนภาค 1","กองกำกับการตำรวจตระเวนชายแดนที่ 14","","","","7277061407","รร.ตชด.บ้านท่าวังหิน","รร.ตชด.บ้านท่าวังหิน","22/05/2534","1991-05-22","parsed","","","0","0","0","","0","0","0","0","0","0","0","0","0","0","0","0","0","0","0","0","0","0","0","0","0","0","0","0","0","0","0","0","0","0","0","0","0","0","0","0","0","0","0","0","0","0","0","0","0","0","0","0","0","0","0","0","0","0","0","0","0","0","0","0","0","0","0","0","0","0","0","0","0","0","0","0","0","0","0","0","0","A","ผ่าน"
"SCH_G3_0171","2563","2020","7. 2563 REP004-IMPROVEMENT 12 - ตารางสรุปรายงานมาตรฐานแต่ละด้าน พร้อมจำนวนข้อที่ต้องปรับปรุง และจำนวนเด็กที่ผ่านเกณฑ์.xls","152","Sheet1","2563|7277071404","สำนักงานตำรวจแห่งชาติ","กองบัญชาการตำรวจตระเวนชายแดน","กองบังคับการตำรวจตระเวนชายแดนภาค 1","กองกำกับการตำรวจตระเวนชายแดนที่ 14","","","","7277071404","รร.ตชด.นเรศวรป่าละอู","รร.ตชด.นเรศวรป่าละอู","13/10/2525","1982-10-13","parsed","","","0","0","0","","0","0","0","0","0","0","0","0","0","0","0","0","0","0","0","0","0","0","0","0","0","0","0","0","0","0","0","0","0","0","0","0","0","0","0","0","0","0","0","0","0","0","0","0","0","0","0","0","0","0","0","0","0","0","0","0","0","0","0","0","0","0","0","0","0","0","0","0","0","0","0","0","0","0","0","0","0","A","ผ่าน"
"SCH_G3_0172","2563","2020","7. 2563 REP004-IMPROVEMENT 12 - ตารางสรุปรายงานมาตรฐานแต่ละด้าน พร้อมจำนวนข้อที่ต้องปรับปรุง และจำนวนเด็กที่ผ่านเกณฑ์.xls","153","Sheet1","2563|7277071408","สำนักงานตำรวจแห่งชาติ","กองบัญชาการตำรวจตระเวนชายแดน","กองบังคับการตำรวจตระเวนชายแดนภาค 1","กองกำกับการตำรวจตระเวนชายแดนที่ 14","","","","7277071408","รร.ตชด.บ้านแพรกตะคร้อ","รร.ตชด.บ้านแพรกตะคร้อ","06/08/2563","2020-08-06","parsed","","","0","0","0","","0","0","0","0","0","0","0","0","0","0","0","0","0","0","0","0","0","0","0","0","0","0","0","0","0","0","0","0","0","0","0","0","0","0","0","0","0","0","0","0","0","0","0","0","0","0","0","0","0","0","0","0","0","0","0","0","0","0","0","0","0","0","0","0","0","0","0","0","0","0","0","0","0","0","0","0","0","A","ผ่าน"
"SCH_G3_0173","2563","2020","7. 2563 REP004-IMPROVEMENT 12 - ตารางสรุปรายงานมาตรฐานแต่ละด้าน พร้อมจำนวนข้อที่ต้องปรับปรุง และจำนวนเด็กที่ผ่านเกณฑ์.xls","154","Sheet1","2563|7277071409","สำนักงานตำรวจแห่งชาติ","กองบัญชาการตำรวจตระเวนชายแดน","กองบังคับการตำรวจตระเวนชายแดนภาค 1","กองกำกับการตำรวจตระเวนชายแดนที่ 14","","","","7277071409","รร.ตชด.บ้านคลองน้อย","รร.ตชด.บ้านคลองน้อย","26/03/2568","2025-03-26","parsed","","","0","0","0","","0","0","0","0","0","0","0","0","0","0","0","0","0","0","0","0","0","0","0","0","0","0","0","0","0","0","0","0","0","0","0","0","0","0","0","0","0","0","0","0","0","0","0","0","0","0","0","0","0","0","0","0","0","0","0","0","0","0","0","0","0","0","0","0","0","0","0","0","0","0","0","0","0","0","0","0","0","A","ผ่าน"
"SCH_G3_0174","2563","2020","7. 2563 REP004-IMPROVEMENT 12 - ตารางสรุปรายงานมาตรฐานแต่ละด้าน พร้อมจำนวนข้อที่ต้องปรับปรุง และจำนวนเด็กที่ผ่านเกณฑ์.xls","155","Sheet1","2563|7277081410","สำนักงานตำรวจแห่งชาติ","กองบัญชาการตำรวจตระเวนชายแดน","กองบังคับการตำรวจตระเวนชายแดนภาค 1","กองกำกับการตำรวจตระเวนชายแดนที่ 14","","","","7277081410","รร.ตชด.บ้านป่าหมาก","รร.ตชด.บ้านป่าหมาก","01/11/2542","1999-11-01","parsed","1.2.3","1.2.3","1","1","0","","0","0","0","0","0","0","1","0","0","0","0","0","0","0","0","0","0","0","0","0","0","0","0","0","0","0","0","0","0","0","0","0","0","0","0","0","0","0","0","0","0","0","0","0","0","0","0","0","0","0","0","0","0","0","0","0","0","0","0","0","0","0","0","0","0","0","0","0","0","0","0","0","0","0","0","0","1","B","ผ่าน"
"SCH_G3_0175","2563","2020","7. 2563 REP004-IMPROVEMENT 12 - ตารางสรุปรายงานมาตรฐานแต่ละด้าน พร้อมจำนวนข้อที่ต้องปรับปรุง และจำนวนเด็กที่ผ่านเกณฑ์.xls","156","Sheet1","2563|7280074207","สำนักงานตำรวจแห่งชาติ","กองบัญชาการตำรวจตระเวนชายแดน","กองบังคับการตำรวจตระเวนชายแดนภาค 4","กองกำกับการตำรวจตระเวนชายแดนที่ 42","","","","7280074207","ศกร.ตชด.บ้านหลังอ้ายหมี","ศกร.ตชด.บ้านหลังอ้ายหมี","16/05/2557","2014-05-16","parsed","","","0","0","0","","0","0","0","0","0","0","0","0","0","0","0","0","0","0","0","0","0","0","0","0","0","0","0","0","0","0","0","0","0","0","0","0","0","0","0","0","0","0","0","0","0","0","0","0","0","0","0","0","0","0","0","0","0","0","0","0","0","0","0","0","0","0","0","0","0","0","0","0","0","0","0","0","0","0","0","0","0","A","ผ่าน"
"SCH_G3_0176","2563","2020","7. 2563 REP004-IMPROVEMENT 12 - ตารางสรุปรายงานมาตรฐานแต่ละด้าน พร้อมจำนวนข้อที่ต้องปรับปรุง และจำนวนเด็กที่ผ่านเกณฑ์.xls","157","Sheet1","2563|7280084205","สำนักงานตำรวจแห่งชาติ","กองบัญชาการตำรวจตระเวนชายแดน","กองบังคับการตำรวจตระเวนชายแดนภาค 4","กองกำกับการตำรวจตระเวนชายแดนที่ 42","","","","7280084205","ศกร.ตชด.บ้านห้วยตง","ศกร.ตชด.บ้านห้วยตง","16/05/2557","2014-05-16","parsed","2.1.3,2.1.5,3.6.1ข","2.1.3,2.1.5,3.6.1ข","3","3","0","","0","0","0","0","0","0","0","0","0","0","0","0","0","0","0","0","0","0","0","0","0","0","0","0","0","0","0","0","0","1","0","1","0","0","0","0","0","0","0","0","0","0","0","0","0","0","0","0","0","0","0","0","0","0","0","0","0","0","0","0","0","0","0","0","0","0","0","0","1","0","0","0","0","0","0","0","3","B","ผ่าน"
"SCH_G3_0178","2563","2020","7. 2563 REP004-IMPROVEMENT 12 - ตารางสรุปรายงานมาตรฐานแต่ละด้าน พร้อมจำนวนข้อที่ต้องปรับปรุง และจำนวนเด็กที่ผ่านเกณฑ์.xls","158","Sheet1","2563|7281044206","สำนักงานตำรวจแห่งชาติ","กองบัญชาการตำรวจตระเวนชายแดน","กองบังคับการตำรวจตระเวนชายแดนภาค 4","กองกำกับการตำรวจตระเวนชายแดนที่ 42","","","","7281044206","ศกร.ตชด.บ้านแผ่นดินเสมอ","ศกร.ตชด.บ้านแผ่นดินเสมอ","16/05/2557","2014-05-16","parsed","1.2.3","1.2.3","1","1","0","","0","0","0","0","0","0","1","0","0","0","0","0","0","0","0","0","0","0","0","0","0","0","0","0","0","0","0","0","0","0","0","0","0","0","0","0","0","0","0","0","0","0","0","0","0","0","0","0","0","0","0","0","0","0","0","0","0","0","0","0","0","0","0","0","0","0","0","0","0","0","0","0","0","0","0","0","1","B","ผ่าน"
"SCH_G3_0179","2563","2020","7. 2563 REP004-IMPROVEMENT 12 - ตารางสรุปรายงานมาตรฐานแต่ละด้าน พร้อมจำนวนข้อที่ต้องปรับปรุง และจำนวนเด็กที่ผ่านเกณฑ์.xls","159","Sheet1","2563|7282194103","สำนักงานตำรวจแห่งชาติ","กองบัญชาการตำรวจตระเวนชายแดน","กองบังคับการตำรวจตระเวนชายแดนภาค 4","กองกำกับการตำรวจตระเวนชายแดนที่ 41","","","","7282194103","รร.ตชด.บ้านคลองวาย","รร.ตชด.บ้านคลองวาย","09/05/2531","1988-05-09","parsed","","","0","0","0","","0","0","0","0","0","0","0","0","0","0","0","0","0","0","0","0","0","0","0","0","0","0","0","0","0","0","0","0","0","0","0","0","0","0","0","0","0","0","0","0","0","0","0","0","0","0","0","0","0","0","0","0","0","0","0","0","0","0","0","0","0","0","0","0","0","0","0","0","0","0","0","0","0","0","0","0","0","A","ผ่าน"
"SCH_G3_0180","2563","2020","7. 2563 REP004-IMPROVEMENT 12 - ตารางสรุปรายงานมาตรฐานแต่ละด้าน พร้อมจำนวนข้อที่ต้องปรับปรุง และจำนวนเด็กที่ผ่านเกณฑ์.xls","160","Sheet1","2563|7284064111","สำนักงานตำรวจแห่งชาติ","กองบัญชาการตำรวจตระเวนชายแดน","กองบังคับการตำรวจตระเวนชายแดนภาค 4","กองกำกับการตำรวจตระเวนชายแดนที่ 41","","","","7284064111","รร.ตชด.บ้านยางโพรง","รร.ตชด.บ้านยางโพรง","","","missing","","","0","0","0","","0","0","0","0","0","0","0","0","0","0","0","0","0","0","0","0","0","0","0","0","0","0","0","0","0","0","0","0","0","0","0","0","0","0","0","0","0","0","0","0","0","0","0","0","0","0","0","0","0","0","0","0","0","0","0","0","0","0","0","0","0","0","0","0","0","0","0","0","0","0","0","0","0","0","0","0","0","A","ผ่าน"
"SCH_G3_0181","2563","2020","7. 2563 REP004-IMPROVEMENT 12 - ตารางสรุปรายงานมาตรฐานแต่ละด้าน พร้อมจำนวนข้อที่ต้องปรับปรุง และจำนวนเด็กที่ผ่านเกณฑ์.xls","161","Sheet1","2563|7284074110","สำนักงานตำรวจแห่งชาติ","กองบัญชาการตำรวจตระเวนชายแดน","กองบังคับการตำรวจตระเวนชายแดนภาค 4","กองกำกับการตำรวจตระเวนชายแดนที่ 41","","","","7284074110","รร.ตชด.บ้านกอเตย","รร.ตชด.บ้านกอเตย","16/05/2540","1997-05-16","parsed","","","0","0","0","","0","0","0","0","0","0","0","0","0","0","0","0","0","0","0","0","0","0","0","0","0","0","0","0","0","0","0","0","0","0","0","0","0","0","0","0","0","0","0","0","0","0","0","0","0","0","0","0","0","0","0","0","0","0","0","0","0","0","0","0","0","0","0","0","0","0","0","0","0","0","0","0","0","0","0","0","0","A","ผ่าน"
"SCH_G3_0182","2563","2020","7. 2563 REP004-IMPROVEMENT 12 - ตารางสรุปรายงานมาตรฐานแต่ละด้าน พร้อมจำนวนข้อที่ต้องปรับปรุง และจำนวนเด็กที่ผ่านเกณฑ์.xls","162","Sheet1","2563|7284164101","สำนักงานตำรวจแห่งชาติ","กองบัญชาการตำรวจตระเวนชายแดน","กองบังคับการตำรวจตระเวนชายแดนภาค 4","กองกำกับการตำรวจตระเวนชายแดนที่ 41","","","","7284164101","รร.ตชด.เทคนิคมีนบุรีอนุสรณ์ 1","รร.ตชด.เทคนิคมีนบุรีอนุสรณ์ 1","06/07/2530","1987-07-06","parsed","","","0","0","0","","0","0","0","0","0","0","0","0","0","0","0","0","0","0","0","0","0","0","0","0","0","0","0","0","0","0","0","0","0","0","0","0","0","0","0","0","0","0","0","0","0","0","0","0","0","0","0","0","0","0","0","0","0","0","0","0","0","0","0","0","0","0","0","0","0","0","0","0","0","0","0","0","0","0","0","0","0","A","ผ่าน"
"SCH_G3_0183","2563","2020","7. 2563 REP004-IMPROVEMENT 12 - ตารางสรุปรายงานมาตรฐานแต่ละด้าน พร้อมจำนวนข้อที่ต้องปรับปรุง และจำนวนเด็กที่ผ่านเกณฑ์.xls","163","Sheet1","2563|7284164109","สำนักงานตำรวจแห่งชาติ","กองบัญชาการตำรวจตระเวนชายแดน","กองบังคับการตำรวจตระเวนชายแดนภาค 4","กองกำกับการตำรวจตระเวนชายแดนที่ 41","","","","7284164109","รร.ตชด.บ้านควนสามัคคี","รร.ตชด.บ้านควนสามัคคี","01/07/2563","2020-07-01","parsed","1.3.3,3.5.2ข","1.3.3,3.5.2ข","2","2","0","","0","0","0","0","0","0","0","0","0","0","1","0","0","0","0","0","0","0","0","0","0","0","0","0","0","0","0","0","0","0","0","0","0","0","0","0","0","0","0","0","0","0","0","0","0","0","0","0","0","0","0","0","0","0","0","0","0","0","0","0","0","0","0","0","1","0","0","0","0","0","0","0","0","0","0","0","2","B","ผ่าน"
"SCH_G3_0184","2563","2020","7. 2563 REP004-IMPROVEMENT 12 - ตารางสรุปรายงานมาตรฐานแต่ละด้าน พร้อมจำนวนข้อที่ต้องปรับปรุง และจำนวนเด็กที่ผ่านเกณฑ์.xls","164","Sheet1","2563|7286024102","สำนักงานตำรวจแห่งชาติ","กองบัญชาการตำรวจตระเวนชายแดน","กองบังคับการตำรวจตระเวนชายแดนภาค 4","กองกำกับการตำรวจตระเวนชายแดนที่ 41","","","","7286024102","รร.ตชด.สันตินิมิตร","รร.ตชด.สันตินิมิตร","15/07/2546","2003-07-15","parsed","","","0","0","0","","0","0","0","0","0","0","0","0","0","0","0","0","0","0","0","0","0","0","0","0","0","0","0","0","0","0","0","0","0","0","0","0","0","0","0","0","0","0","0","0","0","0","0","0","0","0","0","0","0","0","0","0","0","0","0","0","0","0","0","0","0","0","0","0","0","0","0","0","0","0","0","0","0","0","0","0","0","A","ผ่าน"
"SCH_G3_0185","2563","2020","7. 2563 REP004-IMPROVEMENT 12 - ตารางสรุปรายงานมาตรฐานแต่ละด้าน พร้อมจำนวนข้อที่ต้องปรับปรุง และจำนวนเด็กที่ผ่านเกณฑ์.xls","165","Sheet1","2563|7286024107","สำนักงานตำรวจแห่งชาติ","กองบัญชาการตำรวจตระเวนชายแดน","กองบังคับการตำรวจตระเวนชายแดนภาค 4","กองกำกับการตำรวจตระเวนชายแดนที่ 41","","","","7286024107","รร.ตชด.บ้านพันวาล","รร.ตชด.บ้านพันวาล","17/05/2564","2021-05-17","parsed","1.2.3","1.2.3","1","1","0","","0","0","0","0","0","0","1","0","0","0","0","0","0","0","0","0","0","0","0","0","0","0","0","0","0","0","0","0","0","0","0","0","0","0","0","0","0","0","0","0","0","0","0","0","0","0","0","0","0","0","0","0","0","0","0","0","0","0","0","0","0","0","0","0","0","0","0","0","0","0","0","0","0","0","0","0","1","B","ผ่าน"
"SCH_G3_0186","2563","2020","7. 2563 REP004-IMPROVEMENT 12 - ตารางสรุปรายงานมาตรฐานแต่ละด้าน พร้อมจำนวนข้อที่ต้องปรับปรุง และจำนวนเด็กที่ผ่านเกณฑ์.xls","166","Sheet1","2563|7286044106","สำนักงานตำรวจแห่งชาติ","กองบัญชาการตำรวจตระเวนชายแดน","กองบังคับการตำรวจตระเวนชายแดนภาค 4","กองกำกับการตำรวจตระเวนชายแดนที่ 41","","","","7286044106","รร.ตชด.บ้านห้วยเหมือง","รร.ตชด.บ้านห้วยเหมือง","15/07/2531","1988-07-15","parsed","3.1.3ข","3.1.3ข","1","1","0","","0","0","0","0","0","0","0","0","0","0","0","0","0","0","0","0","0","0","0","0","0","0","0","0","0","0","0","0","0","0","0","0","0","0","0","0","0","0","0","0","0","0","0","0","0","0","0","0","0","0","0","0","0","0","0","0","1","0","0","0","0","0","0","0","0","0","0","0","0","0","0","0","0","0","0","0","1","B","ผ่าน"
"SCH_G3_0187","2563","2020","7. 2563 REP004-IMPROVEMENT 12 - ตารางสรุปรายงานมาตรฐานแต่ละด้าน พร้อมจำนวนข้อที่ต้องปรับปรุง และจำนวนเด็กที่ผ่านเกณฑ์.xls","167","Sheet1","2563|7286054105","สำนักงานตำรวจแห่งชาติ","กองบัญชาการตำรวจตระเวนชายแดน","กองบังคับการตำรวจตระเวนชายแดนภาค 4","กองกำกับการตำรวจตระเวนชายแดนที่ 41","","","","7286054105","รร.ตชด.สิริราษฎร์","รร.ตชด.สิริราษฎร์","01/02/2531","1988-02-01","parsed","","","0","0","0","","0","0","0","0","0","0","0","0","0","0","0","0","0","0","0","0","0","0","0","0","0","0","0","0","0","0","0","0","0","0","0","0","0","0","0","0","0","0","0","0","0","0","0","0","0","0","0","0","0","0","0","0","0","0","0","0","0","0","0","0","0","0","0","0","0","0","0","0","0","0","0","0","0","0","0","0","0","A","ผ่าน"
"SCH_G3_0188","2563","2020","7. 2563 REP004-IMPROVEMENT 12 - ตารางสรุปรายงานมาตรฐานแต่ละด้าน พร้อมจำนวนข้อที่ต้องปรับปรุง และจำนวนเด็กที่ผ่านเกณฑ์.xls","168","Sheet1","2563|7286054108","สำนักงานตำรวจแห่งชาติ","กองบัญชาการตำรวจตระเวนชายแดน","กองบังคับการตำรวจตระเวนชายแดนภาค 4","กองกำกับการตำรวจตระเวนชายแดนที่ 41","","","","7286054108","รร.ตชด.บ้านสวนเพชร","รร.ตชด.บ้านสวนเพชร","13/05/2532","1989-05-13","parsed","1.3.3","1.3.3","1","1","0","","0","0","0","0","0","0","0","0","0","0","1","0","0","0","0","0","0","0","0","0","0","0","0","0","0","0","0","0","0","0","0","0","0","0","0","0","0","0","0","0","0","0","0","0","0","0","0","0","0","0","0","0","0","0","0","0","0","0","0","0","0","0","0","0","0","0","0","0","0","0","0","0","0","0","0","0","1","B","ผ่าน"
"SCH_G3_0189","2563","2020","7. 2563 REP004-IMPROVEMENT 12 - ตารางสรุปรายงานมาตรฐานแต่ละด้าน พร้อมจำนวนข้อที่ต้องปรับปรุง และจำนวนเด็กที่ผ่านเกณฑ์.xls","169","Sheet1","2563|7286064112","สำนักงานตำรวจแห่งชาติ","กองบัญชาการตำรวจตระเวนชายแดน","กองบังคับการตำรวจตระเวนชายแดนภาค 4","กองกำกับการตำรวจตระเวนชายแดนที่ 41","","","","7286064112","รร.ตชด.บ้านตะแบกงาม (ตันตระเธียรอุปถัมป์)","รร.ตชด.บ้านตะแบกงาม (ตันตระเธียรอุปถัมป์)","14/03/2565","2022-03-14","parsed","","","0","0","0","","0","0","0","0","0","0","0","0","0","0","0","0","0","0","0","0","0","0","0","0","0","0","0","0","0","0","0","0","0","0","0","0","0","0","0","0","0","0","0","0","0","0","0","0","0","0","0","0","0","0","0","0","0","0","0","0","0","0","0","0","0","0","0","0","0","0","0","0","0","0","0","0","0","0","0","0","0","A","ผ่าน"
"SCH_G3_0190","2563","2020","7. 2563 REP004-IMPROVEMENT 12 - ตารางสรุปรายงานมาตรฐานแต่ละด้าน พร้อมจำนวนข้อที่ต้องปรับปรุง และจำนวนเด็กที่ผ่านเกณฑ์.xls","170","Sheet1","2563|7290044303","สำนักงานตำรวจแห่งชาติ","กองบัญชาการตำรวจตระเวนชายแดน","กองบังคับการตำรวจตระเวนชายแดนภาค 4","กองกำกับการตำรวจตระเวนชายแดนที่ 43","","","","7290044303","รร.ตชด.เชิญ  พิศลยบุตร","รร.ตชด.เชิญ  พิศลยบุตร","20/02/2568","2025-02-20","parsed","","","0","0","0","","0","0","0","0","0","0","0","0","0","0","0","0","0","0","0","0","0","0","0","0","0","0","0","0","0","0","0","0","0","0","0","0","0","0","0","0","0","0","0","0","0","0","0","0","0","0","0","0","0","0","0","0","0","0","0","0","0","0","0","0","0","0","0","0","0","0","0","0","0","0","0","0","0","0","0","0","0","A","ผ่าน"
"SCH_G3_0191","2563","2020","7. 2563 REP004-IMPROVEMENT 12 - ตารางสรุปรายงานมาตรฐานแต่ละด้าน พร้อมจำนวนข้อที่ต้องปรับปรุง และจำนวนเด็กที่ผ่านเกณฑ์.xls","171","Sheet1","2563|7290044310","สำนักงานตำรวจแห่งชาติ","กองบัญชาการตำรวจตระเวนชายแดน","กองบังคับการตำรวจตระเวนชายแดนภาค 4","กองกำกับการตำรวจตระเวนชายแดนที่ 43","","","","7290044310","รร.ตชด.บ้านประกอบออก","รร.ตชด.บ้านประกอบออก","29/06/2529","1986-06-29","parsed","","","0","0","0","","0","0","0","0","0","0","0","0","0","0","0","0","0","0","0","0","0","0","0","0","0","0","0","0","0","0","0","0","0","0","0","0","0","0","0","0","0","0","0","0","0","0","0","0","0","0","0","0","0","0","0","0","0","0","0","0","0","0","0","0","0","0","0","0","0","0","0","0","0","0","0","0","0","0","0","0","0","A","ผ่าน"
"SCH_G3_0192","2563","2020","7. 2563 REP004-IMPROVEMENT 12 - ตารางสรุปรายงานมาตรฐานแต่ละด้าน พร้อมจำนวนข้อที่ต้องปรับปรุง และจำนวนเด็กที่ผ่านเกณฑ์.xls","172","Sheet1","2563|7290064302","สำนักงานตำรวจแห่งชาติ","กองบัญชาการตำรวจตระเวนชายแดน","กองบังคับการตำรวจตระเวนชายแดนภาค 4","กองกำกับการตำรวจตระเวนชายแดนที่ 43","","","","7290064302","รร.ตชด.มหาราช 1","รร.ตชด.มหาราช 1","16/05/2566","2023-05-16","parsed","","","0","0","0","","0","0","0","0","0","0","0","0","0","0","0","0","0","0","0","0","0","0","0","0","0","0","0","0","0","0","0","0","0","0","0","0","0","0","0","0","0","0","0","0","0","0","0","0","0","0","0","0","0","0","0","0","0","0","0","0","0","0","0","0","0","0","0","0","0","0","0","0","0","0","0","0","0","0","0","0","0","A","ผ่าน"
"SCH_G3_0193","2563","2020","7. 2563 REP004-IMPROVEMENT 12 - ตารางสรุปรายงานมาตรฐานแต่ละด้าน พร้อมจำนวนข้อที่ต้องปรับปรุง และจำนวนเด็กที่ผ่านเกณฑ์.xls","173","Sheet1","2563|7290064304","สำนักงานตำรวจแห่งชาติ","กองบัญชาการตำรวจตระเวนชายแดน","กองบังคับการตำรวจตระเวนชายแดนภาค 4","กองกำกับการตำรวจตระเวนชายแดนที่ 43","","","","7290064304","รร.ตชด.บ้านสำนักเอาะ","รร.ตชด.บ้านสำนักเอาะ","18/06/2518","1975-06-18","parsed","","","0","0","0","","0","0","0","0","0","0","0","0","0","0","0","0","0","0","0","0","0","0","0","0","0","0","0","0","0","0","0","0","0","0","0","0","0","0","0","0","0","0","0","0","0","0","0","0","0","0","0","0","0","0","0","0","0","0","0","0","0","0","0","0","0","0","0","0","0","0","0","0","0","0","0","0","0","0","0","0","0","A","ผ่าน"
"SCH_G3_0194","2563","2020","7. 2563 REP004-IMPROVEMENT 12 - ตารางสรุปรายงานมาตรฐานแต่ละด้าน พร้อมจำนวนข้อที่ต้องปรับปรุง และจำนวนเด็กที่ผ่านเกณฑ์.xls","174","Sheet1","2563|7290064308","สำนักงานตำรวจแห่งชาติ","กองบัญชาการตำรวจตระเวนชายแดน","กองบังคับการตำรวจตระเวนชายแดนภาค 4","กองกำกับการตำรวจตระเวนชายแดนที่ 43","","","","7290064308","รร.ตชด.บ้านหาดทราย","รร.ตชด.บ้านหาดทราย","26/05/2526","1983-05-26","parsed","","","0","0","0","","0","0","0","0","0","0","0","0","0","0","0","0","0","0","0","0","0","0","0","0","0","0","0","0","0","0","0","0","0","0","0","0","0","0","0","0","0","0","0","0","0","0","0","0","0","0","0","0","0","0","0","0","0","0","0","0","0","0","0","0","0","0","0","0","0","0","0","0","0","0","0","0","0","0","0","0","0","A","ผ่าน"
"SCH_G3_0195","2563","2020","7. 2563 REP004-IMPROVEMENT 12 - ตารางสรุปรายงานมาตรฐานแต่ละด้าน พร้อมจำนวนข้อที่ต้องปรับปรุง และจำนวนเด็กที่ผ่านเกณฑ์.xls","175","Sheet1","2563|7290104301","สำนักงานตำรวจแห่งชาติ","กองบัญชาการตำรวจตระเวนชายแดน","กองบังคับการตำรวจตระเวนชายแดนภาค 4","กองกำกับการตำรวจตระเวนชายแดนที่ 43","","","","7290104301","รร.ตชด.สื่อมวลชนกีฬา","รร.ตชด.สื่อมวลชนกีฬา","12/10/2502","1959-10-12","parsed","","","0","0","0","","0","0","0","0","0","0","0","0","0","0","0","0","0","0","0","0","0","0","0","0","0","0","0","0","0","0","0","0","0","0","0","0","0","0","0","0","0","0","0","0","0","0","0","0","0","0","0","0","0","0","0","0","0","0","0","0","0","0","0","0","0","0","0","0","0","0","0","0","0","0","0","0","0","0","0","0","0","A","ผ่าน"
"SCH_G3_0196","2563","2020","7. 2563 REP004-IMPROVEMENT 12 - ตารางสรุปรายงานมาตรฐานแต่ละด้าน พร้อมจำนวนข้อที่ต้องปรับปรุง และจำนวนเด็กที่ผ่านเกณฑ์.xls","176","Sheet1","2563|7290104305","สำนักงานตำรวจแห่งชาติ","กองบัญชาการตำรวจตระเวนชายแดน","กองบังคับการตำรวจตระเวนชายแดนภาค 4","กองกำกับการตำรวจตระเวนชายแดนที่ 43","","","","7290104305","รร.ตชด.บ้านชายควน","รร.ตชด.บ้านชายควน","","","missing","","","0","0","0","","0","0","0","0","0","0","0","0","0","0","0","0","0","0","0","0","0","0","0","0","0","0","0","0","0","0","0","0","0","0","0","0","0","0","0","0","0","0","0","0","0","0","0","0","0","0","0","0","0","0","0","0","0","0","0","0","0","0","0","0","0","0","0","0","0","0","0","0","0","0","0","0","0","0","0","0","0","A","ผ่าน"
"SCH_G3_0197","2563","2020","7. 2563 REP004-IMPROVEMENT 12 - ตารางสรุปรายงานมาตรฐานแต่ละด้าน พร้อมจำนวนข้อที่ต้องปรับปรุง และจำนวนเด็กที่ผ่านเกณฑ์.xls","177","Sheet1","2563|7290104307","สำนักงานตำรวจแห่งชาติ","กองบัญชาการตำรวจตระเวนชายแดน","กองบังคับการตำรวจตระเวนชายแดนภาค 4","กองกำกับการตำรวจตระเวนชายแดนที่ 43","","","","7290104307","โรงเรียน ตชด.พลตำรวจเอกสมศักดิ์ แขวงโสภา(บ้านทุ่งสบายใจ)","โรงเรียน ตชด.พลตำรวจเอกสมศักดิ์ แขวงโสภา(บ้านทุ่งสบายใจ)","25/03/2568","2025-03-25","parsed","","","0","0","0","","0","0","0","0","0","0","0","0","0","0","0","0","0","0","0","0","0","0","0","0","0","0","0","0","0","0","0","0","0","0","0","0","0","0","0","0","0","0","0","0","0","0","0","0","0","0","0","0","0","0","0","0","0","0","0","0","0","0","0","0","0","0","0","0","0","0","0","0","0","0","0","0","0","0","0","0","0","A","ผ่าน"
"SCH_G3_0198","2563","2020","7. 2563 REP004-IMPROVEMENT 12 - ตารางสรุปรายงานมาตรฐานแต่ละด้าน พร้อมจำนวนข้อที่ต้องปรับปรุง และจำนวนเด็กที่ผ่านเกณฑ์.xls","178","Sheet1","2563|7290104315","สำนักงานตำรวจแห่งชาติ","กองบัญชาการตำรวจตระเวนชายแดน","กองบังคับการตำรวจตระเวนชายแดนภาค 4","กองกำกับการตำรวจตระเวนชายแดนที่ 43","","","","7290104315","รร.ตชด.บ้านบาโรย","รร.ตชด.บ้านบาโรย","09/11/2541","1998-11-09","parsed","","","0","0","0","","0","0","0","0","0","0","0","0","0","0","0","0","0","0","0","0","0","0","0","0","0","0","0","0","0","0","0","0","0","0","0","0","0","0","0","0","0","0","0","0","0","0","0","0","0","0","0","0","0","0","0","0","0","0","0","0","0","0","0","0","0","0","0","0","0","0","0","0","0","0","0","0","0","0","0","0","0","A","ผ่าน"
"SCH_G3_0199","2563","2020","7. 2563 REP004-IMPROVEMENT 12 - ตารางสรุปรายงานมาตรฐานแต่ละด้าน พร้อมจำนวนข้อที่ต้องปรับปรุง และจำนวนเด็กที่ผ่านเกณฑ์.xls","179","Sheet1","2563|7290104316","สำนักงานตำรวจแห่งชาติ","กองบัญชาการตำรวจตระเวนชายแดน","กองบังคับการตำรวจตระเวนชายแดนภาค 4","กองกำกับการตำรวจตระเวนชายแดนที่ 43","","","","7290104316","รร.ตชด.พลเอกนวล-คุณหญิงบานชื่น จันทร์ตรี","รร.ตชด.พลเอกนวล-คุณหญิงบานชื่น จันทร์ตรี","17/05/2553","2010-05-17","parsed","","","0","0","0","","0","0","0","0","0","0","0","0","0","0","0","0","0","0","0","0","0","0","0","0","0","0","0","0","0","0","0","0","0","0","0","0","0","0","0","0","0","0","0","0","0","0","0","0","0","0","0","0","0","0","0","0","0","0","0","0","0","0","0","0","0","0","0","0","0","0","0","0","0","0","0","0","0","0","0","0","0","A","ผ่าน"
"SCH_G3_0200","2563","2020","7. 2563 REP004-IMPROVEMENT 12 - ตารางสรุปรายงานมาตรฐานแต่ละด้าน พร้อมจำนวนข้อที่ต้องปรับปรุง และจำนวนเด็กที่ผ่านเกณฑ์.xls","180","Sheet1","2563|7291034311","สำนักงานตำรวจแห่งชาติ","กองบัญชาการตำรวจตระเวนชายแดน","กองบังคับการตำรวจตระเวนชายแดนภาค 4","กองกำกับการตำรวจตระเวนชายแดนที่ 43","","","","7291034311","รร.ตชด.ยูงทองรัฐประชาสรรค์","รร.ตชด.ยูงทองรัฐประชาสรรค์","16/05/2568","2025-05-16","parsed","","","0","0","0","","0","0","0","0","0","0","0","0","0","0","0","0","0","0","0","0","0","0","0","0","0","0","0","0","0","0","0","0","0","0","0","0","0","0","0","0","0","0","0","0","0","0","0","0","0","0","0","0","0","0","0","0","0","0","0","0","0","0","0","0","0","0","0","0","0","0","0","0","0","0","0","0","0","0","0","0","0","A","ผ่าน"
"SCH_G3_0201","2563","2020","7. 2563 REP004-IMPROVEMENT 12 - ตารางสรุปรายงานมาตรฐานแต่ละด้าน พร้อมจำนวนข้อที่ต้องปรับปรุง และจำนวนเด็กที่ผ่านเกณฑ์.xls","181","Sheet1","2563|7291034314","สำนักงานตำรวจแห่งชาติ","กองบัญชาการตำรวจตระเวนชายแดน","กองบังคับการตำรวจตระเวนชายแดนภาค 4","กองกำกับการตำรวจตระเวนชายแดนที่ 43","","","","7291034314","รร.ตชด.บ้านส้านแดง","รร.ตชด.บ้านส้านแดง","","","missing","","","0","0","0","","0","0","0","0","0","0","0","0","0","0","0","0","0","0","0","0","0","0","0","0","0","0","0","0","0","0","0","0","0","0","0","0","0","0","0","0","0","0","0","0","0","0","0","0","0","0","0","0","0","0","0","0","0","0","0","0","0","0","0","0","0","0","0","0","0","0","0","0","0","0","0","0","0","0","0","0","0","A","ผ่าน"
"SCH_G3_0202","2563","2020","7. 2563 REP004-IMPROVEMENT 12 - ตารางสรุปรายงานมาตรฐานแต่ละด้าน พร้อมจำนวนข้อที่ต้องปรับปรุง และจำนวนเด็กที่ผ่านเกณฑ์.xls","182","Sheet1","2563|7292044309","สำนักงานตำรวจแห่งชาติ","กองบัญชาการตำรวจตระเวนชายแดน","กองบังคับการตำรวจตระเวนชายแดนภาค 4","กองกำกับการตำรวจตระเวนชายแดนที่ 43","","","","7292044309","รร.ตชด.สันติราษฎร์ประชาบำรุง","รร.ตชด.สันติราษฎร์ประชาบำรุง","14/06/2528","1985-06-14","parsed","","","0","0","0","","0","0","0","0","0","0","0","0","0","0","0","0","0","0","0","0","0","0","0","0","0","0","0","0","0","0","0","0","0","0","0","0","0","0","0","0","0","0","0","0","0","0","0","0","0","0","0","0","0","0","0","0","0","0","0","0","0","0","0","0","0","0","0","0","0","0","0","0","0","0","0","0","0","0","0","0","0","A","ผ่าน"
"SCH_G3_0203","2563","2020","7. 2563 REP004-IMPROVEMENT 12 - ตารางสรุปรายงานมาตรฐานแต่ละด้าน พร้อมจำนวนข้อที่ต้องปรับปรุง และจำนวนเด็กที่ผ่านเกณฑ์.xls","183","Sheet1","2563|7292044312","สำนักงานตำรวจแห่งชาติ","กองบัญชาการตำรวจตระเวนชายแดน","กองบังคับการตำรวจตระเวนชายแดนภาค 4","กองกำกับการตำรวจตระเวนชายแดนที่ 43","","","","7292044312","รร.ตชด.บ้านหินจอก","รร.ตชด.บ้านหินจอก","05/05/2531","1988-05-05","parsed","","","0","0","0","","0","0","0","0","0","0","0","0","0","0","0","0","0","0","0","0","0","0","0","0","0","0","0","0","0","0","0","0","0","0","0","0","0","0","0","0","0","0","0","0","0","0","0","0","0","0","0","0","0","0","0","0","0","0","0","0","0","0","0","0","0","0","0","0","0","0","0","0","0","0","0","0","0","0","0","0","0","A","ผ่าน"
"SCH_G3_0204","2563","2020","7. 2563 REP004-IMPROVEMENT 12 - ตารางสรุปรายงานมาตรฐานแต่ละด้าน พร้อมจำนวนข้อที่ต้องปรับปรุง และจำนวนเด็กที่ผ่านเกณฑ์.xls","184","Sheet1","2563|7293104313","สำนักงานตำรวจแห่งชาติ","กองบัญชาการตำรวจตระเวนชายแดน","กองบังคับการตำรวจตระเวนชายแดนภาค 4","กองกำกับการตำรวจตระเวนชายแดนที่ 43","","","","7293104313","รร.ตชด.บ้านควนตะแบก","รร.ตชด.บ้านควนตะแบก","14/02/2533","1990-02-14","parsed","1.2.3","1.2.3","1","1","0","","0","0","0","0","0","0","1","0","0","0","0","0","0","0","0","0","0","0","0","0","0","0","0","0","0","0","0","0","0","0","0","0","0","0","0","0","0","0","0","0","0","0","0","0","0","0","0","0","0","0","0","0","0","0","0","0","0","0","0","0","0","0","0","0","0","0","0","0","0","0","0","0","0","0","0","0","1","B","ผ่าน"
"SCH_G3_0205","2563","2020","7. 2563 REP004-IMPROVEMENT 12 - ตารางสรุปรายงานมาตรฐานแต่ละด้าน พร้อมจำนวนข้อที่ต้องปรับปรุง และจำนวนเด็กที่ผ่านเกณฑ์.xls","185","Sheet1","2563|7294054410","สำนักงานตำรวจแห่งชาติ","กองบัญชาการตำรวจตระเวนชายแดน","กองบังคับการตำรวจตระเวนชายแดนภาค 4","กองกำกับการตำรวจตระเวนชายแดนที่ 44","","","","7294054410","รร.ตชด.พีระยานุเคราะห์ฯ 4","รร.ตชด.พีระยานุเคราะห์ฯ 4","28/09/2538","1995-09-28","parsed","","","0","0","0","","0","0","0","0","0","0","0","0","0","0","0","0","0","0","0","0","0","0","0","0","0","0","0","0","0","0","0","0","0","0","0","0","0","0","0","0","0","0","0","0","0","0","0","0","0","0","0","0","0","0","0","0","0","0","0","0","0","0","0","0","0","0","0","0","0","0","0","0","0","0","0","0","0","0","0","0","0","A","ผ่าน"
"SCH_G3_0206","2563","2020","7. 2563 REP004-IMPROVEMENT 12 - ตารางสรุปรายงานมาตรฐานแต่ละด้าน พร้อมจำนวนข้อที่ต้องปรับปรุง และจำนวนเด็กที่ผ่านเกณฑ์.xls","186","Sheet1","2563|7295014412","สำนักงานตำรวจแห่งชาติ","กองบัญชาการตำรวจตระเวนชายแดน","กองบังคับการตำรวจตระเวนชายแดนภาค 4","กองกำกับการตำรวจตระเวนชายแดนที่ 44","","","","7295014412","รร.ตชด.เฉลิมพระเกียรติ 50 พรรษาฯ","รร.ตชด.เฉลิมพระเกียรติ 50 พรรษาฯ","14/06/2564","2021-06-14","parsed","1.2.3","1.2.3","1","1","0","","0","0","0","0","0","0","1","0","0","0","0","0","0","0","0","0","0","0","0","0","0","0","0","0","0","0","0","0","0","0","0","0","0","0","0","0","0","0","0","0","0","0","0","0","0","0","0","0","0","0","0","0","0","0","0","0","0","0","0","0","0","0","0","0","0","0","0","0","0","0","0","0","0","0","0","0","1","B","ผ่าน"
"SCH_G3_0207","2563","2020","7. 2563 REP004-IMPROVEMENT 12 - ตารางสรุปรายงานมาตรฐานแต่ละด้าน พร้อมจำนวนข้อที่ต้องปรับปรุง และจำนวนเด็กที่ผ่านเกณฑ์.xls","187","Sheet1","2563|7295034413","สำนักงานตำรวจแห่งชาติ","กองบัญชาการตำรวจตระเวนชายแดน","กองบังคับการตำรวจตระเวนชายแดนภาค 4","กองกำกับการตำรวจตระเวนชายแดนที่ 44","","","","7295034413","ศกร.ตชด.บ้านภักดี","ศกร.ตชด.บ้านภักดี","18/05/2558","2015-05-18","parsed","1.2.3","1.2.3","1","1","0","","0","0","0","0","0","0","1","0","0","0","0","0","0","0","0","0","0","0","0","0","0","0","0","0","0","0","0","0","0","0","0","0","0","0","0","0","0","0","0","0","0","0","0","0","0","0","0","0","0","0","0","0","0","0","0","0","0","0","0","0","0","0","0","0","0","0","0","0","0","0","0","0","0","0","0","0","1","B","ผ่าน"
"SCH_G3_0208","2563","2020","7. 2563 REP004-IMPROVEMENT 12 - ตารางสรุปรายงานมาตรฐานแต่ละด้าน พร้อมจำนวนข้อที่ต้องปรับปรุง และจำนวนเด็กที่ผ่านเกณฑ์.xls","188","Sheet1","2563|7295044401","สำนักงานตำรวจแห่งชาติ","กองบัญชาการตำรวจตระเวนชายแดน","กองบังคับการตำรวจตระเวนชายแดนภาค 4","กองกำกับการตำรวจตระเวนชายแดนที่ 44","","","","7295044401","รร.ตชด.สังวาลย์วิท 4","รร.ตชด.สังวาลย์วิท 4","16/05/2510","1967-05-16","parsed","1.2.3","1.2.3","1","1","0","","0","0","0","0","0","0","1","0","0","0","0","0","0","0","0","0","0","0","0","0","0","0","0","0","0","0","0","0","0","0","0","0","0","0","0","0","0","0","0","0","0","0","0","0","0","0","0","0","0","0","0","0","0","0","0","0","0","0","0","0","0","0","0","0","0","0","0","0","0","0","0","0","0","0","0","0","1","B","ผ่าน"
"SCH_G3_0209","2563","2020","7. 2563 REP004-IMPROVEMENT 12 - ตารางสรุปรายงานมาตรฐานแต่ละด้าน พร้อมจำนวนข้อที่ต้องปรับปรุง และจำนวนเด็กที่ผ่านเกณฑ์.xls","189","Sheet1","2563|7295044403","สำนักงานตำรวจแห่งชาติ","กองบัญชาการตำรวจตระเวนชายแดน","กองบังคับการตำรวจตระเวนชายแดนภาค 4","กองกำกับการตำรวจตระเวนชายแดนที่ 44","","","","7295044403","รร.ตชด.นิคมพิทักษ์ราษฎร์","รร.ตชด.นิคมพิทักษ์ราษฎร์","08/07/2564","2021-07-08","parsed","3.1.3ข","3.1.3ข","1","1","0","","0","0","0","0","0","0","0","0","0","0","0","0","0","0","0","0","0","0","0","0","0","0","0","0","0","0","0","0","0","0","0","0","0","0","0","0","0","0","0","0","0","0","0","0","0","0","0","0","0","0","0","0","0","0","0","0","1","0","0","0","0","0","0","0","0","0","0","0","0","0","0","0","0","0","0","0","1","B","ผ่าน"
"SCH_G3_0210","2563","2020","7. 2563 REP004-IMPROVEMENT 12 - ตารางสรุปรายงานมาตรฐานแต่ละด้าน พร้อมจำนวนข้อที่ต้องปรับปรุง และจำนวนเด็กที่ผ่านเกณฑ์.xls","190","Sheet1","2563|7295044404","สำนักงานตำรวจแห่งชาติ","กองบัญชาการตำรวจตระเวนชายแดน","กองบังคับการตำรวจตระเวนชายแดนภาค 4","กองกำกับการตำรวจตระเวนชายแดนที่ 44","","","","7295044404","รร.ตชด.บ้านปาโจแมเราะ","รร.ตชด.บ้านปาโจแมเราะ","01/06/2531","1988-06-01","parsed","1.2.3,3.3.1ข,3.3.2ข,3.4.3ข,3.5.1ข,3.5.2ข,3.5.3ข,3.5.4ข,3.5.5ข,3.6.1ข,3.6.2ข,3.6.3ข,3.6.4ข","1.2.3,3.3.1ข,3.3.2ข,3.4.3ข,3.5.1ข,3.5.2ข,3.5.3ข,3.5.4ข,3.5.5ข,3.6.1ข,3.6.2ข,3.6.3ข,3.6.4ข","13","13","0","","0","0","0","0","0","0","1","0","0","0","0","0","0","0","0","0","0","0","0","0","0","0","0","0","0","0","0","0","0","0","0","0","0","0","0","0","0","0","0","0","0","0","0","0","0","0","0","0","0","0","0","0","0","0","0","0","0","0","1","1","0","0","1","1","1","1","1","1","1","1","1","1","0","0","0","0","13","C","ผ่าน"
"SCH_G3_0212","2563","2020","7. 2563 REP004-IMPROVEMENT 12 - ตารางสรุปรายงานมาตรฐานแต่ละด้าน พร้อมจำนวนข้อที่ต้องปรับปรุง และจำนวนเด็กที่ผ่านเกณฑ์.xls","191","Sheet1","2563|7296064411","สำนักงานตำรวจแห่งชาติ","กองบัญชาการตำรวจตระเวนชายแดน","กองบังคับการตำรวจตระเวนชายแดนภาค 4","กองกำกับการตำรวจตระเวนชายแดนที่ 44","","","","7296064411","รร.ตชด.การท่าอากาศยานฯ","รร.ตชด.การท่าอากาศยานฯ","16/05/2543","2000-05-16","parsed","3.1.1ข,3.1.3ข,3.4.1ข,3.4.3ข,3.6.1ข,3.6.2ข,3.6.4ข","3.1.1ข,3.1.3ข,3.4.1ข,3.4.3ข,3.6.1ข,3.6.2ข,3.6.4ข","7","7","0","","0","0","0","0","0","0","0","0","0","0","0","0","0","0","0","0","0","0","0","0","0","0","0","0","0","0","0","0","0","0","0","0","0","0","0","0","0","0","0","0","0","0","0","0","0","0","0","0","0","0","0","0","0","0","1","0","1","0","0","0","1","0","1","0","0","0","0","0","1","1","0","1","0","0","0","0","7","B","ผ่าน"
"SCH_G3_0213","2563","2020","7. 2563 REP004-IMPROVEMENT 12 - ตารางสรุปรายงานมาตรฐานแต่ละด้าน พร้อมจำนวนข้อที่ต้องปรับปรุง และจำนวนเด็กที่ผ่านเกณฑ์.xls","192","Sheet1","2563|7296074407","สำนักงานตำรวจแห่งชาติ","กองบัญชาการตำรวจตระเวนชายแดน","กองบังคับการตำรวจตระเวนชายแดนภาค 4","กองกำกับการตำรวจตระเวนชายแดนที่ 44","","","","7296074407","รร.ตชด.บ้านตืองอช่างกลปทุมวันอนุสรณ์ 13","รร.ตชด.บ้านตืองอช่างกลปทุมวันอนุสรณ์ 13","15/07/2534","1991-07-15","parsed","1.2.3,1.3.5,3.1.1ข,3.1.2ข,3.5.3ข,3.5.4ข,3.6.1ข","1.2.3,1.3.5,3.1.1ข,3.1.2ข,3.5.3ข,3.5.4ข,3.6.1ข","7","7","0","","0","0","0","0","0","0","1","0","0","0","0","0","1","0","0","0","0","0","0","0","0","0","0","0","0","0","0","0","0","0","0","0","0","0","0","0","0","0","0","0","0","0","0","0","0","0","0","0","0","0","0","0","0","0","1","1","0","0","0","0","0","0","0","0","0","1","1","0","1","0","0","0","0","0","0","0","7","B","ผ่าน"
"SCH_G3_0214","2563","2020","7. 2563 REP004-IMPROVEMENT 12 - ตารางสรุปรายงานมาตรฐานแต่ละด้าน พร้อมจำนวนข้อที่ต้องปรับปรุง และจำนวนเด็กที่ผ่านเกณฑ์.xls","193","Sheet1","2563|7296074408","สำนักงานตำรวจแห่งชาติ","กองบัญชาการตำรวจตระเวนชายแดน","กองบังคับการตำรวจตระเวนชายแดนภาค 4","กองกำกับการตำรวจตระเวนชายแดนที่ 44","","","","7296074408","รร.ตชด.บ้านละโอ","รร.ตชด.บ้านละโอ","16/05/2536","1993-05-16","parsed","1.1.1,1.1.2,1.1.3,1.2.1,1.2.2,1.2.3,1.2.4,1.3.1,1.3.2,1.3.3,1.3.4,1.3.5,1.3.6,1.3.7,1.3.8,1.4.1,1.4.2,1.4.3,1.4.4,1.4.5,1.4.6,1.4.7,1.5.1,1.5.2,1.5.3,1.5.4,2.1.1,2.1.2,2.1.3,2.1.4,2.1.5,2.2.1,2.2.2,2.2.3,2.2.4,2.2.5,2.3.1,2.3.2,2.3.3,2.3.4,2.3.5,2.4.1,2.4","1.1.1,1.1.2,1.1.3,1.2.1,1.2.2,1.2.3,1.2.4,1.3.1,1.3.2,1.3.3,1.3.4,1.3.5,1.3.6,1.3.7,1.3.8,1.4.1,1.4.2,1.4.3,1.4.4,1.4.5,1.4.6,1.4.7,1.5.1,1.5.2,1.5.3,1.5.4,2.1.1,2.1.2,2.1.3,2.1.4,2.1.5,2.2.1,2.2.2,2.2.3,2.2.4,2.2.5,2.3.1,2.3.2,2.3.3,2.3.4,2.3.5,2.4.1","43","42","1","2.4","1","1","1","1","1","1","1","1","1","1","1","1","1","1","1","1","1","1","1","1","1","1","1","1","1","1","1","1","1","1","1","1","1","1","1","1","1","1","1","1","1","1","1","0","0","0","0","0","0","0","0","0","0","0","0","0","0","0","0","0","0","0","0","0","0","0","0","0","0","0","0","0","0","0","0","0","42","D","ไม่ผ่าน"
"SCH_G3_0215","2563","2020","7. 2563 REP004-IMPROVEMENT 12 - ตารางสรุปรายงานมาตรฐานแต่ละด้าน พร้อมจำนวนข้อที่ต้องปรับปรุง และจำนวนเด็กที่ผ่านเกณฑ์.xls","194","Sheet1","2563|7296094409","สำนักงานตำรวจแห่งชาติ","กองบัญชาการตำรวจตระเวนชายแดน","กองบังคับการตำรวจตระเวนชายแดนภาค 4","กองกำกับการตำรวจตระเวนชายแดนที่ 44","","","","7296094409","รร.ตชด.บ้านลีนานนท์","รร.ตชด.บ้านลีนานนท์","18/06/2536","1993-06-18","parsed","1.2.3","1.2.3","1","1","0","","0","0","0","0","0","0","1","0","0","0","0","0","0","0","0","0","0","0","0","0","0","0","0","0","0","0","0","0","0","0","0","0","0","0","0","0","0","0","0","0","0","0","0","0","0","0","0","0","0","0","0","0","0","0","0","0","0","0","0","0","0","0","0","0","0","0","0","0","0","0","0","0","0","0","0","0","1","B","ผ่าน"
"SCH_G3_0216","2563","2020","7. 2563 REP004-IMPROVEMENT 12 - ตารางสรุปรายงานมาตรฐานแต่ละด้าน พร้อมจำนวนข้อที่ต้องปรับปรุง และจำนวนเด็กที่ผ่านเกณฑ์.xls","195","Sheet1","2563|7296124405","สำนักงานตำรวจแห่งชาติ","กองบัญชาการตำรวจตระเวนชายแดน","กองบังคับการตำรวจตระเวนชายแดนภาค 4","กองกำกับการตำรวจตระเวนชายแดนที่ 44","","","","7296124405","รร.ตชด.บ้านไอร์บือแต","รร.ตชด.บ้านไอร์บือแต","13/06/2533","1990-06-13","parsed","3.1.3ข","3.1.3ข","1","1","0","","0","0","0","0","0","0","0","0","0","0","0","0","0","0","0","0","0","0","0","0","0","0","0","0","0","0","0","0","0","0","0","0","0","0","0","0","0","0","0","0","0","0","0","0","0","0","0","0","0","0","0","0","0","0","0","0","1","0","0","0","0","0","0","0","0","0","0","0","0","0","0","0","0","0","0","0","1","B","ผ่าน"
"SCH_G3_0006","2564","2021","8. 2564 REP004-IMPROVEMENT 12 - ตารางสรุปรายงานมาตรฐานแต่ละด้าน พร้อมจำนวนข้อที่ต้องปรับปรุง และจำนวนเด็กที่ผ่านเกณฑ์.xls","3","Sheet1","2564|7222081108","สำนักงานตำรวจแห่งชาติ","กองบัญชาการตำรวจตระเวนชายแดน","กองบังคับการตำรวจตระเวนชายแดนภาค 1","กองกำกับการตำรวจตระเวนชายแดนที่ 11","","","","7222081108","รร.ตชด.บ้านคลองแดง","รร.ตชด.บ้านคลองแดง","16/05/2545","2002-05-16","parsed","","","0","0","0","","0","0","0","0","0","0","0","0","0","0","0","0","0","0","0","0","0","0","0","0","0","0","0","0","0","0","0","0","0","0","0","0","0","0","0","0","0","0","0","0","0","0","0","0","0","0","0","0","0","0","0","0","0","0","0","0","0","0","0","0","0","0","0","0","0","0","0","0","0","0","0","0","0","0","0","0","0","A","ผ่าน"
"SCH_G3_0007","2564","2021","8. 2564 REP004-IMPROVEMENT 12 - ตารางสรุปรายงานมาตรฐานแต่ละด้าน พร้อมจำนวนข้อที่ต้องปรับปรุง และจำนวนเด็กที่ผ่านเกณฑ์.xls","4","Sheet1","2564|7223011106","สำนักงานตำรวจแห่งชาติ","กองบัญชาการตำรวจตระเวนชายแดน","กองบังคับการตำรวจตระเวนชายแดนภาค 1","กองกำกับการตำรวจตระเวนชายแดนที่ 11","","","","7223011106","รร.ตชด.บ้านท่ากุ่ม","รร.ตชด.บ้านท่ากุ่ม","01/11/2536","1993-11-01","parsed","","","0","0","0","","0","0","0","0","0","0","0","0","0","0","0","0","0","0","0","0","0","0","0","0","0","0","0","0","0","0","0","0","0","0","0","0","0","0","0","0","0","0","0","0","0","0","0","0","0","0","0","0","0","0","0","0","0","0","0","0","0","0","0","0","0","0","0","0","0","0","0","0","0","0","0","0","0","0","0","0","0","A","ผ่าน"
"SCH_G3_0008","2564","2021","8. 2564 REP004-IMPROVEMENT 12 - ตารางสรุปรายงานมาตรฐานแต่ละด้าน พร้อมจำนวนข้อที่ต้องปรับปรุง และจำนวนเด็กที่ผ่านเกณฑ์.xls","5","Sheet1","2564|7223031107","สำนักงานตำรวจแห่งชาติ","กองบัญชาการตำรวจตระเวนชายแดน","กองบังคับการตำรวจตระเวนชายแดนภาค 1","กองกำกับการตำรวจตระเวนชายแดนที่ 11","","","","7223031107","รร.ตชด.บ้านเขาฉลาด","รร.ตชด.บ้านเขาฉลาด","16/05/2542","1999-05-16","parsed","","","0","0","0","","0","0","0","0","0","0","0","0","0","0","0","0","0","0","0","0","0","0","0","0","0","0","0","0","0","0","0","0","0","0","0","0","0","0","0","0","0","0","0","0","0","0","0","0","0","0","0","0","0","0","0","0","0","0","0","0","0","0","0","0","0","0","0","0","0","0","0","0","0","0","0","0","0","0","0","0","0","A","ผ่าน"
"SCH_G3_0009","2564","2021","8. 2564 REP004-IMPROVEMENT 12 - ตารางสรุปรายงานมาตรฐานแต่ละด้าน พร้อมจำนวนข้อที่ต้องปรับปรุง และจำนวนเด็กที่ผ่านเกณฑ์.xls","6","Sheet1","2564|7224081210","สำนักงานตำรวจแห่งชาติ","กองบัญชาการตำรวจตระเวนชายแดน","กองบังคับการตำรวจตระเวนชายแดนภาค 1","กองกำกับการตำรวจตระเวนชายแดนที่ 12","","","","7224081210","รร.ตชด.บ้านนายาว","รร.ตชด.บ้านนายาว","12/07/2564","2021-07-12","parsed","1.1.1,1.1.2,1.1.3,1.2.1,1.2.2,1.2.3,1.2.4,1.3.1,1.3.2,1.3.3,1.3.4,1.3.5,1.3.6,1.3.7,1.3.8,1.4.1,1.4.2,1.4.3,1.4.4,1.4.5,1.4.6,1.4.7,1.5.1,1.5.2,1.5.3,1.5.4,2.1.1,2.1.2,2.1.3,2.1.4,2.1.5,2.2.1,2.2.2,2.2.3,2.2.4,2.2.5,2.3.1,2.3.2,2.3.3,2.3.4,2.3.5,2.4.1,2.4.2,2.4.3,2.5.1,2.5.2,3.1.1ข,3.1.2ข,3.1.3ข,3.2.1ข,3.3.1ข,3.3.2ข,3.4.1ข,3.4.2ข,3.4.3ข,3.5.1ข,3.5.2ข,3.5.3ข,3.5.4ข,3.5.5ข,3.6.1ข,3.6.2ข,3.6.3ข,3.6.4ข,3.7.1ข,3.7.2ข,3.7.3ข,3.7.4ข","1.1.1,1.1.2,1.1.3,1.2.1,1.2.2,1.2.3,1.2.4,1.3.1,1.3.2,1.3.3,1.3.4,1.3.5,1.3.6,1.3.7,1.3.8,1.4.1,1.4.2,1.4.3,1.4.4,1.4.5,1.4.6,1.4.7,1.5.1,1.5.2,1.5.3,1.5.4,2.1.1,2.1.2,2.1.3,2.1.4,2.1.5,2.2.1,2.2.2,2.2.3,2.2.4,2.2.5,2.3.1,2.3.2,2.3.3,2.3.4,2.3.5,2.4.1,2.4.2,2.4.3,2.5.1,2.5.2,3.1.1ข,3.1.2ข,3.1.3ข,3.2.1ข,3.3.1ข,3.3.2ข,3.4.1ข,3.4.2ข,3.4.3ข,3.5.1ข,3.5.2ข,3.5.3ข,3.5.4ข,3.5.5ข,3.6.1ข,3.6.2ข,3.6.3ข,3.6.4ข,3.7.1ข,3.7.2ข,3.7.3ข,3.7.4ข","68","68","0","","0","1","1","1","1","1","1","1","1","1","1","1","1","1","1","1","1","1","1","1","1","1","1","1","1","1","1","1","1","1","1","1","1","1","1","1","1","1","1","1","1","1","1","1","1","1","1","0","0","0","0","0","0","0","1","1","1","1","1","1","1","1","1","1","1","1","1","1","1","1","1","1","1","1","1","1","68","D","ไม่ผ่าน"
"SCH_G3_0012","2564","2021","8. 2564 REP004-IMPROVEMENT 12 - ตารางสรุปรายงานมาตรฐานแต่ละด้าน พร้อมจำนวนข้อที่ต้องปรับปรุง และจำนวนเด็กที่ผ่านเกณฑ์.xls","7","Sheet1","2564|7227041208","สำนักงานตำรวจแห่งชาติ","กองบัญชาการตำรวจตระเวนชายแดน","กองบังคับการตำรวจตระเวนชายแดนภาค 1","กองกำกับการตำรวจตระเวนชายแดนที่ 12","","","","7227041208","รร.ตชด.บ้านคลองตะเคียนชัย","รร.ตชด.บ้านคลองตะเคียนชัย","","","missing","","","0","0","0","","0","0","0","0","0","0","0","0","0","0","0","0","0","0","0","0","0","0","0","0","0","0","0","0","0","0","0","0","0","0","0","0","0","0","0","0","0","0","0","0","0","0","0","0","0","0","0","0","0","0","0","0","0","0","0","0","0","0","0","0","0","0","0","0","0","0","0","0","0","0","0","0","0","0","0","0","0","A","ผ่าน"
"SCH_G3_0013","2564","2021","8. 2564 REP004-IMPROVEMENT 12 - ตารางสรุปรายงานมาตรฐานแต่ละด้าน พร้อมจำนวนข้อที่ต้องปรับปรุง และจำนวนเด็กที่ผ่านเกณฑ์.xls","8","Sheet1","2564|7227061201","สำนักงานตำรวจแห่งชาติ","กองบัญชาการตำรวจตระเวนชายแดน","กองบังคับการตำรวจตระเวนชายแดนภาค 1","กองกำกับการตำรวจตระเวนชายแดนที่ 12","","","","7227061201","รร.ตชด.บ้านเขาสารภี","รร.ตชด.บ้านเขาสารภี","27/10/2513","1970-10-27","parsed","","","0","0","0","","0","0","0","0","0","0","0","0","0","0","0","0","0","0","0","0","0","0","0","0","0","0","0","0","0","0","0","0","0","0","0","0","0","0","0","0","0","0","0","0","0","0","0","0","0","0","0","0","0","0","0","0","0","0","0","0","0","0","0","0","0","0","0","0","0","0","0","0","0","0","0","0","0","0","0","0","0","A","ผ่าน"
"SCH_G3_0014","2564","2021","8. 2564 REP004-IMPROVEMENT 12 - ตารางสรุปรายงานมาตรฐานแต่ละด้าน พร้อมจำนวนข้อที่ต้องปรับปรุง และจำนวนเด็กที่ผ่านเกณฑ์.xls","9","Sheet1","2564|7227061206","สำนักงานตำรวจแห่งชาติ","กองบัญชาการตำรวจตระเวนชายแดน","กองบังคับการตำรวจตระเวนชายแดนภาค 1","กองกำกับการตำรวจตระเวนชายแดนที่ 12","","","","7227061206","รร.ตชด.ประชารัฐบำรุง 1","รร.ตชด.ประชารัฐบำรุง 1","03/06/2568","2025-06-03","parsed","","","0","0","0","","0","0","0","0","0","0","0","0","0","0","0","0","0","0","0","0","0","0","0","0","0","0","0","0","0","0","0","0","0","0","0","0","0","0","0","0","0","0","0","0","0","0","0","0","0","0","0","0","0","0","0","0","0","0","0","0","0","0","0","0","0","0","0","0","0","0","0","0","0","0","0","0","0","0","0","0","0","A","ผ่าน"
"SCH_G3_0015","2564","2021","8. 2564 REP004-IMPROVEMENT 12 - ตารางสรุปรายงานมาตรฐานแต่ละด้าน พร้อมจำนวนข้อที่ต้องปรับปรุง และจำนวนเด็กที่ผ่านเกณฑ์.xls","10","Sheet1","2564|7227071209","สำนักงานตำรวจแห่งชาติ","กองบัญชาการตำรวจตระเวนชายแดน","กองบังคับการตำรวจตระเวนชายแดนภาค 1","กองกำกับการตำรวจตระเวนชายแดนที่ 12","","","","7227071209","รร.ตชด.บ้านน้ำอ้อม","รร.ตชด.บ้านน้ำอ้อม","09/02/2525","1982-02-09","parsed","","","0","0","0","","0","0","0","0","0","0","0","0","0","0","0","0","0","0","0","0","0","0","0","0","0","0","0","0","0","0","0","0","0","0","0","0","0","0","0","0","0","0","0","0","0","0","0","0","0","0","0","0","0","0","0","0","0","0","0","0","0","0","0","0","0","0","0","0","0","0","0","0","0","0","0","0","0","0","0","0","0","A","ผ่าน"
"SCH_G3_0017","2564","2021","8. 2564 REP004-IMPROVEMENT 12 - ตารางสรุปรายงานมาตรฐานแต่ละด้าน พร้อมจำนวนข้อที่ต้องปรับปรุง และจำนวนเด็กที่ผ่านเกณฑ์.xls","11","Sheet1","2564|7227091203","สำนักงานตำรวจแห่งชาติ","กองบัญชาการตำรวจตระเวนชายแดน","กองบังคับการตำรวจตระเวนชายแดนภาค 1","กองกำกับการตำรวจตระเวนชายแดนที่ 12","","","","7227091203","รร.ตชด.วังศรีทอง","รร.ตชด.วังศรีทอง","","","missing","","","0","0","0","","0","0","0","0","0","0","0","0","0","0","0","0","0","0","0","0","0","0","0","0","0","0","0","0","0","0","0","0","0","0","0","0","0","0","0","0","0","0","0","0","0","0","0","0","0","0","0","0","0","0","0","0","0","0","0","0","0","0","0","0","0","0","0","0","0","0","0","0","0","0","0","0","0","0","0","0","0","A","ผ่าน"
"SCH_G3_0018","2564","2021","8. 2564 REP004-IMPROVEMENT 12 - ตารางสรุปรายงานมาตรฐานแต่ละด้าน พร้อมจำนวนข้อที่ต้องปรับปรุง และจำนวนเด็กที่ผ่านเกณฑ์.xls","12","Sheet1","2564|7227091212","สำนักงานตำรวจแห่งชาติ","กองบัญชาการตำรวจตระเวนชายแดน","กองบังคับการตำรวจตระเวนชายแดนภาค 1","กองกำกับการตำรวจตระเวนชายแดนที่ 12","","","","7227091212","รร.ตชด.พีระยานุเคราะห์ฯ 1","รร.ตชด.พีระยานุเคราะห์ฯ 1","01/06/2538","1995-06-01","parsed","","","0","0","0","","0","0","0","0","0","0","0","0","0","0","0","0","0","0","0","0","0","0","0","0","0","0","0","0","0","0","0","0","0","0","0","0","0","0","0","0","0","0","0","0","0","0","0","0","0","0","0","0","0","0","0","0","0","0","0","0","0","0","0","0","0","0","0","0","0","0","0","0","0","0","0","0","0","0","0","0","0","A","ผ่าน"
"SCH_G3_0020","2564","2021","8. 2564 REP004-IMPROVEMENT 12 - ตารางสรุปรายงานมาตรฐานแต่ละด้าน พร้อมจำนวนข้อที่ต้องปรับปรุง และจำนวนเด็กที่ผ่านเกณฑ์.xls","13","Sheet1","2564|7232052103","สำนักงานตำรวจแห่งชาติ","กองบัญชาการตำรวจตระเวนชายแดน","กองบังคับการตำรวจตระเวนชายแดนภาค 2","กองกำกับการตำรวจตระเวนชายแดนที่ 21","","","","7232052103","รร.ตชด.พีระยานุเคราะห์ฯ 2","รร.ตชด.พีระยานุเคราะห์ฯ 2","","","missing","1.2.3,2.1.5","1.2.3,2.1.5","2","2","0","","0","0","0","0","0","0","1","0","0","0","0","0","0","0","0","0","0","0","0","0","0","0","0","0","0","0","0","0","0","0","0","1","0","0","0","0","0","0","0","0","0","0","0","0","0","0","0","0","0","0","0","0","0","0","0","0","0","0","0","0","0","0","0","0","0","0","0","0","0","0","0","0","0","0","0","0","2","B","ผ่าน"
"SCH_G3_0022","2564","2021","8. 2564 REP004-IMPROVEMENT 12 - ตารางสรุปรายงานมาตรฐานแต่ละด้าน พร้อมจำนวนข้อที่ต้องปรับปรุง และจำนวนเด็กที่ผ่านเกณฑ์.xls","14","Sheet1","2564|7232102105","สำนักงานตำรวจแห่งชาติ","กองบัญชาการตำรวจตระเวนชายแดน","กองบังคับการตำรวจตระเวนชายแดนภาค 2","กองกำกับการตำรวจตระเวนชายแดนที่ 21","","","","7232102105","รร.ตชด.บ้านตาตุม","รร.ตชด.บ้านตาตุม","","","missing","","","0","0","0","","0","0","0","0","0","0","0","0","0","0","0","0","0","0","0","0","0","0","0","0","0","0","0","0","0","0","0","0","0","0","0","0","0","0","0","0","0","0","0","0","0","0","0","0","0","0","0","0","0","0","0","0","0","0","0","0","0","0","0","0","0","0","0","0","0","0","0","0","0","0","0","0","0","0","0","0","0","A","ผ่าน"
"SCH_G3_0023","2564","2021","8. 2564 REP004-IMPROVEMENT 12 - ตารางสรุปรายงานมาตรฐานแต่ละด้าน พร้อมจำนวนข้อที่ต้องปรับปรุง และจำนวนเด็กที่ผ่านเกณฑ์.xls","15","Sheet1","2564|7232102106","สำนักงานตำรวจแห่งชาติ","กองบัญชาการตำรวจตระเวนชายแดน","กองบังคับการตำรวจตระเวนชายแดนภาค 2","กองกำกับการตำรวจตระเวนชายแดนที่ 21","","","","7232102106","รร.ตชด.บ้านตาแตรว","รร.ตชด.บ้านตาแตรว","30/03/2540","1997-03-30","parsed","","","0","0","0","","0","0","0","0","0","0","0","0","0","0","0","0","0","0","0","0","0","0","0","0","0","0","0","0","0","0","0","0","0","0","0","0","0","0","0","0","0","0","0","0","0","0","0","0","0","0","0","0","0","0","0","0","0","0","0","0","0","0","0","0","0","0","0","0","0","0","0","0","0","0","0","0","0","0","0","0","0","A","ผ่าน"
"SCH_G3_0024","2564","2021","8. 2564 REP004-IMPROVEMENT 12 - ตารางสรุปรายงานมาตรฐานแต่ละด้าน พร้อมจำนวนข้อที่ต้องปรับปรุง และจำนวนเด็กที่ผ่านเกณฑ์.xls","16","Sheet1","2564|7232132102","สำนักงานตำรวจแห่งชาติ","กองบัญชาการตำรวจตระเวนชายแดน","กองบังคับการตำรวจตระเวนชายแดนภาค 2","กองกำกับการตำรวจตระเวนชายแดนที่ 21","","","","7232132102","รร.ตชด.บ้านซำปะโต","รร.ตชด.บ้านซำปะโต","16/05/2568","2025-05-16","parsed","","","0","0","0","","0","0","0","0","0","0","0","0","0","0","0","0","0","0","0","0","0","0","0","0","0","0","0","0","0","0","0","0","0","0","0","0","0","0","0","0","0","0","0","0","0","0","0","0","0","0","0","0","0","0","0","0","0","0","0","0","0","0","0","0","0","0","0","0","0","0","0","0","0","0","0","0","0","0","0","0","0","A","ผ่าน"
"SCH_G3_0025","2564","2021","8. 2564 REP004-IMPROVEMENT 12 - ตารางสรุปรายงานมาตรฐานแต่ละด้าน พร้อมจำนวนข้อที่ต้องปรับปรุง และจำนวนเด็กที่ผ่านเกณฑ์.xls","17","Sheet1","2564|7232132104","สำนักงานตำรวจแห่งชาติ","กองบัญชาการตำรวจตระเวนชายแดน","กองบังคับการตำรวจตระเวนชายแดนภาค 2","กองกำกับการตำรวจตระเวนชายแดนที่ 21","","","","7232132104","รร.ตชด.บ้านรุน","รร.ตชด.บ้านรุน","24/04/2568","2025-04-24","parsed","","","0","0","0","","0","0","0","0","0","0","0","0","0","0","0","0","0","0","0","0","0","0","0","0","0","0","0","0","0","0","0","0","0","0","0","0","0","0","0","0","0","0","0","0","0","0","0","0","0","0","0","0","0","0","0","0","0","0","0","0","0","0","0","0","0","0","0","0","0","0","0","0","0","0","0","0","0","0","0","0","0","A","ผ่าน"
"SCH_G3_0026","2564","2021","8. 2564 REP004-IMPROVEMENT 12 - ตารางสรุปรายงานมาตรฐานแต่ละด้าน พร้อมจำนวนข้อที่ต้องปรับปรุง และจำนวนเด็กที่ผ่านเกณฑ์.xls","18","Sheet1","2564|7232142101","สำนักงานตำรวจแห่งชาติ","กองบัญชาการตำรวจตระเวนชายแดน","กองบังคับการตำรวจตระเวนชายแดนภาค 2","กองกำกับการตำรวจตระเวนชายแดนที่ 21","","","","7232142101","รร.ตชด.บ้านโคกแสลง","รร.ตชด.บ้านโคกแสลง","29/04/2566","2023-04-29","parsed","","","0","0","0","","0","0","0","0","0","0","0","0","0","0","0","0","0","0","0","0","0","0","0","0","0","0","0","0","0","0","0","0","0","0","0","0","0","0","0","0","0","0","0","0","0","0","0","0","0","0","0","0","0","0","0","0","0","0","0","0","0","0","0","0","0","0","0","0","0","0","0","0","0","0","0","0","0","0","0","0","0","A","ผ่าน"
"SCH_G3_0035","2564","2021","8. 2564 REP004-IMPROVEMENT 12 - ตารางสรุปรายงานมาตรฐานแต่ละด้าน พร้อมจำนวนข้อที่ต้องปรับปรุง และจำนวนเด็กที่ผ่านเกณฑ์.xls","19","Sheet1","2564|7234252211","สำนักงานตำรวจแห่งชาติ","กองบัญชาการตำรวจตระเวนชายแดน","กองบังคับการตำรวจตระเวนชายแดนภาค 2","กองกำกับการตำรวจตระเวนชายแดนที่ 22","","","","7234252211","ศกร.ตชด.ชุมชนป่าหญ้าคา","ศกร.ตชด.ชุมชนป่าหญ้าคา","27/08/2545","2002-08-27","parsed","1.2.3,1.3.8,3.5.3ข,3.6.1ข,3.6.2ข,3.6.3ข,3.7.3ข","1.2.3,1.3.8,3.5.3ข,3.6.1ข,3.6.2ข,3.6.3ข,3.7.3ข","7","7","0","","0","0","0","0","0","0","1","0","0","0","0","0","0","0","0","1","0","0","0","0","0","0","0","0","0","0","0","0","0","0","0","0","0","0","0","0","0","0","0","0","0","0","0","0","0","0","0","0","0","0","0","0","0","0","0","0","0","0","0","0","0","0","0","0","0","1","0","0","1","1","1","0","0","0","1","0","7","B","ผ่าน"
"SCH_G3_0041","2564","2021","8. 2564 REP004-IMPROVEMENT 12 - ตารางสรุปรายงานมาตรฐานแต่ละด้าน พร้อมจำนวนข้อที่ต้องปรับปรุง และจำนวนเด็กที่ผ่านเกณฑ์.xls","20","Sheet1","2564|7238012406","สำนักงานตำรวจแห่งชาติ","กองบัญชาการตำรวจตระเวนชายแดน","กองบังคับการตำรวจตระเวนชายแดนภาค 2","กองกำกับการตำรวจตระเวนชายแดนที่ 24","","","","7238012406","รร.ตชด.บ้านห้วยดอกไม้","รร.ตชด.บ้านห้วยดอกไม้","25/02/2565","2022-02-25","parsed","1.2.3,1.3.8,2.1.1,2.1.2,2.1.3,2.1.4,2.1.5,2.2.1,2.2.2,2.2.3,2.2.4,2.2.5,2.3.1,2.3.2,2.3.3,2.3.4,2.3.5,2.4.1,2.4.2,2.4.3,2.5.1,2.5.2,3.1.1ข,3.1.2ข,3.1.3ข,3.2.1ข,3.3.1ข,3.3.2ข,3.4.1ข,3.4.2ข,3.4.3ข,3.5.1ข,3.5.2ข,3.5.3ข,3.5.4ข,3.5.5ข,3.6.1ข,3.6.2ข,3.6.3ข,3.6.4ข,3.7.1ข,3.7.2ข,3.7.3ข,3.7.4ข","1.2.3,1.3.8,2.1.1,2.1.2,2.1.3,2.1.4,2.1.5,2.2.1,2.2.2,2.2.3,2.2.4,2.2.5,2.3.1,2.3.2,2.3.3,2.3.4,2.3.5,2.4.1,2.4.2,2.4.3,2.5.1,2.5.2,3.1.1ข,3.1.2ข,3.1.3ข,3.2.1ข,3.3.1ข,3.3.2ข,3.4.1ข,3.4.2ข,3.4.3ข,3.5.1ข,3.5.2ข,3.5.3ข,3.5.4ข,3.5.5ข,3.6.1ข,3.6.2ข,3.6.3ข,3.6.4ข,3.7.1ข,3.7.2ข,3.7.3ข,3.7.4ข","44","44","0","","0","0","0","0","0","0","1","0","0","0","0","0","0","0","0","1","0","0","0","0","0","0","0","0","0","0","0","1","1","1","1","1","1","1","1","1","1","1","1","1","1","1","1","1","1","1","1","0","0","0","0","0","0","0","1","1","1","1","1","1","1","1","1","1","1","1","1","1","1","1","1","1","1","1","1","1","44","D","ไม่ผ่าน"
"SCH_G3_0042","2564","2021","8. 2564 REP004-IMPROVEMENT 12 - ตารางสรุปรายงานมาตรฐานแต่ละด้าน พร้อมจำนวนข้อที่ต้องปรับปรุง และจำนวนเด็กที่ผ่านเกณฑ์.xls","21","Sheet1","2564|7238012411","สำนักงานตำรวจแห่งชาติ","กองบัญชาการตำรวจตระเวนชายแดน","กองบังคับการตำรวจตระเวนชายแดนภาค 2","กองกำกับการตำรวจตระเวนชายแดนที่ 24","","","","7238012411","รร.ตชด.บ้านหนองตะไก้","รร.ตชด.บ้านหนองตะไก้","10/06/2538","1995-06-10","parsed","","","0","0","0","","0","0","0","0","0","0","0","0","0","0","0","0","0","0","0","0","0","0","0","0","0","0","0","0","0","0","0","0","0","0","0","0","0","0","0","0","0","0","0","0","0","0","0","0","0","0","0","0","0","0","0","0","0","0","0","0","0","0","0","0","0","0","0","0","0","0","0","0","0","0","0","0","0","0","0","0","0","A","ผ่าน"
"SCH_G3_0043","2564","2021","8. 2564 REP004-IMPROVEMENT 12 - ตารางสรุปรายงานมาตรฐานแต่ละด้าน พร้อมจำนวนข้อที่ต้องปรับปรุง และจำนวนเด็กที่ผ่านเกณฑ์.xls","22","Sheet1","2564|7238012412","สำนักงานตำรวจแห่งชาติ","กองบัญชาการตำรวจตระเวนชายแดน","กองบังคับการตำรวจตระเวนชายแดนภาค 2","กองกำกับการตำรวจตระเวนชายแดนที่ 24","","","","7238012412","รร.ตชด.บ้านนาแวง","รร.ตชด.บ้านนาแวง","22/07/2564","2021-07-22","parsed","1.2.3","1.2.3","1","1","0","","0","0","0","0","0","0","1","0","0","0","0","0","0","0","0","0","0","0","0","0","0","0","0","0","0","0","0","0","0","0","0","0","0","0","0","0","0","0","0","0","0","0","0","0","0","0","0","0","0","0","0","0","0","0","0","0","0","0","0","0","0","0","0","0","0","0","0","0","0","0","0","0","0","0","0","0","1","B","ผ่าน"
"SCH_G3_0045","2564","2021","8. 2564 REP004-IMPROVEMENT 12 - ตารางสรุปรายงานมาตรฐานแต่ละด้าน พร้อมจำนวนข้อที่ต้องปรับปรุง และจำนวนเด็กที่ผ่านเกณฑ์.xls","23","Sheet1","2564|7238152418","สำนักงานตำรวจแห่งชาติ","กองบัญชาการตำรวจตระเวนชายแดน","กองบังคับการตำรวจตระเวนชายแดนภาค 2","กองกำกับการตำรวจตระเวนชายแดนที่ 24","","","","7238152418","รร..ตชด.บ้านไทยเสรี","รร..ตชด.บ้านไทยเสรี","16/05/2560","2017-05-16","parsed","","","0","0","0","","0","0","0","0","0","0","0","0","0","0","0","0","0","0","0","0","0","0","0","0","0","0","0","0","0","0","0","0","0","0","0","0","0","0","0","0","0","0","0","0","0","0","0","0","0","0","0","0","0","0","0","0","0","0","0","0","0","0","0","0","0","0","0","0","0","0","0","0","0","0","0","0","0","0","0","0","0","A","ผ่าน"
"SCH_G3_0049","2564","2021","8. 2564 REP004-IMPROVEMENT 12 - ตารางสรุปรายงานมาตรฐานแต่ละด้าน พร้อมจำนวนข้อที่ต้องปรับปรุง และจำนวนเด็กที่ผ่านเกณฑ์.xls","24","Sheet1","2564|7241222413","สำนักงานตำรวจแห่งชาติ","กองบัญชาการตำรวจตระเวนชายแดน","กองบังคับการตำรวจตระเวนชายแดนภาค 2","กองกำกับการตำรวจตระเวนชายแดนที่ 24","","","","7241222413","รร.ตชด.บ้านนาชมภู","รร.ตชด.บ้านนาชมภู","22/07/2564","2021-07-22","parsed","","","0","0","0","","0","0","0","0","0","0","0","0","0","0","0","0","0","0","0","0","0","0","0","0","0","0","0","0","0","0","0","0","0","0","0","0","0","0","0","0","0","0","0","0","0","0","0","0","0","0","0","0","0","0","0","0","0","0","0","0","0","0","0","0","0","0","0","0","0","0","0","0","0","0","0","0","0","0","0","0","0","A","ผ่าน"
"SCH_G3_0050","2564","2021","8. 2564 REP004-IMPROVEMENT 12 - ตารางสรุปรายงานมาตรฐานแต่ละด้าน พร้อมจำนวนข้อที่ต้องปรับปรุง และจำนวนเด็กที่ผ่านเกณฑ์.xls","25","Sheet1","2564|7242022408","สำนักงานตำรวจแห่งชาติ","กองบัญชาการตำรวจตระเวนชายแดน","กองบังคับการตำรวจตระเวนชายแดนภาค 2","กองกำกับการตำรวจตระเวนชายแดนที่ 24","","","","7242022408","รร.ตชด.บ้านหนองแคน","รร.ตชด.บ้านหนองแคน","24/08/2532","1989-08-24","parsed","1.2.3","1.2.3","1","1","0","","0","0","0","0","0","0","1","0","0","0","0","0","0","0","0","0","0","0","0","0","0","0","0","0","0","0","0","0","0","0","0","0","0","0","0","0","0","0","0","0","0","0","0","0","0","0","0","0","0","0","0","0","0","0","0","0","0","0","0","0","0","0","0","0","0","0","0","0","0","0","0","0","0","0","0","0","1","B","ผ่าน"
"SCH_G3_0051","2564","2021","8. 2564 REP004-IMPROVEMENT 12 - ตารางสรุปรายงานมาตรฐานแต่ละด้าน พร้อมจำนวนข้อที่ต้องปรับปรุง และจำนวนเด็กที่ผ่านเกณฑ์.xls","26","Sheet1","2564|7242042402","สำนักงานตำรวจแห่งชาติ","กองบัญชาการตำรวจตระเวนชายแดน","กองบังคับการตำรวจตระเวนชายแดนภาค 2","กองกำกับการตำรวจตระเวนชายแดนที่ 24","","","","7242042402","รร.ตชด.บ้านห้วยเป้า","รร.ตชด.บ้านห้วยเป้า","20/09/2520","1977-09-20","parsed","","","0","0","0","","0","0","0","0","0","0","0","0","0","0","0","0","0","0","0","0","0","0","0","0","0","0","0","0","0","0","0","0","0","0","0","0","0","0","0","0","0","0","0","0","0","0","0","0","0","0","0","0","0","0","0","0","0","0","0","0","0","0","0","0","0","0","0","0","0","0","0","0","0","0","0","0","0","0","0","0","0","A","ผ่าน"
"SCH_G3_0052","2564","2021","8. 2564 REP004-IMPROVEMENT 12 - ตารางสรุปรายงานมาตรฐานแต่ละด้าน พร้อมจำนวนข้อที่ต้องปรับปรุง และจำนวนเด็กที่ผ่านเกณฑ์.xls","27","Sheet1","2564|7242042405","สำนักงานตำรวจแห่งชาติ","กองบัญชาการตำรวจตระเวนชายแดน","กองบังคับการตำรวจตระเวนชายแดนภาค 2","กองกำกับการตำรวจตระเวนชายแดนที่ 24","","","","7242042405","รร.ตชด.ฮิลมาร์พาเบิล","รร.ตชด.ฮิลมาร์พาเบิล","23/12/2523","1980-12-23","parsed","","","0","0","0","","0","0","0","0","0","0","0","0","0","0","0","0","0","0","0","0","0","0","0","0","0","0","0","0","0","0","0","0","0","0","0","0","0","0","0","0","0","0","0","0","0","0","0","0","0","0","0","0","0","0","0","0","0","0","0","0","0","0","0","0","0","0","0","0","0","0","0","0","0","0","0","0","0","0","0","0","0","A","ผ่าน"
"SCH_G3_0053","2564","2021","8. 2564 REP004-IMPROVEMENT 12 - ตารางสรุปรายงานมาตรฐานแต่ละด้าน พร้อมจำนวนข้อที่ต้องปรับปรุง และจำนวนเด็กที่ผ่านเกณฑ์.xls","28","Sheet1","2564|7242042407","สำนักงานตำรวจแห่งชาติ","กองบัญชาการตำรวจตระเวนชายแดน","กองบังคับการตำรวจตระเวนชายแดนภาค 2","กองกำกับการตำรวจตระเวนชายแดนที่ 24","","","","7242042407","รร.ตชด.บ้านนานกปีด","รร.ตชด.บ้านนานกปีด","05/05/2529","1986-05-05","parsed","","","0","0","0","","0","0","0","0","0","0","0","0","0","0","0","0","0","0","0","0","0","0","0","0","0","0","0","0","0","0","0","0","0","0","0","0","0","0","0","0","0","0","0","0","0","0","0","0","0","0","0","0","0","0","0","0","0","0","0","0","0","0","0","0","0","0","0","0","0","0","0","0","0","0","0","0","0","0","0","0","0","A","ผ่าน"
"SCH_G3_0056","2564","2021","8. 2564 REP004-IMPROVEMENT 12 - ตารางสรุปรายงานมาตรฐานแต่ละด้าน พร้อมจำนวนข้อที่ต้องปรับปรุง และจำนวนเด็กที่ผ่านเกณฑ์.xls","29","Sheet1","2564|7242132410","สำนักงานตำรวจแห่งชาติ","กองบัญชาการตำรวจตระเวนชายแดน","กองบังคับการตำรวจตระเวนชายแดนภาค 2","กองกำกับการตำรวจตระเวนชายแดนที่ 24","","","","7242132410","รร.ตชด.บ้านวังชมภู","รร.ตชด.บ้านวังชมภู","14/06/2538","1995-06-14","parsed","1.2.3","1.2.3","1","1","0","","0","0","0","0","0","0","1","0","0","0","0","0","0","0","0","0","0","0","0","0","0","0","0","0","0","0","0","0","0","0","0","0","0","0","0","0","0","0","0","0","0","0","0","0","0","0","0","0","0","0","0","0","0","0","0","0","0","0","0","0","0","0","0","0","0","0","0","0","0","0","0","0","0","0","0","0","1","B","ผ่าน"
"SCH_G3_0057","2564","2021","8. 2564 REP004-IMPROVEMENT 12 - ตารางสรุปรายงานมาตรฐานแต่ละด้าน พร้อมจำนวนข้อที่ต้องปรับปรุง และจำนวนเด็กที่ผ่านเกณฑ์.xls","30","Sheet1","2564|7247152307","สำนักงานตำรวจแห่งชาติ","กองบัญชาการตำรวจตระเวนชายแดน","กองบังคับการตำรวจตระเวนชายแดนภาค 2","กองกำกับการตำรวจตระเวนชายแดนที่ 23","","","","7247152307","รร.ตชด.ค็อกนิสไทยฯ","รร.ตชด.ค็อกนิสไทยฯ","15/05/2568","2025-05-15","parsed","","","0","0","0","","0","0","0","0","0","0","0","0","0","0","0","0","0","0","0","0","0","0","0","0","0","0","0","0","0","0","0","0","0","0","0","0","0","0","0","0","0","0","0","0","0","0","0","0","0","0","0","0","0","0","0","0","0","0","0","0","0","0","0","0","0","0","0","0","0","0","0","0","0","0","0","0","0","0","0","0","0","A","ผ่าน"
"SCH_G3_0058","2564","2021","8. 2564 REP004-IMPROVEMENT 12 - ตารางสรุปรายงานมาตรฐานแต่ละด้าน พร้อมจำนวนข้อที่ต้องปรับปรุง และจำนวนเด็กที่ผ่านเกณฑ์.xls","31","Sheet1","2564|7248032301","สำนักงานตำรวจแห่งชาติ","กองบัญชาการตำรวจตระเวนชายแดน","กองบังคับการตำรวจตระเวนชายแดนภาค 2","กองกำกับการตำรวจตระเวนชายแดนที่ 23","","","","7248032301","รร.ตชด.ชูทิศวิทยา","รร.ตชด.ชูทิศวิทยา","14/06/2564","2021-06-14","parsed","1.2.3","1.2.3","1","1","0","","0","0","0","0","0","0","1","0","0","0","0","0","0","0","0","0","0","0","0","0","0","0","0","0","0","0","0","0","0","0","0","0","0","0","0","0","0","0","0","0","0","0","0","0","0","0","0","0","0","0","0","0","0","0","0","0","0","0","0","0","0","0","0","0","0","0","0","0","0","0","0","0","0","0","0","0","1","B","ผ่าน"
"SCH_G3_0059","2564","2021","8. 2564 REP004-IMPROVEMENT 12 - ตารางสรุปรายงานมาตรฐานแต่ละด้าน พร้อมจำนวนข้อที่ต้องปรับปรุง และจำนวนเด็กที่ผ่านเกณฑ์.xls","32","Sheet1","2564|7248032303","สำนักงานตำรวจแห่งชาติ","กองบัญชาการตำรวจตระเวนชายแดน","กองบังคับการตำรวจตระเวนชายแดนภาค 2","กองกำกับการตำรวจตระเวนชายแดนที่ 23","","","","7248032303","รร.ตชด.บ้านหาดทรายเพ","รร.ตชด.บ้านหาดทรายเพ","01/10/2520","1977-10-01","parsed","1.2.3","1.2.3","1","1","0","","0","0","0","0","0","0","1","0","0","0","0","0","0","0","0","0","0","0","0","0","0","0","0","0","0","0","0","0","0","0","0","0","0","0","0","0","0","0","0","0","0","0","0","0","0","0","0","0","0","0","0","0","0","0","0","0","0","0","0","0","0","0","0","0","0","0","0","0","0","0","0","0","0","0","0","0","1","B","ผ่าน"
"SCH_G3_0060","2564","2021","8. 2564 REP004-IMPROVEMENT 12 - ตารางสรุปรายงานมาตรฐานแต่ละด้าน พร้อมจำนวนข้อที่ต้องปรับปรุง และจำนวนเด็กที่ผ่านเกณฑ์.xls","33","Sheet1","2564|7248032309","สำนักงานตำรวจแห่งชาติ","กองบัญชาการตำรวจตระเวนชายแดน","กองบังคับการตำรวจตระเวนชายแดนภาค 2","กองกำกับการตำรวจตระเวนชายแดนที่ 23","","","","7248032309","ศกร.ตชด.บ้านนากระเสริม","ศกร.ตชด.บ้านนากระเสริม","07/01/2557","2014-01-07","parsed","1.3.8","1.3.8","1","1","0","","0","0","0","0","0","0","0","0","0","0","0","0","0","0","0","1","0","0","0","0","0","0","0","0","0","0","0","0","0","0","0","0","0","0","0","0","0","0","0","0","0","0","0","0","0","0","0","0","0","0","0","0","0","0","0","0","0","0","0","0","0","0","0","0","0","0","0","0","0","0","0","0","0","0","0","0","1","B","ผ่าน"
"SCH_G3_0061","2564","2021","8. 2564 REP004-IMPROVEMENT 12 - ตารางสรุปรายงานมาตรฐานแต่ละด้าน พร้อมจำนวนข้อที่ต้องปรับปรุง และจำนวนเด็กที่ผ่านเกณฑ์.xls","34","Sheet1","2564|7248042310","สำนักงานตำรวจแห่งชาติ","กองบัญชาการตำรวจตระเวนชายแดน","กองบังคับการตำรวจตระเวนชายแดนภาค 2","กองกำกับการตำรวจตระเวนชายแดนที่ 23","","","","7248042310","ศกร.ตชด.บ้านปากห้วยม่วง","ศกร.ตชด.บ้านปากห้วยม่วง","16/05/2557","2014-05-16","parsed","","","0","0","0","","0","0","0","0","0","0","0","0","0","0","0","0","0","0","0","0","0","0","0","0","0","0","0","0","0","0","0","0","0","0","0","0","0","0","0","0","0","0","0","0","0","0","0","0","0","0","0","0","0","0","0","0","0","0","0","0","0","0","0","0","0","0","0","0","0","0","0","0","0","0","0","0","0","0","0","0","0","A","ผ่าน"
"SCH_G3_0063","2564","2021","8. 2564 REP004-IMPROVEMENT 12 - ตารางสรุปรายงานมาตรฐานแต่ละด้าน พร้อมจำนวนข้อที่ต้องปรับปรุง และจำนวนเด็กที่ผ่านเกณฑ์.xls","35","Sheet1","2564|7248112302","สำนักงานตำรวจแห่งชาติ","กองบัญชาการตำรวจตระเวนชายแดน","กองบังคับการตำรวจตระเวนชายแดนภาค 2","กองกำกับการตำรวจตระเวนชายแดนที่ 23","","","","7248112302","รร.ตชด.ช่างกลปทุมวันอนุสรณ์ 8","รร.ตชด.ช่างกลปทุมวันอนุสรณ์ 8","01/06/2519","1976-06-01","parsed","","","0","0","0","","0","0","0","0","0","0","0","0","0","0","0","0","0","0","0","0","0","0","0","0","0","0","0","0","0","0","0","0","0","0","0","0","0","0","0","0","0","0","0","0","0","0","0","0","0","0","0","0","0","0","0","0","0","0","0","0","0","0","0","0","0","0","0","0","0","0","0","0","0","0","0","0","0","0","0","0","0","A","ผ่าน"
"SCH_G3_0064","2564","2021","8. 2564 REP004-IMPROVEMENT 12 - ตารางสรุปรายงานมาตรฐานแต่ละด้าน พร้อมจำนวนข้อที่ต้องปรับปรุง และจำนวนเด็กที่ผ่านเกณฑ์.xls","36","Sheet1","2564|7248112305","สำนักงานตำรวจแห่งชาติ","กองบัญชาการตำรวจตระเวนชายแดน","กองบังคับการตำรวจตระเวนชายแดนภาค 2","กองกำกับการตำรวจตระเวนชายแดนที่ 23","","","","7248112305","รร.ตชด.บ้านนาสามัคคี","รร.ตชด.บ้านนาสามัคคี","10/05/2528","1985-05-10","parsed","","","0","0","0","","0","0","0","0","0","0","0","0","0","0","0","0","0","0","0","0","0","0","0","0","0","0","0","0","0","0","0","0","0","0","0","0","0","0","0","0","0","0","0","0","0","0","0","0","0","0","0","0","0","0","0","0","0","0","0","0","0","0","0","0","0","0","0","0","0","0","0","0","0","0","0","0","0","0","0","0","0","A","ผ่าน"
"SCH_G3_0066","2564","2021","8. 2564 REP004-IMPROVEMENT 12 - ตารางสรุปรายงานมาตรฐานแต่ละด้าน พร้อมจำนวนข้อที่ต้องปรับปรุง และจำนวนเด็กที่ผ่านเกณฑ์.xls","37","Sheet1","2564|7249052311","สำนักงานตำรวจแห่งชาติ","กองบัญชาการตำรวจตระเวนชายแดน","กองบังคับการตำรวจตระเวนชายแดนภาค 2","กองกำกับการตำรวจตระเวนชายแดนที่ 23","","","","7249052311","ศกร.ตชด.ใต้ร่มพระบารมี (ธนาคารอาคารสงเคราะห์อุปถัมภ์)","ศกร.ตชด.ใต้ร่มพระบารมี (ธนาคารอาคารสงเคราะห์อุปถัมภ์)","12/05/2558","2015-05-12","parsed","1.3.8","1.3.8","1","1","0","","0","0","0","0","0","0","0","0","0","0","0","0","0","0","0","1","0","0","0","0","0","0","0","0","0","0","0","0","0","0","0","0","0","0","0","0","0","0","0","0","0","0","0","0","0","0","0","0","0","0","0","0","0","0","0","0","0","0","0","0","0","0","0","0","0","0","0","0","0","0","0","0","0","0","0","0","1","B","ผ่าน"
"SCH_G3_0067","2564","2021","8. 2564 REP004-IMPROVEMENT 12 - ตารางสรุปรายงานมาตรฐานแต่ละด้าน พร้อมจำนวนข้อที่ต้องปรับปรุง และจำนวนเด็กที่ผ่านเกณฑ์.xls","38","Sheet1","2564|7250030005","สำนักงานตำรวจแห่งชาติ","กองบัญชาการตำรวจตระเวนชายแดน","กองบังคับการตำรวจตระเวนชายแดนภาค 3","กองกำกับการตำรวจตระเวนชายแดนที่ 33","","","","7250030005","ศกร.ตชด.สนั่น-เฉลิมเกตุ นภาศัพท์","ศกร.ตชด.สนั่น-เฉลิมเกตุ นภาศัพท์","17/05/2564","2021-05-17","parsed","1.2.3,2.1.1,2.1.5,2.5.1","1.2.3,2.1.1,2.1.5,2.5.1","4","4","0","","0","0","0","0","0","0","1","0","0","0","0","0","0","0","0","0","0","0","0","0","0","0","0","0","0","0","0","1","0","0","0","1","0","0","0","0","0","0","0","0","0","0","0","0","0","1","0","0","0","0","0","0","0","0","0","0","0","0","0","0","0","0","0","0","0","0","0","0","0","0","0","0","0","0","0","0","4","B","ผ่าน"
"SCH_G3_0068","2564","2021","8. 2564 REP004-IMPROVEMENT 12 - ตารางสรุปรายงานมาตรฐานแต่ละด้าน พร้อมจำนวนข้อที่ต้องปรับปรุง และจำนวนเด็กที่ผ่านเกณฑ์.xls","39","Sheet1","2564|7250033310","สำนักงานตำรวจแห่งชาติ","กองบัญชาการตำรวจตระเวนชายแดน","กองบังคับการตำรวจตระเวนชายแดนภาค 3","กองกำกับการตำรวจตระเวนชายแดนที่ 33","","","","7250033310","รร.ตชด.บ้านแม่ลอง","รร.ตชด.บ้านแม่ลอง","08/07/2564","2021-07-08","parsed","1.2.3","1.2.3","1","1","0","","0","0","0","0","0","0","1","0","0","0","0","0","0","0","0","0","0","0","0","0","0","0","0","0","0","0","0","0","0","0","0","0","0","0","0","0","0","0","0","0","0","0","0","0","0","0","0","0","0","0","0","0","0","0","0","0","0","0","0","0","0","0","0","0","0","0","0","0","0","0","0","0","0","0","0","0","1","B","ผ่าน"
"SCH_G3_0069","2564","2021","8. 2564 REP004-IMPROVEMENT 12 - ตารางสรุปรายงานมาตรฐานแต่ละด้าน พร้อมจำนวนข้อที่ต้องปรับปรุง และจำนวนเด็กที่ผ่านเกณฑ์.xls","40","Sheet1","2564|7250033314","สำนักงานตำรวจแห่งชาติ","กองบัญชาการตำรวจตระเวนชายแดน","กองบังคับการตำรวจตระเวนชายแดนภาค 3","กองกำกับการตำรวจตระเวนชายแดนที่ 33","","","","7250033314","รร.ตชด.บ้านใหม่พัฒนาสันติ","รร.ตชด.บ้านใหม่พัฒนาสันติ","20/03/2568","2025-03-20","parsed","","","0","0","0","","0","0","0","0","0","0","0","0","0","0","0","0","0","0","0","0","0","0","0","0","0","0","0","0","0","0","0","0","0","0","0","0","0","0","0","0","0","0","0","0","0","0","0","0","0","0","0","0","0","0","0","0","0","0","0","0","0","0","0","0","0","0","0","0","0","0","0","0","0","0","0","0","0","0","0","0","0","A","ผ่าน"
"SCH_G3_0070","2564","2021","8. 2564 REP004-IMPROVEMENT 12 - ตารางสรุปรายงานมาตรฐานแต่ละด้าน พร้อมจำนวนข้อที่ต้องปรับปรุง และจำนวนเด็กที่ผ่านเกณฑ์.xls","41","Sheet1","2564|7250033332","สำนักงานตำรวจแห่งชาติ","กองบัญชาการตำรวจตระเวนชายแดน","กองบังคับการตำรวจตระเวนชายแดนภาค 3","กองกำกับการตำรวจตระเวนชายแดนที่ 33","","","","7250033332","รร.ตชด.บางกอก เชฟ แชร์ริตี้ บ้านแม่ขอ","รร.ตชด.บางกอก เชฟ แชร์ริตี้ บ้านแม่ขอ","16/05/2560","2017-05-16","parsed","1.2.3","1.2.3","1","1","0","","0","0","0","0","0","0","1","0","0","0","0","0","0","0","0","0","0","0","0","0","0","0","0","0","0","0","0","0","0","0","0","0","0","0","0","0","0","0","0","0","0","0","0","0","0","0","0","0","0","0","0","0","0","0","0","0","0","0","0","0","0","0","0","0","0","0","0","0","0","0","0","0","0","0","0","0","1","B","ผ่าน"
"SCH_G3_0071","2564","2021","8. 2564 REP004-IMPROVEMENT 12 - ตารางสรุปรายงานมาตรฐานแต่ละด้าน พร้อมจำนวนข้อที่ต้องปรับปรุง และจำนวนเด็กที่ผ่านเกณฑ์.xls","42","Sheet1","2564|7250033333","สำนักงานตำรวจแห่งชาติ","กองบัญชาการตำรวจตระเวนชายแดน","กองบังคับการตำรวจตระเวนชายแดนภาค 3","กองกำกับการตำรวจตระเวนชายแดนที่ 33","","","","7250033333","ศกร.ตชด.บ้านแม่มุใน (บริษัท ซี เค พาวเวอร์ จำกัด (มหาชน)อุปถัมภ์)","ศกร.ตชด.บ้านแม่มุใน (บริษัท ซี เค พาวเวอร์ จำกัด (มหาชน)อุปถัมภ์)","16/05/2561","2018-05-16","parsed","","","0","0","0","","0","0","0","0","0","0","0","0","0","0","0","0","0","0","0","0","0","0","0","0","0","0","0","0","0","0","0","0","0","0","0","0","0","0","0","0","0","0","0","0","0","0","0","0","0","0","0","0","0","0","0","0","0","0","0","0","0","0","0","0","0","0","0","0","0","0","0","0","0","0","0","0","0","0","0","0","0","A","ผ่าน"
"SCH_G3_0072","2564","2021","8. 2564 REP004-IMPROVEMENT 12 - ตารางสรุปรายงานมาตรฐานแต่ละด้าน พร้อมจำนวนข้อที่ต้องปรับปรุง และจำนวนเด็กที่ผ่านเกณฑ์.xls","43","Sheet1","2564|7250043311","สำนักงานตำรวจแห่งชาติ","กองบัญชาการตำรวจตระเวนชายแดน","กองบังคับการตำรวจตระเวนชายแดนภาค 3","กองกำกับการตำรวจตระเวนชายแดนที่ 33","","","","7250043311","รร.ตชด.เฉลิมพระเกียรติฯ","รร.ตชด.เฉลิมพระเกียรติฯ","09/07/2564","2021-07-09","parsed","","","0","0","0","","0","0","0","0","0","0","0","0","0","0","0","0","0","0","0","0","0","0","0","0","0","0","0","0","0","0","0","0","0","0","0","0","0","0","0","0","0","0","0","0","0","0","0","0","0","0","0","0","0","0","0","0","0","0","0","0","0","0","0","0","0","0","0","0","0","0","0","0","0","0","0","0","0","0","0","0","0","A","ผ่าน"
"SCH_G3_0073","2564","2021","8. 2564 REP004-IMPROVEMENT 12 - ตารางสรุปรายงานมาตรฐานแต่ละด้าน พร้อมจำนวนข้อที่ต้องปรับปรุง และจำนวนเด็กที่ผ่านเกณฑ์.xls","44","Sheet1","2564|7250043316","สำนักงานตำรวจแห่งชาติ","กองบัญชาการตำรวจตระเวนชายแดน","กองบังคับการตำรวจตระเวนชายแดนภาค 3","กองกำกับการตำรวจตระเวนชายแดนที่ 33","","","","7250043316","รร.ตชด.บ้านหนองแขม","รร.ตชด.บ้านหนองแขม","25/07/2541","1998-07-25","parsed","3.1.1ข","3.1.1ข","1","1","0","","0","0","0","0","0","0","0","0","0","0","0","0","0","0","0","0","0","0","0","0","0","0","0","0","0","0","0","0","0","0","0","0","0","0","0","0","0","0","0","0","0","0","0","0","0","0","0","0","0","0","0","0","0","0","1","0","0","0","0","0","0","0","0","0","0","0","0","0","0","0","0","0","0","0","0","0","1","B","ผ่าน"
"SCH_G3_0074","2564","2021","8. 2564 REP004-IMPROVEMENT 12 - ตารางสรุปรายงานมาตรฐานแต่ละด้าน พร้อมจำนวนข้อที่ต้องปรับปรุง และจำนวนเด็กที่ผ่านเกณฑ์.xls","45","Sheet1","2564|7250063315","สำนักงานตำรวจแห่งชาติ","กองบัญชาการตำรวจตระเวนชายแดน","กองบังคับการตำรวจตระเวนชายแดนภาค 3","กองกำกับการตำรวจตระเวนชายแดนที่ 33","","","","7250063315","รร.ตชด.ไลออนส์มหาจักร 9","รร.ตชด.ไลออนส์มหาจักร 9","27/06/2535","1992-06-27","parsed","","","0","0","0","","0","0","0","0","0","0","0","0","0","0","0","0","0","0","0","0","0","0","0","0","0","0","0","0","0","0","0","0","0","0","0","0","0","0","0","0","0","0","0","0","0","0","0","0","0","0","0","0","0","0","0","0","0","0","0","0","0","0","0","0","0","0","0","0","0","0","0","0","0","0","0","0","0","0","0","0","0","A","ผ่าน"
"SCH_G3_0075","2564","2021","8. 2564 REP004-IMPROVEMENT 12 - ตารางสรุปรายงานมาตรฐานแต่ละด้าน พร้อมจำนวนข้อที่ต้องปรับปรุง และจำนวนเด็กที่ผ่านเกณฑ์.xls","46","Sheet1","2564|7250093302","สำนักงานตำรวจแห่งชาติ","กองบัญชาการตำรวจตระเวนชายแดน","กองบังคับการตำรวจตระเวนชายแดนภาค 3","กองกำกับการตำรวจตระเวนชายแดนที่ 33","","","","7250093302","รร.ตชด.อาโอยาม่า","รร.ตชด.อาโอยาม่า","10/01/2510","1967-01-10","parsed","1.2.3,1.3.8,3.1.3ข,3.6.1ข","1.2.3,1.3.8,3.1.3ข,3.6.1ข","4","4","0","","0","0","0","0","0","0","1","0","0","0","0","0","0","0","0","1","0","0","0","0","0","0","0","0","0","0","0","0","0","0","0","0","0","0","0","0","0","0","0","0","0","0","0","0","0","0","0","0","0","0","0","0","0","0","0","0","1","0","0","0","0","0","0","0","0","0","0","0","1","0","0","0","0","0","0","0","4","B","ผ่าน"
"SCH_G3_0076","2564","2021","8. 2564 REP004-IMPROVEMENT 12 - ตารางสรุปรายงานมาตรฐานแต่ละด้าน พร้อมจำนวนข้อที่ต้องปรับปรุง และจำนวนเด็กที่ผ่านเกณฑ์.xls","47","Sheet1","2564|7250103301","สำนักงานตำรวจแห่งชาติ","กองบัญชาการตำรวจตระเวนชายแดน","กองบังคับการตำรวจตระเวนชายแดนภาค 3","กองกำกับการตำรวจตระเวนชายแดนที่ 33","","","","7250103301","รร.ตชด.เฮียงไทยธำรงค์","รร.ตชด.เฮียงไทยธำรงค์","11/01/2505","1962-01-11","parsed","1.2.3,1.3.4,1.3.5,1.3.6,2.1.2,3.6.1ข","1.2.3,1.3.4,1.3.5,1.3.6,2.1.2,3.6.1ข","6","6","0","","0","0","0","0","0","0","1","0","0","0","0","1","1","1","0","0","0","0","0","0","0","0","0","0","0","0","0","0","1","0","0","0","0","0","0","0","0","0","0","0","0","0","0","0","0","0","0","0","0","0","0","0","0","0","0","0","0","0","0","0","0","0","0","0","0","0","0","0","1","0","0","0","0","0","0","0","6","B","ผ่าน"
"SCH_G3_0077","2564","2021","8. 2564 REP004-IMPROVEMENT 12 - ตารางสรุปรายงานมาตรฐานแต่ละด้าน พร้อมจำนวนข้อที่ต้องปรับปรุง และจำนวนเด็กที่ผ่านเกณฑ์.xls","48","Sheet1","2564|7250103307","สำนักงานตำรวจแห่งชาติ","กองบัญชาการตำรวจตระเวนชายแดน","กองบังคับการตำรวจตระเวนชายแดนภาค 3","กองกำกับการตำรวจตระเวนชายแดนที่ 33","","","","7250103307","รร.ตชด.ทุติยะโพธิ์อนุสรณ์","รร.ตชด.ทุติยะโพธิ์อนุสรณ์","14/06/2514","1971-06-14","parsed","1.2.2","1.2.2","1","1","0","","0","0","0","0","0","1","0","0","0","0","0","0","0","0","0","0","0","0","0","0","0","0","0","0","0","0","0","0","0","0","0","0","0","0","0","0","0","0","0","0","0","0","0","0","0","0","0","0","0","0","0","0","0","0","0","0","0","0","0","0","0","0","0","0","0","0","0","0","0","0","0","0","0","0","0","0","1","B","ผ่าน"
"SCH_G3_0078","2564","2021","8. 2564 REP004-IMPROVEMENT 12 - ตารางสรุปรายงานมาตรฐานแต่ละด้าน พร้อมจำนวนข้อที่ต้องปรับปรุง และจำนวนเด็กที่ผ่านเกณฑ์.xls","49","Sheet1","2564|7250113304","สำนักงานตำรวจแห่งชาติ","กองบัญชาการตำรวจตระเวนชายแดน","กองบังคับการตำรวจตระเวนชายแดนภาค 3","กองกำกับการตำรวจตระเวนชายแดนที่ 33","","","","7250113304","รร.ตชด.เจ้าพ่อหลวงอุปถัมภ์ 2","รร.ตชด.เจ้าพ่อหลวงอุปถัมภ์ 2","01/12/2508","1965-12-01","parsed","","","0","0","0","","0","0","0","0","0","0","0","0","0","0","0","0","0","0","0","0","0","0","0","0","0","0","0","0","0","0","0","0","0","0","0","0","0","0","0","0","0","0","0","0","0","0","0","0","0","0","0","0","0","0","0","0","0","0","0","0","0","0","0","0","0","0","0","0","0","0","0","0","0","0","0","0","0","0","0","0","0","A","ผ่าน"
"SCH_G3_0079","2564","2021","8. 2564 REP004-IMPROVEMENT 12 - ตารางสรุปรายงานมาตรฐานแต่ละด้าน พร้อมจำนวนข้อที่ต้องปรับปรุง และจำนวนเด็กที่ผ่านเกณฑ์.xls","50","Sheet1","2564|7250183318","สำนักงานตำรวจแห่งชาติ","กองบัญชาการตำรวจตระเวนชายแดน","กองบังคับการตำรวจตระเวนชายแดนภาค 3","กองกำกับการตำรวจตระเวนชายแดนที่ 33","","","","7250183318","รร.ตชด.รางวัลอินทิรา  คานธี","รร.ตชด.รางวัลอินทิรา  คานธี","20/04/2555","2012-04-20","parsed","","","0","0","0","","0","0","0","0","0","0","0","0","0","0","0","0","0","0","0","0","0","0","0","0","0","0","0","0","0","0","0","0","0","0","0","0","0","0","0","0","0","0","0","0","0","0","0","0","0","0","0","0","0","0","0","0","0","0","0","0","0","0","0","0","0","0","0","0","0","0","0","0","0","0","0","0","0","0","0","0","0","A","ผ่าน"
"SCH_G3_0081","2564","2021","8. 2564 REP004-IMPROVEMENT 12 - ตารางสรุปรายงานมาตรฐานแต่ละด้าน พร้อมจำนวนข้อที่ต้องปรับปรุง และจำนวนเด็กที่ผ่านเกณฑ์.xls","51","Sheet1","2564|7250183326","สำนักงานตำรวจแห่งชาติ","กองบัญชาการตำรวจตระเวนชายแดน","กองบังคับการตำรวจตระเวนชายแดนภาค 3","กองกำกับการตำรวจตระเวนชายแดนที่ 33","","","","7250183326","รร.ตชด.บางกอก เชฟ แชร์ริตี้","รร.ตชด.บางกอก เชฟ แชร์ริตี้","18/05/2558","2015-05-18","parsed","","","0","0","0","","0","0","0","0","0","0","0","0","0","0","0","0","0","0","0","0","0","0","0","0","0","0","0","0","0","0","0","0","0","0","0","0","0","0","0","0","0","0","0","0","0","0","0","0","0","0","0","0","0","0","0","0","0","0","0","0","0","0","0","0","0","0","0","0","0","0","0","0","0","0","0","0","0","0","0","0","0","A","ผ่าน"
"SCH_G3_0084","2564","2021","8. 2564 REP004-IMPROVEMENT 12 - ตารางสรุปรายงานมาตรฐานแต่ละด้าน พร้อมจำนวนข้อที่ต้องปรับปรุง และจำนวนเด็กที่ผ่านเกณฑ์.xls","52","Sheet1","2564|7250283334","สำนักงานตำรวจแห่งชาติ","กองบัญชาการตำรวจตระเวนชายแดน","กองบังคับการตำรวจตระเวนชายแดนภาค 3","กองกำกับการตำรวจตระเวนชายแดนที่ 33","","","","7250283334","ศกร.ตชด.บ้านนามะอื้น","ศกร.ตชด.บ้านนามะอื้น","16/05/2562","2019-05-16","parsed","1.4.2,1.4.5,1.4.6,1.5.4,3.1.3ข,3.6.2ข","1.4.2,1.4.5,1.4.6,1.5.4,3.1.3ข,3.6.2ข","6","6","0","","0","0","0","0","0","0","0","0","0","0","0","0","0","0","0","0","0","1","0","0","1","1","0","0","0","0","1","0","0","0","0","0","0","0","0","0","0","0","0","0","0","0","0","0","0","0","0","0","0","0","0","0","0","0","0","0","1","0","0","0","0","0","0","0","0","0","0","0","0","1","0","0","0","0","0","0","6","B","ผ่าน"
"SCH_G3_0085","2564","2021","8. 2564 REP004-IMPROVEMENT 12 - ตารางสรุปรายงานมาตรฐานแต่ละด้าน พร้อมจำนวนข้อที่ต้องปรับปรุง และจำนวนเด็กที่ผ่านเกณฑ์.xls","53","Sheet1","2564|7253063101","สำนักงานตำรวจแห่งชาติ","กองบัญชาการตำรวจตระเวนชายแดน","กองบังคับการตำรวจตระเวนชายแดนภาค 3","กองกำกับการตำรวจตระเวนชายแดนที่ 31","","","","7253063101","รร.ตชด.บุญธรรม-บุญพรั้ง","รร.ตชด.บุญธรรม-บุญพรั้ง","01/05/2501","1958-05-01","parsed","","","0","0","0","","0","0","0","0","0","0","0","0","0","0","0","0","0","0","0","0","0","0","0","0","0","0","0","0","0","0","0","0","0","0","0","0","0","0","0","0","0","0","0","0","0","0","0","0","0","0","0","0","0","0","0","0","0","0","0","0","0","0","0","0","0","0","0","0","0","0","0","0","0","0","0","0","0","0","0","0","0","A","ผ่าน"
"SCH_G3_0086","2564","2021","8. 2564 REP004-IMPROVEMENT 12 - ตารางสรุปรายงานมาตรฐานแต่ละด้าน พร้อมจำนวนข้อที่ต้องปรับปรุง และจำนวนเด็กที่ผ่านเกณฑ์.xls","54","Sheet1","2564|7253063105","สำนักงานตำรวจแห่งชาติ","กองบัญชาการตำรวจตระเวนชายแดน","กองบังคับการตำรวจตระเวนชายแดนภาค 3","กองกำกับการตำรวจตระเวนชายแดนที่ 31","","","","7253063105","รร.ตชด.ยอดโพธิ์ทอง 1","รร.ตชด.ยอดโพธิ์ทอง 1","01/08/2529","1986-08-01","parsed","","","0","0","0","","0","0","0","0","0","0","0","0","0","0","0","0","0","0","0","0","0","0","0","0","0","0","0","0","0","0","0","0","0","0","0","0","0","0","0","0","0","0","0","0","0","0","0","0","0","0","0","0","0","0","0","0","0","0","0","0","0","0","0","0","0","0","0","0","0","0","0","0","0","0","0","0","0","0","0","0","0","A","ผ่าน"
"SCH_G3_0087","2564","2021","8. 2564 REP004-IMPROVEMENT 12 - ตารางสรุปรายงานมาตรฐานแต่ละด้าน พร้อมจำนวนข้อที่ต้องปรับปรุง และจำนวนเด็กที่ผ่านเกณฑ์.xls","55","Sheet1","2564|7255013224","สำนักงานตำรวจแห่งชาติ","กองบัญชาการตำรวจตระเวนชายแดน","กองบังคับการตำรวจตระเวนชายแดนภาค 3","กองกำกับการตำรวจตระเวนชายแดนที่ 32","","","","7255013224","ศกร.ตชด.บ้านห้วยลู่","ศกร.ตชด.บ้านห้วยลู่","24/01/2563","2020-01-24","parsed","1.2.3","1.2.3","1","1","0","","0","0","0","0","0","0","1","0","0","0","0","0","0","0","0","0","0","0","0","0","0","0","0","0","0","0","0","0","0","0","0","0","0","0","0","0","0","0","0","0","0","0","0","0","0","0","0","0","0","0","0","0","0","0","0","0","0","0","0","0","0","0","0","0","0","0","0","0","0","0","0","0","0","0","0","0","1","B","ผ่าน"
"SCH_G3_0088","2564","2021","8. 2564 REP004-IMPROVEMENT 12 - ตารางสรุปรายงานมาตรฐานแต่ละด้าน พร้อมจำนวนข้อที่ต้องปรับปรุง และจำนวนเด็กที่ผ่านเกณฑ์.xls","56","Sheet1","2564|7255023216","สำนักงานตำรวจแห่งชาติ","กองบัญชาการตำรวจตระเวนชายแดน","กองบังคับการตำรวจตระเวนชายแดนภาค 3","กองกำกับการตำรวจตระเวนชายแดนที่ 32","","","","7255023216","รร.ตชด.พีระยานุเคราะห์ฯ 3","รร.ตชด.พีระยานุเคราะห์ฯ 3","26/01/2538","1995-01-26","parsed","1.2.3","1.2.3","1","1","0","","0","0","0","0","0","0","1","0","0","0","0","0","0","0","0","0","0","0","0","0","0","0","0","0","0","0","0","0","0","0","0","0","0","0","0","0","0","0","0","0","0","0","0","0","0","0","0","0","0","0","0","0","0","0","0","0","0","0","0","0","0","0","0","0","0","0","0","0","0","0","0","0","0","0","0","0","1","B","ผ่าน"
"SCH_G3_0089","2564","2021","8. 2564 REP004-IMPROVEMENT 12 - ตารางสรุปรายงานมาตรฐานแต่ละด้าน พร้อมจำนวนข้อที่ต้องปรับปรุง และจำนวนเด็กที่ผ่านเกณฑ์.xls","57","Sheet1","2564|7255123217","สำนักงานตำรวจแห่งชาติ","กองบัญชาการตำรวจตระเวนชายแดน","กองบังคับการตำรวจตระเวนชายแดนภาค 3","กองกำกับการตำรวจตระเวนชายแดนที่ 32","","","","7255123217","รร.ตชด.เฉลิมฉลอง 100 ปีฯ","รร.ตชด.เฉลิมฉลอง 100 ปีฯ","","","missing","","","0","0","0","","0","0","0","0","0","0","0","0","0","0","0","0","0","0","0","0","0","0","0","0","0","0","0","0","0","0","0","0","0","0","0","0","0","0","0","0","0","0","0","0","0","0","0","0","0","0","0","0","0","0","0","0","0","0","0","0","0","0","0","0","0","0","0","0","0","0","0","0","0","0","0","0","0","0","0","0","0","A","ผ่าน"
"SCH_G3_0091","2564","2021","8. 2564 REP004-IMPROVEMENT 12 - ตารางสรุปรายงานมาตรฐานแต่ละด้าน พร้อมจำนวนข้อที่ต้องปรับปรุง และจำนวนเด็กที่ผ่านเกณฑ์.xls","58","Sheet1","2564|7256063211","สำนักงานตำรวจแห่งชาติ","กองบัญชาการตำรวจตระเวนชายแดน","กองบังคับการตำรวจตระเวนชายแดนภาค 3","กองกำกับการตำรวจตระเวนชายแดนที่ 32","","","","7256063211","รร.ตชด.เบ็ตตี้ดูเมน","รร.ตชด.เบ็ตตี้ดูเมน","12/01/2528","1985-01-12","parsed","","","0","0","0","","0","0","0","0","0","0","0","0","0","0","0","0","0","0","0","0","0","0","0","0","0","0","0","0","0","0","0","0","0","0","0","0","0","0","0","0","0","0","0","0","0","0","0","0","0","0","0","0","0","0","0","0","0","0","0","0","0","0","0","0","0","0","0","0","0","0","0","0","0","0","0","0","0","0","0","0","0","A","ผ่าน"
"SCH_G3_0092","2564","2021","8. 2564 REP004-IMPROVEMENT 12 - ตารางสรุปรายงานมาตรฐานแต่ละด้าน พร้อมจำนวนข้อที่ต้องปรับปรุง และจำนวนเด็กที่ผ่านเกณฑ์.xls","59","Sheet1","2564|7256113223","สำนักงานตำรวจแห่งชาติ","กองบัญชาการตำรวจตระเวนชายแดน","กองบังคับการตำรวจตระเวนชายแดนภาค 3","กองกำกับการตำรวจตระเวนชายแดนที่ 32","","","","7256113223","ศกร.ตชด.อินทรีอาสา (บ้านห้วยปุ้ม)","ศกร.ตชด.อินทรีอาสา (บ้านห้วยปุ้ม)","10/02/2561","2018-02-10","parsed","3.1.3ข","3.1.3ข","1","1","0","","0","0","0","0","0","0","0","0","0","0","0","0","0","0","0","0","0","0","0","0","0","0","0","0","0","0","0","0","0","0","0","0","0","0","0","0","0","0","0","0","0","0","0","0","0","0","0","0","0","0","0","0","0","0","0","0","1","0","0","0","0","0","0","0","0","0","0","0","0","0","0","0","0","0","0","0","1","B","ผ่าน"
"SCH_G3_0093","2564","2021","8. 2564 REP004-IMPROVEMENT 12 - ตารางสรุปรายงานมาตรฐานแต่ละด้าน พร้อมจำนวนข้อที่ต้องปรับปรุง และจำนวนเด็กที่ผ่านเกณฑ์.xls","60","Sheet1","2564|7257013213","สำนักงานตำรวจแห่งชาติ","กองบัญชาการตำรวจตระเวนชายแดน","กองบังคับการตำรวจตระเวนชายแดนภาค 3","กองกำกับการตำรวจตระเวนชายแดนที่ 32","","","","7257013213","รร.ตชด.เทคนิคดุสิต","รร.ตชด.เทคนิคดุสิต","14/06/2564","2021-06-14","parsed","","","0","0","0","","0","0","0","0","0","0","0","0","0","0","0","0","0","0","0","0","0","0","0","0","0","0","0","0","0","0","0","0","0","0","0","0","0","0","0","0","0","0","0","0","0","0","0","0","0","0","0","0","0","0","0","0","0","0","0","0","0","0","0","0","0","0","0","0","0","0","0","0","0","0","0","0","0","0","0","0","0","A","ผ่าน"
"SCH_G3_0096","2564","2021","8. 2564 REP004-IMPROVEMENT 12 - ตารางสรุปรายงานมาตรฐานแต่ละด้าน พร้อมจำนวนข้อที่ต้องปรับปรุง และจำนวนเด็กที่ผ่านเกณฑ์.xls","61","Sheet1","2564|7257103201","สำนักงานตำรวจแห่งชาติ","กองบัญชาการตำรวจตระเวนชายแดน","กองบังคับการตำรวจตระเวนชายแดนภาค 3","กองกำกับการตำรวจตระเวนชายแดนที่ 32","","","","7257103201","รร.ตชด.บ้านดอยล้าน *","รร.ตชด.บ้านดอยล้าน *","01/10/2503","1960-10-01","parsed","","","0","0","0","","0","0","0","0","0","0","0","0","0","0","0","0","0","0","0","0","0","0","0","0","0","0","0","0","0","0","0","0","0","0","0","0","0","0","0","0","0","0","0","0","0","0","0","0","0","0","0","0","0","0","0","0","0","0","0","0","0","0","0","0","0","0","0","0","0","0","0","0","0","0","0","0","0","0","0","0","0","A","ผ่าน"
"SCH_G3_0101","2564","2021","8. 2564 REP004-IMPROVEMENT 12 - ตารางสรุปรายงานมาตรฐานแต่ละด้าน พร้อมจำนวนข้อที่ต้องปรับปรุง และจำนวนเด็กที่ผ่านเกณฑ์.xls","62","Sheet1","2564|7257153208","สำนักงานตำรวจแห่งชาติ","กองบัญชาการตำรวจตระเวนชายแดน","กองบังคับการตำรวจตระเวนชายแดนภาค 3","กองกำกับการตำรวจตระเวนชายแดนที่ 32","","","","7257153208","รร.ตชด.เจ้าพ่อหลวงอุปถัมภ์ 4 *","รร.ตชด.เจ้าพ่อหลวงอุปถัมภ์ 4 *","01/01/2508","1965-01-01","parsed","3.1.3ข","3.1.3ข","1","1","0","","0","0","0","0","0","0","0","0","0","0","0","0","0","0","0","0","0","0","0","0","0","0","0","0","0","0","0","0","0","0","0","0","0","0","0","0","0","0","0","0","0","0","0","0","0","0","0","0","0","0","0","0","0","0","0","0","1","0","0","0","0","0","0","0","0","0","0","0","0","0","0","0","0","0","0","0","1","B","ผ่าน"
"SCH_G3_0102","2564","2021","8. 2564 REP004-IMPROVEMENT 12 - ตารางสรุปรายงานมาตรฐานแต่ละด้าน พร้อมจำนวนข้อที่ต้องปรับปรุง และจำนวนเด็กที่ผ่านเกณฑ์.xls","63","Sheet1","2564|7257153210","สำนักงานตำรวจแห่งชาติ","กองบัญชาการตำรวจตระเวนชายแดน","กองบังคับการตำรวจตระเวนชายแดนภาค 3","กองกำกับการตำรวจตระเวนชายแดนที่ 32","","","","7257153210","รร.ตชด.บำรุงที่ 112 *","รร.ตชด.บำรุงที่ 112 *","07/07/2564","2021-07-07","parsed","1.2.3","1.2.3","1","1","0","","0","0","0","0","0","0","1","0","0","0","0","0","0","0","0","0","0","0","0","0","0","0","0","0","0","0","0","0","0","0","0","0","0","0","0","0","0","0","0","0","0","0","0","0","0","0","0","0","0","0","0","0","0","0","0","0","0","0","0","0","0","0","0","0","0","0","0","0","0","0","0","0","0","0","0","0","1","B","ผ่าน"
"SCH_G3_0104","2564","2021","8. 2564 REP004-IMPROVEMENT 12 - ตารางสรุปรายงานมาตรฐานแต่ละด้าน พร้อมจำนวนข้อที่ต้องปรับปรุง และจำนวนเด็กที่ผ่านเกณฑ์.xls","64","Sheet1","2564|7258013323","สำนักงานตำรวจแห่งชาติ","กองบัญชาการตำรวจตระเวนชายแดน","กองบังคับการตำรวจตระเวนชายแดนภาค 3","กองกำกับการตำรวจตระเวนชายแดนที่ 33","","","","7258013323","ศกร.ตชด.บ้านดอยแสง","ศกร.ตชด.บ้านดอยแสง","16/05/2558","2015-05-16","parsed","","","0","0","0","","0","0","0","0","0","0","0","0","0","0","0","0","0","0","0","0","0","0","0","0","0","0","0","0","0","0","0","0","0","0","0","0","0","0","0","0","0","0","0","0","0","0","0","0","0","0","0","0","0","0","0","0","0","0","0","0","0","0","0","0","0","0","0","0","0","0","0","0","0","0","0","0","0","0","0","0","0","A","ผ่าน"
"SCH_G3_0105","2564","2021","8. 2564 REP004-IMPROVEMENT 12 - ตารางสรุปรายงานมาตรฐานแต่ละด้าน พร้อมจำนวนข้อที่ต้องปรับปรุง และจำนวนเด็กที่ผ่านเกณฑ์.xls","65","Sheet1","2564|7258023328","สำนักงานตำรวจแห่งชาติ","กองบัญชาการตำรวจตระเวนชายแดน","กองบังคับการตำรวจตระเวนชายแดนภาค 3","กองกำกับการตำรวจตระเวนชายแดนที่ 33","","","","7258023328","ศกร.ตชด.บ้านห้วยโปงเลา","ศกร.ตชด.บ้านห้วยโปงเลา","24/11/2559","2016-11-24","parsed","","","0","0","0","","0","0","0","0","0","0","0","0","0","0","0","0","0","0","0","0","0","0","0","0","0","0","0","0","0","0","0","0","0","0","0","0","0","0","0","0","0","0","0","0","0","0","0","0","0","0","0","0","0","0","0","0","0","0","0","0","0","0","0","0","0","0","0","0","0","0","0","0","0","0","0","0","0","0","0","0","0","A","ผ่าน"
"SCH_G3_0107","2564","2021","8. 2564 REP004-IMPROVEMENT 12 - ตารางสรุปรายงานมาตรฐานแต่ละด้าน พร้อมจำนวนข้อที่ต้องปรับปรุง และจำนวนเด็กที่ผ่านเกณฑ์.xls","66","Sheet1","2564|7258043320","สำนักงานตำรวจแห่งชาติ","กองบัญชาการตำรวจตระเวนชายแดน","กองบังคับการตำรวจตระเวนชายแดนภาค 3","กองกำกับการตำรวจตระเวนชายแดนที่ 33","","","","7258043320","ศกร.ตชด.บ้านโกแประ","ศกร.ตชด.บ้านโกแประ","15/05/2551","2008-05-15","parsed","","","0","0","0","","0","0","0","0","0","0","0","0","0","0","0","0","0","0","0","0","0","0","0","0","0","0","0","0","0","0","0","0","0","0","0","0","0","0","0","0","0","0","0","0","0","0","0","0","0","0","0","0","0","0","0","0","0","0","0","0","0","0","0","0","0","0","0","0","0","0","0","0","0","0","0","0","0","0","0","0","0","A","ผ่าน"
"SCH_G3_0108","2564","2021","8. 2564 REP004-IMPROVEMENT 12 - ตารางสรุปรายงานมาตรฐานแต่ละด้าน พร้อมจำนวนข้อที่ต้องปรับปรุง และจำนวนเด็กที่ผ่านเกณฑ์.xls","67","Sheet1","2564|7258043321","สำนักงานตำรวจแห่งชาติ","กองบัญชาการตำรวจตระเวนชายแดน","กองบังคับการตำรวจตระเวนชายแดนภาค 3","กองกำกับการตำรวจตระเวนชายแดนที่ 33","","","","7258043321","ศกร.ตชด.บ้านปอหมื้อ","ศกร.ตชด.บ้านปอหมื้อ","17/05/2565","2022-05-17","parsed","","","0","0","0","","0","0","0","0","0","0","0","0","0","0","0","0","0","0","0","0","0","0","0","0","0","0","0","0","0","0","0","0","0","0","0","0","0","0","0","0","0","0","0","0","0","0","0","0","0","0","0","0","0","0","0","0","0","0","0","0","0","0","0","0","0","0","0","0","0","0","0","0","0","0","0","0","0","0","0","0","0","A","ผ่าน"
"SCH_G3_0109","2564","2021","8. 2564 REP004-IMPROVEMENT 12 - ตารางสรุปรายงานมาตรฐานแต่ละด้าน พร้อมจำนวนข้อที่ต้องปรับปรุง และจำนวนเด็กที่ผ่านเกณฑ์.xls","68","Sheet1","2564|7258043322","สำนักงานตำรวจแห่งชาติ","กองบัญชาการตำรวจตระเวนชายแดน","กองบังคับการตำรวจตระเวนชายแดนภาค 3","กองกำกับการตำรวจตระเวนชายแดนที่ 33","","","","7258043322","รร.ตชด.๙๐๕","รร.ตชด.๙๐๕","16/05/2569","2026-05-16","parsed","","","0","0","0","","0","0","0","0","0","0","0","0","0","0","0","0","0","0","0","0","0","0","0","0","0","0","0","0","0","0","0","0","0","0","0","0","0","0","0","0","0","0","0","0","0","0","0","0","0","0","0","0","0","0","0","0","0","0","0","0","0","0","0","0","0","0","0","0","0","0","0","0","0","0","0","0","0","0","0","0","0","A","ผ่าน"
"SCH_G3_0110","2564","2021","8. 2564 REP004-IMPROVEMENT 12 - ตารางสรุปรายงานมาตรฐานแต่ละด้าน พร้อมจำนวนข้อที่ต้องปรับปรุง และจำนวนเด็กที่ผ่านเกณฑ์.xls","69","Sheet1","2564|7258043327","สำนักงานตำรวจแห่งชาติ","กองบัญชาการตำรวจตระเวนชายแดน","กองบังคับการตำรวจตระเวนชายแดนภาค 3","กองกำกับการตำรวจตระเวนชายแดนที่ 33","","","","7258043327","ศกร.ตชด.บ้านแม่เหลอ","ศกร.ตชด.บ้านแม่เหลอ","30/07/2564","2021-07-30","parsed","1.2.3","1.2.3","1","1","0","","0","0","0","0","0","0","1","0","0","0","0","0","0","0","0","0","0","0","0","0","0","0","0","0","0","0","0","0","0","0","0","0","0","0","0","0","0","0","0","0","0","0","0","0","0","0","0","0","0","0","0","0","0","0","0","0","0","0","0","0","0","0","0","0","0","0","0","0","0","0","0","0","0","0","0","0","1","B","ผ่าน"
"SCH_G3_0112","2564","2021","8. 2564 REP004-IMPROVEMENT 12 - ตารางสรุปรายงานมาตรฐานแต่ละด้าน พร้อมจำนวนข้อที่ต้องปรับปรุง และจำนวนเด็กที่ผ่านเกณฑ์.xls","70","Sheet1","2564|7258053309","สำนักงานตำรวจแห่งชาติ","กองบัญชาการตำรวจตระเวนชายแดน","กองบังคับการตำรวจตระเวนชายแดนภาค 3","กองกำกับการตำรวจตระเวนชายแดนที่ 33","","","","7258053309","รร.ตชด.บ้านตุน","รร.ตชด.บ้านตุน","30/07/2564","2021-07-30","parsed","1.2.3","1.2.3","1","1","0","","0","0","0","0","0","0","1","0","0","0","0","0","0","0","0","0","0","0","0","0","0","0","0","0","0","0","0","0","0","0","0","0","0","0","0","0","0","0","0","0","0","0","0","0","0","0","0","0","0","0","0","0","0","0","0","0","0","0","0","0","0","0","0","0","0","0","0","0","0","0","0","0","0","0","0","0","1","B","ผ่าน"
"SCH_G3_0113","2564","2021","8. 2564 REP004-IMPROVEMENT 12 - ตารางสรุปรายงานมาตรฐานแต่ละด้าน พร้อมจำนวนข้อที่ต้องปรับปรุง และจำนวนเด็กที่ผ่านเกณฑ์.xls","71","Sheet1","2564|7258063329","สำนักงานตำรวจแห่งชาติ","กองบัญชาการตำรวจตระเวนชายแดน","กองบังคับการตำรวจตระเวนชายแดนภาค 3","กองกำกับการตำรวจตระเวนชายแดนที่ 33","","","","7258063329","ศกร.ตชด.บ้านห้วยมะโอ","ศกร.ตชด.บ้านห้วยมะโอ","","","missing","1.2.3","1.2.3","1","1","0","","0","0","0","0","0","0","1","0","0","0","0","0","0","0","0","0","0","0","0","0","0","0","0","0","0","0","0","0","0","0","0","0","0","0","0","0","0","0","0","0","0","0","0","0","0","0","0","0","0","0","0","0","0","0","0","0","0","0","0","0","0","0","0","0","0","0","0","0","0","0","0","0","0","0","0","0","1","B","ผ่าน"
"SCH_G3_0114","2564","2021","8. 2564 REP004-IMPROVEMENT 12 - ตารางสรุปรายงานมาตรฐานแต่ละด้าน พร้อมจำนวนข้อที่ต้องปรับปรุง และจำนวนเด็กที่ผ่านเกณฑ์.xls","72","Sheet1","2564|7258073305","สำนักงานตำรวจแห่งชาติ","กองบัญชาการตำรวจตระเวนชายแดน","กองบังคับการตำรวจตระเวนชายแดนภาค 3","กองกำกับการตำรวจตระเวนชายแดนที่ 33","","","","7258073305","รร.ตชด.ชมรมอนุรักษ์พุทธศิลปไทยอนุสรณ์","รร.ตชด.ชมรมอนุรักษ์พุทธศิลปไทยอนุสรณ์","","","missing","1.2.3","1.2.3","1","1","0","","0","0","0","0","0","0","1","0","0","0","0","0","0","0","0","0","0","0","0","0","0","0","0","0","0","0","0","0","0","0","0","0","0","0","0","0","0","0","0","0","0","0","0","0","0","0","0","0","0","0","0","0","0","0","0","0","0","0","0","0","0","0","0","0","0","0","0","0","0","0","0","0","0","0","0","0","1","B","ผ่าน"
"SCH_G3_0115","2564","2021","8. 2564 REP004-IMPROVEMENT 12 - ตารางสรุปรายงานมาตรฐานแต่ละด้าน พร้อมจำนวนข้อที่ต้องปรับปรุง และจำนวนเด็กที่ผ่านเกณฑ์.xls","73","Sheet1","2564|7258073313","สำนักงานตำรวจแห่งชาติ","กองบัญชาการตำรวจตระเวนชายแดน","กองบังคับการตำรวจตระเวนชายแดนภาค 3","กองกำกับการตำรวจตระเวนชายแดนที่ 33","","","","7258073313","รร.ตชด.ชมรมอนุรักษ์พุทธศิลปไทยอนุสรณ์ 2","รร.ตชด.ชมรมอนุรักษ์พุทธศิลปไทยอนุสรณ์ 2","04/04/2534","1991-04-04","parsed","","","0","0","0","","0","0","0","0","0","0","0","0","0","0","0","0","0","0","0","0","0","0","0","0","0","0","0","0","0","0","0","0","0","0","0","0","0","0","0","0","0","0","0","0","0","0","0","0","0","0","0","0","0","0","0","0","0","0","0","0","0","0","0","0","0","0","0","0","0","0","0","0","0","0","0","0","0","0","0","0","0","A","ผ่าน"
"SCH_G3_0117","2564","2021","8. 2564 REP004-IMPROVEMENT 12 - ตารางสรุปรายงานมาตรฐานแต่ละด้าน พร้อมจำนวนข้อที่ต้องปรับปรุง และจำนวนเด็กที่ผ่านเกณฑ์.xls","74","Sheet1","2564|7258133330","สำนักงานตำรวจแห่งชาติ","กองบัญชาการตำรวจตระเวนชายแดน","กองบังคับการตำรวจตระเวนชายแดนภาค 3","กองกำกับการตำรวจตระเวนชายแดนที่ 33","","","","7258133330","ศกร.ตชด.พลเอก อรชุน พิบูลนครินทร์","ศกร.ตชด.พลเอก อรชุน พิบูลนครินทร์","01/05/2559","2016-05-01","parsed","2.1.1,2.1.2,2.1.3,2.1.4,2.1.5,2.2.1,2.2.2,2.2.3,2.2.4,2.2.5,2.3.1,2.3.2,2.3.3,2.3.4,2.3.5,2.4.1,2.4.2,2.4.3,2.5.1,2.5.2,3.1.1ข,3.1.2ข,3.1.3ข,3.2.1ข,3.3.1ข,3.3.2ข,3.4.1ข,3.4.2ข,3.4.3ข,3.5.1ข,3.5.2ข,3.5.3ข,3.5.4ข,3.5.5ข,3.6.1ข,3.6.2ข,3.6.3ข,3.6.4ข,3.7.1ข,3.7.2ข,3.7.3ข,3.7.4ข","2.1.1,2.1.2,2.1.3,2.1.4,2.1.5,2.2.1,2.2.2,2.2.3,2.2.4,2.2.5,2.3.1,2.3.2,2.3.3,2.3.4,2.3.5,2.4.1,2.4.2,2.4.3,2.5.1,2.5.2,3.1.1ข,3.1.2ข,3.1.3ข,3.2.1ข,3.3.1ข,3.3.2ข,3.4.1ข,3.4.2ข,3.4.3ข,3.5.1ข,3.5.2ข,3.5.3ข,3.5.4ข,3.5.5ข,3.6.1ข,3.6.2ข,3.6.3ข,3.6.4ข,3.7.1ข,3.7.2ข,3.7.3ข,3.7.4ข","42","42","0","","0","0","0","0","0","0","0","0","0","0","0","0","0","0","0","0","0","0","0","0","0","0","0","0","0","0","0","1","1","1","1","1","1","1","1","1","1","1","1","1","1","1","1","1","1","1","1","0","0","0","0","0","0","0","1","1","1","1","1","1","1","1","1","1","1","1","1","1","1","1","1","1","1","1","1","1","42","D","ไม่ผ่าน"
"SCH_G3_0118","2564","2021","8. 2564 REP004-IMPROVEMENT 12 - ตารางสรุปรายงานมาตรฐานแต่ละด้าน พร้อมจำนวนข้อที่ต้องปรับปรุง และจำนวนเด็กที่ผ่านเกณฑ์.xls","75","Sheet1","2564|7258153331","สำนักงานตำรวจแห่งชาติ","กองบัญชาการตำรวจตระเวนชายแดน","กองบังคับการตำรวจตระเวนชายแดนภาค 3","กองกำกับการตำรวจตระเวนชายแดนที่ 33","","","","7258153331","รร.ตชด.บำรุงที่ 114","รร.ตชด.บำรุงที่ 114","16/05/2559","2016-05-16","parsed","1.2.3,3.1.3ข,3.5.3ข,3.6.2ข,3.6.4ข","1.2.3,3.1.3ข,3.5.3ข,3.6.2ข,3.6.4ข","5","5","0","","0","0","0","0","0","0","1","0","0","0","0","0","0","0","0","0","0","0","0","0","0","0","0","0","0","0","0","0","0","0","0","0","0","0","0","0","0","0","0","0","0","0","0","0","0","0","0","0","0","0","0","0","0","0","0","0","1","0","0","0","0","0","0","0","0","1","0","0","0","1","0","1","0","0","0","0","5","B","ผ่าน"
"SCH_G3_0121","2564","2021","8. 2564 REP004-IMPROVEMENT 12 - ตารางสรุปรายงานมาตรฐานแต่ละด้าน พร้อมจำนวนข้อที่ต้องปรับปรุง และจำนวนเด็กที่ผ่านเกณฑ์.xls","76","Sheet1","2564|7263043420","สำนักงานตำรวจแห่งชาติ","กองบัญชาการตำรวจตระเวนชายแดน","กองบังคับการตำรวจตระเวนชายแดนภาค 3","กองกำกับการตำรวจตระเวนชายแดนที่ 34","","","","7263043420","ศกร.ตชด.บ้านทีวะเบยทะ *","ศกร.ตชด.บ้านทีวะเบยทะ *","16/05/2545","2002-05-16","parsed","1.3.8,3.6.4ข","1.3.8,3.6.4ข","2","2","0","","0","0","0","0","0","0","0","0","0","0","0","0","0","0","0","1","0","0","0","0","0","0","0","0","0","0","0","0","0","0","0","0","0","0","0","0","0","0","0","0","0","0","0","0","0","0","0","0","0","0","0","0","0","0","0","0","0","0","0","0","0","0","0","0","0","0","0","0","0","0","0","1","0","0","0","0","2","B","ผ่าน"
"SCH_G3_0122","2564","2021","8. 2564 REP004-IMPROVEMENT 12 - ตารางสรุปรายงานมาตรฐานแต่ละด้าน พร้อมจำนวนข้อที่ต้องปรับปรุง และจำนวนเด็กที่ผ่านเกณฑ์.xls","77","Sheet1","2564|7263043421","สำนักงานตำรวจแห่งชาติ","กองบัญชาการตำรวจตระเวนชายแดน","กองบังคับการตำรวจตระเวนชายแดนภาค 3","กองกำกับการตำรวจตระเวนชายแดนที่ 34","","","","7263043421","ศกร.ตชด.บ้านวะกะเลโค๊ะ *(เอ็ม เอส ไอ จี อุปถัมภ์)","ศกร.ตชด.บ้านวะกะเลโค๊ะ *(เอ็ม เอส ไอ จี อุปถัมภ์)","16/05/2546","2003-05-16","parsed","1.2.3","1.2.3","1","1","0","","0","0","0","0","0","0","1","0","0","0","0","0","0","0","0","0","0","0","0","0","0","0","0","0","0","0","0","0","0","0","0","0","0","0","0","0","0","0","0","0","0","0","0","0","0","0","0","0","0","0","0","0","0","0","0","0","0","0","0","0","0","0","0","0","0","0","0","0","0","0","0","0","0","0","0","0","1","B","ผ่าน"
"SCH_G3_0123","2564","2021","8. 2564 REP004-IMPROVEMENT 12 - ตารางสรุปรายงานมาตรฐานแต่ละด้าน พร้อมจำนวนข้อที่ต้องปรับปรุง และจำนวนเด็กที่ผ่านเกณฑ์.xls","78","Sheet1","2564|7263043422","สำนักงานตำรวจแห่งชาติ","กองบัญชาการตำรวจตระเวนชายแดน","กองบังคับการตำรวจตระเวนชายแดนภาค 3","กองกำกับการตำรวจตระเวนชายแดนที่ 34","","","","7263043422","ศกร.ตชด.บ้านเลผะสุคี *","ศกร.ตชด.บ้านเลผะสุคี *","16/05/2546","2003-05-16","parsed","","","0","0","0","","0","0","0","0","0","0","0","0","0","0","0","0","0","0","0","0","0","0","0","0","0","0","0","0","0","0","0","0","0","0","0","0","0","0","0","0","0","0","0","0","0","0","0","0","0","0","0","0","0","0","0","0","0","0","0","0","0","0","0","0","0","0","0","0","0","0","0","0","0","0","0","0","0","0","0","0","0","A","ผ่าน"
"SCH_G3_0126","2564","2021","8. 2564 REP004-IMPROVEMENT 12 - ตารางสรุปรายงานมาตรฐานแต่ละด้าน พร้อมจำนวนข้อที่ต้องปรับปรุง และจำนวนเด็กที่ผ่านเกณฑ์.xls","79","Sheet1","2564|7263053402","สำนักงานตำรวจแห่งชาติ","กองบัญชาการตำรวจตระเวนชายแดน","กองบังคับการตำรวจตระเวนชายแดนภาค 3","กองกำกับการตำรวจตระเวนชายแดนที่ 34","","","","7263053402","รร.ตชด.จุฬา - ธรรมศาสตร์ 3","รร.ตชด.จุฬา - ธรรมศาสตร์ 3","07/09/2515","1972-09-07","parsed","","","0","0","0","","0","0","0","0","0","0","0","0","0","0","0","0","0","0","0","0","0","0","0","0","0","0","0","0","0","0","0","0","0","0","0","0","0","0","0","0","0","0","0","0","0","0","0","0","0","0","0","0","0","0","0","0","0","0","0","0","0","0","0","0","0","0","0","0","0","0","0","0","0","0","0","0","0","0","0","0","0","A","ผ่าน"
"SCH_G3_0127","2564","2021","8. 2564 REP004-IMPROVEMENT 12 - ตารางสรุปรายงานมาตรฐานแต่ละด้าน พร้อมจำนวนข้อที่ต้องปรับปรุง และจำนวนเด็กที่ผ่านเกณฑ์.xls","80","Sheet1","2564|7263053404","สำนักงานตำรวจแห่งชาติ","กองบัญชาการตำรวจตระเวนชายแดน","กองบังคับการตำรวจตระเวนชายแดนภาค 3","กองกำกับการตำรวจตระเวนชายแดนที่ 34","","","","7263053404","รร.ตชด.เทคนิคอาสา 1","รร.ตชด.เทคนิคอาสา 1","15/03/2528","1985-03-15","parsed","1.2.3,1.4.6","1.2.3,1.4.6","2","2","0","","0","0","0","0","0","0","1","0","0","0","0","0","0","0","0","0","0","0","0","0","0","1","0","0","0","0","0","0","0","0","0","0","0","0","0","0","0","0","0","0","0","0","0","0","0","0","0","0","0","0","0","0","0","0","0","0","0","0","0","0","0","0","0","0","0","0","0","0","0","0","0","0","0","0","0","0","2","B","ผ่าน"
"SCH_G3_0128","2564","2021","8. 2564 REP004-IMPROVEMENT 12 - ตารางสรุปรายงานมาตรฐานแต่ละด้าน พร้อมจำนวนข้อที่ต้องปรับปรุง และจำนวนเด็กที่ผ่านเกณฑ์.xls","81","Sheet1","2564|7263053409","สำนักงานตำรวจแห่งชาติ","กองบัญชาการตำรวจตระเวนชายแดน","กองบังคับการตำรวจตระเวนชายแดนภาค 3","กองกำกับการตำรวจตระเวนชายแดนที่ 34","","","","7263053409","รร.ตชด.บ้านกามาผาโด้","รร.ตชด.บ้านกามาผาโด้","16/05/2526","1983-05-16","parsed","","","0","0","0","","0","0","0","0","0","0","0","0","0","0","0","0","0","0","0","0","0","0","0","0","0","0","0","0","0","0","0","0","0","0","0","0","0","0","0","0","0","0","0","0","0","0","0","0","0","0","0","0","0","0","0","0","0","0","0","0","0","0","0","0","0","0","0","0","0","0","0","0","0","0","0","0","0","0","0","0","0","A","ผ่าน"
"SCH_G3_0129","2564","2021","8. 2564 REP004-IMPROVEMENT 12 - ตารางสรุปรายงานมาตรฐานแต่ละด้าน พร้อมจำนวนข้อที่ต้องปรับปรุง และจำนวนเด็กที่ผ่านเกณฑ์.xls","82","Sheet1","2564|7263053414","สำนักงานตำรวจแห่งชาติ","กองบัญชาการตำรวจตระเวนชายแดน","กองบังคับการตำรวจตระเวนชายแดนภาค 3","กองกำกับการตำรวจตระเวนชายแดนที่ 34","","","","7263053414","ศกร.ตชด.บ้านแม่อมยะ *","ศกร.ตชด.บ้านแม่อมยะ *","02/04/2545","2002-04-02","parsed","1.2.3,1.2.4,1.4.6","1.2.3,1.2.4,1.4.6","3","3","0","","0","0","0","0","0","0","1","1","0","0","0","0","0","0","0","0","0","0","0","0","0","1","0","0","0","0","0","0","0","0","0","0","0","0","0","0","0","0","0","0","0","0","0","0","0","0","0","0","0","0","0","0","0","0","0","0","0","0","0","0","0","0","0","0","0","0","0","0","0","0","0","0","0","0","0","0","3","B","ผ่าน"
"SCH_G3_0130","2564","2021","8. 2564 REP004-IMPROVEMENT 12 - ตารางสรุปรายงานมาตรฐานแต่ละด้าน พร้อมจำนวนข้อที่ต้องปรับปรุง และจำนวนเด็กที่ผ่านเกณฑ์.xls","83","Sheet1","2564|7263053415","สำนักงานตำรวจแห่งชาติ","กองบัญชาการตำรวจตระเวนชายแดน","กองบังคับการตำรวจตระเวนชายแดนภาค 3","กองกำกับการตำรวจตระเวนชายแดนที่ 34","","","","7263053415","ศกร.ตชด.บ้านแม่ละนา *","ศกร.ตชด.บ้านแม่ละนา *","16/05/2546","2003-05-16","parsed","1.2.3,3.1.1ข","1.2.3,3.1.1ข","2","2","0","","0","0","0","0","0","0","1","0","0","0","0","0","0","0","0","0","0","0","0","0","0","0","0","0","0","0","0","0","0","0","0","0","0","0","0","0","0","0","0","0","0","0","0","0","0","0","0","0","0","0","0","0","0","0","1","0","0","0","0","0","0","0","0","0","0","0","0","0","0","0","0","0","0","0","0","0","2","B","ผ่าน"
"SCH_G3_0131","2564","2021","8. 2564 REP004-IMPROVEMENT 12 - ตารางสรุปรายงานมาตรฐานแต่ละด้าน พร้อมจำนวนข้อที่ต้องปรับปรุง และจำนวนเด็กที่ผ่านเกณฑ์.xls","84","Sheet1","2564|7263053416","สำนักงานตำรวจแห่งชาติ","กองบัญชาการตำรวจตระเวนชายแดน","กองบังคับการตำรวจตระเวนชายแดนภาค 3","กองกำกับการตำรวจตระเวนชายแดนที่ 34","","","","7263053416","ศกร.ตชด.บ้านพอบือละคี *","ศกร.ตชด.บ้านพอบือละคี *","16/05/2545","2002-05-16","parsed","1.2.3,3.3.2ข,3.4.1ข,3.4.2ข,3.4.3ข,3.5.1ข,3.5.2ข,3.5.3ข,3.5.4ข,3.5.5ข,3.6.1ข,3.6.2ข,3.6.3ข,3.6.4ข,3.7.1ข,3.7.2ข,3.7.3ข,3.7.4ข","1.2.3,3.3.2ข,3.4.1ข,3.4.2ข,3.4.3ข,3.5.1ข,3.5.2ข,3.5.3ข,3.5.4ข,3.5.5ข,3.6.1ข,3.6.2ข,3.6.3ข,3.6.4ข,3.7.1ข,3.7.2ข,3.7.3ข,3.7.4ข","18","18","0","","0","0","0","0","0","0","1","0","0","0","0","0","0","0","0","0","0","0","0","0","0","0","0","0","0","0","0","0","0","0","0","0","0","0","0","0","0","0","0","0","0","0","0","0","0","0","0","0","0","0","0","0","0","0","0","0","0","0","0","1","1","1","1","1","1","1","1","1","1","1","1","1","1","1","1","1","18","D","ไม่ผ่าน"
"SCH_G3_0132","2564","2021","8. 2564 REP004-IMPROVEMENT 12 - ตารางสรุปรายงานมาตรฐานแต่ละด้าน พร้อมจำนวนข้อที่ต้องปรับปรุง และจำนวนเด็กที่ผ่านเกณฑ์.xls","85","Sheet1","2564|7263053417","สำนักงานตำรวจแห่งชาติ","กองบัญชาการตำรวจตระเวนชายแดน","กองบังคับการตำรวจตระเวนชายแดนภาค 3","กองกำกับการตำรวจตระเวนชายแดนที่ 34","","","","7263053417","ศกร.ตชด.บ้านแม่หละคี *","ศกร.ตชด.บ้านแม่หละคี *","08/02/2566","2023-02-08","parsed","","","0","0","0","","0","0","0","0","0","0","0","0","0","0","0","0","0","0","0","0","0","0","0","0","0","0","0","0","0","0","0","0","0","0","0","0","0","0","0","0","0","0","0","0","0","0","0","0","0","0","0","0","0","0","0","0","0","0","0","0","0","0","0","0","0","0","0","0","0","0","0","0","0","0","0","0","0","0","0","0","0","A","ผ่าน"
"SCH_G3_0133","2564","2021","8. 2564 REP004-IMPROVEMENT 12 - ตารางสรุปรายงานมาตรฐานแต่ละด้าน พร้อมจำนวนข้อที่ต้องปรับปรุง และจำนวนเด็กที่ผ่านเกณฑ์.xls","86","Sheet1","2564|7263053418","สำนักงานตำรวจแห่งชาติ","กองบัญชาการตำรวจตระเวนชายแดน","กองบังคับการตำรวจตระเวนชายแดนภาค 3","กองกำกับการตำรวจตระเวนชายแดนที่ 34","","","","7263053418","ศกร.ตชด.บ้านคะเนจือทะ *","ศกร.ตชด.บ้านคะเนจือทะ *","16/07/2545","2002-07-16","parsed","1.2.3,1.3.2,1.3.6","1.2.3,1.3.2,1.3.6","3","3","0","","0","0","0","0","0","0","1","0","0","1","0","0","0","1","0","0","0","0","0","0","0","0","0","0","0","0","0","0","0","0","0","0","0","0","0","0","0","0","0","0","0","0","0","0","0","0","0","0","0","0","0","0","0","0","0","0","0","0","0","0","0","0","0","0","0","0","0","0","0","0","0","0","0","0","0","0","3","B","ผ่าน"
"SCH_G3_0135","2564","2021","8. 2564 REP004-IMPROVEMENT 12 - ตารางสรุปรายงานมาตรฐานแต่ละด้าน พร้อมจำนวนข้อที่ต้องปรับปรุง และจำนวนเด็กที่ผ่านเกณฑ์.xls","87","Sheet1","2564|7263053424","สำนักงานตำรวจแห่งชาติ","กองบัญชาการตำรวจตระเวนชายแดน","กองบังคับการตำรวจตระเวนชายแดนภาค 3","กองกำกับการตำรวจตระเวนชายแดนที่ 34","","","","7263053424","ศกร.ตชด.บ้านตีนดอย *","ศกร.ตชด.บ้านตีนดอย *","30/01/2547","2004-01-30","parsed","","","0","0","0","","0","0","0","0","0","0","0","0","0","0","0","0","0","0","0","0","0","0","0","0","0","0","0","0","0","0","0","0","0","0","0","0","0","0","0","0","0","0","0","0","0","0","0","0","0","0","0","0","0","0","0","0","0","0","0","0","0","0","0","0","0","0","0","0","0","0","0","0","0","0","0","0","0","0","0","0","0","A","ผ่าน"
"SCH_G3_0136","2564","2021","8. 2564 REP004-IMPROVEMENT 12 - ตารางสรุปรายงานมาตรฐานแต่ละด้าน พร้อมจำนวนข้อที่ต้องปรับปรุง และจำนวนเด็กที่ผ่านเกณฑ์.xls","88","Sheet1","2564|7263063412","สำนักงานตำรวจแห่งชาติ","กองบัญชาการตำรวจตระเวนชายแดน","กองบังคับการตำรวจตระเวนชายแดนภาค 3","กองกำกับการตำรวจตระเวนชายแดนที่ 34","","","","7263063412","รร.ตชด.ท่านผู้หญิงทวี มณีนุตร","รร.ตชด.ท่านผู้หญิงทวี มณีนุตร","01/05/2541","1998-05-01","parsed","1.2.3","1.2.3","1","1","0","","0","0","0","0","0","0","1","0","0","0","0","0","0","0","0","0","0","0","0","0","0","0","0","0","0","0","0","0","0","0","0","0","0","0","0","0","0","0","0","0","0","0","0","0","0","0","0","0","0","0","0","0","0","0","0","0","0","0","0","0","0","0","0","0","0","0","0","0","0","0","0","0","0","0","0","0","1","B","ผ่าน"
"SCH_G3_0137","2564","2021","8. 2564 REP004-IMPROVEMENT 12 - ตารางสรุปรายงานมาตรฐานแต่ละด้าน พร้อมจำนวนข้อที่ต้องปรับปรุง และจำนวนเด็กที่ผ่านเกณฑ์.xls","89","Sheet1","2564|7263063425","สำนักงานตำรวจแห่งชาติ","กองบัญชาการตำรวจตระเวนชายแดน","กองบังคับการตำรวจตระเวนชายแดนภาค 3","กองกำกับการตำรวจตระเวนชายแดนที่ 34","","","","7263063425","รร.ตชด.ศาสตราจารย์สำเภา-ไพวรรณ วรางกูร","รร.ตชด.ศาสตราจารย์สำเภา-ไพวรรณ วรางกูร","16/05/2557","2014-05-16","parsed","","","0","0","0","","0","0","0","0","0","0","0","0","0","0","0","0","0","0","0","0","0","0","0","0","0","0","0","0","0","0","0","0","0","0","0","0","0","0","0","0","0","0","0","0","0","0","0","0","0","0","0","0","0","0","0","0","0","0","0","0","0","0","0","0","0","0","0","0","0","0","0","0","0","0","0","0","0","0","0","0","0","A","ผ่าน"
"SCH_G3_0138","2564","2021","8. 2564 REP004-IMPROVEMENT 12 - ตารางสรุปรายงานมาตรฐานแต่ละด้าน พร้อมจำนวนข้อที่ต้องปรับปรุง และจำนวนเด็กที่ผ่านเกณฑ์.xls","90","Sheet1","2564|7263083405","สำนักงานตำรวจแห่งชาติ","กองบัญชาการตำรวจตระเวนชายแดน","กองบังคับการตำรวจตระเวนชายแดนภาค 3","กองกำกับการตำรวจตระเวนชายแดนที่ 34","","","","7263083405","รร.ตชด.บ้านแม่กลองคี","รร.ตชด.บ้านแม่กลองคี","25/02/2528","1985-02-25","parsed","","","0","0","0","","0","0","0","0","0","0","0","0","0","0","0","0","0","0","0","0","0","0","0","0","0","0","0","0","0","0","0","0","0","0","0","0","0","0","0","0","0","0","0","0","0","0","0","0","0","0","0","0","0","0","0","0","0","0","0","0","0","0","0","0","0","0","0","0","0","0","0","0","0","0","0","0","0","0","0","0","0","A","ผ่าน"
"SCH_G3_0139","2564","2021","8. 2564 REP004-IMPROVEMENT 12 - ตารางสรุปรายงานมาตรฐานแต่ละด้าน พร้อมจำนวนข้อที่ต้องปรับปรุง และจำนวนเด็กที่ผ่านเกณฑ์.xls","91","Sheet1","2564|7263083407","สำนักงานตำรวจแห่งชาติ","กองบัญชาการตำรวจตระเวนชายแดน","กองบังคับการตำรวจตระเวนชายแดนภาค 3","กองกำกับการตำรวจตระเวนชายแดนที่ 34","","","","7263083407","รร.ตชด.บ้านเลตองคุ","รร.ตชด.บ้านเลตองคุ","18/06/2533","1990-06-18","parsed","","","0","0","0","","0","0","0","0","0","0","0","0","0","0","0","0","0","0","0","0","0","0","0","0","0","0","0","0","0","0","0","0","0","0","0","0","0","0","0","0","0","0","0","0","0","0","0","0","0","0","0","0","0","0","0","0","0","0","0","0","0","0","0","0","0","0","0","0","0","0","0","0","0","0","0","0","0","0","0","0","0","A","ผ่าน"
"SCH_G3_0140","2564","2021","8. 2564 REP004-IMPROVEMENT 12 - ตารางสรุปรายงานมาตรฐานแต่ละด้าน พร้อมจำนวนข้อที่ต้องปรับปรุง และจำนวนเด็กที่ผ่านเกณฑ์.xls","92","Sheet1","2564|7263083408","สำนักงานตำรวจแห่งชาติ","กองบัญชาการตำรวจตระเวนชายแดน","กองบังคับการตำรวจตระเวนชายแดนภาค 3","กองกำกับการตำรวจตระเวนชายแดนที่ 34","","","","7263083408","รร.ตชด.บ้านแม่จันทะ","รร.ตชด.บ้านแม่จันทะ","19/07/2539","1996-07-19","parsed","1.2.3","1.2.3","1","1","0","","0","0","0","0","0","0","1","0","0","0","0","0","0","0","0","0","0","0","0","0","0","0","0","0","0","0","0","0","0","0","0","0","0","0","0","0","0","0","0","0","0","0","0","0","0","0","0","0","0","0","0","0","0","0","0","0","0","0","0","0","0","0","0","0","0","0","0","0","0","0","0","0","0","0","0","0","1","B","ผ่าน"
"SCH_G3_0143","2564","2021","8. 2564 REP004-IMPROVEMENT 12 - ตารางสรุปรายงานมาตรฐานแต่ละด้าน พร้อมจำนวนข้อที่ต้องปรับปรุง และจำนวนเด็กที่ผ่านเกณฑ์.xls","93","Sheet1","2564|7265023104","สำนักงานตำรวจแห่งชาติ","กองบัญชาการตำรวจตระเวนชายแดน","กองบังคับการตำรวจตระเวนชายแดนภาค 3","กองกำกับการตำรวจตระเวนชายแดนที่ 31","","","","7265023104","รร.ตชด.อาทรอุทิศ","รร.ตชด.อาทรอุทิศ","18/08/2522","1979-08-18","parsed","","","0","0","0","","0","0","0","0","0","0","0","0","0","0","0","0","0","0","0","0","0","0","0","0","0","0","0","0","0","0","0","0","0","0","0","0","0","0","0","0","0","0","0","0","0","0","0","0","0","0","0","0","0","0","0","0","0","0","0","0","0","0","0","0","0","0","0","0","0","0","0","0","0","0","0","0","0","0","0","0","0","A","ผ่าน"
"SCH_G3_0145","2564","2021","8. 2564 REP004-IMPROVEMENT 12 - ตารางสรุปรายงานมาตรฐานแต่ละด้าน พร้อมจำนวนข้อที่ต้องปรับปรุง และจำนวนเด็กที่ผ่านเกณฑ์.xls","94","Sheet1","2564|7265033106","สำนักงานตำรวจแห่งชาติ","กองบัญชาการตำรวจตระเวนชายแดน","กองบังคับการตำรวจตระเวนชายแดนภาค 3","กองกำกับการตำรวจตระเวนชายแดนที่ 31","","","","7265033106","รร.ตชด.บ้านรักไทย","รร.ตชด.บ้านรักไทย","23/07/2534","1991-07-23","parsed","","","0","0","0","","0","0","0","0","0","0","0","0","0","0","0","0","0","0","0","0","0","0","0","0","0","0","0","0","0","0","0","0","0","0","0","0","0","0","0","0","0","0","0","0","0","0","0","0","0","0","0","0","0","0","0","0","0","0","0","0","0","0","0","0","0","0","0","0","0","0","0","0","0","0","0","0","0","0","0","0","0","A","ผ่าน"
"SCH_G3_0146","2564","2021","8. 2564 REP004-IMPROVEMENT 12 - ตารางสรุปรายงานมาตรฐานแต่ละด้าน พร้อมจำนวนข้อที่ต้องปรับปรุง และจำนวนเด็กที่ผ่านเกณฑ์.xls","95","Sheet1","2564|7265033107","สำนักงานตำรวจแห่งชาติ","กองบัญชาการตำรวจตระเวนชายแดน","กองบังคับการตำรวจตระเวนชายแดนภาค 3","กองกำกับการตำรวจตระเวนชายแดนที่ 31","","","","7265033107","รร.ตชด.บ้านนุชเทียน","รร.ตชด.บ้านนุชเทียน","15/07/2536","1993-07-15","parsed","","","0","0","0","","0","0","0","0","0","0","0","0","0","0","0","0","0","0","0","0","0","0","0","0","0","0","0","0","0","0","0","0","0","0","0","0","0","0","0","0","0","0","0","0","0","0","0","0","0","0","0","0","0","0","0","0","0","0","0","0","0","0","0","0","0","0","0","0","0","0","0","0","0","0","0","0","0","0","0","0","0","A","ผ่าน"
"SCH_G3_0148","2564","2021","8. 2564 REP004-IMPROVEMENT 12 - ตารางสรุปรายงานมาตรฐานแต่ละด้าน พร้อมจำนวนข้อที่ต้องปรับปรุง และจำนวนเด็กที่ผ่านเกณฑ์.xls","96","Sheet1","2564|7270031306","สำนักงานตำรวจแห่งชาติ","กองบัญชาการตำรวจตระเวนชายแดน","กองบังคับการตำรวจตระเวนชายแดนภาค 1","กองกำกับการตำรวจตระเวนชายแดนที่ 13","","","","7270031306","รร.ตชด.ตะโกปิดทอง","รร.ตชด.ตะโกปิดทอง","01/07/2563","2020-07-01","parsed","1.2.2","1.2.2","1","1","0","","0","0","0","0","0","1","0","0","0","0","0","0","0","0","0","0","0","0","0","0","0","0","0","0","0","0","0","0","0","0","0","0","0","0","0","0","0","0","0","0","0","0","0","0","0","0","0","0","0","0","0","0","0","0","0","0","0","0","0","0","0","0","0","0","0","0","0","0","0","0","0","0","0","0","0","0","1","B","ผ่าน"
"SCH_G3_0149","2564","2021","8. 2564 REP004-IMPROVEMENT 12 - ตารางสรุปรายงานมาตรฐานแต่ละด้าน พร้อมจำนวนข้อที่ต้องปรับปรุง และจำนวนเด็กที่ผ่านเกณฑ์.xls","97","Sheet1","2564|7270031309","สำนักงานตำรวจแห่งชาติ","กองบัญชาการตำรวจตระเวนชายแดน","กองบังคับการตำรวจตระเวนชายแดนภาค 1","กองกำกับการตำรวจตระเวนชายแดนที่ 13","","","","7270031309","รร.ตชด.บ้านถ้ำหิน","รร.ตชด.บ้านถ้ำหิน","12/07/2564","2021-07-12","parsed","3.1.3ข","3.1.3ข","1","1","0","","0","0","0","0","0","0","0","0","0","0","0","0","0","0","0","0","0","0","0","0","0","0","0","0","0","0","0","0","0","0","0","0","0","0","0","0","0","0","0","0","0","0","0","0","0","0","0","0","0","0","0","0","0","0","0","0","1","0","0","0","0","0","0","0","0","0","0","0","0","0","0","0","0","0","0","0","1","B","ผ่าน"
"SCH_G3_0150","2564","2021","8. 2564 REP004-IMPROVEMENT 12 - ตารางสรุปรายงานมาตรฐานแต่ละด้าน พร้อมจำนวนข้อที่ต้องปรับปรุง และจำนวนเด็กที่ผ่านเกณฑ์.xls","98","Sheet1","2564|7271021305","สำนักงานตำรวจแห่งชาติ","กองบัญชาการตำรวจตระเวนชายแดน","กองบังคับการตำรวจตระเวนชายแดนภาค 1","กองกำกับการตำรวจตระเวนชายแดนที่ 13","","","","7271021305","รร.ตชด.บ้านแม่น้ำน้อย","รร.ตชด.บ้านแม่น้ำน้อย","26/01/2566","2023-01-26","parsed","","","0","0","0","","0","0","0","0","0","0","0","0","0","0","0","0","0","0","0","0","0","0","0","0","0","0","0","0","0","0","0","0","0","0","0","0","0","0","0","0","0","0","0","0","0","0","0","0","0","0","0","0","0","0","0","0","0","0","0","0","0","0","0","0","0","0","0","0","0","0","0","0","0","0","0","0","0","0","0","0","0","A","ผ่าน"
"SCH_G3_0151","2564","2021","8. 2564 REP004-IMPROVEMENT 12 - ตารางสรุปรายงานมาตรฐานแต่ละด้าน พร้อมจำนวนข้อที่ต้องปรับปรุง และจำนวนเด็กที่ผ่านเกณฑ์.xls","99","Sheet1","2564|7271021307","สำนักงานตำรวจแห่งชาติ","กองบัญชาการตำรวจตระเวนชายแดน","กองบังคับการตำรวจตระเวนชายแดนภาค 1","กองกำกับการตำรวจตระเวนชายแดนที่ 13","","","","7271021307","รร.ตชด.เฮงเค็ลไทย","รร.ตชด.เฮงเค็ลไทย","23/05/2526","1983-05-23","parsed","1.3.8","1.3.8","1","1","0","","0","0","0","0","0","0","0","0","0","0","0","0","0","0","0","1","0","0","0","0","0","0","0","0","0","0","0","0","0","0","0","0","0","0","0","0","0","0","0","0","0","0","0","0","0","0","0","0","0","0","0","0","0","0","0","0","0","0","0","0","0","0","0","0","0","0","0","0","0","0","0","0","0","0","0","0","1","B","ผ่าน"
"SCH_G3_0152","2564","2021","8. 2564 REP004-IMPROVEMENT 12 - ตารางสรุปรายงานมาตรฐานแต่ละด้าน พร้อมจำนวนข้อที่ต้องปรับปรุง และจำนวนเด็กที่ผ่านเกณฑ์.xls","100","Sheet1","2564|7271021308","สำนักงานตำรวจแห่งชาติ","กองบัญชาการตำรวจตระเวนชายแดน","กองบังคับการตำรวจตระเวนชายแดนภาค 1","กองกำกับการตำรวจตระเวนชายแดนที่ 13","","","","7271021308","รร.ตชด.ต้นมะม่วง","รร.ตชด.ต้นมะม่วง","13/03/2567","2024-03-13","parsed","","","0","0","0","","0","0","0","0","0","0","0","0","0","0","0","0","0","0","0","0","0","0","0","0","0","0","0","0","0","0","0","0","0","0","0","0","0","0","0","0","0","0","0","0","0","0","0","0","0","0","0","0","0","0","0","0","0","0","0","0","0","0","0","0","0","0","0","0","0","0","0","0","0","0","0","0","0","0","0","0","0","A","ผ่าน"
"SCH_G3_0153","2564","2021","8. 2564 REP004-IMPROVEMENT 12 - ตารางสรุปรายงานมาตรฐานแต่ละด้าน พร้อมจำนวนข้อที่ต้องปรับปรุง และจำนวนเด็กที่ผ่านเกณฑ์.xls","101","Sheet1","2564|7271021313","สำนักงานตำรวจแห่งชาติ","กองบัญชาการตำรวจตระเวนชายแดน","กองบังคับการตำรวจตระเวนชายแดนภาค 1","กองกำกับการตำรวจตระเวนชายแดนที่ 13","","","","7271021313","รร.ตชด.วัดสุธาสินี","รร.ตชด.วัดสุธาสินี","06/07/2564","2021-07-06","parsed","1.2.3","1.2.3","1","1","0","","0","0","0","0","0","0","1","0","0","0","0","0","0","0","0","0","0","0","0","0","0","0","0","0","0","0","0","0","0","0","0","0","0","0","0","0","0","0","0","0","0","0","0","0","0","0","0","0","0","0","0","0","0","0","0","0","0","0","0","0","0","0","0","0","0","0","0","0","0","0","0","0","0","0","0","0","1","B","ผ่าน"
"SCH_G3_0154","2564","2021","8. 2564 REP004-IMPROVEMENT 12 - ตารางสรุปรายงานมาตรฐานแต่ละด้าน พร้อมจำนวนข้อที่ต้องปรับปรุง และจำนวนเด็กที่ผ่านเกณฑ์.xls","102","Sheet1","2564|7271041303","สำนักงานตำรวจแห่งชาติ","กองบัญชาการตำรวจตระเวนชายแดน","กองบังคับการตำรวจตระเวนชายแดนภาค 1","กองกำกับการตำรวจตระเวนชายแดนที่ 13","","","","7271041303","รร.ตชด.มิตรมวลชน 2","รร.ตชด.มิตรมวลชน 2","17/05/2553","2010-05-17","parsed","","","0","0","0","","0","0","0","0","0","0","0","0","0","0","0","0","0","0","0","0","0","0","0","0","0","0","0","0","0","0","0","0","0","0","0","0","0","0","0","0","0","0","0","0","0","0","0","0","0","0","0","0","0","0","0","0","0","0","0","0","0","0","0","0","0","0","0","0","0","0","0","0","0","0","0","0","0","0","0","0","0","A","ผ่าน"
"SCH_G3_0155","2564","2021","8. 2564 REP004-IMPROVEMENT 12 - ตารางสรุปรายงานมาตรฐานแต่ละด้าน พร้อมจำนวนข้อที่ต้องปรับปรุง และจำนวนเด็กที่ผ่านเกณฑ์.xls","103","Sheet1","2564|7271041316","สำนักงานตำรวจแห่งชาติ","กองบัญชาการตำรวจตระเวนชายแดน","กองบังคับการตำรวจตระเวนชายแดนภาค 1","กองกำกับการตำรวจตระเวนชายแดนที่ 13","","","","7271041316","ศูนย์การเรียนตำรวจตระเวนชายแดนปูนอินทรี-มูลนิธิกรุงศรี(บ้านไกรเกรียง)","ศูนย์การเรียนตำรวจตระเวนชายแดนปูนอินทรี-มูลนิธิกรุงศรี(บ้านไกรเกรียง)","15/05/2560","2017-05-15","parsed","1.3.1,1.5.4","1.3.1,1.5.4","2","2","0","","0","0","0","0","0","0","0","0","1","0","0","0","0","0","0","0","0","0","0","0","0","0","0","0","0","0","1","0","0","0","0","0","0","0","0","0","0","0","0","0","0","0","0","0","0","0","0","0","0","0","0","0","0","0","0","0","0","0","0","0","0","0","0","0","0","0","0","0","0","0","0","0","0","0","0","0","2","B","ผ่าน"
"SCH_G3_0156","2564","2021","8. 2564 REP004-IMPROVEMENT 12 - ตารางสรุปรายงานมาตรฐานแต่ละด้าน พร้อมจำนวนข้อที่ต้องปรับปรุง และจำนวนเด็กที่ผ่านเกณฑ์.xls","104","Sheet1","2564|7271071304","สำนักงานตำรวจแห่งชาติ","กองบัญชาการตำรวจตระเวนชายแดน","กองบังคับการตำรวจตระเวนชายแดนภาค 1","กองกำกับการตำรวจตระเวนชายแดนที่ 13","","","","7271071304","รร.ตชด.วิจิตรวิทยาคาร","รร.ตชด.วิจิตรวิทยาคาร","11/04/2569","2026-04-11","parsed","1.2.3,1.3.5,1.5.2,3.1.3ข","1.2.3,1.3.5,1.5.2,3.1.3ข","4","4","0","","0","0","0","0","0","0","1","0","0","0","0","0","1","0","0","0","0","0","0","0","0","0","0","0","1","0","0","0","0","0","0","0","0","0","0","0","0","0","0","0","0","0","0","0","0","0","0","0","0","0","0","0","0","0","0","0","1","0","0","0","0","0","0","0","0","0","0","0","0","0","0","0","0","0","0","0","4","B","ผ่าน"
"SCH_G3_0157","2564","2021","8. 2564 REP004-IMPROVEMENT 12 - ตารางสรุปรายงานมาตรฐานแต่ละด้าน พร้อมจำนวนข้อที่ต้องปรับปรุง และจำนวนเด็กที่ผ่านเกณฑ์.xls","105","Sheet1","2564|7271071312","สำนักงานตำรวจแห่งชาติ","กองบัญชาการตำรวจตระเวนชายแดน","กองบังคับการตำรวจตระเวนชายแดนภาค 1","กองกำกับการตำรวจตระเวนชายแดนที่ 13","","","","7271071312","รร.ตชด.บ้านปิล๊อกคี่","รร.ตชด.บ้านปิล๊อกคี่","","","missing","1.1.1,1.1.2,1.1.3,1.2.1,1.2.2,1.2.3,1.2.4,1.3.1,1.3.2,1.3.3,1.3.4,1.3.5,1.3.6,1.3.7,1.3.8,1.4.1,1.4.2,1.4.3,1.4.4,1.4.5,1.4.6,1.4.7,1.5.1,1.5.2,1.5.3,1.5.4,2.1.1,2.1.2,2.1.3,2.1.4,2.1.5,2.2.1,2.2.2,2.2.3,2.2.4,2.2.5,2.3.1,2.3.2,2.3.3,2.3.4,2.3.5,2.4.1,2.4.2,2.4.3,2.5.1,2.5.2,3.1.1ข,3.1.2ข,3.1.3ข,3.2.1ข,3.3.1ข,3.3.2ข,3.4.1ข,3.4.2ข,3.4.3ข,3.5.1ข,3.5.2ข,3.5.3ข,3.5.4ข,3.5.5ข,3.6.1ข,3.6.2ข,3.6.3ข,3.6.4ข,3.7.1ข,3.7.2ข,3.7.3ข,3.7.4ข","1.1.1,1.1.2,1.1.3,1.2.1,1.2.2,1.2.3,1.2.4,1.3.1,1.3.2,1.3.3,1.3.4,1.3.5,1.3.6,1.3.7,1.3.8,1.4.1,1.4.2,1.4.3,1.4.4,1.4.5,1.4.6,1.4.7,1.5.1,1.5.2,1.5.3,1.5.4,2.1.1,2.1.2,2.1.3,2.1.4,2.1.5,2.2.1,2.2.2,2.2.3,2.2.4,2.2.5,2.3.1,2.3.2,2.3.3,2.3.4,2.3.5,2.4.1,2.4.2,2.4.3,2.5.1,2.5.2,3.1.1ข,3.1.2ข,3.1.3ข,3.2.1ข,3.3.1ข,3.3.2ข,3.4.1ข,3.4.2ข,3.4.3ข,3.5.1ข,3.5.2ข,3.5.3ข,3.5.4ข,3.5.5ข,3.6.1ข,3.6.2ข,3.6.3ข,3.6.4ข,3.7.1ข,3.7.2ข,3.7.3ข,3.7.4ข","68","68","0","","0","1","1","1","1","1","1","1","1","1","1","1","1","1","1","1","1","1","1","1","1","1","1","1","1","1","1","1","1","1","1","1","1","1","1","1","1","1","1","1","1","1","1","1","1","1","1","0","0","0","0","0","0","0","1","1","1","1","1","1","1","1","1","1","1","1","1","1","1","1","1","1","1","1","1","1","68","D","ไม่ผ่าน"
"SCH_G3_0159","2564","2021","8. 2564 REP004-IMPROVEMENT 12 - ตารางสรุปรายงานมาตรฐานแต่ละด้าน พร้อมจำนวนข้อที่ต้องปรับปรุง และจำนวนเด็กที่ผ่านเกณฑ์.xls","106","Sheet1","2564|7271081301","สำนักงานตำรวจแห่งชาติ","กองบัญชาการตำรวจตระเวนชายแดน","กองบังคับการตำรวจตระเวนชายแดนภาค 1","กองกำกับการตำรวจตระเวนชายแดนที่ 13","","","","7271081301","รร.ตชด.สหธนาคารกรุงเทพ","รร.ตชด.สหธนาคารกรุงเทพ","26/08/2513","1970-08-26","parsed","","","0","0","0","","0","0","0","0","0","0","0","0","0","0","0","0","0","0","0","0","0","0","0","0","0","0","0","0","0","0","0","0","0","0","0","0","0","0","0","0","0","0","0","0","0","0","0","0","0","0","0","0","0","0","0","0","0","0","0","0","0","0","0","0","0","0","0","0","0","0","0","0","0","0","0","0","0","0","0","0","0","A","ผ่าน"
"SCH_G3_0161","2564","2021","8. 2564 REP004-IMPROVEMENT 12 - ตารางสรุปรายงานมาตรฐานแต่ละด้าน พร้อมจำนวนข้อที่ต้องปรับปรุง และจำนวนเด็กที่ผ่านเกณฑ์.xls","107","Sheet1","2564|7271081310","สำนักงานตำรวจแห่งชาติ","กองบัญชาการตำรวจตระเวนชายแดน","กองบังคับการตำรวจตระเวนชายแดนภาค 1","กองกำกับการตำรวจตระเวนชายแดนที่ 13","","","","7271081310","รร.ตชด.บ้านเรดาร์ *","รร.ตชด.บ้านเรดาร์ *","15/07/2564","2021-07-15","parsed","1.3.5,1.3.8,3.1.1ข,3.1.3ข,3.3.2ข,3.5.3ข,3.5.5ข,3.6.1ข","1.3.5,1.3.8,3.1.1ข,3.1.3ข,3.3.2ข,3.5.3ข,3.5.5ข,3.6.1ข","8","8","0","","0","0","0","0","0","0","0","0","0","0","0","0","1","0","0","1","0","0","0","0","0","0","0","0","0","0","0","0","0","0","0","0","0","0","0","0","0","0","0","0","0","0","0","0","0","0","0","0","0","0","0","0","0","0","1","0","1","0","0","1","0","0","0","0","0","1","0","1","1","0","0","0","0","0","0","0","8","C","ผ่าน"
"SCH_G3_0162","2564","2021","8. 2564 REP004-IMPROVEMENT 12 - ตารางสรุปรายงานมาตรฐานแต่ละด้าน พร้อมจำนวนข้อที่ต้องปรับปรุง และจำนวนเด็กที่ผ่านเกณฑ์.xls","108","Sheet1","2564|7271081311","สำนักงานตำรวจแห่งชาติ","กองบัญชาการตำรวจตระเวนชายแดน","กองบังคับการตำรวจตระเวนชายแดนภาค 1","กองกำกับการตำรวจตระเวนชายแดนที่ 13","","","","7271081311","รร.ตชด.บ้านทิไล่ป้า","รร.ตชด.บ้านทิไล่ป้า","19/05/2540","1997-05-19","parsed","3.1.3ข,3.6.1ข,3.6.2ข,3.6.4ข","3.1.3ข,3.6.1ข,3.6.2ข,3.6.4ข","4","4","0","","0","0","0","0","0","0","0","0","0","0","0","0","0","0","0","0","0","0","0","0","0","0","0","0","0","0","0","0","0","0","0","0","0","0","0","0","0","0","0","0","0","0","0","0","0","0","0","0","0","0","0","0","0","0","0","0","1","0","0","0","0","0","0","0","0","0","0","0","1","1","0","1","0","0","0","0","4","B","ผ่าน"
"SCH_G3_0163","2564","2021","8. 2564 REP004-IMPROVEMENT 12 - ตารางสรุปรายงานมาตรฐานแต่ละด้าน พร้อมจำนวนข้อที่ต้องปรับปรุง และจำนวนเด็กที่ผ่านเกณฑ์.xls","109","Sheet1","2564|7271081315","สำนักงานตำรวจแห่งชาติ","กองบัญชาการตำรวจตระเวนชายแดน","กองบังคับการตำรวจตระเวนชายแดนภาค 1","กองกำกับการตำรวจตระเวนชายแดนที่ 13","","","","7271081315","ศกร.ตชด.ท่านผู้หญิงมณีรัตน์ บุนนาค","ศกร.ตชด.ท่านผู้หญิงมณีรัตน์ บุนนาค","","","missing","3.6.2ข,3.6.4ข","3.6.2ข,3.6.4ข","2","2","0","","0","0","0","0","0","0","0","0","0","0","0","0","0","0","0","0","0","0","0","0","0","0","0","0","0","0","0","0","0","0","0","0","0","0","0","0","0","0","0","0","0","0","0","0","0","0","0","0","0","0","0","0","0","0","0","0","0","0","0","0","0","0","0","0","0","0","0","0","0","1","0","1","0","0","0","0","2","B","ผ่าน"
"SCH_G3_0164","2564","2021","8. 2564 REP004-IMPROVEMENT 12 - ตารางสรุปรายงานมาตรฐานแต่ละด้าน พร้อมจำนวนข้อที่ต้องปรับปรุง และจำนวนเด็กที่ผ่านเกณฑ์.xls","110","Sheet1","2564|7276081405","สำนักงานตำรวจแห่งชาติ","กองบัญชาการตำรวจตระเวนชายแดน","กองบังคับการตำรวจตระเวนชายแดนภาค 1","กองกำกับการตำรวจตระเวนชายแดนที่ 14","","","","7276081405","รร.ตชด.นเรศวรบ้านห้วยโสก","รร.ตชด.นเรศวรบ้านห้วยโสก","01/01/2528","1985-01-01","parsed","","","0","0","0","","0","0","0","0","0","0","0","0","0","0","0","0","0","0","0","0","0","0","0","0","0","0","0","0","0","0","0","0","0","0","0","0","0","0","0","0","0","0","0","0","0","0","0","0","0","0","0","0","0","0","0","0","0","0","0","0","0","0","0","0","0","0","0","0","0","0","0","0","0","0","0","0","0","0","0","0","0","A","ผ่าน"
"SCH_G3_0165","2564","2021","8. 2564 REP004-IMPROVEMENT 12 - ตารางสรุปรายงานมาตรฐานแต่ละด้าน พร้อมจำนวนข้อที่ต้องปรับปรุง และจำนวนเด็กที่ผ่านเกณฑ์.xls","111","Sheet1","2564|7276081406","สำนักงานตำรวจแห่งชาติ","กองบัญชาการตำรวจตระเวนชายแดน","กองบังคับการตำรวจตระเวนชายแดนภาค 1","กองกำกับการตำรวจตระเวนชายแดนที่ 14","","","","7276081406","รร.ตชด.บ้านโป่งลึก *","รร.ตชด.บ้านโป่งลึก *","09/04/2564","2021-04-09","parsed","1.2.3","1.2.3","1","1","0","","0","0","0","0","0","0","1","0","0","0","0","0","0","0","0","0","0","0","0","0","0","0","0","0","0","0","0","0","0","0","0","0","0","0","0","0","0","0","0","0","0","0","0","0","0","0","0","0","0","0","0","0","0","0","0","0","0","0","0","0","0","0","0","0","0","0","0","0","0","0","0","0","0","0","0","0","1","B","ผ่าน"
"SCH_G3_0166","2564","2021","8. 2564 REP004-IMPROVEMENT 12 - ตารางสรุปรายงานมาตรฐานแต่ละด้าน พร้อมจำนวนข้อที่ต้องปรับปรุง และจำนวนเด็กที่ผ่านเกณฑ์.xls","112","Sheet1","2564|7276081412","สำนักงานตำรวจแห่งชาติ","กองบัญชาการตำรวจตระเวนชายแดน","กองบังคับการตำรวจตระเวนชายแดนภาค 1","กองกำกับการตำรวจตระเวนชายแดนที่ 14","","","","7276081412","ศกร.ตชด.อินทรีอาสา","ศกร.ตชด.อินทรีอาสา","01/07/2563","2020-07-01","parsed","1.2.3","1.2.3","1","1","0","","0","0","0","0","0","0","1","0","0","0","0","0","0","0","0","0","0","0","0","0","0","0","0","0","0","0","0","0","0","0","0","0","0","0","0","0","0","0","0","0","0","0","0","0","0","0","0","0","0","0","0","0","0","0","0","0","0","0","0","0","0","0","0","0","0","0","0","0","0","0","0","0","0","0","0","0","1","B","ผ่าน"
"SCH_G3_0167","2564","2021","8. 2564 REP004-IMPROVEMENT 12 - ตารางสรุปรายงานมาตรฐานแต่ละด้าน พร้อมจำนวนข้อที่ต้องปรับปรุง และจำนวนเด็กที่ผ่านเกณฑ์.xls","113","Sheet1","2564|7277021403","สำนักงานตำรวจแห่งชาติ","กองบัญชาการตำรวจตระเวนชายแดน","กองบังคับการตำรวจตระเวนชายแดนภาค 1","กองกำกับการตำรวจตระเวนชายแดนที่ 14","","","","7277021403","รร.ตชด.บ้านย่านซื่อ","รร.ตชด.บ้านย่านซื่อ","23/07/2524","1981-07-23","parsed","","","0","0","0","","0","0","0","0","0","0","0","0","0","0","0","0","0","0","0","0","0","0","0","0","0","0","0","0","0","0","0","0","0","0","0","0","0","0","0","0","0","0","0","0","0","0","0","0","0","0","0","0","0","0","0","0","0","0","0","0","0","0","0","0","0","0","0","0","0","0","0","0","0","0","0","0","0","0","0","0","0","A","ผ่าน"
"SCH_G3_0168","2564","2021","8. 2564 REP004-IMPROVEMENT 12 - ตารางสรุปรายงานมาตรฐานแต่ละด้าน พร้อมจำนวนข้อที่ต้องปรับปรุง และจำนวนเด็กที่ผ่านเกณฑ์.xls","114","Sheet1","2564|7277051411","สำนักงานตำรวจแห่งชาติ","กองบัญชาการตำรวจตระเวนชายแดน","กองบังคับการตำรวจตระเวนชายแดนภาค 1","กองกำกับการตำรวจตระเวนชายแดนที่ 14","","","","7277051411","ศกร.ตชด.บ้านคีรีล้อม","ศกร.ตชด.บ้านคีรีล้อม","16/05/2557","2014-05-16","parsed","1.2.3,2.1.2","1.2.3,2.1.2","2","2","0","","0","0","0","0","0","0","1","0","0","0","0","0","0","0","0","0","0","0","0","0","0","0","0","0","0","0","0","0","1","0","0","0","0","0","0","0","0","0","0","0","0","0","0","0","0","0","0","0","0","0","0","0","0","0","0","0","0","0","0","0","0","0","0","0","0","0","0","0","0","0","0","0","0","0","0","0","2","B","ผ่าน"
"SCH_G3_0170","2564","2021","8. 2564 REP004-IMPROVEMENT 12 - ตารางสรุปรายงานมาตรฐานแต่ละด้าน พร้อมจำนวนข้อที่ต้องปรับปรุง และจำนวนเด็กที่ผ่านเกณฑ์.xls","115","Sheet1","2564|7277061407","สำนักงานตำรวจแห่งชาติ","กองบัญชาการตำรวจตระเวนชายแดน","กองบังคับการตำรวจตระเวนชายแดนภาค 1","กองกำกับการตำรวจตระเวนชายแดนที่ 14","","","","7277061407","รร.ตชด.บ้านท่าวังหิน","รร.ตชด.บ้านท่าวังหิน","22/05/2534","1991-05-22","parsed","","","0","0","0","","0","0","0","0","0","0","0","0","0","0","0","0","0","0","0","0","0","0","0","0","0","0","0","0","0","0","0","0","0","0","0","0","0","0","0","0","0","0","0","0","0","0","0","0","0","0","0","0","0","0","0","0","0","0","0","0","0","0","0","0","0","0","0","0","0","0","0","0","0","0","0","0","0","0","0","0","0","A","ผ่าน"
"SCH_G3_0171","2564","2021","8. 2564 REP004-IMPROVEMENT 12 - ตารางสรุปรายงานมาตรฐานแต่ละด้าน พร้อมจำนวนข้อที่ต้องปรับปรุง และจำนวนเด็กที่ผ่านเกณฑ์.xls","116","Sheet1","2564|7277071404","สำนักงานตำรวจแห่งชาติ","กองบัญชาการตำรวจตระเวนชายแดน","กองบังคับการตำรวจตระเวนชายแดนภาค 1","กองกำกับการตำรวจตระเวนชายแดนที่ 14","","","","7277071404","รร.ตชด.นเรศวรป่าละอู","รร.ตชด.นเรศวรป่าละอู","13/10/2525","1982-10-13","parsed","","","0","0","0","","0","0","0","0","0","0","0","0","0","0","0","0","0","0","0","0","0","0","0","0","0","0","0","0","0","0","0","0","0","0","0","0","0","0","0","0","0","0","0","0","0","0","0","0","0","0","0","0","0","0","0","0","0","0","0","0","0","0","0","0","0","0","0","0","0","0","0","0","0","0","0","0","0","0","0","0","0","A","ผ่าน"
"SCH_G3_0172","2564","2021","8. 2564 REP004-IMPROVEMENT 12 - ตารางสรุปรายงานมาตรฐานแต่ละด้าน พร้อมจำนวนข้อที่ต้องปรับปรุง และจำนวนเด็กที่ผ่านเกณฑ์.xls","117","Sheet1","2564|7277071408","สำนักงานตำรวจแห่งชาติ","กองบัญชาการตำรวจตระเวนชายแดน","กองบังคับการตำรวจตระเวนชายแดนภาค 1","กองกำกับการตำรวจตระเวนชายแดนที่ 14","","","","7277071408","รร.ตชด.บ้านแพรกตะคร้อ","รร.ตชด.บ้านแพรกตะคร้อ","06/08/2563","2020-08-06","parsed","","","0","0","0","","0","0","0","0","0","0","0","0","0","0","0","0","0","0","0","0","0","0","0","0","0","0","0","0","0","0","0","0","0","0","0","0","0","0","0","0","0","0","0","0","0","0","0","0","0","0","0","0","0","0","0","0","0","0","0","0","0","0","0","0","0","0","0","0","0","0","0","0","0","0","0","0","0","0","0","0","0","A","ผ่าน"
"SCH_G3_0173","2564","2021","8. 2564 REP004-IMPROVEMENT 12 - ตารางสรุปรายงานมาตรฐานแต่ละด้าน พร้อมจำนวนข้อที่ต้องปรับปรุง และจำนวนเด็กที่ผ่านเกณฑ์.xls","118","Sheet1","2564|7277071409","สำนักงานตำรวจแห่งชาติ","กองบัญชาการตำรวจตระเวนชายแดน","กองบังคับการตำรวจตระเวนชายแดนภาค 1","กองกำกับการตำรวจตระเวนชายแดนที่ 14","","","","7277071409","รร.ตชด.บ้านคลองน้อย","รร.ตชด.บ้านคลองน้อย","26/03/2568","2025-03-26","parsed","","","0","0","0","","0","0","0","0","0","0","0","0","0","0","0","0","0","0","0","0","0","0","0","0","0","0","0","0","0","0","0","0","0","0","0","0","0","0","0","0","0","0","0","0","0","0","0","0","0","0","0","0","0","0","0","0","0","0","0","0","0","0","0","0","0","0","0","0","0","0","0","0","0","0","0","0","0","0","0","0","0","A","ผ่าน"
"SCH_G3_0174","2564","2021","8. 2564 REP004-IMPROVEMENT 12 - ตารางสรุปรายงานมาตรฐานแต่ละด้าน พร้อมจำนวนข้อที่ต้องปรับปรุง และจำนวนเด็กที่ผ่านเกณฑ์.xls","119","Sheet1","2564|7277081410","สำนักงานตำรวจแห่งชาติ","กองบัญชาการตำรวจตระเวนชายแดน","กองบังคับการตำรวจตระเวนชายแดนภาค 1","กองกำกับการตำรวจตระเวนชายแดนที่ 14","","","","7277081410","รร.ตชด.บ้านป่าหมาก","รร.ตชด.บ้านป่าหมาก","01/11/2542","1999-11-01","parsed","","","0","0","0","","0","0","0","0","0","0","0","0","0","0","0","0","0","0","0","0","0","0","0","0","0","0","0","0","0","0","0","0","0","0","0","0","0","0","0","0","0","0","0","0","0","0","0","0","0","0","0","0","0","0","0","0","0","0","0","0","0","0","0","0","0","0","0","0","0","0","0","0","0","0","0","0","0","0","0","0","0","A","ผ่าน"
"SCH_G3_0175","2564","2021","8. 2564 REP004-IMPROVEMENT 12 - ตารางสรุปรายงานมาตรฐานแต่ละด้าน พร้อมจำนวนข้อที่ต้องปรับปรุง และจำนวนเด็กที่ผ่านเกณฑ์.xls","120","Sheet1","2564|7280074207","สำนักงานตำรวจแห่งชาติ","กองบัญชาการตำรวจตระเวนชายแดน","กองบังคับการตำรวจตระเวนชายแดนภาค 4","กองกำกับการตำรวจตระเวนชายแดนที่ 42","","","","7280074207","ศกร.ตชด.บ้านหลังอ้ายหมี","ศกร.ตชด.บ้านหลังอ้ายหมี","16/05/2557","2014-05-16","parsed","","","0","0","0","","0","0","0","0","0","0","0","0","0","0","0","0","0","0","0","0","0","0","0","0","0","0","0","0","0","0","0","0","0","0","0","0","0","0","0","0","0","0","0","0","0","0","0","0","0","0","0","0","0","0","0","0","0","0","0","0","0","0","0","0","0","0","0","0","0","0","0","0","0","0","0","0","0","0","0","0","0","A","ผ่าน"
"SCH_G3_0176","2564","2021","8. 2564 REP004-IMPROVEMENT 12 - ตารางสรุปรายงานมาตรฐานแต่ละด้าน พร้อมจำนวนข้อที่ต้องปรับปรุง และจำนวนเด็กที่ผ่านเกณฑ์.xls","121","Sheet1","2564|7280084205","สำนักงานตำรวจแห่งชาติ","กองบัญชาการตำรวจตระเวนชายแดน","กองบังคับการตำรวจตระเวนชายแดนภาค 4","กองกำกับการตำรวจตระเวนชายแดนที่ 42","","","","7280084205","ศกร.ตชด.บ้านห้วยตง","ศกร.ตชด.บ้านห้วยตง","16/05/2557","2014-05-16","parsed","1.2.3","1.2.3","1","1","0","","0","0","0","0","0","0","1","0","0","0","0","0","0","0","0","0","0","0","0","0","0","0","0","0","0","0","0","0","0","0","0","0","0","0","0","0","0","0","0","0","0","0","0","0","0","0","0","0","0","0","0","0","0","0","0","0","0","0","0","0","0","0","0","0","0","0","0","0","0","0","0","0","0","0","0","0","1","B","ผ่าน"
"SCH_G3_0178","2564","2021","8. 2564 REP004-IMPROVEMENT 12 - ตารางสรุปรายงานมาตรฐานแต่ละด้าน พร้อมจำนวนข้อที่ต้องปรับปรุง และจำนวนเด็กที่ผ่านเกณฑ์.xls","122","Sheet1","2564|7281044206","สำนักงานตำรวจแห่งชาติ","กองบัญชาการตำรวจตระเวนชายแดน","กองบังคับการตำรวจตระเวนชายแดนภาค 4","กองกำกับการตำรวจตระเวนชายแดนที่ 42","","","","7281044206","ศกร.ตชด.บ้านแผ่นดินเสมอ","ศกร.ตชด.บ้านแผ่นดินเสมอ","16/05/2557","2014-05-16","parsed","1.2.3","1.2.3","1","1","0","","0","0","0","0","0","0","1","0","0","0","0","0","0","0","0","0","0","0","0","0","0","0","0","0","0","0","0","0","0","0","0","0","0","0","0","0","0","0","0","0","0","0","0","0","0","0","0","0","0","0","0","0","0","0","0","0","0","0","0","0","0","0","0","0","0","0","0","0","0","0","0","0","0","0","0","0","1","B","ผ่าน"
"SCH_G3_0179","2564","2021","8. 2564 REP004-IMPROVEMENT 12 - ตารางสรุปรายงานมาตรฐานแต่ละด้าน พร้อมจำนวนข้อที่ต้องปรับปรุง และจำนวนเด็กที่ผ่านเกณฑ์.xls","123","Sheet1","2564|7282194103","สำนักงานตำรวจแห่งชาติ","กองบัญชาการตำรวจตระเวนชายแดน","กองบังคับการตำรวจตระเวนชายแดนภาค 4","กองกำกับการตำรวจตระเวนชายแดนที่ 41","","","","7282194103","รร.ตชด.บ้านคลองวาย","รร.ตชด.บ้านคลองวาย","09/05/2531","1988-05-09","parsed","","","0","0","0","","0","0","0","0","0","0","0","0","0","0","0","0","0","0","0","0","0","0","0","0","0","0","0","0","0","0","0","0","0","0","0","0","0","0","0","0","0","0","0","0","0","0","0","0","0","0","0","0","0","0","0","0","0","0","0","0","0","0","0","0","0","0","0","0","0","0","0","0","0","0","0","0","0","0","0","0","0","A","ผ่าน"
"SCH_G3_0180","2564","2021","8. 2564 REP004-IMPROVEMENT 12 - ตารางสรุปรายงานมาตรฐานแต่ละด้าน พร้อมจำนวนข้อที่ต้องปรับปรุง และจำนวนเด็กที่ผ่านเกณฑ์.xls","124","Sheet1","2564|7284064111","สำนักงานตำรวจแห่งชาติ","กองบัญชาการตำรวจตระเวนชายแดน","กองบังคับการตำรวจตระเวนชายแดนภาค 4","กองกำกับการตำรวจตระเวนชายแดนที่ 41","","","","7284064111","รร.ตชด.บ้านยางโพรง","รร.ตชด.บ้านยางโพรง","","","missing","","","0","0","0","","0","0","0","0","0","0","0","0","0","0","0","0","0","0","0","0","0","0","0","0","0","0","0","0","0","0","0","0","0","0","0","0","0","0","0","0","0","0","0","0","0","0","0","0","0","0","0","0","0","0","0","0","0","0","0","0","0","0","0","0","0","0","0","0","0","0","0","0","0","0","0","0","0","0","0","0","0","A","ผ่าน"
"SCH_G3_0181","2564","2021","8. 2564 REP004-IMPROVEMENT 12 - ตารางสรุปรายงานมาตรฐานแต่ละด้าน พร้อมจำนวนข้อที่ต้องปรับปรุง และจำนวนเด็กที่ผ่านเกณฑ์.xls","125","Sheet1","2564|7284074110","สำนักงานตำรวจแห่งชาติ","กองบัญชาการตำรวจตระเวนชายแดน","กองบังคับการตำรวจตระเวนชายแดนภาค 4","กองกำกับการตำรวจตระเวนชายแดนที่ 41","","","","7284074110","รร.ตชด.บ้านกอเตย","รร.ตชด.บ้านกอเตย","16/05/2540","1997-05-16","parsed","","","0","0","0","","0","0","0","0","0","0","0","0","0","0","0","0","0","0","0","0","0","0","0","0","0","0","0","0","0","0","0","0","0","0","0","0","0","0","0","0","0","0","0","0","0","0","0","0","0","0","0","0","0","0","0","0","0","0","0","0","0","0","0","0","0","0","0","0","0","0","0","0","0","0","0","0","0","0","0","0","0","A","ผ่าน"
"SCH_G3_0182","2564","2021","8. 2564 REP004-IMPROVEMENT 12 - ตารางสรุปรายงานมาตรฐานแต่ละด้าน พร้อมจำนวนข้อที่ต้องปรับปรุง และจำนวนเด็กที่ผ่านเกณฑ์.xls","126","Sheet1","2564|7284164101","สำนักงานตำรวจแห่งชาติ","กองบัญชาการตำรวจตระเวนชายแดน","กองบังคับการตำรวจตระเวนชายแดนภาค 4","กองกำกับการตำรวจตระเวนชายแดนที่ 41","","","","7284164101","รร.ตชด.เทคนิคมีนบุรีอนุสรณ์ 1","รร.ตชด.เทคนิคมีนบุรีอนุสรณ์ 1","06/07/2530","1987-07-06","parsed","","","0","0","0","","0","0","0","0","0","0","0","0","0","0","0","0","0","0","0","0","0","0","0","0","0","0","0","0","0","0","0","0","0","0","0","0","0","0","0","0","0","0","0","0","0","0","0","0","0","0","0","0","0","0","0","0","0","0","0","0","0","0","0","0","0","0","0","0","0","0","0","0","0","0","0","0","0","0","0","0","0","A","ผ่าน"
"SCH_G3_0183","2564","2021","8. 2564 REP004-IMPROVEMENT 12 - ตารางสรุปรายงานมาตรฐานแต่ละด้าน พร้อมจำนวนข้อที่ต้องปรับปรุง และจำนวนเด็กที่ผ่านเกณฑ์.xls","127","Sheet1","2564|7284164109","สำนักงานตำรวจแห่งชาติ","กองบัญชาการตำรวจตระเวนชายแดน","กองบังคับการตำรวจตระเวนชายแดนภาค 4","กองกำกับการตำรวจตระเวนชายแดนที่ 41","","","","7284164109","รร.ตชด.บ้านควนสามัคคี","รร.ตชด.บ้านควนสามัคคี","01/07/2563","2020-07-01","parsed","3.4.3ข,3.5.3ข","3.4.3ข,3.5.3ข","2","2","0","","0","0","0","0","0","0","0","0","0","0","0","0","0","0","0","0","0","0","0","0","0","0","0","0","0","0","0","0","0","0","0","0","0","0","0","0","0","0","0","0","0","0","0","0","0","0","0","0","0","0","0","0","0","0","0","0","0","0","0","0","0","0","1","0","0","1","0","0","0","0","0","0","0","0","0","0","2","B","ผ่าน"
"SCH_G3_0184","2564","2021","8. 2564 REP004-IMPROVEMENT 12 - ตารางสรุปรายงานมาตรฐานแต่ละด้าน พร้อมจำนวนข้อที่ต้องปรับปรุง และจำนวนเด็กที่ผ่านเกณฑ์.xls","128","Sheet1","2564|7286024102","สำนักงานตำรวจแห่งชาติ","กองบัญชาการตำรวจตระเวนชายแดน","กองบังคับการตำรวจตระเวนชายแดนภาค 4","กองกำกับการตำรวจตระเวนชายแดนที่ 41","","","","7286024102","รร.ตชด.สันตินิมิตร","รร.ตชด.สันตินิมิตร","15/07/2546","2003-07-15","parsed","","","0","0","0","","0","0","0","0","0","0","0","0","0","0","0","0","0","0","0","0","0","0","0","0","0","0","0","0","0","0","0","0","0","0","0","0","0","0","0","0","0","0","0","0","0","0","0","0","0","0","0","0","0","0","0","0","0","0","0","0","0","0","0","0","0","0","0","0","0","0","0","0","0","0","0","0","0","0","0","0","0","A","ผ่าน"
"SCH_G3_0185","2564","2021","8. 2564 REP004-IMPROVEMENT 12 - ตารางสรุปรายงานมาตรฐานแต่ละด้าน พร้อมจำนวนข้อที่ต้องปรับปรุง และจำนวนเด็กที่ผ่านเกณฑ์.xls","129","Sheet1","2564|7286024107","สำนักงานตำรวจแห่งชาติ","กองบัญชาการตำรวจตระเวนชายแดน","กองบังคับการตำรวจตระเวนชายแดนภาค 4","กองกำกับการตำรวจตระเวนชายแดนที่ 41","","","","7286024107","รร.ตชด.บ้านพันวาล","รร.ตชด.บ้านพันวาล","17/05/2564","2021-05-17","parsed","1.2.3","1.2.3","1","1","0","","0","0","0","0","0","0","1","0","0","0","0","0","0","0","0","0","0","0","0","0","0","0","0","0","0","0","0","0","0","0","0","0","0","0","0","0","0","0","0","0","0","0","0","0","0","0","0","0","0","0","0","0","0","0","0","0","0","0","0","0","0","0","0","0","0","0","0","0","0","0","0","0","0","0","0","0","1","B","ผ่าน"
"SCH_G3_0186","2564","2021","8. 2564 REP004-IMPROVEMENT 12 - ตารางสรุปรายงานมาตรฐานแต่ละด้าน พร้อมจำนวนข้อที่ต้องปรับปรุง และจำนวนเด็กที่ผ่านเกณฑ์.xls","130","Sheet1","2564|7286044106","สำนักงานตำรวจแห่งชาติ","กองบัญชาการตำรวจตระเวนชายแดน","กองบังคับการตำรวจตระเวนชายแดนภาค 4","กองกำกับการตำรวจตระเวนชายแดนที่ 41","","","","7286044106","รร.ตชด.บ้านห้วยเหมือง","รร.ตชด.บ้านห้วยเหมือง","15/07/2531","1988-07-15","parsed","1.5.4","1.5.4","1","1","0","","0","0","0","0","0","0","0","0","0","0","0","0","0","0","0","0","0","0","0","0","0","0","0","0","0","0","1","0","0","0","0","0","0","0","0","0","0","0","0","0","0","0","0","0","0","0","0","0","0","0","0","0","0","0","0","0","0","0","0","0","0","0","0","0","0","0","0","0","0","0","0","0","0","0","0","0","1","B","ผ่าน"
"SCH_G3_0187","2564","2021","8. 2564 REP004-IMPROVEMENT 12 - ตารางสรุปรายงานมาตรฐานแต่ละด้าน พร้อมจำนวนข้อที่ต้องปรับปรุง และจำนวนเด็กที่ผ่านเกณฑ์.xls","131","Sheet1","2564|7286054105","สำนักงานตำรวจแห่งชาติ","กองบัญชาการตำรวจตระเวนชายแดน","กองบังคับการตำรวจตระเวนชายแดนภาค 4","กองกำกับการตำรวจตระเวนชายแดนที่ 41","","","","7286054105","รร.ตชด.สิริราษฎร์","รร.ตชด.สิริราษฎร์","01/02/2531","1988-02-01","parsed","1.2.3,1.3.8","1.2.3,1.3.8","2","2","0","","0","0","0","0","0","0","1","0","0","0","0","0","0","0","0","1","0","0","0","0","0","0","0","0","0","0","0","0","0","0","0","0","0","0","0","0","0","0","0","0","0","0","0","0","0","0","0","0","0","0","0","0","0","0","0","0","0","0","0","0","0","0","0","0","0","0","0","0","0","0","0","0","0","0","0","0","2","B","ผ่าน"
"SCH_G3_0188","2564","2021","8. 2564 REP004-IMPROVEMENT 12 - ตารางสรุปรายงานมาตรฐานแต่ละด้าน พร้อมจำนวนข้อที่ต้องปรับปรุง และจำนวนเด็กที่ผ่านเกณฑ์.xls","132","Sheet1","2564|7286054108","สำนักงานตำรวจแห่งชาติ","กองบัญชาการตำรวจตระเวนชายแดน","กองบังคับการตำรวจตระเวนชายแดนภาค 4","กองกำกับการตำรวจตระเวนชายแดนที่ 41","","","","7286054108","รร.ตชด.บ้านสวนเพชร","รร.ตชด.บ้านสวนเพชร","13/05/2532","1989-05-13","parsed","","","0","0","0","","0","0","0","0","0","0","0","0","0","0","0","0","0","0","0","0","0","0","0","0","0","0","0","0","0","0","0","0","0","0","0","0","0","0","0","0","0","0","0","0","0","0","0","0","0","0","0","0","0","0","0","0","0","0","0","0","0","0","0","0","0","0","0","0","0","0","0","0","0","0","0","0","0","0","0","0","0","A","ผ่าน"
"SCH_G3_0189","2564","2021","8. 2564 REP004-IMPROVEMENT 12 - ตารางสรุปรายงานมาตรฐานแต่ละด้าน พร้อมจำนวนข้อที่ต้องปรับปรุง และจำนวนเด็กที่ผ่านเกณฑ์.xls","133","Sheet1","2564|7286064112","สำนักงานตำรวจแห่งชาติ","กองบัญชาการตำรวจตระเวนชายแดน","กองบังคับการตำรวจตระเวนชายแดนภาค 4","กองกำกับการตำรวจตระเวนชายแดนที่ 41","","","","7286064112","รร.ตชด.บ้านตะแบกงาม (ตันตระเธียรอุปถัมป์)","รร.ตชด.บ้านตะแบกงาม (ตันตระเธียรอุปถัมป์)","14/03/2565","2022-03-14","parsed","","","0","0","0","","0","0","0","0","0","0","0","0","0","0","0","0","0","0","0","0","0","0","0","0","0","0","0","0","0","0","0","0","0","0","0","0","0","0","0","0","0","0","0","0","0","0","0","0","0","0","0","0","0","0","0","0","0","0","0","0","0","0","0","0","0","0","0","0","0","0","0","0","0","0","0","0","0","0","0","0","0","A","ผ่าน"
"SCH_G3_0190","2564","2021","8. 2564 REP004-IMPROVEMENT 12 - ตารางสรุปรายงานมาตรฐานแต่ละด้าน พร้อมจำนวนข้อที่ต้องปรับปรุง และจำนวนเด็กที่ผ่านเกณฑ์.xls","134","Sheet1","2564|7290044303","สำนักงานตำรวจแห่งชาติ","กองบัญชาการตำรวจตระเวนชายแดน","กองบังคับการตำรวจตระเวนชายแดนภาค 4","กองกำกับการตำรวจตระเวนชายแดนที่ 43","","","","7290044303","รร.ตชด.เชิญ  พิศลยบุตร","รร.ตชด.เชิญ  พิศลยบุตร","20/02/2568","2025-02-20","parsed","","","0","0","0","","0","0","0","0","0","0","0","0","0","0","0","0","0","0","0","0","0","0","0","0","0","0","0","0","0","0","0","0","0","0","0","0","0","0","0","0","0","0","0","0","0","0","0","0","0","0","0","0","0","0","0","0","0","0","0","0","0","0","0","0","0","0","0","0","0","0","0","0","0","0","0","0","0","0","0","0","0","A","ผ่าน"
"SCH_G3_0191","2564","2021","8. 2564 REP004-IMPROVEMENT 12 - ตารางสรุปรายงานมาตรฐานแต่ละด้าน พร้อมจำนวนข้อที่ต้องปรับปรุง และจำนวนเด็กที่ผ่านเกณฑ์.xls","135","Sheet1","2564|7290044310","สำนักงานตำรวจแห่งชาติ","กองบัญชาการตำรวจตระเวนชายแดน","กองบังคับการตำรวจตระเวนชายแดนภาค 4","กองกำกับการตำรวจตระเวนชายแดนที่ 43","","","","7290044310","รร.ตชด.บ้านประกอบออก","รร.ตชด.บ้านประกอบออก","29/06/2529","1986-06-29","parsed","","","0","0","0","","0","0","0","0","0","0","0","0","0","0","0","0","0","0","0","0","0","0","0","0","0","0","0","0","0","0","0","0","0","0","0","0","0","0","0","0","0","0","0","0","0","0","0","0","0","0","0","0","0","0","0","0","0","0","0","0","0","0","0","0","0","0","0","0","0","0","0","0","0","0","0","0","0","0","0","0","0","A","ผ่าน"
"SCH_G3_0192","2564","2021","8. 2564 REP004-IMPROVEMENT 12 - ตารางสรุปรายงานมาตรฐานแต่ละด้าน พร้อมจำนวนข้อที่ต้องปรับปรุง และจำนวนเด็กที่ผ่านเกณฑ์.xls","136","Sheet1","2564|7290064302","สำนักงานตำรวจแห่งชาติ","กองบัญชาการตำรวจตระเวนชายแดน","กองบังคับการตำรวจตระเวนชายแดนภาค 4","กองกำกับการตำรวจตระเวนชายแดนที่ 43","","","","7290064302","รร.ตชด.มหาราช 1","รร.ตชด.มหาราช 1","16/05/2566","2023-05-16","parsed","1.3.8,3.5.5ข","1.3.8,3.5.5ข","2","2","0","","0","0","0","0","0","0","0","0","0","0","0","0","0","0","0","1","0","0","0","0","0","0","0","0","0","0","0","0","0","0","0","0","0","0","0","0","0","0","0","0","0","0","0","0","0","0","0","0","0","0","0","0","0","0","0","0","0","0","0","0","0","0","0","0","0","0","0","1","0","0","0","0","0","0","0","0","2","B","ผ่าน"
"SCH_G3_0193","2564","2021","8. 2564 REP004-IMPROVEMENT 12 - ตารางสรุปรายงานมาตรฐานแต่ละด้าน พร้อมจำนวนข้อที่ต้องปรับปรุง และจำนวนเด็กที่ผ่านเกณฑ์.xls","137","Sheet1","2564|7290064304","สำนักงานตำรวจแห่งชาติ","กองบัญชาการตำรวจตระเวนชายแดน","กองบังคับการตำรวจตระเวนชายแดนภาค 4","กองกำกับการตำรวจตระเวนชายแดนที่ 43","","","","7290064304","รร.ตชด.บ้านสำนักเอาะ","รร.ตชด.บ้านสำนักเอาะ","18/06/2518","1975-06-18","parsed","","","0","0","0","","0","0","0","0","0","0","0","0","0","0","0","0","0","0","0","0","0","0","0","0","0","0","0","0","0","0","0","0","0","0","0","0","0","0","0","0","0","0","0","0","0","0","0","0","0","0","0","0","0","0","0","0","0","0","0","0","0","0","0","0","0","0","0","0","0","0","0","0","0","0","0","0","0","0","0","0","0","A","ผ่าน"
"SCH_G3_0194","2564","2021","8. 2564 REP004-IMPROVEMENT 12 - ตารางสรุปรายงานมาตรฐานแต่ละด้าน พร้อมจำนวนข้อที่ต้องปรับปรุง และจำนวนเด็กที่ผ่านเกณฑ์.xls","138","Sheet1","2564|7290064308","สำนักงานตำรวจแห่งชาติ","กองบัญชาการตำรวจตระเวนชายแดน","กองบังคับการตำรวจตระเวนชายแดนภาค 4","กองกำกับการตำรวจตระเวนชายแดนที่ 43","","","","7290064308","รร.ตชด.บ้านหาดทราย","รร.ตชด.บ้านหาดทราย","26/05/2526","1983-05-26","parsed","","","0","0","0","","0","0","0","0","0","0","0","0","0","0","0","0","0","0","0","0","0","0","0","0","0","0","0","0","0","0","0","0","0","0","0","0","0","0","0","0","0","0","0","0","0","0","0","0","0","0","0","0","0","0","0","0","0","0","0","0","0","0","0","0","0","0","0","0","0","0","0","0","0","0","0","0","0","0","0","0","0","A","ผ่าน"
"SCH_G3_0195","2564","2021","8. 2564 REP004-IMPROVEMENT 12 - ตารางสรุปรายงานมาตรฐานแต่ละด้าน พร้อมจำนวนข้อที่ต้องปรับปรุง และจำนวนเด็กที่ผ่านเกณฑ์.xls","139","Sheet1","2564|7290104301","สำนักงานตำรวจแห่งชาติ","กองบัญชาการตำรวจตระเวนชายแดน","กองบังคับการตำรวจตระเวนชายแดนภาค 4","กองกำกับการตำรวจตระเวนชายแดนที่ 43","","","","7290104301","รร.ตชด.สื่อมวลชนกีฬา","รร.ตชด.สื่อมวลชนกีฬา","12/10/2502","1959-10-12","parsed","","","0","0","0","","0","0","0","0","0","0","0","0","0","0","0","0","0","0","0","0","0","0","0","0","0","0","0","0","0","0","0","0","0","0","0","0","0","0","0","0","0","0","0","0","0","0","0","0","0","0","0","0","0","0","0","0","0","0","0","0","0","0","0","0","0","0","0","0","0","0","0","0","0","0","0","0","0","0","0","0","0","A","ผ่าน"
"SCH_G3_0196","2564","2021","8. 2564 REP004-IMPROVEMENT 12 - ตารางสรุปรายงานมาตรฐานแต่ละด้าน พร้อมจำนวนข้อที่ต้องปรับปรุง และจำนวนเด็กที่ผ่านเกณฑ์.xls","140","Sheet1","2564|7290104305","สำนักงานตำรวจแห่งชาติ","กองบัญชาการตำรวจตระเวนชายแดน","กองบังคับการตำรวจตระเวนชายแดนภาค 4","กองกำกับการตำรวจตระเวนชายแดนที่ 43","","","","7290104305","รร.ตชด.บ้านชายควน","รร.ตชด.บ้านชายควน","","","missing","1.2.3","1.2.3","1","1","0","","0","0","0","0","0","0","1","0","0","0","0","0","0","0","0","0","0","0","0","0","0","0","0","0","0","0","0","0","0","0","0","0","0","0","0","0","0","0","0","0","0","0","0","0","0","0","0","0","0","0","0","0","0","0","0","0","0","0","0","0","0","0","0","0","0","0","0","0","0","0","0","0","0","0","0","0","1","B","ผ่าน"
"SCH_G3_0197","2564","2021","8. 2564 REP004-IMPROVEMENT 12 - ตารางสรุปรายงานมาตรฐานแต่ละด้าน พร้อมจำนวนข้อที่ต้องปรับปรุง และจำนวนเด็กที่ผ่านเกณฑ์.xls","141","Sheet1","2564|7290104307","สำนักงานตำรวจแห่งชาติ","กองบัญชาการตำรวจตระเวนชายแดน","กองบังคับการตำรวจตระเวนชายแดนภาค 4","กองกำกับการตำรวจตระเวนชายแดนที่ 43","","","","7290104307","โรงเรียน ตชด.พลตำรวจเอกสมศักดิ์ แขวงโสภา(บ้านทุ่งสบายใจ)","โรงเรียน ตชด.พลตำรวจเอกสมศักดิ์ แขวงโสภา(บ้านทุ่งสบายใจ)","25/03/2568","2025-03-25","parsed","","","0","0","0","","0","0","0","0","0","0","0","0","0","0","0","0","0","0","0","0","0","0","0","0","0","0","0","0","0","0","0","0","0","0","0","0","0","0","0","0","0","0","0","0","0","0","0","0","0","0","0","0","0","0","0","0","0","0","0","0","0","0","0","0","0","0","0","0","0","0","0","0","0","0","0","0","0","0","0","0","0","A","ผ่าน"
"SCH_G3_0198","2564","2021","8. 2564 REP004-IMPROVEMENT 12 - ตารางสรุปรายงานมาตรฐานแต่ละด้าน พร้อมจำนวนข้อที่ต้องปรับปรุง และจำนวนเด็กที่ผ่านเกณฑ์.xls","142","Sheet1","2564|7290104315","สำนักงานตำรวจแห่งชาติ","กองบัญชาการตำรวจตระเวนชายแดน","กองบังคับการตำรวจตระเวนชายแดนภาค 4","กองกำกับการตำรวจตระเวนชายแดนที่ 43","","","","7290104315","รร.ตชด.บ้านบาโรย","รร.ตชด.บ้านบาโรย","09/11/2541","1998-11-09","parsed","","","0","0","0","","0","0","0","0","0","0","0","0","0","0","0","0","0","0","0","0","0","0","0","0","0","0","0","0","0","0","0","0","0","0","0","0","0","0","0","0","0","0","0","0","0","0","0","0","0","0","0","0","0","0","0","0","0","0","0","0","0","0","0","0","0","0","0","0","0","0","0","0","0","0","0","0","0","0","0","0","0","A","ผ่าน"
"SCH_G3_0199","2564","2021","8. 2564 REP004-IMPROVEMENT 12 - ตารางสรุปรายงานมาตรฐานแต่ละด้าน พร้อมจำนวนข้อที่ต้องปรับปรุง และจำนวนเด็กที่ผ่านเกณฑ์.xls","143","Sheet1","2564|7290104316","สำนักงานตำรวจแห่งชาติ","กองบัญชาการตำรวจตระเวนชายแดน","กองบังคับการตำรวจตระเวนชายแดนภาค 4","กองกำกับการตำรวจตระเวนชายแดนที่ 43","","","","7290104316","รร.ตชด.พลเอกนวล-คุณหญิงบานชื่น จันทร์ตรี","รร.ตชด.พลเอกนวล-คุณหญิงบานชื่น จันทร์ตรี","17/05/2553","2010-05-17","parsed","","","0","0","0","","0","0","0","0","0","0","0","0","0","0","0","0","0","0","0","0","0","0","0","0","0","0","0","0","0","0","0","0","0","0","0","0","0","0","0","0","0","0","0","0","0","0","0","0","0","0","0","0","0","0","0","0","0","0","0","0","0","0","0","0","0","0","0","0","0","0","0","0","0","0","0","0","0","0","0","0","0","A","ผ่าน"
"SCH_G3_0200","2564","2021","8. 2564 REP004-IMPROVEMENT 12 - ตารางสรุปรายงานมาตรฐานแต่ละด้าน พร้อมจำนวนข้อที่ต้องปรับปรุง และจำนวนเด็กที่ผ่านเกณฑ์.xls","144","Sheet1","2564|7291034311","สำนักงานตำรวจแห่งชาติ","กองบัญชาการตำรวจตระเวนชายแดน","กองบังคับการตำรวจตระเวนชายแดนภาค 4","กองกำกับการตำรวจตระเวนชายแดนที่ 43","","","","7291034311","รร.ตชด.ยูงทองรัฐประชาสรรค์","รร.ตชด.ยูงทองรัฐประชาสรรค์","16/05/2568","2025-05-16","parsed","","","0","0","0","","0","0","0","0","0","0","0","0","0","0","0","0","0","0","0","0","0","0","0","0","0","0","0","0","0","0","0","0","0","0","0","0","0","0","0","0","0","0","0","0","0","0","0","0","0","0","0","0","0","0","0","0","0","0","0","0","0","0","0","0","0","0","0","0","0","0","0","0","0","0","0","0","0","0","0","0","0","A","ผ่าน"
"SCH_G3_0201","2564","2021","8. 2564 REP004-IMPROVEMENT 12 - ตารางสรุปรายงานมาตรฐานแต่ละด้าน พร้อมจำนวนข้อที่ต้องปรับปรุง และจำนวนเด็กที่ผ่านเกณฑ์.xls","145","Sheet1","2564|7291034314","สำนักงานตำรวจแห่งชาติ","กองบัญชาการตำรวจตระเวนชายแดน","กองบังคับการตำรวจตระเวนชายแดนภาค 4","กองกำกับการตำรวจตระเวนชายแดนที่ 43","","","","7291034314","รร.ตชด.บ้านส้านแดง","รร.ตชด.บ้านส้านแดง","","","missing","","","0","0","0","","0","0","0","0","0","0","0","0","0","0","0","0","0","0","0","0","0","0","0","0","0","0","0","0","0","0","0","0","0","0","0","0","0","0","0","0","0","0","0","0","0","0","0","0","0","0","0","0","0","0","0","0","0","0","0","0","0","0","0","0","0","0","0","0","0","0","0","0","0","0","0","0","0","0","0","0","0","A","ผ่าน"
"SCH_G3_0202","2564","2021","8. 2564 REP004-IMPROVEMENT 12 - ตารางสรุปรายงานมาตรฐานแต่ละด้าน พร้อมจำนวนข้อที่ต้องปรับปรุง และจำนวนเด็กที่ผ่านเกณฑ์.xls","146","Sheet1","2564|7292044309","สำนักงานตำรวจแห่งชาติ","กองบัญชาการตำรวจตระเวนชายแดน","กองบังคับการตำรวจตระเวนชายแดนภาค 4","กองกำกับการตำรวจตระเวนชายแดนที่ 43","","","","7292044309","รร.ตชด.สันติราษฎร์ประชาบำรุง","รร.ตชด.สันติราษฎร์ประชาบำรุง","14/06/2528","1985-06-14","parsed","","","0","0","0","","0","0","0","0","0","0","0","0","0","0","0","0","0","0","0","0","0","0","0","0","0","0","0","0","0","0","0","0","0","0","0","0","0","0","0","0","0","0","0","0","0","0","0","0","0","0","0","0","0","0","0","0","0","0","0","0","0","0","0","0","0","0","0","0","0","0","0","0","0","0","0","0","0","0","0","0","0","A","ผ่าน"
"SCH_G3_0203","2564","2021","8. 2564 REP004-IMPROVEMENT 12 - ตารางสรุปรายงานมาตรฐานแต่ละด้าน พร้อมจำนวนข้อที่ต้องปรับปรุง และจำนวนเด็กที่ผ่านเกณฑ์.xls","147","Sheet1","2564|7292044312","สำนักงานตำรวจแห่งชาติ","กองบัญชาการตำรวจตระเวนชายแดน","กองบังคับการตำรวจตระเวนชายแดนภาค 4","กองกำกับการตำรวจตระเวนชายแดนที่ 43","","","","7292044312","รร.ตชด.บ้านหินจอก","รร.ตชด.บ้านหินจอก","05/05/2531","1988-05-05","parsed","","","0","0","0","","0","0","0","0","0","0","0","0","0","0","0","0","0","0","0","0","0","0","0","0","0","0","0","0","0","0","0","0","0","0","0","0","0","0","0","0","0","0","0","0","0","0","0","0","0","0","0","0","0","0","0","0","0","0","0","0","0","0","0","0","0","0","0","0","0","0","0","0","0","0","0","0","0","0","0","0","0","A","ผ่าน"
"SCH_G3_0204","2564","2021","8. 2564 REP004-IMPROVEMENT 12 - ตารางสรุปรายงานมาตรฐานแต่ละด้าน พร้อมจำนวนข้อที่ต้องปรับปรุง และจำนวนเด็กที่ผ่านเกณฑ์.xls","148","Sheet1","2564|7293104313","สำนักงานตำรวจแห่งชาติ","กองบัญชาการตำรวจตระเวนชายแดน","กองบังคับการตำรวจตระเวนชายแดนภาค 4","กองกำกับการตำรวจตระเวนชายแดนที่ 43","","","","7293104313","รร.ตชด.บ้านควนตะแบก","รร.ตชด.บ้านควนตะแบก","14/02/2533","1990-02-14","parsed","","","0","0","0","","0","0","0","0","0","0","0","0","0","0","0","0","0","0","0","0","0","0","0","0","0","0","0","0","0","0","0","0","0","0","0","0","0","0","0","0","0","0","0","0","0","0","0","0","0","0","0","0","0","0","0","0","0","0","0","0","0","0","0","0","0","0","0","0","0","0","0","0","0","0","0","0","0","0","0","0","0","A","ผ่าน"
"SCH_G3_0206","2564","2021","8. 2564 REP004-IMPROVEMENT 12 - ตารางสรุปรายงานมาตรฐานแต่ละด้าน พร้อมจำนวนข้อที่ต้องปรับปรุง และจำนวนเด็กที่ผ่านเกณฑ์.xls","149","Sheet1","2564|7295014412","สำนักงานตำรวจแห่งชาติ","กองบัญชาการตำรวจตระเวนชายแดน","กองบังคับการตำรวจตระเวนชายแดนภาค 4","กองกำกับการตำรวจตระเวนชายแดนที่ 44","","","","7295014412","รร.ตชด.เฉลิมพระเกียรติ 50 พรรษาฯ","รร.ตชด.เฉลิมพระเกียรติ 50 พรรษาฯ","14/06/2564","2021-06-14","parsed","1.2.3","1.2.3","1","1","0","","0","0","0","0","0","0","1","0","0","0","0","0","0","0","0","0","0","0","0","0","0","0","0","0","0","0","0","0","0","0","0","0","0","0","0","0","0","0","0","0","0","0","0","0","0","0","0","0","0","0","0","0","0","0","0","0","0","0","0","0","0","0","0","0","0","0","0","0","0","0","0","0","0","0","0","0","1","B","ผ่าน"
"SCH_G3_0207","2564","2021","8. 2564 REP004-IMPROVEMENT 12 - ตารางสรุปรายงานมาตรฐานแต่ละด้าน พร้อมจำนวนข้อที่ต้องปรับปรุง และจำนวนเด็กที่ผ่านเกณฑ์.xls","150","Sheet1","2564|7295034413","สำนักงานตำรวจแห่งชาติ","กองบัญชาการตำรวจตระเวนชายแดน","กองบังคับการตำรวจตระเวนชายแดนภาค 4","กองกำกับการตำรวจตระเวนชายแดนที่ 44","","","","7295034413","ศกร.ตชด.บ้านภักดี","ศกร.ตชด.บ้านภักดี","18/05/2558","2015-05-18","parsed","","","0","0","0","","0","0","0","0","0","0","0","0","0","0","0","0","0","0","0","0","0","0","0","0","0","0","0","0","0","0","0","0","0","0","0","0","0","0","0","0","0","0","0","0","0","0","0","0","0","0","0","0","0","0","0","0","0","0","0","0","0","0","0","0","0","0","0","0","0","0","0","0","0","0","0","0","0","0","0","0","0","A","ผ่าน"
"SCH_G3_0208","2564","2021","8. 2564 REP004-IMPROVEMENT 12 - ตารางสรุปรายงานมาตรฐานแต่ละด้าน พร้อมจำนวนข้อที่ต้องปรับปรุง และจำนวนเด็กที่ผ่านเกณฑ์.xls","151","Sheet1","2564|7295044401","สำนักงานตำรวจแห่งชาติ","กองบัญชาการตำรวจตระเวนชายแดน","กองบังคับการตำรวจตระเวนชายแดนภาค 4","กองกำกับการตำรวจตระเวนชายแดนที่ 44","","","","7295044401","รร.ตชด.สังวาลย์วิท 4","รร.ตชด.สังวาลย์วิท 4","16/05/2510","1967-05-16","parsed","1.2.3","1.2.3","1","1","0","","0","0","0","0","0","0","1","0","0","0","0","0","0","0","0","0","0","0","0","0","0","0","0","0","0","0","0","0","0","0","0","0","0","0","0","0","0","0","0","0","0","0","0","0","0","0","0","0","0","0","0","0","0","0","0","0","0","0","0","0","0","0","0","0","0","0","0","0","0","0","0","0","0","0","0","0","1","B","ผ่าน"
"SCH_G3_0209","2564","2021","8. 2564 REP004-IMPROVEMENT 12 - ตารางสรุปรายงานมาตรฐานแต่ละด้าน พร้อมจำนวนข้อที่ต้องปรับปรุง และจำนวนเด็กที่ผ่านเกณฑ์.xls","152","Sheet1","2564|7295044403","สำนักงานตำรวจแห่งชาติ","กองบัญชาการตำรวจตระเวนชายแดน","กองบังคับการตำรวจตระเวนชายแดนภาค 4","กองกำกับการตำรวจตระเวนชายแดนที่ 44","","","","7295044403","รร.ตชด.นิคมพิทักษ์ราษฎร์","รร.ตชด.นิคมพิทักษ์ราษฎร์","08/07/2564","2021-07-08","parsed","","","0","0","0","","0","0","0","0","0","0","0","0","0","0","0","0","0","0","0","0","0","0","0","0","0","0","0","0","0","0","0","0","0","0","0","0","0","0","0","0","0","0","0","0","0","0","0","0","0","0","0","0","0","0","0","0","0","0","0","0","0","0","0","0","0","0","0","0","0","0","0","0","0","0","0","0","0","0","0","0","0","A","ผ่าน"
"SCH_G3_0210","2564","2021","8. 2564 REP004-IMPROVEMENT 12 - ตารางสรุปรายงานมาตรฐานแต่ละด้าน พร้อมจำนวนข้อที่ต้องปรับปรุง และจำนวนเด็กที่ผ่านเกณฑ์.xls","153","Sheet1","2564|7295044404","สำนักงานตำรวจแห่งชาติ","กองบัญชาการตำรวจตระเวนชายแดน","กองบังคับการตำรวจตระเวนชายแดนภาค 4","กองกำกับการตำรวจตระเวนชายแดนที่ 44","","","","7295044404","รร.ตชด.บ้านปาโจแมเราะ","รร.ตชด.บ้านปาโจแมเราะ","01/06/2531","1988-06-01","parsed","3.1.3ข,3.2.1ข,3.3.1ข,3.3.2ข,3.4.3ข,3.5.1ข,3.5.2ข,3.6.1ข,3.6.2ข,3.6.4ข,3.7.2ข,3.7.3ข","3.1.3ข,3.2.1ข,3.3.1ข,3.3.2ข,3.4.3ข,3.5.1ข,3.5.2ข,3.6.1ข,3.6.2ข,3.6.4ข,3.7.2ข,3.7.3ข","12","12","0","","0","0","0","0","0","0","0","0","0","0","0","0","0","0","0","0","0","0","0","0","0","0","0","0","0","0","0","0","0","0","0","0","0","0","0","0","0","0","0","0","0","0","0","0","0","0","0","0","0","0","0","0","0","0","0","0","1","1","1","1","0","0","1","1","1","0","0","0","1","1","0","1","0","1","1","0","12","C","ผ่าน"
"SCH_G3_0212","2564","2021","8. 2564 REP004-IMPROVEMENT 12 - ตารางสรุปรายงานมาตรฐานแต่ละด้าน พร้อมจำนวนข้อที่ต้องปรับปรุง และจำนวนเด็กที่ผ่านเกณฑ์.xls","154","Sheet1","2564|7296064411","สำนักงานตำรวจแห่งชาติ","กองบัญชาการตำรวจตระเวนชายแดน","กองบังคับการตำรวจตระเวนชายแดนภาค 4","กองกำกับการตำรวจตระเวนชายแดนที่ 44","","","","7296064411","รร.ตชด.การท่าอากาศยานฯ","รร.ตชด.การท่าอากาศยานฯ","16/05/2543","2000-05-16","parsed","3.1.3ข,3.6.1ข,3.6.2ข","3.1.3ข,3.6.1ข,3.6.2ข","3","3","0","","0","0","0","0","0","0","0","0","0","0","0","0","0","0","0","0","0","0","0","0","0","0","0","0","0","0","0","0","0","0","0","0","0","0","0","0","0","0","0","0","0","0","0","0","0","0","0","0","0","0","0","0","0","0","0","0","1","0","0","0","0","0","0","0","0","0","0","0","1","1","0","0","0","0","0","0","3","B","ผ่าน"
"SCH_G3_0213","2564","2021","8. 2564 REP004-IMPROVEMENT 12 - ตารางสรุปรายงานมาตรฐานแต่ละด้าน พร้อมจำนวนข้อที่ต้องปรับปรุง และจำนวนเด็กที่ผ่านเกณฑ์.xls","155","Sheet1","2564|7296074407","สำนักงานตำรวจแห่งชาติ","กองบัญชาการตำรวจตระเวนชายแดน","กองบังคับการตำรวจตระเวนชายแดนภาค 4","กองกำกับการตำรวจตระเวนชายแดนที่ 44","","","","7296074407","รร.ตชด.บ้านตืองอช่างกลปทุมวันอนุสรณ์ 13","รร.ตชด.บ้านตืองอช่างกลปทุมวันอนุสรณ์ 13","15/07/2534","1991-07-15","parsed","3.1.1ข,3.1.3ข","3.1.1ข,3.1.3ข","2","2","0","","0","0","0","0","0","0","0","0","0","0","0","0","0","0","0","0","0","0","0","0","0","0","0","0","0","0","0","0","0","0","0","0","0","0","0","0","0","0","0","0","0","0","0","0","0","0","0","0","0","0","0","0","0","0","1","0","1","0","0","0","0","0","0","0","0","0","0","0","0","0","0","0","0","0","0","0","2","B","ผ่าน"
"SCH_G3_0215","2564","2021","8. 2564 REP004-IMPROVEMENT 12 - ตารางสรุปรายงานมาตรฐานแต่ละด้าน พร้อมจำนวนข้อที่ต้องปรับปรุง และจำนวนเด็กที่ผ่านเกณฑ์.xls","156","Sheet1","2564|7296094409","สำนักงานตำรวจแห่งชาติ","กองบัญชาการตำรวจตระเวนชายแดน","กองบังคับการตำรวจตระเวนชายแดนภาค 4","กองกำกับการตำรวจตระเวนชายแดนที่ 44","","","","7296094409","รร.ตชด.บ้านลีนานนท์","รร.ตชด.บ้านลีนานนท์","18/06/2536","1993-06-18","parsed","1.2.3","1.2.3","1","1","0","","0","0","0","0","0","0","1","0","0","0","0","0","0","0","0","0","0","0","0","0","0","0","0","0","0","0","0","0","0","0","0","0","0","0","0","0","0","0","0","0","0","0","0","0","0","0","0","0","0","0","0","0","0","0","0","0","0","0","0","0","0","0","0","0","0","0","0","0","0","0","0","0","0","0","0","0","1","B","ผ่าน"
"SCH_G3_0216","2564","2021","8. 2564 REP004-IMPROVEMENT 12 - ตารางสรุปรายงานมาตรฐานแต่ละด้าน พร้อมจำนวนข้อที่ต้องปรับปรุง และจำนวนเด็กที่ผ่านเกณฑ์.xls","157","Sheet1","2564|7296124405","สำนักงานตำรวจแห่งชาติ","กองบัญชาการตำรวจตระเวนชายแดน","กองบังคับการตำรวจตระเวนชายแดนภาค 4","กองกำกับการตำรวจตระเวนชายแดนที่ 44","","","","7296124405","รร.ตชด.บ้านไอร์บือแต","รร.ตชด.บ้านไอร์บือแต","13/06/2533","1990-06-13","parsed","","","0","0","0","","0","0","0","0","0","0","0","0","0","0","0","0","0","0","0","0","0","0","0","0","0","0","0","0","0","0","0","0","0","0","0","0","0","0","0","0","0","0","0","0","0","0","0","0","0","0","0","0","0","0","0","0","0","0","0","0","0","0","0","0","0","0","0","0","0","0","0","0","0","0","0","0","0","0","0","0","0","A","ผ่าน"
"SCH_G3_0003","2565","2022","9. 2565 REP004-IMPROVEMENT 12 - ตารางสรุปรายงานมาตรฐานแต่ละด้าน พร้อมจำนวนข้อที่ต้องปรับปรุง และจำนวนเด็กที่ผ่านเกณฑ์.xls","3","Sheet1","2565|7222071103","สำนักงานตำรวจแห่งชาติ","กองบัญชาการตำรวจตระเวนชายแดน","กองบังคับการตำรวจตระเวนชายแดนภาค 1","กองกำกับการตำรวจตระเวนชายแดนที่ 11","","","","7222071103","รร.ตชด.สิงคโปร์แอร์ไลน์สฯ","รร.ตชด.สิงคโปร์แอร์ไลน์สฯ","03/03/2530","1987-03-03","parsed","1.2.3,3.6.4ข","1.2.3,3.6.4ข","2","2","0","","0","0","0","0","0","0","1","0","0","0","0","0","0","0","0","0","0","0","0","0","0","0","0","0","0","0","0","0","0","0","0","0","0","0","0","0","0","0","0","0","0","0","0","0","0","0","0","0","0","0","0","0","0","0","0","0","0","0","0","0","0","0","0","0","0","0","0","0","0","0","0","1","0","0","0","0","2","B","ผ่าน"
"SCH_G3_0006","2565","2022","9. 2565 REP004-IMPROVEMENT 12 - ตารางสรุปรายงานมาตรฐานแต่ละด้าน พร้อมจำนวนข้อที่ต้องปรับปรุง และจำนวนเด็กที่ผ่านเกณฑ์.xls","4","Sheet1","2565|7222081108","สำนักงานตำรวจแห่งชาติ","กองบัญชาการตำรวจตระเวนชายแดน","กองบังคับการตำรวจตระเวนชายแดนภาค 1","กองกำกับการตำรวจตระเวนชายแดนที่ 11","","","","7222081108","รร.ตชด.บ้านคลองแดง","รร.ตชด.บ้านคลองแดง","16/05/2545","2002-05-16","parsed","","","0","0","0","","0","0","0","0","0","0","0","0","0","0","0","0","0","0","0","0","0","0","0","0","0","0","0","0","0","0","0","0","0","0","0","0","0","0","0","0","0","0","0","0","0","0","0","0","0","0","0","0","0","0","0","0","0","0","0","0","0","0","0","0","0","0","0","0","0","0","0","0","0","0","0","0","0","0","0","0","0","A","ผ่าน"
"SCH_G3_0007","2565","2022","9. 2565 REP004-IMPROVEMENT 12 - ตารางสรุปรายงานมาตรฐานแต่ละด้าน พร้อมจำนวนข้อที่ต้องปรับปรุง และจำนวนเด็กที่ผ่านเกณฑ์.xls","5","Sheet1","2565|7223011106","สำนักงานตำรวจแห่งชาติ","กองบัญชาการตำรวจตระเวนชายแดน","กองบังคับการตำรวจตระเวนชายแดนภาค 1","กองกำกับการตำรวจตระเวนชายแดนที่ 11","","","","7223011106","รร.ตชด.บ้านท่ากุ่ม","รร.ตชด.บ้านท่ากุ่ม","01/11/2536","1993-11-01","parsed","","","0","0","0","","0","0","0","0","0","0","0","0","0","0","0","0","0","0","0","0","0","0","0","0","0","0","0","0","0","0","0","0","0","0","0","0","0","0","0","0","0","0","0","0","0","0","0","0","0","0","0","0","0","0","0","0","0","0","0","0","0","0","0","0","0","0","0","0","0","0","0","0","0","0","0","0","0","0","0","0","0","A","ผ่าน"
"SCH_G3_0008","2565","2022","9. 2565 REP004-IMPROVEMENT 12 - ตารางสรุปรายงานมาตรฐานแต่ละด้าน พร้อมจำนวนข้อที่ต้องปรับปรุง และจำนวนเด็กที่ผ่านเกณฑ์.xls","6","Sheet1","2565|7223031107","สำนักงานตำรวจแห่งชาติ","กองบัญชาการตำรวจตระเวนชายแดน","กองบังคับการตำรวจตระเวนชายแดนภาค 1","กองกำกับการตำรวจตระเวนชายแดนที่ 11","","","","7223031107","รร.ตชด.บ้านเขาฉลาด","รร.ตชด.บ้านเขาฉลาด","16/05/2542","1999-05-16","parsed","","","0","0","0","","0","0","0","0","0","0","0","0","0","0","0","0","0","0","0","0","0","0","0","0","0","0","0","0","0","0","0","0","0","0","0","0","0","0","0","0","0","0","0","0","0","0","0","0","0","0","0","0","0","0","0","0","0","0","0","0","0","0","0","0","0","0","0","0","0","0","0","0","0","0","0","0","0","0","0","0","0","A","ผ่าน"
"SCH_G3_0009","2565","2022","9. 2565 REP004-IMPROVEMENT 12 - ตารางสรุปรายงานมาตรฐานแต่ละด้าน พร้อมจำนวนข้อที่ต้องปรับปรุง และจำนวนเด็กที่ผ่านเกณฑ์.xls","7","Sheet1","2565|7224081210","สำนักงานตำรวจแห่งชาติ","กองบัญชาการตำรวจตระเวนชายแดน","กองบังคับการตำรวจตระเวนชายแดนภาค 1","กองกำกับการตำรวจตระเวนชายแดนที่ 12","","","","7224081210","รร.ตชด.บ้านนายาว","รร.ตชด.บ้านนายาว","12/07/2564","2021-07-12","parsed","3.1.1ข,3.1.2ข,3.1.3ข,3.2.1ข,3.3.1ข,3.3.2ข,3.4.1ข,3.4.2ข,3.4.3ข,3.5.1ข,3.5.2ข,3.5.3ข,3.5.4ข,3.5.5ข,3.6.1ข,3.6.2ข,3.6.3ข,3.6.4ข,3.7.1ข,3.7.2ข,3.7.3ข,3.7.4ข","3.1.1ข,3.1.2ข,3.1.3ข,3.2.1ข,3.3.1ข,3.3.2ข,3.4.1ข,3.4.2ข,3.4.3ข,3.5.1ข,3.5.2ข,3.5.3ข,3.5.4ข,3.5.5ข,3.6.1ข,3.6.2ข,3.6.3ข,3.6.4ข,3.7.1ข,3.7.2ข,3.7.3ข,3.7.4ข","22","22","0","","0","0","0","0","0","0","0","0","0","0","0","0","0","0","0","0","0","0","0","0","0","0","0","0","0","0","0","0","0","0","0","0","0","0","0","0","0","0","0","0","0","0","0","0","0","0","0","0","0","0","0","0","0","0","1","1","1","1","1","1","1","1","1","1","1","1","1","1","1","1","1","1","1","1","1","1","22","D","ไม่ผ่าน"
"SCH_G3_0010","2565","2022","9. 2565 REP004-IMPROVEMENT 12 - ตารางสรุปรายงานมาตรฐานแต่ละด้าน พร้อมจำนวนข้อที่ต้องปรับปรุง และจำนวนเด็กที่ผ่านเกณฑ์.xls","8","Sheet1","2565|7224081211","สำนักงานตำรวจแห่งชาติ","กองบัญชาการตำรวจตระเวนชายแดน","กองบังคับการตำรวจตระเวนชายแดนภาค 1","กองกำกับการตำรวจตระเวนชายแดนที่ 12","","","","7224081211","รร.ตชด.บ้านนาอิสาน","รร.ตชด.บ้านนาอิสาน","16/05/2560","2017-05-16","parsed","1.2.3","1.2.3","1","1","0","","0","0","0","0","0","0","1","0","0","0","0","0","0","0","0","0","0","0","0","0","0","0","0","0","0","0","0","0","0","0","0","0","0","0","0","0","0","0","0","0","0","0","0","0","0","0","0","0","0","0","0","0","0","0","0","0","0","0","0","0","0","0","0","0","0","0","0","0","0","0","0","0","0","0","0","0","1","B","ผ่าน"
"SCH_G3_0011","2565","2022","9. 2565 REP004-IMPROVEMENT 12 - ตารางสรุปรายงานมาตรฐานแต่ละด้าน พร้อมจำนวนข้อที่ต้องปรับปรุง และจำนวนเด็กที่ผ่านเกณฑ์.xls","9","Sheet1","2565|7227021205","สำนักงานตำรวจแห่งชาติ","กองบัญชาการตำรวจตระเวนชายแดน","กองบังคับการตำรวจตระเวนชายแดนภาค 1","กองกำกับการตำรวจตระเวนชายแดนที่ 12","","","","7227021205","รร.ตชด.การบินไทย","รร.ตชด.การบินไทย","16/05/2560","2017-05-16","parsed","","","0","0","0","","0","0","0","0","0","0","0","0","0","0","0","0","0","0","0","0","0","0","0","0","0","0","0","0","0","0","0","0","0","0","0","0","0","0","0","0","0","0","0","0","0","0","0","0","0","0","0","0","0","0","0","0","0","0","0","0","0","0","0","0","0","0","0","0","0","0","0","0","0","0","0","0","0","0","0","0","0","A","ผ่าน"
"SCH_G3_0012","2565","2022","9. 2565 REP004-IMPROVEMENT 12 - ตารางสรุปรายงานมาตรฐานแต่ละด้าน พร้อมจำนวนข้อที่ต้องปรับปรุง และจำนวนเด็กที่ผ่านเกณฑ์.xls","10","Sheet1","2565|7227041208","สำนักงานตำรวจแห่งชาติ","กองบัญชาการตำรวจตระเวนชายแดน","กองบังคับการตำรวจตระเวนชายแดนภาค 1","กองกำกับการตำรวจตระเวนชายแดนที่ 12","","","","7227041208","รร.ตชด.บ้านคลองตะเคียนชัย","รร.ตชด.บ้านคลองตะเคียนชัย","","","missing","","","0","0","0","","0","0","0","0","0","0","0","0","0","0","0","0","0","0","0","0","0","0","0","0","0","0","0","0","0","0","0","0","0","0","0","0","0","0","0","0","0","0","0","0","0","0","0","0","0","0","0","0","0","0","0","0","0","0","0","0","0","0","0","0","0","0","0","0","0","0","0","0","0","0","0","0","0","0","0","0","0","A","ผ่าน"
"SCH_G3_0013","2565","2022","9. 2565 REP004-IMPROVEMENT 12 - ตารางสรุปรายงานมาตรฐานแต่ละด้าน พร้อมจำนวนข้อที่ต้องปรับปรุง และจำนวนเด็กที่ผ่านเกณฑ์.xls","11","Sheet1","2565|7227061201","สำนักงานตำรวจแห่งชาติ","กองบัญชาการตำรวจตระเวนชายแดน","กองบังคับการตำรวจตระเวนชายแดนภาค 1","กองกำกับการตำรวจตระเวนชายแดนที่ 12","","","","7227061201","รร.ตชด.บ้านเขาสารภี","รร.ตชด.บ้านเขาสารภี","27/10/2513","1970-10-27","parsed","","","0","0","0","","0","0","0","0","0","0","0","0","0","0","0","0","0","0","0","0","0","0","0","0","0","0","0","0","0","0","0","0","0","0","0","0","0","0","0","0","0","0","0","0","0","0","0","0","0","0","0","0","0","0","0","0","0","0","0","0","0","0","0","0","0","0","0","0","0","0","0","0","0","0","0","0","0","0","0","0","0","A","ผ่าน"
"SCH_G3_0014","2565","2022","9. 2565 REP004-IMPROVEMENT 12 - ตารางสรุปรายงานมาตรฐานแต่ละด้าน พร้อมจำนวนข้อที่ต้องปรับปรุง และจำนวนเด็กที่ผ่านเกณฑ์.xls","12","Sheet1","2565|7227061206","สำนักงานตำรวจแห่งชาติ","กองบัญชาการตำรวจตระเวนชายแดน","กองบังคับการตำรวจตระเวนชายแดนภาค 1","กองกำกับการตำรวจตระเวนชายแดนที่ 12","","","","7227061206","รร.ตชด.ประชารัฐบำรุง 1","รร.ตชด.ประชารัฐบำรุง 1","03/06/2568","2025-06-03","parsed","","","0","0","0","","0","0","0","0","0","0","0","0","0","0","0","0","0","0","0","0","0","0","0","0","0","0","0","0","0","0","0","0","0","0","0","0","0","0","0","0","0","0","0","0","0","0","0","0","0","0","0","0","0","0","0","0","0","0","0","0","0","0","0","0","0","0","0","0","0","0","0","0","0","0","0","0","0","0","0","0","0","A","ผ่าน"
"SCH_G3_0015","2565","2022","9. 2565 REP004-IMPROVEMENT 12 - ตารางสรุปรายงานมาตรฐานแต่ละด้าน พร้อมจำนวนข้อที่ต้องปรับปรุง และจำนวนเด็กที่ผ่านเกณฑ์.xls","13","Sheet1","2565|7227071209","สำนักงานตำรวจแห่งชาติ","กองบัญชาการตำรวจตระเวนชายแดน","กองบังคับการตำรวจตระเวนชายแดนภาค 1","กองกำกับการตำรวจตระเวนชายแดนที่ 12","","","","7227071209","รร.ตชด.บ้านน้ำอ้อม","รร.ตชด.บ้านน้ำอ้อม","09/02/2525","1982-02-09","parsed","","","0","0","0","","0","0","0","0","0","0","0","0","0","0","0","0","0","0","0","0","0","0","0","0","0","0","0","0","0","0","0","0","0","0","0","0","0","0","0","0","0","0","0","0","0","0","0","0","0","0","0","0","0","0","0","0","0","0","0","0","0","0","0","0","0","0","0","0","0","0","0","0","0","0","0","0","0","0","0","0","0","A","ผ่าน"
"SCH_G3_0016","2565","2022","9. 2565 REP004-IMPROVEMENT 12 - ตารางสรุปรายงานมาตรฐานแต่ละด้าน พร้อมจำนวนข้อที่ต้องปรับปรุง และจำนวนเด็กที่ผ่านเกณฑ์.xls","14","Sheet1","2565|7227091202","สำนักงานตำรวจแห่งชาติ","กองบัญชาการตำรวจตระเวนชายแดน","กองบังคับการตำรวจตระเวนชายแดนภาค 1","กองกำกับการตำรวจตระเวนชายแดนที่ 12","","","","7227091202","รร.ตชด.บ้านทุ่งกบินทร์","รร.ตชด.บ้านทุ่งกบินทร์","20/06/2520","1977-06-20","parsed","","","0","0","0","","0","0","0","0","0","0","0","0","0","0","0","0","0","0","0","0","0","0","0","0","0","0","0","0","0","0","0","0","0","0","0","0","0","0","0","0","0","0","0","0","0","0","0","0","0","0","0","0","0","0","0","0","0","0","0","0","0","0","0","0","0","0","0","0","0","0","0","0","0","0","0","0","0","0","0","0","0","A","ผ่าน"
"SCH_G3_0017","2565","2022","9. 2565 REP004-IMPROVEMENT 12 - ตารางสรุปรายงานมาตรฐานแต่ละด้าน พร้อมจำนวนข้อที่ต้องปรับปรุง และจำนวนเด็กที่ผ่านเกณฑ์.xls","15","Sheet1","2565|7227091203","สำนักงานตำรวจแห่งชาติ","กองบัญชาการตำรวจตระเวนชายแดน","กองบังคับการตำรวจตระเวนชายแดนภาค 1","กองกำกับการตำรวจตระเวนชายแดนที่ 12","","","","7227091203","รร.ตชด.วังศรีทอง","รร.ตชด.วังศรีทอง","","","missing","","","0","0","0","","0","0","0","0","0","0","0","0","0","0","0","0","0","0","0","0","0","0","0","0","0","0","0","0","0","0","0","0","0","0","0","0","0","0","0","0","0","0","0","0","0","0","0","0","0","0","0","0","0","0","0","0","0","0","0","0","0","0","0","0","0","0","0","0","0","0","0","0","0","0","0","0","0","0","0","0","0","A","ผ่าน"
"SCH_G3_0018","2565","2022","9. 2565 REP004-IMPROVEMENT 12 - ตารางสรุปรายงานมาตรฐานแต่ละด้าน พร้อมจำนวนข้อที่ต้องปรับปรุง และจำนวนเด็กที่ผ่านเกณฑ์.xls","16","Sheet1","2565|7227091212","สำนักงานตำรวจแห่งชาติ","กองบัญชาการตำรวจตระเวนชายแดน","กองบังคับการตำรวจตระเวนชายแดนภาค 1","กองกำกับการตำรวจตระเวนชายแดนที่ 12","","","","7227091212","รร.ตชด.พีระยานุเคราะห์ฯ 1","รร.ตชด.พีระยานุเคราะห์ฯ 1","01/06/2538","1995-06-01","parsed","","","0","0","0","","0","0","0","0","0","0","0","0","0","0","0","0","0","0","0","0","0","0","0","0","0","0","0","0","0","0","0","0","0","0","0","0","0","0","0","0","0","0","0","0","0","0","0","0","0","0","0","0","0","0","0","0","0","0","0","0","0","0","0","0","0","0","0","0","0","0","0","0","0","0","0","0","0","0","0","0","0","A","ผ่าน"
"SCH_G3_0020","2565","2022","9. 2565 REP004-IMPROVEMENT 12 - ตารางสรุปรายงานมาตรฐานแต่ละด้าน พร้อมจำนวนข้อที่ต้องปรับปรุง และจำนวนเด็กที่ผ่านเกณฑ์.xls","17","Sheet1","2565|7232052103","สำนักงานตำรวจแห่งชาติ","กองบัญชาการตำรวจตระเวนชายแดน","กองบังคับการตำรวจตระเวนชายแดนภาค 2","กองกำกับการตำรวจตระเวนชายแดนที่ 21","","","","7232052103","รร.ตชด.พีระยานุเคราะห์ฯ 2","รร.ตชด.พีระยานุเคราะห์ฯ 2","","","missing","1.3.5","1.3.5","1","1","0","","0","0","0","0","0","0","0","0","0","0","0","0","1","0","0","0","0","0","0","0","0","0","0","0","0","0","0","0","0","0","0","0","0","0","0","0","0","0","0","0","0","0","0","0","0","0","0","0","0","0","0","0","0","0","0","0","0","0","0","0","0","0","0","0","0","0","0","0","0","0","0","0","0","0","0","0","1","B","ผ่าน"
"SCH_G3_0022","2565","2022","9. 2565 REP004-IMPROVEMENT 12 - ตารางสรุปรายงานมาตรฐานแต่ละด้าน พร้อมจำนวนข้อที่ต้องปรับปรุง และจำนวนเด็กที่ผ่านเกณฑ์.xls","18","Sheet1","2565|7232102105","สำนักงานตำรวจแห่งชาติ","กองบัญชาการตำรวจตระเวนชายแดน","กองบังคับการตำรวจตระเวนชายแดนภาค 2","กองกำกับการตำรวจตระเวนชายแดนที่ 21","","","","7232102105","รร.ตชด.บ้านตาตุม","รร.ตชด.บ้านตาตุม","","","missing","","","0","0","0","","0","0","0","0","0","0","0","0","0","0","0","0","0","0","0","0","0","0","0","0","0","0","0","0","0","0","0","0","0","0","0","0","0","0","0","0","0","0","0","0","0","0","0","0","0","0","0","0","0","0","0","0","0","0","0","0","0","0","0","0","0","0","0","0","0","0","0","0","0","0","0","0","0","0","0","0","0","A","ผ่าน"
"SCH_G3_0023","2565","2022","9. 2565 REP004-IMPROVEMENT 12 - ตารางสรุปรายงานมาตรฐานแต่ละด้าน พร้อมจำนวนข้อที่ต้องปรับปรุง และจำนวนเด็กที่ผ่านเกณฑ์.xls","19","Sheet1","2565|7232102106","สำนักงานตำรวจแห่งชาติ","กองบัญชาการตำรวจตระเวนชายแดน","กองบังคับการตำรวจตระเวนชายแดนภาค 2","กองกำกับการตำรวจตระเวนชายแดนที่ 21","","","","7232102106","รร.ตชด.บ้านตาแตรว","รร.ตชด.บ้านตาแตรว","30/03/2540","1997-03-30","parsed","","","0","0","0","","0","0","0","0","0","0","0","0","0","0","0","0","0","0","0","0","0","0","0","0","0","0","0","0","0","0","0","0","0","0","0","0","0","0","0","0","0","0","0","0","0","0","0","0","0","0","0","0","0","0","0","0","0","0","0","0","0","0","0","0","0","0","0","0","0","0","0","0","0","0","0","0","0","0","0","0","0","A","ผ่าน"
"SCH_G3_0024","2565","2022","9. 2565 REP004-IMPROVEMENT 12 - ตารางสรุปรายงานมาตรฐานแต่ละด้าน พร้อมจำนวนข้อที่ต้องปรับปรุง และจำนวนเด็กที่ผ่านเกณฑ์.xls","20","Sheet1","2565|7232132102","สำนักงานตำรวจแห่งชาติ","กองบัญชาการตำรวจตระเวนชายแดน","กองบังคับการตำรวจตระเวนชายแดนภาค 2","กองกำกับการตำรวจตระเวนชายแดนที่ 21","","","","7232132102","รร.ตชด.บ้านซำปะโต","รร.ตชด.บ้านซำปะโต","16/05/2568","2025-05-16","parsed","3.3.1ข","3.3.1ข","1","1","0","","0","0","0","0","0","0","0","0","0","0","0","0","0","0","0","0","0","0","0","0","0","0","0","0","0","0","0","0","0","0","0","0","0","0","0","0","0","0","0","0","0","0","0","0","0","0","0","0","0","0","0","0","0","0","0","0","0","0","1","0","0","0","0","0","0","0","0","0","0","0","0","0","0","0","0","0","1","B","ผ่าน"
"SCH_G3_0026","2565","2022","9. 2565 REP004-IMPROVEMENT 12 - ตารางสรุปรายงานมาตรฐานแต่ละด้าน พร้อมจำนวนข้อที่ต้องปรับปรุง และจำนวนเด็กที่ผ่านเกณฑ์.xls","21","Sheet1","2565|7232142101","สำนักงานตำรวจแห่งชาติ","กองบัญชาการตำรวจตระเวนชายแดน","กองบังคับการตำรวจตระเวนชายแดนภาค 2","กองกำกับการตำรวจตระเวนชายแดนที่ 21","","","","7232142101","รร.ตชด.บ้านโคกแสลง","รร.ตชด.บ้านโคกแสลง","29/04/2566","2023-04-29","parsed","","","0","0","0","","0","0","0","0","0","0","0","0","0","0","0","0","0","0","0","0","0","0","0","0","0","0","0","0","0","0","0","0","0","0","0","0","0","0","0","0","0","0","0","0","0","0","0","0","0","0","0","0","0","0","0","0","0","0","0","0","0","0","0","0","0","0","0","0","0","0","0","0","0","0","0","0","0","0","0","0","0","A","ผ่าน"
"SCH_G3_0029","2565","2022","9. 2565 REP004-IMPROVEMENT 12 - ตารางสรุปรายงานมาตรฐานแต่ละด้าน พร้อมจำนวนข้อที่ต้องปรับปรุง และจำนวนเด็กที่ผ่านเกณฑ์.xls","22","Sheet1","2565|7234092203","สำนักงานตำรวจแห่งชาติ","กองบัญชาการตำรวจตระเวนชายแดน","กองบังคับการตำรวจตระเวนชายแดนภาค 2","กองกำกับการตำรวจตระเวนชายแดนที่ 22","","","","7234092203","รร.ตชด.บ้านคำสะอาด","รร.ตชด.บ้านคำสะอาด","25/03/2525","1982-03-25","parsed","","","0","0","0","","0","0","0","0","0","0","0","0","0","0","0","0","0","0","0","0","0","0","0","0","0","0","0","0","0","0","0","0","0","0","0","0","0","0","0","0","0","0","0","0","0","0","0","0","0","0","0","0","0","0","0","0","0","0","0","0","0","0","0","0","0","0","0","0","0","0","0","0","0","0","0","0","0","0","0","0","0","A","ผ่าน"
"SCH_G3_0043","2565","2022","9. 2565 REP004-IMPROVEMENT 12 - ตารางสรุปรายงานมาตรฐานแต่ละด้าน พร้อมจำนวนข้อที่ต้องปรับปรุง และจำนวนเด็กที่ผ่านเกณฑ์.xls","23","Sheet1","2565|7238012412","สำนักงานตำรวจแห่งชาติ","กองบัญชาการตำรวจตระเวนชายแดน","กองบังคับการตำรวจตระเวนชายแดนภาค 2","กองกำกับการตำรวจตระเวนชายแดนที่ 24","","","","7238012412","รร.ตชด.บ้านนาแวง","รร.ตชด.บ้านนาแวง","22/07/2564","2021-07-22","parsed","","","0","0","0","","0","0","0","0","0","0","0","0","0","0","0","0","0","0","0","0","0","0","0","0","0","0","0","0","0","0","0","0","0","0","0","0","0","0","0","0","0","0","0","0","0","0","0","0","0","0","0","0","0","0","0","0","0","0","0","0","0","0","0","0","0","0","0","0","0","0","0","0","0","0","0","0","0","0","0","0","0","A","ผ่าน"
"SCH_G3_0046","2565","2022","9. 2565 REP004-IMPROVEMENT 12 - ตารางสรุปรายงานมาตรฐานแต่ละด้าน พร้อมจำนวนข้อที่ต้องปรับปรุง และจำนวนเด็กที่ผ่านเกณฑ์.xls","24","Sheet1","2565|7241182415","สำนักงานตำรวจแห่งชาติ","กองบัญชาการตำรวจตระเวนชายแดน","กองบังคับการตำรวจตระเวนชายแดนภาค 2","กองกำกับการตำรวจตระเวนชายแดนที่ 24","","","","7241182415","รร.ตชด.บ้านเทพภูเงิน","รร.ตชด.บ้านเทพภูเงิน","07/11/2548","2005-11-07","parsed","1.2.3,3.1.1ข,3.1.3ข,3.2.1ข,3.4.3ข,3.5.1ข,3.5.2ข,3.5.3ข,3.5.4ข,3.5.5ข,3.6.1ข,3.6.2ข,3.6.3ข,3.6.4ข,3.7.1ข,3.7.2ข,3.7.3ข,3.7.4ข","1.2.3,3.1.1ข,3.1.3ข,3.2.1ข,3.4.3ข,3.5.1ข,3.5.2ข,3.5.3ข,3.5.4ข,3.5.5ข,3.6.1ข,3.6.2ข,3.6.3ข,3.6.4ข,3.7.1ข,3.7.2ข,3.7.3ข,3.7.4ข","18","18","0","","0","0","0","0","0","0","1","0","0","0","0","0","0","0","0","0","0","0","0","0","0","0","0","0","0","0","0","0","0","0","0","0","0","0","0","0","0","0","0","0","0","0","0","0","0","0","0","0","0","0","0","0","0","0","1","0","1","1","0","0","0","0","1","1","1","1","1","1","1","1","1","1","1","1","1","1","18","D","ไม่ผ่าน"
"SCH_G3_0049","2565","2022","9. 2565 REP004-IMPROVEMENT 12 - ตารางสรุปรายงานมาตรฐานแต่ละด้าน พร้อมจำนวนข้อที่ต้องปรับปรุง และจำนวนเด็กที่ผ่านเกณฑ์.xls","25","Sheet1","2565|7241222413","สำนักงานตำรวจแห่งชาติ","กองบัญชาการตำรวจตระเวนชายแดน","กองบังคับการตำรวจตระเวนชายแดนภาค 2","กองกำกับการตำรวจตระเวนชายแดนที่ 24","","","","7241222413","รร.ตชด.บ้านนาชมภู","รร.ตชด.บ้านนาชมภู","22/07/2564","2021-07-22","parsed","","","0","0","0","","0","0","0","0","0","0","0","0","0","0","0","0","0","0","0","0","0","0","0","0","0","0","0","0","0","0","0","0","0","0","0","0","0","0","0","0","0","0","0","0","0","0","0","0","0","0","0","0","0","0","0","0","0","0","0","0","0","0","0","0","0","0","0","0","0","0","0","0","0","0","0","0","0","0","0","0","0","A","ผ่าน"
"SCH_G3_0050","2565","2022","9. 2565 REP004-IMPROVEMENT 12 - ตารางสรุปรายงานมาตรฐานแต่ละด้าน พร้อมจำนวนข้อที่ต้องปรับปรุง และจำนวนเด็กที่ผ่านเกณฑ์.xls","26","Sheet1","2565|7242022408","สำนักงานตำรวจแห่งชาติ","กองบัญชาการตำรวจตระเวนชายแดน","กองบังคับการตำรวจตระเวนชายแดนภาค 2","กองกำกับการตำรวจตระเวนชายแดนที่ 24","","","","7242022408","รร.ตชด.บ้านหนองแคน","รร.ตชด.บ้านหนองแคน","24/08/2532","1989-08-24","parsed","1.2.3","1.2.3","1","1","0","","0","0","0","0","0","0","1","0","0","0","0","0","0","0","0","0","0","0","0","0","0","0","0","0","0","0","0","0","0","0","0","0","0","0","0","0","0","0","0","0","0","0","0","0","0","0","0","0","0","0","0","0","0","0","0","0","0","0","0","0","0","0","0","0","0","0","0","0","0","0","0","0","0","0","0","0","1","B","ผ่าน"
"SCH_G3_0051","2565","2022","9. 2565 REP004-IMPROVEMENT 12 - ตารางสรุปรายงานมาตรฐานแต่ละด้าน พร้อมจำนวนข้อที่ต้องปรับปรุง และจำนวนเด็กที่ผ่านเกณฑ์.xls","27","Sheet1","2565|7242042402","สำนักงานตำรวจแห่งชาติ","กองบัญชาการตำรวจตระเวนชายแดน","กองบังคับการตำรวจตระเวนชายแดนภาค 2","กองกำกับการตำรวจตระเวนชายแดนที่ 24","","","","7242042402","รร.ตชด.บ้านห้วยเป้า","รร.ตชด.บ้านห้วยเป้า","20/09/2520","1977-09-20","parsed","","","0","0","0","","0","0","0","0","0","0","0","0","0","0","0","0","0","0","0","0","0","0","0","0","0","0","0","0","0","0","0","0","0","0","0","0","0","0","0","0","0","0","0","0","0","0","0","0","0","0","0","0","0","0","0","0","0","0","0","0","0","0","0","0","0","0","0","0","0","0","0","0","0","0","0","0","0","0","0","0","0","A","ผ่าน"
"SCH_G3_0052","2565","2022","9. 2565 REP004-IMPROVEMENT 12 - ตารางสรุปรายงานมาตรฐานแต่ละด้าน พร้อมจำนวนข้อที่ต้องปรับปรุง และจำนวนเด็กที่ผ่านเกณฑ์.xls","28","Sheet1","2565|7242042405","สำนักงานตำรวจแห่งชาติ","กองบัญชาการตำรวจตระเวนชายแดน","กองบังคับการตำรวจตระเวนชายแดนภาค 2","กองกำกับการตำรวจตระเวนชายแดนที่ 24","","","","7242042405","รร.ตชด.ฮิลมาร์พาเบิล","รร.ตชด.ฮิลมาร์พาเบิล","23/12/2523","1980-12-23","parsed","","","0","0","0","","0","0","0","0","0","0","0","0","0","0","0","0","0","0","0","0","0","0","0","0","0","0","0","0","0","0","0","0","0","0","0","0","0","0","0","0","0","0","0","0","0","0","0","0","0","0","0","0","0","0","0","0","0","0","0","0","0","0","0","0","0","0","0","0","0","0","0","0","0","0","0","0","0","0","0","0","0","A","ผ่าน"
"SCH_G3_0053","2565","2022","9. 2565 REP004-IMPROVEMENT 12 - ตารางสรุปรายงานมาตรฐานแต่ละด้าน พร้อมจำนวนข้อที่ต้องปรับปรุง และจำนวนเด็กที่ผ่านเกณฑ์.xls","29","Sheet1","2565|7242042407","สำนักงานตำรวจแห่งชาติ","กองบัญชาการตำรวจตระเวนชายแดน","กองบังคับการตำรวจตระเวนชายแดนภาค 2","กองกำกับการตำรวจตระเวนชายแดนที่ 24","","","","7242042407","รร.ตชด.บ้านนานกปีด","รร.ตชด.บ้านนานกปีด","05/05/2529","1986-05-05","parsed","","","0","0","0","","0","0","0","0","0","0","0","0","0","0","0","0","0","0","0","0","0","0","0","0","0","0","0","0","0","0","0","0","0","0","0","0","0","0","0","0","0","0","0","0","0","0","0","0","0","0","0","0","0","0","0","0","0","0","0","0","0","0","0","0","0","0","0","0","0","0","0","0","0","0","0","0","0","0","0","0","0","A","ผ่าน"
"SCH_G3_0058","2565","2022","9. 2565 REP004-IMPROVEMENT 12 - ตารางสรุปรายงานมาตรฐานแต่ละด้าน พร้อมจำนวนข้อที่ต้องปรับปรุง และจำนวนเด็กที่ผ่านเกณฑ์.xls","30","Sheet1","2565|7248032301","สำนักงานตำรวจแห่งชาติ","กองบัญชาการตำรวจตระเวนชายแดน","กองบังคับการตำรวจตระเวนชายแดนภาค 2","กองกำกับการตำรวจตระเวนชายแดนที่ 23","","","","7248032301","รร.ตชด.ชูทิศวิทยา","รร.ตชด.ชูทิศวิทยา","14/06/2564","2021-06-14","parsed","","","0","0","0","","0","0","0","0","0","0","0","0","0","0","0","0","0","0","0","0","0","0","0","0","0","0","0","0","0","0","0","0","0","0","0","0","0","0","0","0","0","0","0","0","0","0","0","0","0","0","0","0","0","0","0","0","0","0","0","0","0","0","0","0","0","0","0","0","0","0","0","0","0","0","0","0","0","0","0","0","0","A","ผ่าน"
"SCH_G3_0059","2565","2022","9. 2565 REP004-IMPROVEMENT 12 - ตารางสรุปรายงานมาตรฐานแต่ละด้าน พร้อมจำนวนข้อที่ต้องปรับปรุง และจำนวนเด็กที่ผ่านเกณฑ์.xls","31","Sheet1","2565|7248032303","สำนักงานตำรวจแห่งชาติ","กองบัญชาการตำรวจตระเวนชายแดน","กองบังคับการตำรวจตระเวนชายแดนภาค 2","กองกำกับการตำรวจตระเวนชายแดนที่ 23","","","","7248032303","รร.ตชด.บ้านหาดทรายเพ","รร.ตชด.บ้านหาดทรายเพ","01/10/2520","1977-10-01","parsed","","","0","0","0","","0","0","0","0","0","0","0","0","0","0","0","0","0","0","0","0","0","0","0","0","0","0","0","0","0","0","0","0","0","0","0","0","0","0","0","0","0","0","0","0","0","0","0","0","0","0","0","0","0","0","0","0","0","0","0","0","0","0","0","0","0","0","0","0","0","0","0","0","0","0","0","0","0","0","0","0","0","A","ผ่าน"
"SCH_G3_0060","2565","2022","9. 2565 REP004-IMPROVEMENT 12 - ตารางสรุปรายงานมาตรฐานแต่ละด้าน พร้อมจำนวนข้อที่ต้องปรับปรุง และจำนวนเด็กที่ผ่านเกณฑ์.xls","32","Sheet1","2565|7248032309","สำนักงานตำรวจแห่งชาติ","กองบัญชาการตำรวจตระเวนชายแดน","กองบังคับการตำรวจตระเวนชายแดนภาค 2","กองกำกับการตำรวจตระเวนชายแดนที่ 23","","","","7248032309","ศกร.ตชด.บ้านนากระเสริม","ศกร.ตชด.บ้านนากระเสริม","07/01/2557","2014-01-07","parsed","","","0","0","0","","0","0","0","0","0","0","0","0","0","0","0","0","0","0","0","0","0","0","0","0","0","0","0","0","0","0","0","0","0","0","0","0","0","0","0","0","0","0","0","0","0","0","0","0","0","0","0","0","0","0","0","0","0","0","0","0","0","0","0","0","0","0","0","0","0","0","0","0","0","0","0","0","0","0","0","0","0","A","ผ่าน"
"SCH_G3_0061","2565","2022","9. 2565 REP004-IMPROVEMENT 12 - ตารางสรุปรายงานมาตรฐานแต่ละด้าน พร้อมจำนวนข้อที่ต้องปรับปรุง และจำนวนเด็กที่ผ่านเกณฑ์.xls","33","Sheet1","2565|7248042310","สำนักงานตำรวจแห่งชาติ","กองบัญชาการตำรวจตระเวนชายแดน","กองบังคับการตำรวจตระเวนชายแดนภาค 2","กองกำกับการตำรวจตระเวนชายแดนที่ 23","","","","7248042310","ศกร.ตชด.บ้านปากห้วยม่วง","ศกร.ตชด.บ้านปากห้วยม่วง","16/05/2557","2014-05-16","parsed","","","0","0","0","","0","0","0","0","0","0","0","0","0","0","0","0","0","0","0","0","0","0","0","0","0","0","0","0","0","0","0","0","0","0","0","0","0","0","0","0","0","0","0","0","0","0","0","0","0","0","0","0","0","0","0","0","0","0","0","0","0","0","0","0","0","0","0","0","0","0","0","0","0","0","0","0","0","0","0","0","0","A","ผ่าน"
"SCH_G3_0063","2565","2022","9. 2565 REP004-IMPROVEMENT 12 - ตารางสรุปรายงานมาตรฐานแต่ละด้าน พร้อมจำนวนข้อที่ต้องปรับปรุง และจำนวนเด็กที่ผ่านเกณฑ์.xls","34","Sheet1","2565|7248112302","สำนักงานตำรวจแห่งชาติ","กองบัญชาการตำรวจตระเวนชายแดน","กองบังคับการตำรวจตระเวนชายแดนภาค 2","กองกำกับการตำรวจตระเวนชายแดนที่ 23","","","","7248112302","รร.ตชด.ช่างกลปทุมวันอนุสรณ์ 8","รร.ตชด.ช่างกลปทุมวันอนุสรณ์ 8","01/06/2519","1976-06-01","parsed","","","0","0","0","","0","0","0","0","0","0","0","0","0","0","0","0","0","0","0","0","0","0","0","0","0","0","0","0","0","0","0","0","0","0","0","0","0","0","0","0","0","0","0","0","0","0","0","0","0","0","0","0","0","0","0","0","0","0","0","0","0","0","0","0","0","0","0","0","0","0","0","0","0","0","0","0","0","0","0","0","0","A","ผ่าน"
"SCH_G3_0064","2565","2022","9. 2565 REP004-IMPROVEMENT 12 - ตารางสรุปรายงานมาตรฐานแต่ละด้าน พร้อมจำนวนข้อที่ต้องปรับปรุง และจำนวนเด็กที่ผ่านเกณฑ์.xls","35","Sheet1","2565|7248112305","สำนักงานตำรวจแห่งชาติ","กองบัญชาการตำรวจตระเวนชายแดน","กองบังคับการตำรวจตระเวนชายแดนภาค 2","กองกำกับการตำรวจตระเวนชายแดนที่ 23","","","","7248112305","รร.ตชด.บ้านนาสามัคคี","รร.ตชด.บ้านนาสามัคคี","10/05/2528","1985-05-10","parsed","","","0","0","0","","0","0","0","0","0","0","0","0","0","0","0","0","0","0","0","0","0","0","0","0","0","0","0","0","0","0","0","0","0","0","0","0","0","0","0","0","0","0","0","0","0","0","0","0","0","0","0","0","0","0","0","0","0","0","0","0","0","0","0","0","0","0","0","0","0","0","0","0","0","0","0","0","0","0","0","0","0","A","ผ่าน"
"SCH_G3_0066","2565","2022","9. 2565 REP004-IMPROVEMENT 12 - ตารางสรุปรายงานมาตรฐานแต่ละด้าน พร้อมจำนวนข้อที่ต้องปรับปรุง และจำนวนเด็กที่ผ่านเกณฑ์.xls","36","Sheet1","2565|7249052311","สำนักงานตำรวจแห่งชาติ","กองบัญชาการตำรวจตระเวนชายแดน","กองบังคับการตำรวจตระเวนชายแดนภาค 2","กองกำกับการตำรวจตระเวนชายแดนที่ 23","","","","7249052311","ศกร.ตชด.ใต้ร่มพระบารมี (ธนาคารอาคารสงเคราะห์อุปถัมภ์)","ศกร.ตชด.ใต้ร่มพระบารมี (ธนาคารอาคารสงเคราะห์อุปถัมภ์)","12/05/2558","2015-05-12","parsed","","","0","0","0","","0","0","0","0","0","0","0","0","0","0","0","0","0","0","0","0","0","0","0","0","0","0","0","0","0","0","0","0","0","0","0","0","0","0","0","0","0","0","0","0","0","0","0","0","0","0","0","0","0","0","0","0","0","0","0","0","0","0","0","0","0","0","0","0","0","0","0","0","0","0","0","0","0","0","0","0","0","A","ผ่าน"
"SCH_G3_0067","2565","2022","9. 2565 REP004-IMPROVEMENT 12 - ตารางสรุปรายงานมาตรฐานแต่ละด้าน พร้อมจำนวนข้อที่ต้องปรับปรุง และจำนวนเด็กที่ผ่านเกณฑ์.xls","37","Sheet1","2565|7250030005","สำนักงานตำรวจแห่งชาติ","กองบัญชาการตำรวจตระเวนชายแดน","กองบังคับการตำรวจตระเวนชายแดนภาค 3","กองกำกับการตำรวจตระเวนชายแดนที่ 33","","","","7250030005","ศกร.ตชด.สนั่น-เฉลิมเกตุ นภาศัพท์","ศกร.ตชด.สนั่น-เฉลิมเกตุ นภาศัพท์","17/05/2564","2021-05-17","parsed","1.2.3","1.2.3","1","1","0","","0","0","0","0","0","0","1","0","0","0","0","0","0","0","0","0","0","0","0","0","0","0","0","0","0","0","0","0","0","0","0","0","0","0","0","0","0","0","0","0","0","0","0","0","0","0","0","0","0","0","0","0","0","0","0","0","0","0","0","0","0","0","0","0","0","0","0","0","0","0","0","0","0","0","0","0","1","B","ผ่าน"
"SCH_G3_0069","2565","2022","9. 2565 REP004-IMPROVEMENT 12 - ตารางสรุปรายงานมาตรฐานแต่ละด้าน พร้อมจำนวนข้อที่ต้องปรับปรุง และจำนวนเด็กที่ผ่านเกณฑ์.xls","38","Sheet1","2565|7250033314","สำนักงานตำรวจแห่งชาติ","กองบัญชาการตำรวจตระเวนชายแดน","กองบังคับการตำรวจตระเวนชายแดนภาค 3","กองกำกับการตำรวจตระเวนชายแดนที่ 33","","","","7250033314","รร.ตชด.บ้านใหม่พัฒนาสันติ","รร.ตชด.บ้านใหม่พัฒนาสันติ","20/03/2568","2025-03-20","parsed","","","0","0","0","","0","0","0","0","0","0","0","0","0","0","0","0","0","0","0","0","0","0","0","0","0","0","0","0","0","0","0","0","0","0","0","0","0","0","0","0","0","0","0","0","0","0","0","0","0","0","0","0","0","0","0","0","0","0","0","0","0","0","0","0","0","0","0","0","0","0","0","0","0","0","0","0","0","0","0","0","0","A","ผ่าน"
"SCH_G3_0070","2565","2022","9. 2565 REP004-IMPROVEMENT 12 - ตารางสรุปรายงานมาตรฐานแต่ละด้าน พร้อมจำนวนข้อที่ต้องปรับปรุง และจำนวนเด็กที่ผ่านเกณฑ์.xls","39","Sheet1","2565|7250033332","สำนักงานตำรวจแห่งชาติ","กองบัญชาการตำรวจตระเวนชายแดน","กองบังคับการตำรวจตระเวนชายแดนภาค 3","กองกำกับการตำรวจตระเวนชายแดนที่ 33","","","","7250033332","รร.ตชด.บางกอก เชฟ แชร์ริตี้ บ้านแม่ขอ","รร.ตชด.บางกอก เชฟ แชร์ริตี้ บ้านแม่ขอ","16/05/2560","2017-05-16","parsed","1.2.3","1.2.3","1","1","0","","0","0","0","0","0","0","1","0","0","0","0","0","0","0","0","0","0","0","0","0","0","0","0","0","0","0","0","0","0","0","0","0","0","0","0","0","0","0","0","0","0","0","0","0","0","0","0","0","0","0","0","0","0","0","0","0","0","0","0","0","0","0","0","0","0","0","0","0","0","0","0","0","0","0","0","0","1","B","ผ่าน"
"SCH_G3_0071","2565","2022","9. 2565 REP004-IMPROVEMENT 12 - ตารางสรุปรายงานมาตรฐานแต่ละด้าน พร้อมจำนวนข้อที่ต้องปรับปรุง และจำนวนเด็กที่ผ่านเกณฑ์.xls","40","Sheet1","2565|7250033333","สำนักงานตำรวจแห่งชาติ","กองบัญชาการตำรวจตระเวนชายแดน","กองบังคับการตำรวจตระเวนชายแดนภาค 3","กองกำกับการตำรวจตระเวนชายแดนที่ 33","","","","7250033333","ศกร.ตชด.บ้านแม่มุใน (บริษัท ซี เค พาวเวอร์ จำกัด (มหาชน)อุปถัมภ์)","ศกร.ตชด.บ้านแม่มุใน (บริษัท ซี เค พาวเวอร์ จำกัด (มหาชน)อุปถัมภ์)","16/05/2561","2018-05-16","parsed","1.2.2,1.2.3","1.2.2,1.2.3","2","2","0","","0","0","0","0","0","1","1","0","0","0","0","0","0","0","0","0","0","0","0","0","0","0","0","0","0","0","0","0","0","0","0","0","0","0","0","0","0","0","0","0","0","0","0","0","0","0","0","0","0","0","0","0","0","0","0","0","0","0","0","0","0","0","0","0","0","0","0","0","0","0","0","0","0","0","0","0","2","B","ผ่าน"
"SCH_G3_0072","2565","2022","9. 2565 REP004-IMPROVEMENT 12 - ตารางสรุปรายงานมาตรฐานแต่ละด้าน พร้อมจำนวนข้อที่ต้องปรับปรุง และจำนวนเด็กที่ผ่านเกณฑ์.xls","41","Sheet1","2565|7250043311","สำนักงานตำรวจแห่งชาติ","กองบัญชาการตำรวจตระเวนชายแดน","กองบังคับการตำรวจตระเวนชายแดนภาค 3","กองกำกับการตำรวจตระเวนชายแดนที่ 33","","","","7250043311","รร.ตชด.เฉลิมพระเกียรติฯ","รร.ตชด.เฉลิมพระเกียรติฯ","09/07/2564","2021-07-09","parsed","","","0","0","0","","0","0","0","0","0","0","0","0","0","0","0","0","0","0","0","0","0","0","0","0","0","0","0","0","0","0","0","0","0","0","0","0","0","0","0","0","0","0","0","0","0","0","0","0","0","0","0","0","0","0","0","0","0","0","0","0","0","0","0","0","0","0","0","0","0","0","0","0","0","0","0","0","0","0","0","0","0","A","ผ่าน"
"SCH_G3_0073","2565","2022","9. 2565 REP004-IMPROVEMENT 12 - ตารางสรุปรายงานมาตรฐานแต่ละด้าน พร้อมจำนวนข้อที่ต้องปรับปรุง และจำนวนเด็กที่ผ่านเกณฑ์.xls","42","Sheet1","2565|7250043316","สำนักงานตำรวจแห่งชาติ","กองบัญชาการตำรวจตระเวนชายแดน","กองบังคับการตำรวจตระเวนชายแดนภาค 3","กองกำกับการตำรวจตระเวนชายแดนที่ 33","","","","7250043316","รร.ตชด.บ้านหนองแขม","รร.ตชด.บ้านหนองแขม","25/07/2541","1998-07-25","parsed","","","0","0","0","","0","0","0","0","0","0","0","0","0","0","0","0","0","0","0","0","0","0","0","0","0","0","0","0","0","0","0","0","0","0","0","0","0","0","0","0","0","0","0","0","0","0","0","0","0","0","0","0","0","0","0","0","0","0","0","0","0","0","0","0","0","0","0","0","0","0","0","0","0","0","0","0","0","0","0","0","0","A","ผ่าน"
"SCH_G3_0074","2565","2022","9. 2565 REP004-IMPROVEMENT 12 - ตารางสรุปรายงานมาตรฐานแต่ละด้าน พร้อมจำนวนข้อที่ต้องปรับปรุง และจำนวนเด็กที่ผ่านเกณฑ์.xls","43","Sheet1","2565|7250063315","สำนักงานตำรวจแห่งชาติ","กองบัญชาการตำรวจตระเวนชายแดน","กองบังคับการตำรวจตระเวนชายแดนภาค 3","กองกำกับการตำรวจตระเวนชายแดนที่ 33","","","","7250063315","รร.ตชด.ไลออนส์มหาจักร 9","รร.ตชด.ไลออนส์มหาจักร 9","27/06/2535","1992-06-27","parsed","3.1.3ข","3.1.3ข","1","1","0","","0","0","0","0","0","0","0","0","0","0","0","0","0","0","0","0","0","0","0","0","0","0","0","0","0","0","0","0","0","0","0","0","0","0","0","0","0","0","0","0","0","0","0","0","0","0","0","0","0","0","0","0","0","0","0","0","1","0","0","0","0","0","0","0","0","0","0","0","0","0","0","0","0","0","0","0","1","B","ผ่าน"
"SCH_G3_0075","2565","2022","9. 2565 REP004-IMPROVEMENT 12 - ตารางสรุปรายงานมาตรฐานแต่ละด้าน พร้อมจำนวนข้อที่ต้องปรับปรุง และจำนวนเด็กที่ผ่านเกณฑ์.xls","44","Sheet1","2565|7250093302","สำนักงานตำรวจแห่งชาติ","กองบัญชาการตำรวจตระเวนชายแดน","กองบังคับการตำรวจตระเวนชายแดนภาค 3","กองกำกับการตำรวจตระเวนชายแดนที่ 33","","","","7250093302","รร.ตชด.อาโอยาม่า","รร.ตชด.อาโอยาม่า","10/01/2510","1967-01-10","parsed","1.2.3,1.4.6","1.2.3,1.4.6","2","2","0","","0","0","0","0","0","0","1","0","0","0","0","0","0","0","0","0","0","0","0","0","0","1","0","0","0","0","0","0","0","0","0","0","0","0","0","0","0","0","0","0","0","0","0","0","0","0","0","0","0","0","0","0","0","0","0","0","0","0","0","0","0","0","0","0","0","0","0","0","0","0","0","0","0","0","0","0","2","B","ผ่าน"
"SCH_G3_0076","2565","2022","9. 2565 REP004-IMPROVEMENT 12 - ตารางสรุปรายงานมาตรฐานแต่ละด้าน พร้อมจำนวนข้อที่ต้องปรับปรุง และจำนวนเด็กที่ผ่านเกณฑ์.xls","45","Sheet1","2565|7250103301","สำนักงานตำรวจแห่งชาติ","กองบัญชาการตำรวจตระเวนชายแดน","กองบังคับการตำรวจตระเวนชายแดนภาค 3","กองกำกับการตำรวจตระเวนชายแดนที่ 33","","","","7250103301","รร.ตชด.เฮียงไทยธำรงค์","รร.ตชด.เฮียงไทยธำรงค์","11/01/2505","1962-01-11","parsed","1.1.2,1.3.4,1.3.5,1.3.8,1.4.3,3.5.2ข,3.5.3ข","1.1.2,1.3.4,1.3.5,1.3.8,1.4.3,3.5.2ข,3.5.3ข","7","7","0","","0","0","1","0","0","0","0","0","0","0","0","1","1","0","0","1","0","0","1","0","0","0","0","0","0","0","0","0","0","0","0","0","0","0","0","0","0","0","0","0","0","0","0","0","0","0","0","0","0","0","0","0","0","0","0","0","0","0","0","0","0","0","0","0","1","1","0","0","0","0","0","0","0","0","0","0","7","B","ผ่าน"
"SCH_G3_0077","2565","2022","9. 2565 REP004-IMPROVEMENT 12 - ตารางสรุปรายงานมาตรฐานแต่ละด้าน พร้อมจำนวนข้อที่ต้องปรับปรุง และจำนวนเด็กที่ผ่านเกณฑ์.xls","46","Sheet1","2565|7250103307","สำนักงานตำรวจแห่งชาติ","กองบัญชาการตำรวจตระเวนชายแดน","กองบังคับการตำรวจตระเวนชายแดนภาค 3","กองกำกับการตำรวจตระเวนชายแดนที่ 33","","","","7250103307","รร.ตชด.ทุติยะโพธิ์อนุสรณ์","รร.ตชด.ทุติยะโพธิ์อนุสรณ์","14/06/2514","1971-06-14","parsed","1.2.2,1.2.4","1.2.2,1.2.4","2","2","0","","0","0","0","0","0","1","0","1","0","0","0","0","0","0","0","0","0","0","0","0","0","0","0","0","0","0","0","0","0","0","0","0","0","0","0","0","0","0","0","0","0","0","0","0","0","0","0","0","0","0","0","0","0","0","0","0","0","0","0","0","0","0","0","0","0","0","0","0","0","0","0","0","0","0","0","0","2","B","ผ่าน"
"SCH_G3_0078","2565","2022","9. 2565 REP004-IMPROVEMENT 12 - ตารางสรุปรายงานมาตรฐานแต่ละด้าน พร้อมจำนวนข้อที่ต้องปรับปรุง และจำนวนเด็กที่ผ่านเกณฑ์.xls","47","Sheet1","2565|7250113304","สำนักงานตำรวจแห่งชาติ","กองบัญชาการตำรวจตระเวนชายแดน","กองบังคับการตำรวจตระเวนชายแดนภาค 3","กองกำกับการตำรวจตระเวนชายแดนที่ 33","","","","7250113304","รร.ตชด.เจ้าพ่อหลวงอุปถัมภ์ 2","รร.ตชด.เจ้าพ่อหลวงอุปถัมภ์ 2","01/12/2508","1965-12-01","parsed","1.2.3","1.2.3","1","1","0","","0","0","0","0","0","0","1","0","0","0","0","0","0","0","0","0","0","0","0","0","0","0","0","0","0","0","0","0","0","0","0","0","0","0","0","0","0","0","0","0","0","0","0","0","0","0","0","0","0","0","0","0","0","0","0","0","0","0","0","0","0","0","0","0","0","0","0","0","0","0","0","0","0","0","0","0","1","B","ผ่าน"
"SCH_G3_0079","2565","2022","9. 2565 REP004-IMPROVEMENT 12 - ตารางสรุปรายงานมาตรฐานแต่ละด้าน พร้อมจำนวนข้อที่ต้องปรับปรุง และจำนวนเด็กที่ผ่านเกณฑ์.xls","48","Sheet1","2565|7250183318","สำนักงานตำรวจแห่งชาติ","กองบัญชาการตำรวจตระเวนชายแดน","กองบังคับการตำรวจตระเวนชายแดนภาค 3","กองกำกับการตำรวจตระเวนชายแดนที่ 33","","","","7250183318","รร.ตชด.รางวัลอินทิรา  คานธี","รร.ตชด.รางวัลอินทิรา  คานธี","20/04/2555","2012-04-20","parsed","","","0","0","0","","0","0","0","0","0","0","0","0","0","0","0","0","0","0","0","0","0","0","0","0","0","0","0","0","0","0","0","0","0","0","0","0","0","0","0","0","0","0","0","0","0","0","0","0","0","0","0","0","0","0","0","0","0","0","0","0","0","0","0","0","0","0","0","0","0","0","0","0","0","0","0","0","0","0","0","0","0","A","ผ่าน"
"SCH_G3_0081","2565","2022","9. 2565 REP004-IMPROVEMENT 12 - ตารางสรุปรายงานมาตรฐานแต่ละด้าน พร้อมจำนวนข้อที่ต้องปรับปรุง และจำนวนเด็กที่ผ่านเกณฑ์.xls","49","Sheet1","2565|7250183326","สำนักงานตำรวจแห่งชาติ","กองบัญชาการตำรวจตระเวนชายแดน","กองบังคับการตำรวจตระเวนชายแดนภาค 3","กองกำกับการตำรวจตระเวนชายแดนที่ 33","","","","7250183326","รร.ตชด.บางกอก เชฟ แชร์ริตี้","รร.ตชด.บางกอก เชฟ แชร์ริตี้","18/05/2558","2015-05-18","parsed","","","0","0","0","","0","0","0","0","0","0","0","0","0","0","0","0","0","0","0","0","0","0","0","0","0","0","0","0","0","0","0","0","0","0","0","0","0","0","0","0","0","0","0","0","0","0","0","0","0","0","0","0","0","0","0","0","0","0","0","0","0","0","0","0","0","0","0","0","0","0","0","0","0","0","0","0","0","0","0","0","0","A","ผ่าน"
"SCH_G3_0084","2565","2022","9. 2565 REP004-IMPROVEMENT 12 - ตารางสรุปรายงานมาตรฐานแต่ละด้าน พร้อมจำนวนข้อที่ต้องปรับปรุง และจำนวนเด็กที่ผ่านเกณฑ์.xls","50","Sheet1","2565|7250283334","สำนักงานตำรวจแห่งชาติ","กองบัญชาการตำรวจตระเวนชายแดน","กองบังคับการตำรวจตระเวนชายแดนภาค 3","กองกำกับการตำรวจตระเวนชายแดนที่ 33","","","","7250283334","ศกร.ตชด.บ้านนามะอื้น","ศกร.ตชด.บ้านนามะอื้น","16/05/2562","2019-05-16","parsed","3.5.5ข","3.5.5ข","1","1","0","","0","0","0","0","0","0","0","0","0","0","0","0","0","0","0","0","0","0","0","0","0","0","0","0","0","0","0","0","0","0","0","0","0","0","0","0","0","0","0","0","0","0","0","0","0","0","0","0","0","0","0","0","0","0","0","0","0","0","0","0","0","0","0","0","0","0","0","1","0","0","0","0","0","0","0","0","1","B","ผ่าน"
"SCH_G3_0085","2565","2022","9. 2565 REP004-IMPROVEMENT 12 - ตารางสรุปรายงานมาตรฐานแต่ละด้าน พร้อมจำนวนข้อที่ต้องปรับปรุง และจำนวนเด็กที่ผ่านเกณฑ์.xls","51","Sheet1","2565|7253063101","สำนักงานตำรวจแห่งชาติ","กองบัญชาการตำรวจตระเวนชายแดน","กองบังคับการตำรวจตระเวนชายแดนภาค 3","กองกำกับการตำรวจตระเวนชายแดนที่ 31","","","","7253063101","รร.ตชด.บุญธรรม-บุญพรั้ง","รร.ตชด.บุญธรรม-บุญพรั้ง","01/05/2501","1958-05-01","parsed","1.2.3","1.2.3","1","1","0","","0","0","0","0","0","0","1","0","0","0","0","0","0","0","0","0","0","0","0","0","0","0","0","0","0","0","0","0","0","0","0","0","0","0","0","0","0","0","0","0","0","0","0","0","0","0","0","0","0","0","0","0","0","0","0","0","0","0","0","0","0","0","0","0","0","0","0","0","0","0","0","0","0","0","0","0","1","B","ผ่าน"
"SCH_G3_0086","2565","2022","9. 2565 REP004-IMPROVEMENT 12 - ตารางสรุปรายงานมาตรฐานแต่ละด้าน พร้อมจำนวนข้อที่ต้องปรับปรุง และจำนวนเด็กที่ผ่านเกณฑ์.xls","52","Sheet1","2565|7253063105","สำนักงานตำรวจแห่งชาติ","กองบัญชาการตำรวจตระเวนชายแดน","กองบังคับการตำรวจตระเวนชายแดนภาค 3","กองกำกับการตำรวจตระเวนชายแดนที่ 31","","","","7253063105","รร.ตชด.ยอดโพธิ์ทอง 1","รร.ตชด.ยอดโพธิ์ทอง 1","01/08/2529","1986-08-01","parsed","","","0","0","0","","0","0","0","0","0","0","0","0","0","0","0","0","0","0","0","0","0","0","0","0","0","0","0","0","0","0","0","0","0","0","0","0","0","0","0","0","0","0","0","0","0","0","0","0","0","0","0","0","0","0","0","0","0","0","0","0","0","0","0","0","0","0","0","0","0","0","0","0","0","0","0","0","0","0","0","0","0","A","ผ่าน"
"SCH_G3_0087","2565","2022","9. 2565 REP004-IMPROVEMENT 12 - ตารางสรุปรายงานมาตรฐานแต่ละด้าน พร้อมจำนวนข้อที่ต้องปรับปรุง และจำนวนเด็กที่ผ่านเกณฑ์.xls","53","Sheet1","2565|7255013224","สำนักงานตำรวจแห่งชาติ","กองบัญชาการตำรวจตระเวนชายแดน","กองบังคับการตำรวจตระเวนชายแดนภาค 3","กองกำกับการตำรวจตระเวนชายแดนที่ 32","","","","7255013224","ศกร.ตชด.บ้านห้วยลู่","ศกร.ตชด.บ้านห้วยลู่","24/01/2563","2020-01-24","parsed","1.3.8","1.3.8","1","1","0","","0","0","0","0","0","0","0","0","0","0","0","0","0","0","0","1","0","0","0","0","0","0","0","0","0","0","0","0","0","0","0","0","0","0","0","0","0","0","0","0","0","0","0","0","0","0","0","0","0","0","0","0","0","0","0","0","0","0","0","0","0","0","0","0","0","0","0","0","0","0","0","0","0","0","0","0","1","B","ผ่าน"
"SCH_G3_0088","2565","2022","9. 2565 REP004-IMPROVEMENT 12 - ตารางสรุปรายงานมาตรฐานแต่ละด้าน พร้อมจำนวนข้อที่ต้องปรับปรุง และจำนวนเด็กที่ผ่านเกณฑ์.xls","54","Sheet1","2565|7255023216","สำนักงานตำรวจแห่งชาติ","กองบัญชาการตำรวจตระเวนชายแดน","กองบังคับการตำรวจตระเวนชายแดนภาค 3","กองกำกับการตำรวจตระเวนชายแดนที่ 32","","","","7255023216","รร.ตชด.พีระยานุเคราะห์ฯ 3","รร.ตชด.พีระยานุเคราะห์ฯ 3","26/01/2538","1995-01-26","parsed","","","0","0","0","","0","0","0","0","0","0","0","0","0","0","0","0","0","0","0","0","0","0","0","0","0","0","0","0","0","0","0","0","0","0","0","0","0","0","0","0","0","0","0","0","0","0","0","0","0","0","0","0","0","0","0","0","0","0","0","0","0","0","0","0","0","0","0","0","0","0","0","0","0","0","0","0","0","0","0","0","0","A","ผ่าน"
"SCH_G3_0091","2565","2022","9. 2565 REP004-IMPROVEMENT 12 - ตารางสรุปรายงานมาตรฐานแต่ละด้าน พร้อมจำนวนข้อที่ต้องปรับปรุง และจำนวนเด็กที่ผ่านเกณฑ์.xls","55","Sheet1","2565|7256063211","สำนักงานตำรวจแห่งชาติ","กองบัญชาการตำรวจตระเวนชายแดน","กองบังคับการตำรวจตระเวนชายแดนภาค 3","กองกำกับการตำรวจตระเวนชายแดนที่ 32","","","","7256063211","รร.ตชด.เบ็ตตี้ดูเมน","รร.ตชด.เบ็ตตี้ดูเมน","12/01/2528","1985-01-12","parsed","","","0","0","0","","0","0","0","0","0","0","0","0","0","0","0","0","0","0","0","0","0","0","0","0","0","0","0","0","0","0","0","0","0","0","0","0","0","0","0","0","0","0","0","0","0","0","0","0","0","0","0","0","0","0","0","0","0","0","0","0","0","0","0","0","0","0","0","0","0","0","0","0","0","0","0","0","0","0","0","0","0","A","ผ่าน"
"SCH_G3_0092","2565","2022","9. 2565 REP004-IMPROVEMENT 12 - ตารางสรุปรายงานมาตรฐานแต่ละด้าน พร้อมจำนวนข้อที่ต้องปรับปรุง และจำนวนเด็กที่ผ่านเกณฑ์.xls","56","Sheet1","2565|7256113223","สำนักงานตำรวจแห่งชาติ","กองบัญชาการตำรวจตระเวนชายแดน","กองบังคับการตำรวจตระเวนชายแดนภาค 3","กองกำกับการตำรวจตระเวนชายแดนที่ 32","","","","7256113223","ศกร.ตชด.อินทรีอาสา (บ้านห้วยปุ้ม)","ศกร.ตชด.อินทรีอาสา (บ้านห้วยปุ้ม)","10/02/2561","2018-02-10","parsed","1.2.3","1.2.3","1","1","0","","0","0","0","0","0","0","1","0","0","0","0","0","0","0","0","0","0","0","0","0","0","0","0","0","0","0","0","0","0","0","0","0","0","0","0","0","0","0","0","0","0","0","0","0","0","0","0","0","0","0","0","0","0","0","0","0","0","0","0","0","0","0","0","0","0","0","0","0","0","0","0","0","0","0","0","0","1","B","ผ่าน"
"SCH_G3_0093","2565","2022","9. 2565 REP004-IMPROVEMENT 12 - ตารางสรุปรายงานมาตรฐานแต่ละด้าน พร้อมจำนวนข้อที่ต้องปรับปรุง และจำนวนเด็กที่ผ่านเกณฑ์.xls","57","Sheet1","2565|7257013213","สำนักงานตำรวจแห่งชาติ","กองบัญชาการตำรวจตระเวนชายแดน","กองบังคับการตำรวจตระเวนชายแดนภาค 3","กองกำกับการตำรวจตระเวนชายแดนที่ 32","","","","7257013213","รร.ตชด.เทคนิคดุสิต","รร.ตชด.เทคนิคดุสิต","14/06/2564","2021-06-14","parsed","","","0","0","0","","0","0","0","0","0","0","0","0","0","0","0","0","0","0","0","0","0","0","0","0","0","0","0","0","0","0","0","0","0","0","0","0","0","0","0","0","0","0","0","0","0","0","0","0","0","0","0","0","0","0","0","0","0","0","0","0","0","0","0","0","0","0","0","0","0","0","0","0","0","0","0","0","0","0","0","0","0","A","ผ่าน"
"SCH_G3_0094","2565","2022","9. 2565 REP004-IMPROVEMENT 12 - ตารางสรุปรายงานมาตรฐานแต่ละด้าน พร้อมจำนวนข้อที่ต้องปรับปรุง และจำนวนเด็กที่ผ่านเกณฑ์.xls","58","Sheet1","2565|7257013222","สำนักงานตำรวจแห่งชาติ","กองบัญชาการตำรวจตระเวนชายแดน","กองบังคับการตำรวจตระเวนชายแดนภาค 3","กองกำกับการตำรวจตระเวนชายแดนที่ 32","","","","7257013222","ศกร.ตชด.บ้านจะนู (จิราธิวัฒน์อุปถัมภ์)","ศกร.ตชด.บ้านจะนู (จิราธิวัฒน์อุปถัมภ์)","17/02/2568","2025-02-17","parsed","","","0","0","0","","0","0","0","0","0","0","0","0","0","0","0","0","0","0","0","0","0","0","0","0","0","0","0","0","0","0","0","0","0","0","0","0","0","0","0","0","0","0","0","0","0","0","0","0","0","0","0","0","0","0","0","0","0","0","0","0","0","0","0","0","0","0","0","0","0","0","0","0","0","0","0","0","0","0","0","0","0","A","ผ่าน"
"SCH_G3_0095","2565","2022","9. 2565 REP004-IMPROVEMENT 12 - ตารางสรุปรายงานมาตรฐานแต่ละด้าน พร้อมจำนวนข้อที่ต้องปรับปรุง และจำนวนเด็กที่ผ่านเกณฑ์.xls","59","Sheet1","2565|7257033203","สำนักงานตำรวจแห่งชาติ","กองบัญชาการตำรวจตระเวนชายแดน","กองบังคับการตำรวจตระเวนชายแดนภาค 3","กองกำกับการตำรวจตระเวนชายแดนที่ 32","","","","7257033203","รร.ตชด.อาชีวศึกษา เชียงราย-พะเยา","รร.ตชด.อาชีวศึกษา เชียงราย-พะเยา","08/05/2508","1965-05-08","parsed","1.2.3,1.5.2,2.5.2","1.2.3,1.5.2,2.5.2","3","3","0","","0","0","0","0","0","0","1","0","0","0","0","0","0","0","0","0","0","0","0","0","0","0","0","0","1","0","0","0","0","0","0","0","0","0","0","0","0","0","0","0","0","0","0","0","0","0","1","0","0","0","0","0","0","0","0","0","0","0","0","0","0","0","0","0","0","0","0","0","0","0","0","0","0","0","0","0","3","B","ผ่าน"
"SCH_G3_0096","2565","2022","9. 2565 REP004-IMPROVEMENT 12 - ตารางสรุปรายงานมาตรฐานแต่ละด้าน พร้อมจำนวนข้อที่ต้องปรับปรุง และจำนวนเด็กที่ผ่านเกณฑ์.xls","60","Sheet1","2565|7257103201","สำนักงานตำรวจแห่งชาติ","กองบัญชาการตำรวจตระเวนชายแดน","กองบังคับการตำรวจตระเวนชายแดนภาค 3","กองกำกับการตำรวจตระเวนชายแดนที่ 32","","","","7257103201","รร.ตชด.บ้านดอยล้าน *","รร.ตชด.บ้านดอยล้าน *","01/10/2503","1960-10-01","parsed","3.5.2ข,3.5.4ข,3.6.2ข,3.6.3ข,3.6.4ข","3.5.2ข,3.5.4ข,3.6.2ข,3.6.3ข,3.6.4ข","5","5","0","","0","0","0","0","0","0","0","0","0","0","0","0","0","0","0","0","0","0","0","0","0","0","0","0","0","0","0","0","0","0","0","0","0","0","0","0","0","0","0","0","0","0","0","0","0","0","0","0","0","0","0","0","0","0","0","0","0","0","0","0","0","0","0","0","1","0","1","0","0","1","1","1","0","0","0","0","5","B","ผ่าน"
"SCH_G3_0098","2565","2022","9. 2565 REP004-IMPROVEMENT 12 - ตารางสรุปรายงานมาตรฐานแต่ละด้าน พร้อมจำนวนข้อที่ต้องปรับปรุง และจำนวนเด็กที่ผ่านเกณฑ์.xls","61","Sheet1","2565|7257133206","สำนักงานตำรวจแห่งชาติ","กองบัญชาการตำรวจตระเวนชายแดน","กองบังคับการตำรวจตระเวนชายแดนภาค 3","กองกำกับการตำรวจตระเวนชายแดนที่ 32","","","","7257133206","รร.ตชด.ชนัตถ์ปิยะอุย","รร.ตชด.ชนัตถ์ปิยะอุย","09/01/2517","1974-01-09","parsed","1.2.3","1.2.3","1","1","0","","0","0","0","0","0","0","1","0","0","0","0","0","0","0","0","0","0","0","0","0","0","0","0","0","0","0","0","0","0","0","0","0","0","0","0","0","0","0","0","0","0","0","0","0","0","0","0","0","0","0","0","0","0","0","0","0","0","0","0","0","0","0","0","0","0","0","0","0","0","0","0","0","0","0","0","0","1","B","ผ่าน"
"SCH_G3_0099","2565","2022","9. 2565 REP004-IMPROVEMENT 12 - ตารางสรุปรายงานมาตรฐานแต่ละด้าน พร้อมจำนวนข้อที่ต้องปรับปรุง และจำนวนเด็กที่ผ่านเกณฑ์.xls","62","Sheet1","2565|7257133219","สำนักงานตำรวจแห่งชาติ","กองบัญชาการตำรวจตระเวนชายแดน","กองบังคับการตำรวจตระเวนชายแดนภาค 3","กองกำกับการตำรวจตระเวนชายแดนที่ 32","","","","7257133219","ศกร.ตชด.บ้านฟ้าไทยงาม","ศกร.ตชด.บ้านฟ้าไทยงาม","16/05/2557","2014-05-16","parsed","","","0","0","0","","0","0","0","0","0","0","0","0","0","0","0","0","0","0","0","0","0","0","0","0","0","0","0","0","0","0","0","0","0","0","0","0","0","0","0","0","0","0","0","0","0","0","0","0","0","0","0","0","0","0","0","0","0","0","0","0","0","0","0","0","0","0","0","0","0","0","0","0","0","0","0","0","0","0","0","0","0","A","ผ่าน"
"SCH_G3_0100","2565","2022","9. 2565 REP004-IMPROVEMENT 12 - ตารางสรุปรายงานมาตรฐานแต่ละด้าน พร้อมจำนวนข้อที่ต้องปรับปรุง และจำนวนเด็กที่ผ่านเกณฑ์.xls","63","Sheet1","2565|7257133220","สำนักงานตำรวจแห่งชาติ","กองบัญชาการตำรวจตระเวนชายแดน","กองบังคับการตำรวจตระเวนชายแดนภาค 3","กองกำกับการตำรวจตระเวนชายแดนที่ 32","","","","7257133220","ศกร.ตชด.บ้านห้วยกุ๊ก","ศกร.ตชด.บ้านห้วยกุ๊ก","28/07/2564","2021-07-28","parsed","1.2.3","1.2.3","1","1","0","","0","0","0","0","0","0","1","0","0","0","0","0","0","0","0","0","0","0","0","0","0","0","0","0","0","0","0","0","0","0","0","0","0","0","0","0","0","0","0","0","0","0","0","0","0","0","0","0","0","0","0","0","0","0","0","0","0","0","0","0","0","0","0","0","0","0","0","0","0","0","0","0","0","0","0","0","1","B","ผ่าน"
"SCH_G3_0103","2565","2022","9. 2565 REP004-IMPROVEMENT 12 - ตารางสรุปรายงานมาตรฐานแต่ละด้าน พร้อมจำนวนข้อที่ต้องปรับปรุง และจำนวนเด็กที่ผ่านเกณฑ์.xls","64","Sheet1","2565|7257153214","สำนักงานตำรวจแห่งชาติ","กองบัญชาการตำรวจตระเวนชายแดน","กองบังคับการตำรวจตระเวนชายแดนภาค 3","กองกำกับการตำรวจตระเวนชายแดนที่ 32","","","","7257153214","รร.ตชด.สังวาลย์วิท 8 *","รร.ตชด.สังวาลย์วิท 8 *","17/05/2566","2023-05-17","parsed","1.2.3","1.2.3","1","1","0","","0","0","0","0","0","0","1","0","0","0","0","0","0","0","0","0","0","0","0","0","0","0","0","0","0","0","0","0","0","0","0","0","0","0","0","0","0","0","0","0","0","0","0","0","0","0","0","0","0","0","0","0","0","0","0","0","0","0","0","0","0","0","0","0","0","0","0","0","0","0","0","0","0","0","0","0","1","B","ผ่าน"
"SCH_G3_0104","2565","2022","9. 2565 REP004-IMPROVEMENT 12 - ตารางสรุปรายงานมาตรฐานแต่ละด้าน พร้อมจำนวนข้อที่ต้องปรับปรุง และจำนวนเด็กที่ผ่านเกณฑ์.xls","65","Sheet1","2565|7258013323","สำนักงานตำรวจแห่งชาติ","กองบัญชาการตำรวจตระเวนชายแดน","กองบังคับการตำรวจตระเวนชายแดนภาค 3","กองกำกับการตำรวจตระเวนชายแดนที่ 33","","","","7258013323","ศกร.ตชด.บ้านดอยแสง","ศกร.ตชด.บ้านดอยแสง","16/05/2558","2015-05-16","parsed","3.1.1ข,3.6.4ข","3.1.1ข,3.6.4ข","2","2","0","","0","0","0","0","0","0","0","0","0","0","0","0","0","0","0","0","0","0","0","0","0","0","0","0","0","0","0","0","0","0","0","0","0","0","0","0","0","0","0","0","0","0","0","0","0","0","0","0","0","0","0","0","0","0","1","0","0","0","0","0","0","0","0","0","0","0","0","0","0","0","0","1","0","0","0","0","2","B","ผ่าน"
"SCH_G3_0105","2565","2022","9. 2565 REP004-IMPROVEMENT 12 - ตารางสรุปรายงานมาตรฐานแต่ละด้าน พร้อมจำนวนข้อที่ต้องปรับปรุง และจำนวนเด็กที่ผ่านเกณฑ์.xls","66","Sheet1","2565|7258023328","สำนักงานตำรวจแห่งชาติ","กองบัญชาการตำรวจตระเวนชายแดน","กองบังคับการตำรวจตระเวนชายแดนภาค 3","กองกำกับการตำรวจตระเวนชายแดนที่ 33","","","","7258023328","ศกร.ตชด.บ้านห้วยโปงเลา","ศกร.ตชด.บ้านห้วยโปงเลา","24/11/2559","2016-11-24","parsed","1.1.3,1.4.3","1.1.3,1.4.3","2","2","0","","0","0","0","1","0","0","0","0","0","0","0","0","0","0","0","0","0","0","1","0","0","0","0","0","0","0","0","0","0","0","0","0","0","0","0","0","0","0","0","0","0","0","0","0","0","0","0","0","0","0","0","0","0","0","0","0","0","0","0","0","0","0","0","0","0","0","0","0","0","0","0","0","0","0","0","0","2","B","ผ่าน"
"SCH_G3_0108","2565","2022","9. 2565 REP004-IMPROVEMENT 12 - ตารางสรุปรายงานมาตรฐานแต่ละด้าน พร้อมจำนวนข้อที่ต้องปรับปรุง และจำนวนเด็กที่ผ่านเกณฑ์.xls","67","Sheet1","2565|7258043321","สำนักงานตำรวจแห่งชาติ","กองบัญชาการตำรวจตระเวนชายแดน","กองบังคับการตำรวจตระเวนชายแดนภาค 3","กองกำกับการตำรวจตระเวนชายแดนที่ 33","","","","7258043321","ศกร.ตชด.บ้านปอหมื้อ","ศกร.ตชด.บ้านปอหมื้อ","17/05/2565","2022-05-17","parsed","","","0","0","0","","0","0","0","0","0","0","0","0","0","0","0","0","0","0","0","0","0","0","0","0","0","0","0","0","0","0","0","0","0","0","0","0","0","0","0","0","0","0","0","0","0","0","0","0","0","0","0","0","0","0","0","0","0","0","0","0","0","0","0","0","0","0","0","0","0","0","0","0","0","0","0","0","0","0","0","0","0","A","ผ่าน"
"SCH_G3_0109","2565","2022","9. 2565 REP004-IMPROVEMENT 12 - ตารางสรุปรายงานมาตรฐานแต่ละด้าน พร้อมจำนวนข้อที่ต้องปรับปรุง และจำนวนเด็กที่ผ่านเกณฑ์.xls","68","Sheet1","2565|7258043322","สำนักงานตำรวจแห่งชาติ","กองบัญชาการตำรวจตระเวนชายแดน","กองบังคับการตำรวจตระเวนชายแดนภาค 3","กองกำกับการตำรวจตระเวนชายแดนที่ 33","","","","7258043322","รร.ตชด.๙๐๕","รร.ตชด.๙๐๕","16/05/2569","2026-05-16","parsed","","","0","0","0","","0","0","0","0","0","0","0","0","0","0","0","0","0","0","0","0","0","0","0","0","0","0","0","0","0","0","0","0","0","0","0","0","0","0","0","0","0","0","0","0","0","0","0","0","0","0","0","0","0","0","0","0","0","0","0","0","0","0","0","0","0","0","0","0","0","0","0","0","0","0","0","0","0","0","0","0","0","A","ผ่าน"
"SCH_G3_0110","2565","2022","9. 2565 REP004-IMPROVEMENT 12 - ตารางสรุปรายงานมาตรฐานแต่ละด้าน พร้อมจำนวนข้อที่ต้องปรับปรุง และจำนวนเด็กที่ผ่านเกณฑ์.xls","69","Sheet1","2565|7258043327","สำนักงานตำรวจแห่งชาติ","กองบัญชาการตำรวจตระเวนชายแดน","กองบังคับการตำรวจตระเวนชายแดนภาค 3","กองกำกับการตำรวจตระเวนชายแดนที่ 33","","","","7258043327","ศกร.ตชด.บ้านแม่เหลอ","ศกร.ตชด.บ้านแม่เหลอ","30/07/2564","2021-07-30","parsed","1.2.3","1.2.3","1","1","0","","0","0","0","0","0","0","1","0","0","0","0","0","0","0","0","0","0","0","0","0","0","0","0","0","0","0","0","0","0","0","0","0","0","0","0","0","0","0","0","0","0","0","0","0","0","0","0","0","0","0","0","0","0","0","0","0","0","0","0","0","0","0","0","0","0","0","0","0","0","0","0","0","0","0","0","0","1","B","ผ่าน"
"SCH_G3_0111","2565","2022","9. 2565 REP004-IMPROVEMENT 12 - ตารางสรุปรายงานมาตรฐานแต่ละด้าน พร้อมจำนวนข้อที่ต้องปรับปรุง และจำนวนเด็กที่ผ่านเกณฑ์.xls","70","Sheet1","2565|7258053308","สำนักงานตำรวจแห่งชาติ","กองบัญชาการตำรวจตระเวนชายแดน","กองบังคับการตำรวจตระเวนชายแดนภาค 3","กองกำกับการตำรวจตระเวนชายแดนที่ 33","","","","7258053308","รร.ตชด.บ้านแม่ลางิ้ว","รร.ตชด.บ้านแม่ลางิ้ว","05/08/2525","1982-08-05","parsed","","","0","0","0","","0","0","0","0","0","0","0","0","0","0","0","0","0","0","0","0","0","0","0","0","0","0","0","0","0","0","0","0","0","0","0","0","0","0","0","0","0","0","0","0","0","0","0","0","0","0","0","0","0","0","0","0","0","0","0","0","0","0","0","0","0","0","0","0","0","0","0","0","0","0","0","0","0","0","0","0","0","A","ผ่าน"
"SCH_G3_0112","2565","2022","9. 2565 REP004-IMPROVEMENT 12 - ตารางสรุปรายงานมาตรฐานแต่ละด้าน พร้อมจำนวนข้อที่ต้องปรับปรุง และจำนวนเด็กที่ผ่านเกณฑ์.xls","71","Sheet1","2565|7258053309","สำนักงานตำรวจแห่งชาติ","กองบัญชาการตำรวจตระเวนชายแดน","กองบังคับการตำรวจตระเวนชายแดนภาค 3","กองกำกับการตำรวจตระเวนชายแดนที่ 33","","","","7258053309","รร.ตชด.บ้านตุน","รร.ตชด.บ้านตุน","30/07/2564","2021-07-30","parsed","3.1.1ก,3.2.1ก,3.2.2ก,3.2.3ก,3.2.4ก,3.2.5ก,3.2.6ก,3.1.1ข,3.1.2ข,3.1.3ข,3.2.1ข,3.3.1ข,3.3.2ข,3.4.1ข,3.4.2ข,3.4.3ข,3.5.1ข,3.5.2ข,3.5.3ข,3.5.4ข,3.5.5ข,3.6.1ข,3.6.2ข,3.6.3ข,3.6.4ข,3.7.1ข,3.7.2ข,3.7.3ข,3.7.4ข","3.1.1ก,3.2.1ก,3.2.2ก,3.2.3ก,3.2.4ก,3.2.5ก,3.2.6ก,3.1.1ข,3.1.2ข,3.1.3ข,3.2.1ข,3.3.1ข,3.3.2ข,3.4.1ข,3.4.2ข,3.4.3ข,3.5.1ข,3.5.2ข,3.5.3ข,3.5.4ข,3.5.5ข,3.6.1ข,3.6.2ข,3.6.3ข,3.6.4ข,3.7.1ข,3.7.2ข,3.7.3ข,3.7.4ข","29","29","0","","0","0","0","0","0","0","0","0","0","0","0","0","0","0","0","0","0","0","0","0","0","0","0","0","0","0","0","0","0","0","0","0","0","0","0","0","0","0","0","0","0","0","0","0","0","0","0","1","1","1","1","1","1","1","1","1","1","1","1","1","1","1","1","1","1","1","1","1","1","1","1","1","1","1","1","1","29","D","ไม่ผ่าน"
"SCH_G3_0113","2565","2022","9. 2565 REP004-IMPROVEMENT 12 - ตารางสรุปรายงานมาตรฐานแต่ละด้าน พร้อมจำนวนข้อที่ต้องปรับปรุง และจำนวนเด็กที่ผ่านเกณฑ์.xls","72","Sheet1","2565|7258063329","สำนักงานตำรวจแห่งชาติ","กองบัญชาการตำรวจตระเวนชายแดน","กองบังคับการตำรวจตระเวนชายแดนภาค 3","กองกำกับการตำรวจตระเวนชายแดนที่ 33","","","","7258063329","ศกร.ตชด.บ้านห้วยมะโอ","ศกร.ตชด.บ้านห้วยมะโอ","","","missing","1.3.3,1.3.4,1.3.5,1.3.8,1.5.4,2.2.4,2.3.3,2.4.3,2.5.1,2.5.2,3.6.4ข,3.7.1ข,3.7.2ข,3.7.3ข,3.7.4ข","1.3.3,1.3.4,1.3.5,1.3.8,1.5.4,2.2.4,2.3.3,2.4.3,2.5.1,2.5.2,3.6.4ข,3.7.1ข,3.7.2ข,3.7.3ข,3.7.4ข","15","15","0","","0","0","0","0","0","0","0","0","0","0","1","1","1","0","0","1","0","0","0","0","0","0","0","0","0","0","1","0","0","0","0","0","0","0","0","1","0","0","0","1","0","0","0","0","1","1","1","0","0","0","0","0","0","0","0","0","0","0","0","0","0","0","0","0","0","0","0","0","0","0","0","1","1","1","1","1","15","C","ผ่าน"
"SCH_G3_0114","2565","2022","9. 2565 REP004-IMPROVEMENT 12 - ตารางสรุปรายงานมาตรฐานแต่ละด้าน พร้อมจำนวนข้อที่ต้องปรับปรุง และจำนวนเด็กที่ผ่านเกณฑ์.xls","73","Sheet1","2565|7258073305","สำนักงานตำรวจแห่งชาติ","กองบัญชาการตำรวจตระเวนชายแดน","กองบังคับการตำรวจตระเวนชายแดนภาค 3","กองกำกับการตำรวจตระเวนชายแดนที่ 33","","","","7258073305","รร.ตชด.ชมรมอนุรักษ์พุทธศิลปไทยอนุสรณ์","รร.ตชด.ชมรมอนุรักษ์พุทธศิลปไทยอนุสรณ์","","","missing","","","0","0","0","","0","0","0","0","0","0","0","0","0","0","0","0","0","0","0","0","0","0","0","0","0","0","0","0","0","0","0","0","0","0","0","0","0","0","0","0","0","0","0","0","0","0","0","0","0","0","0","0","0","0","0","0","0","0","0","0","0","0","0","0","0","0","0","0","0","0","0","0","0","0","0","0","0","0","0","0","0","A","ผ่าน"
"SCH_G3_0115","2565","2022","9. 2565 REP004-IMPROVEMENT 12 - ตารางสรุปรายงานมาตรฐานแต่ละด้าน พร้อมจำนวนข้อที่ต้องปรับปรุง และจำนวนเด็กที่ผ่านเกณฑ์.xls","74","Sheet1","2565|7258073313","สำนักงานตำรวจแห่งชาติ","กองบัญชาการตำรวจตระเวนชายแดน","กองบังคับการตำรวจตระเวนชายแดนภาค 3","กองกำกับการตำรวจตระเวนชายแดนที่ 33","","","","7258073313","รร.ตชด.ชมรมอนุรักษ์พุทธศิลปไทยอนุสรณ์ 2","รร.ตชด.ชมรมอนุรักษ์พุทธศิลปไทยอนุสรณ์ 2","04/04/2534","1991-04-04","parsed","1.2.3","1.2.3","1","1","0","","0","0","0","0","0","0","1","0","0","0","0","0","0","0","0","0","0","0","0","0","0","0","0","0","0","0","0","0","0","0","0","0","0","0","0","0","0","0","0","0","0","0","0","0","0","0","0","0","0","0","0","0","0","0","0","0","0","0","0","0","0","0","0","0","0","0","0","0","0","0","0","0","0","0","0","0","1","B","ผ่าน"
"SCH_G3_0116","2565","2022","9. 2565 REP004-IMPROVEMENT 12 - ตารางสรุปรายงานมาตรฐานแต่ละด้าน พร้อมจำนวนข้อที่ต้องปรับปรุง และจำนวนเด็กที่ผ่านเกณฑ์.xls","75","Sheet1","2565|7258073324","สำนักงานตำรวจแห่งชาติ","กองบัญชาการตำรวจตระเวนชายแดน","กองบังคับการตำรวจตระเวนชายแดนภาค 3","กองกำกับการตำรวจตระเวนชายแดนที่ 33","","","","7258073324","ศกร.ตชด.เฉลิมพระเกียรติ ฯ บ้านน้ำบ่อสะเป่","ศกร.ตชด.เฉลิมพระเกียรติ ฯ บ้านน้ำบ่อสะเป่","16/05/2557","2014-05-16","parsed","1.3.4,3.5.1ข,3.5.2ข,3.5.3ข,3.6.1ข,3.6.2ข,3.6.3ข","1.3.4,3.5.1ข,3.5.2ข,3.5.3ข,3.6.1ข,3.6.2ข,3.6.3ข","7","7","0","","0","0","0","0","0","0","0","0","0","0","0","1","0","0","0","0","0","0","0","0","0","0","0","0","0","0","0","0","0","0","0","0","0","0","0","0","0","0","0","0","0","0","0","0","0","0","0","0","0","0","0","0","0","0","0","0","0","0","0","0","0","0","0","1","1","1","0","0","1","1","1","0","0","0","0","0","7","B","ผ่าน"
"SCH_G3_0117","2565","2022","9. 2565 REP004-IMPROVEMENT 12 - ตารางสรุปรายงานมาตรฐานแต่ละด้าน พร้อมจำนวนข้อที่ต้องปรับปรุง และจำนวนเด็กที่ผ่านเกณฑ์.xls","76","Sheet1","2565|7258133330","สำนักงานตำรวจแห่งชาติ","กองบัญชาการตำรวจตระเวนชายแดน","กองบังคับการตำรวจตระเวนชายแดนภาค 3","กองกำกับการตำรวจตระเวนชายแดนที่ 33","","","","7258133330","ศกร.ตชด.พลเอก อรชุน พิบูลนครินทร์","ศกร.ตชด.พลเอก อรชุน พิบูลนครินทร์","01/05/2559","2016-05-01","parsed","3.1.1ข,3.1.2ข,3.1.3ข,3.2.1ข,3.3.1ข,3.3.2ข,3.4.1ข,3.4.2ข,3.4.3ข,3.5.1ข,3.5.2ข,3.5.3ข,3.5.4ข,3.5.5ข,3.6.1ข,3.6.2ข,3.6.3ข,3.6.4ข,3.7.1ข,3.7.2ข,3.7.3ข,3.7.4ข","3.1.1ข,3.1.2ข,3.1.3ข,3.2.1ข,3.3.1ข,3.3.2ข,3.4.1ข,3.4.2ข,3.4.3ข,3.5.1ข,3.5.2ข,3.5.3ข,3.5.4ข,3.5.5ข,3.6.1ข,3.6.2ข,3.6.3ข,3.6.4ข,3.7.1ข,3.7.2ข,3.7.3ข,3.7.4ข","22","22","0","","0","0","0","0","0","0","0","0","0","0","0","0","0","0","0","0","0","0","0","0","0","0","0","0","0","0","0","0","0","0","0","0","0","0","0","0","0","0","0","0","0","0","0","0","0","0","0","0","0","0","0","0","0","0","1","1","1","1","1","1","1","1","1","1","1","1","1","1","1","1","1","1","1","1","1","1","22","D","ไม่ผ่าน"
"SCH_G3_0119","2565","2022","9. 2565 REP004-IMPROVEMENT 12 - ตารางสรุปรายงานมาตรฐานแต่ละด้าน พร้อมจำนวนข้อที่ต้องปรับปรุง และจำนวนเด็กที่ผ่านเกณฑ์.xls","77","Sheet1","2565|7263043403","สำนักงานตำรวจแห่งชาติ","กองบัญชาการตำรวจตระเวนชายแดน","กองบังคับการตำรวจตระเวนชายแดนภาค 3","กองกำกับการตำรวจตระเวนชายแดนที่ 34","","","","7263043403","รร.ตชด.เฉลิมพระเกียรติ 7 รอบฯ (บ้านแพะ จังหวัดตาก)","รร.ตชด.เฉลิมพระเกียรติ 7 รอบฯ (บ้านแพะ จังหวัดตาก)","09/06/2524","1981-06-09","parsed","","","0","0","0","","0","0","0","0","0","0","0","0","0","0","0","0","0","0","0","0","0","0","0","0","0","0","0","0","0","0","0","0","0","0","0","0","0","0","0","0","0","0","0","0","0","0","0","0","0","0","0","0","0","0","0","0","0","0","0","0","0","0","0","0","0","0","0","0","0","0","0","0","0","0","0","0","0","0","0","0","0","A","ผ่าน"
"SCH_G3_0120","2565","2022","9. 2565 REP004-IMPROVEMENT 12 - ตารางสรุปรายงานมาตรฐานแต่ละด้าน พร้อมจำนวนข้อที่ต้องปรับปรุง และจำนวนเด็กที่ผ่านเกณฑ์.xls","78","Sheet1","2565|7263043419","สำนักงานตำรวจแห่งชาติ","กองบัญชาการตำรวจตระเวนชายแดน","กองบังคับการตำรวจตระเวนชายแดนภาค 3","กองกำกับการตำรวจตระเวนชายแดนที่ 34","","","","7263043419","รร.ตชด.หม่อมราชวงศ์เฉลิมลักษณ์ จันทรเสน (ขยายโอกาส)","รร.ตชด.หม่อมราชวงศ์เฉลิมลักษณ์ จันทรเสน (ขยายโอกาส)","07/02/2545","2002-02-07","parsed","","","0","0","0","","0","0","0","0","0","0","0","0","0","0","0","0","0","0","0","0","0","0","0","0","0","0","0","0","0","0","0","0","0","0","0","0","0","0","0","0","0","0","0","0","0","0","0","0","0","0","0","0","0","0","0","0","0","0","0","0","0","0","0","0","0","0","0","0","0","0","0","0","0","0","0","0","0","0","0","0","0","A","ผ่าน"
"SCH_G3_0121","2565","2022","9. 2565 REP004-IMPROVEMENT 12 - ตารางสรุปรายงานมาตรฐานแต่ละด้าน พร้อมจำนวนข้อที่ต้องปรับปรุง และจำนวนเด็กที่ผ่านเกณฑ์.xls","79","Sheet1","2565|7263043420","สำนักงานตำรวจแห่งชาติ","กองบัญชาการตำรวจตระเวนชายแดน","กองบังคับการตำรวจตระเวนชายแดนภาค 3","กองกำกับการตำรวจตระเวนชายแดนที่ 34","","","","7263043420","ศกร.ตชด.บ้านทีวะเบยทะ *","ศกร.ตชด.บ้านทีวะเบยทะ *","16/05/2545","2002-05-16","parsed","1.2.3,3.6.4ข","1.2.3,3.6.4ข","2","2","0","","0","0","0","0","0","0","1","0","0","0","0","0","0","0","0","0","0","0","0","0","0","0","0","0","0","0","0","0","0","0","0","0","0","0","0","0","0","0","0","0","0","0","0","0","0","0","0","0","0","0","0","0","0","0","0","0","0","0","0","0","0","0","0","0","0","0","0","0","0","0","0","1","0","0","0","0","2","B","ผ่าน"
"SCH_G3_0122","2565","2022","9. 2565 REP004-IMPROVEMENT 12 - ตารางสรุปรายงานมาตรฐานแต่ละด้าน พร้อมจำนวนข้อที่ต้องปรับปรุง และจำนวนเด็กที่ผ่านเกณฑ์.xls","80","Sheet1","2565|7263043421","สำนักงานตำรวจแห่งชาติ","กองบัญชาการตำรวจตระเวนชายแดน","กองบังคับการตำรวจตระเวนชายแดนภาค 3","กองกำกับการตำรวจตระเวนชายแดนที่ 34","","","","7263043421","ศกร.ตชด.บ้านวะกะเลโค๊ะ *(เอ็ม เอส ไอ จี อุปถัมภ์)","ศกร.ตชด.บ้านวะกะเลโค๊ะ *(เอ็ม เอส ไอ จี อุปถัมภ์)","16/05/2546","2003-05-16","parsed","1.1.3,1.2.3,1.3.7,2.2.1,2.5.1","1.1.3,1.2.3,1.3.7,2.2.1,2.5.1","5","5","0","","0","0","0","1","0","0","1","0","0","0","0","0","0","0","1","0","0","0","0","0","0","0","0","0","0","0","0","0","0","0","0","0","1","0","0","0","0","0","0","0","0","0","0","0","0","1","0","0","0","0","0","0","0","0","0","0","0","0","0","0","0","0","0","0","0","0","0","0","0","0","0","0","0","0","0","0","5","B","ผ่าน"
"SCH_G3_0123","2565","2022","9. 2565 REP004-IMPROVEMENT 12 - ตารางสรุปรายงานมาตรฐานแต่ละด้าน พร้อมจำนวนข้อที่ต้องปรับปรุง และจำนวนเด็กที่ผ่านเกณฑ์.xls","81","Sheet1","2565|7263043422","สำนักงานตำรวจแห่งชาติ","กองบัญชาการตำรวจตระเวนชายแดน","กองบังคับการตำรวจตระเวนชายแดนภาค 3","กองกำกับการตำรวจตระเวนชายแดนที่ 34","","","","7263043422","ศกร.ตชด.บ้านเลผะสุคี *","ศกร.ตชด.บ้านเลผะสุคี *","16/05/2546","2003-05-16","parsed","","","0","0","0","","0","0","0","0","0","0","0","0","0","0","0","0","0","0","0","0","0","0","0","0","0","0","0","0","0","0","0","0","0","0","0","0","0","0","0","0","0","0","0","0","0","0","0","0","0","0","0","0","0","0","0","0","0","0","0","0","0","0","0","0","0","0","0","0","0","0","0","0","0","0","0","0","0","0","0","0","0","A","ผ่าน"
"SCH_G3_0124","2565","2022","9. 2565 REP004-IMPROVEMENT 12 - ตารางสรุปรายงานมาตรฐานแต่ละด้าน พร้อมจำนวนข้อที่ต้องปรับปรุง และจำนวนเด็กที่ผ่านเกณฑ์.xls","82","Sheet1","2565|7263043427","สำนักงานตำรวจแห่งชาติ","กองบัญชาการตำรวจตระเวนชายแดน","กองบังคับการตำรวจตระเวนชายแดนภาค 3","กองกำกับการตำรวจตระเวนชายแดนที่ 34","","","","7263043427","ศกร.ตชด.บ้านห้วยสลุง","ศกร.ตชด.บ้านห้วยสลุง","16/05/2560","2017-05-16","parsed","","","0","0","0","","0","0","0","0","0","0","0","0","0","0","0","0","0","0","0","0","0","0","0","0","0","0","0","0","0","0","0","0","0","0","0","0","0","0","0","0","0","0","0","0","0","0","0","0","0","0","0","0","0","0","0","0","0","0","0","0","0","0","0","0","0","0","0","0","0","0","0","0","0","0","0","0","0","0","0","0","0","A","ผ่าน"
"SCH_G3_0125","2565","2022","9. 2565 REP004-IMPROVEMENT 12 - ตารางสรุปรายงานมาตรฐานแต่ละด้าน พร้อมจำนวนข้อที่ต้องปรับปรุง และจำนวนเด็กที่ผ่านเกณฑ์.xls","83","Sheet1","2565|7263043428","สำนักงานตำรวจแห่งชาติ","กองบัญชาการตำรวจตระเวนชายแดน","กองบังคับการตำรวจตระเวนชายแดนภาค 3","กองกำกับการตำรวจตระเวนชายแดนที่ 34","","","","7263043428","ศูนย์การเรียนตำรวจตระเวนชายแดนธนาคารออมสินอุปถัมภ์ (บ้านเทอคี)","ศูนย์การเรียนตำรวจตระเวนชายแดนธนาคารออมสินอุปถัมภ์ (บ้านเทอคี)","14/06/2564","2021-06-14","parsed","","","0","0","0","","0","0","0","0","0","0","0","0","0","0","0","0","0","0","0","0","0","0","0","0","0","0","0","0","0","0","0","0","0","0","0","0","0","0","0","0","0","0","0","0","0","0","0","0","0","0","0","0","0","0","0","0","0","0","0","0","0","0","0","0","0","0","0","0","0","0","0","0","0","0","0","0","0","0","0","0","0","A","ผ่าน"
"SCH_G3_0126","2565","2022","9. 2565 REP004-IMPROVEMENT 12 - ตารางสรุปรายงานมาตรฐานแต่ละด้าน พร้อมจำนวนข้อที่ต้องปรับปรุง และจำนวนเด็กที่ผ่านเกณฑ์.xls","84","Sheet1","2565|7263053402","สำนักงานตำรวจแห่งชาติ","กองบัญชาการตำรวจตระเวนชายแดน","กองบังคับการตำรวจตระเวนชายแดนภาค 3","กองกำกับการตำรวจตระเวนชายแดนที่ 34","","","","7263053402","รร.ตชด.จุฬา - ธรรมศาสตร์ 3","รร.ตชด.จุฬา - ธรรมศาสตร์ 3","07/09/2515","1972-09-07","parsed","","","0","0","0","","0","0","0","0","0","0","0","0","0","0","0","0","0","0","0","0","0","0","0","0","0","0","0","0","0","0","0","0","0","0","0","0","0","0","0","0","0","0","0","0","0","0","0","0","0","0","0","0","0","0","0","0","0","0","0","0","0","0","0","0","0","0","0","0","0","0","0","0","0","0","0","0","0","0","0","0","0","A","ผ่าน"
"SCH_G3_0127","2565","2022","9. 2565 REP004-IMPROVEMENT 12 - ตารางสรุปรายงานมาตรฐานแต่ละด้าน พร้อมจำนวนข้อที่ต้องปรับปรุง และจำนวนเด็กที่ผ่านเกณฑ์.xls","85","Sheet1","2565|7263053404","สำนักงานตำรวจแห่งชาติ","กองบัญชาการตำรวจตระเวนชายแดน","กองบังคับการตำรวจตระเวนชายแดนภาค 3","กองกำกับการตำรวจตระเวนชายแดนที่ 34","","","","7263053404","รร.ตชด.เทคนิคอาสา 1","รร.ตชด.เทคนิคอาสา 1","15/03/2528","1985-03-15","parsed","","","0","0","0","","0","0","0","0","0","0","0","0","0","0","0","0","0","0","0","0","0","0","0","0","0","0","0","0","0","0","0","0","0","0","0","0","0","0","0","0","0","0","0","0","0","0","0","0","0","0","0","0","0","0","0","0","0","0","0","0","0","0","0","0","0","0","0","0","0","0","0","0","0","0","0","0","0","0","0","0","0","A","ผ่าน"
"SCH_G3_0128","2565","2022","9. 2565 REP004-IMPROVEMENT 12 - ตารางสรุปรายงานมาตรฐานแต่ละด้าน พร้อมจำนวนข้อที่ต้องปรับปรุง และจำนวนเด็กที่ผ่านเกณฑ์.xls","86","Sheet1","2565|7263053409","สำนักงานตำรวจแห่งชาติ","กองบัญชาการตำรวจตระเวนชายแดน","กองบังคับการตำรวจตระเวนชายแดนภาค 3","กองกำกับการตำรวจตระเวนชายแดนที่ 34","","","","7263053409","รร.ตชด.บ้านกามาผาโด้","รร.ตชด.บ้านกามาผาโด้","16/05/2526","1983-05-16","parsed","","","0","0","0","","0","0","0","0","0","0","0","0","0","0","0","0","0","0","0","0","0","0","0","0","0","0","0","0","0","0","0","0","0","0","0","0","0","0","0","0","0","0","0","0","0","0","0","0","0","0","0","0","0","0","0","0","0","0","0","0","0","0","0","0","0","0","0","0","0","0","0","0","0","0","0","0","0","0","0","0","0","A","ผ่าน"
"SCH_G3_0129","2565","2022","9. 2565 REP004-IMPROVEMENT 12 - ตารางสรุปรายงานมาตรฐานแต่ละด้าน พร้อมจำนวนข้อที่ต้องปรับปรุง และจำนวนเด็กที่ผ่านเกณฑ์.xls","87","Sheet1","2565|7263053414","สำนักงานตำรวจแห่งชาติ","กองบัญชาการตำรวจตระเวนชายแดน","กองบังคับการตำรวจตระเวนชายแดนภาค 3","กองกำกับการตำรวจตระเวนชายแดนที่ 34","","","","7263053414","ศกร.ตชด.บ้านแม่อมยะ *","ศกร.ตชด.บ้านแม่อมยะ *","02/04/2545","2002-04-02","parsed","1.2.3,1.4.6,3.1.2ข","1.2.3,1.4.6,3.1.2ข","3","3","0","","0","0","0","0","0","0","1","0","0","0","0","0","0","0","0","0","0","0","0","0","0","1","0","0","0","0","0","0","0","0","0","0","0","0","0","0","0","0","0","0","0","0","0","0","0","0","0","0","0","0","0","0","0","0","0","1","0","0","0","0","0","0","0","0","0","0","0","0","0","0","0","0","0","0","0","0","3","B","ผ่าน"
"SCH_G3_0130","2565","2022","9. 2565 REP004-IMPROVEMENT 12 - ตารางสรุปรายงานมาตรฐานแต่ละด้าน พร้อมจำนวนข้อที่ต้องปรับปรุง และจำนวนเด็กที่ผ่านเกณฑ์.xls","88","Sheet1","2565|7263053415","สำนักงานตำรวจแห่งชาติ","กองบัญชาการตำรวจตระเวนชายแดน","กองบังคับการตำรวจตระเวนชายแดนภาค 3","กองกำกับการตำรวจตระเวนชายแดนที่ 34","","","","7263053415","ศกร.ตชด.บ้านแม่ละนา *","ศกร.ตชด.บ้านแม่ละนา *","16/05/2546","2003-05-16","parsed","1.2.3","1.2.3","1","1","0","","0","0","0","0","0","0","1","0","0","0","0","0","0","0","0","0","0","0","0","0","0","0","0","0","0","0","0","0","0","0","0","0","0","0","0","0","0","0","0","0","0","0","0","0","0","0","0","0","0","0","0","0","0","0","0","0","0","0","0","0","0","0","0","0","0","0","0","0","0","0","0","0","0","0","0","0","1","B","ผ่าน"
"SCH_G3_0131","2565","2022","9. 2565 REP004-IMPROVEMENT 12 - ตารางสรุปรายงานมาตรฐานแต่ละด้าน พร้อมจำนวนข้อที่ต้องปรับปรุง และจำนวนเด็กที่ผ่านเกณฑ์.xls","89","Sheet1","2565|7263053416","สำนักงานตำรวจแห่งชาติ","กองบัญชาการตำรวจตระเวนชายแดน","กองบังคับการตำรวจตระเวนชายแดนภาค 3","กองกำกับการตำรวจตระเวนชายแดนที่ 34","","","","7263053416","ศกร.ตชด.บ้านพอบือละคี *","ศกร.ตชด.บ้านพอบือละคี *","16/05/2545","2002-05-16","parsed","1.4.6,1.5.1,3.1.2ข,3.1.3ข,3.5.2ข,3.6.4ข","1.4.6,1.5.1,3.1.2ข,3.1.3ข,3.5.2ข,3.6.4ข","6","6","0","","0","0","0","0","0","0","0","0","0","0","0","0","0","0","0","0","0","0","0","0","0","1","0","1","0","0","0","0","0","0","0","0","0","0","0","0","0","0","0","0","0","0","0","0","0","0","0","0","0","0","0","0","0","0","0","1","1","0","0","0","0","0","0","0","1","0","0","0","0","0","0","1","0","0","0","0","6","B","ผ่าน"
"SCH_G3_0132","2565","2022","9. 2565 REP004-IMPROVEMENT 12 - ตารางสรุปรายงานมาตรฐานแต่ละด้าน พร้อมจำนวนข้อที่ต้องปรับปรุง และจำนวนเด็กที่ผ่านเกณฑ์.xls","90","Sheet1","2565|7263053417","สำนักงานตำรวจแห่งชาติ","กองบัญชาการตำรวจตระเวนชายแดน","กองบังคับการตำรวจตระเวนชายแดนภาค 3","กองกำกับการตำรวจตระเวนชายแดนที่ 34","","","","7263053417","ศกร.ตชด.บ้านแม่หละคี *","ศกร.ตชด.บ้านแม่หละคี *","08/02/2566","2023-02-08","parsed","","","0","0","0","","0","0","0","0","0","0","0","0","0","0","0","0","0","0","0","0","0","0","0","0","0","0","0","0","0","0","0","0","0","0","0","0","0","0","0","0","0","0","0","0","0","0","0","0","0","0","0","0","0","0","0","0","0","0","0","0","0","0","0","0","0","0","0","0","0","0","0","0","0","0","0","0","0","0","0","0","0","A","ผ่าน"
"SCH_G3_0133","2565","2022","9. 2565 REP004-IMPROVEMENT 12 - ตารางสรุปรายงานมาตรฐานแต่ละด้าน พร้อมจำนวนข้อที่ต้องปรับปรุง และจำนวนเด็กที่ผ่านเกณฑ์.xls","91","Sheet1","2565|7263053418","สำนักงานตำรวจแห่งชาติ","กองบัญชาการตำรวจตระเวนชายแดน","กองบังคับการตำรวจตระเวนชายแดนภาค 3","กองกำกับการตำรวจตระเวนชายแดนที่ 34","","","","7263053418","ศกร.ตชด.บ้านคะเนจือทะ *","ศกร.ตชด.บ้านคะเนจือทะ *","16/07/2545","2002-07-16","parsed","1.2.3","1.2.3","1","1","0","","0","0","0","0","0","0","1","0","0","0","0","0","0","0","0","0","0","0","0","0","0","0","0","0","0","0","0","0","0","0","0","0","0","0","0","0","0","0","0","0","0","0","0","0","0","0","0","0","0","0","0","0","0","0","0","0","0","0","0","0","0","0","0","0","0","0","0","0","0","0","0","0","0","0","0","0","1","B","ผ่าน"
"SCH_G3_0134","2565","2022","9. 2565 REP004-IMPROVEMENT 12 - ตารางสรุปรายงานมาตรฐานแต่ละด้าน พร้อมจำนวนข้อที่ต้องปรับปรุง และจำนวนเด็กที่ผ่านเกณฑ์.xls","92","Sheet1","2565|7263053423","สำนักงานตำรวจแห่งชาติ","กองบัญชาการตำรวจตระเวนชายแดน","กองบังคับการตำรวจตระเวนชายแดนภาค 3","กองกำกับการตำรวจตระเวนชายแดนที่ 34","","","","7263053423","ศกร.ตชด.บ้านเลโพเด *","ศกร.ตชด.บ้านเลโพเด *","16/05/2545","2002-05-16","parsed","1.2.3","1.2.3","1","1","0","","0","0","0","0","0","0","1","0","0","0","0","0","0","0","0","0","0","0","0","0","0","0","0","0","0","0","0","0","0","0","0","0","0","0","0","0","0","0","0","0","0","0","0","0","0","0","0","0","0","0","0","0","0","0","0","0","0","0","0","0","0","0","0","0","0","0","0","0","0","0","0","0","0","0","0","0","1","B","ผ่าน"
"SCH_G3_0135","2565","2022","9. 2565 REP004-IMPROVEMENT 12 - ตารางสรุปรายงานมาตรฐานแต่ละด้าน พร้อมจำนวนข้อที่ต้องปรับปรุง และจำนวนเด็กที่ผ่านเกณฑ์.xls","93","Sheet1","2565|7263053424","สำนักงานตำรวจแห่งชาติ","กองบัญชาการตำรวจตระเวนชายแดน","กองบังคับการตำรวจตระเวนชายแดนภาค 3","กองกำกับการตำรวจตระเวนชายแดนที่ 34","","","","7263053424","ศกร.ตชด.บ้านตีนดอย *","ศกร.ตชด.บ้านตีนดอย *","30/01/2547","2004-01-30","parsed","","","0","0","0","","0","0","0","0","0","0","0","0","0","0","0","0","0","0","0","0","0","0","0","0","0","0","0","0","0","0","0","0","0","0","0","0","0","0","0","0","0","0","0","0","0","0","0","0","0","0","0","0","0","0","0","0","0","0","0","0","0","0","0","0","0","0","0","0","0","0","0","0","0","0","0","0","0","0","0","0","0","A","ผ่าน"
"SCH_G3_0136","2565","2022","9. 2565 REP004-IMPROVEMENT 12 - ตารางสรุปรายงานมาตรฐานแต่ละด้าน พร้อมจำนวนข้อที่ต้องปรับปรุง และจำนวนเด็กที่ผ่านเกณฑ์.xls","94","Sheet1","2565|7263063412","สำนักงานตำรวจแห่งชาติ","กองบัญชาการตำรวจตระเวนชายแดน","กองบังคับการตำรวจตระเวนชายแดนภาค 3","กองกำกับการตำรวจตระเวนชายแดนที่ 34","","","","7263063412","รร.ตชด.ท่านผู้หญิงทวี มณีนุตร","รร.ตชด.ท่านผู้หญิงทวี มณีนุตร","01/05/2541","1998-05-01","parsed","","","0","0","0","","0","0","0","0","0","0","0","0","0","0","0","0","0","0","0","0","0","0","0","0","0","0","0","0","0","0","0","0","0","0","0","0","0","0","0","0","0","0","0","0","0","0","0","0","0","0","0","0","0","0","0","0","0","0","0","0","0","0","0","0","0","0","0","0","0","0","0","0","0","0","0","0","0","0","0","0","0","A","ผ่าน"
"SCH_G3_0137","2565","2022","9. 2565 REP004-IMPROVEMENT 12 - ตารางสรุปรายงานมาตรฐานแต่ละด้าน พร้อมจำนวนข้อที่ต้องปรับปรุง และจำนวนเด็กที่ผ่านเกณฑ์.xls","95","Sheet1","2565|7263063425","สำนักงานตำรวจแห่งชาติ","กองบัญชาการตำรวจตระเวนชายแดน","กองบังคับการตำรวจตระเวนชายแดนภาค 3","กองกำกับการตำรวจตระเวนชายแดนที่ 34","","","","7263063425","รร.ตชด.ศาสตราจารย์สำเภา-ไพวรรณ วรางกูร","รร.ตชด.ศาสตราจารย์สำเภา-ไพวรรณ วรางกูร","16/05/2557","2014-05-16","parsed","","","0","0","0","","0","0","0","0","0","0","0","0","0","0","0","0","0","0","0","0","0","0","0","0","0","0","0","0","0","0","0","0","0","0","0","0","0","0","0","0","0","0","0","0","0","0","0","0","0","0","0","0","0","0","0","0","0","0","0","0","0","0","0","0","0","0","0","0","0","0","0","0","0","0","0","0","0","0","0","0","0","A","ผ่าน"
"SCH_G3_0138","2565","2022","9. 2565 REP004-IMPROVEMENT 12 - ตารางสรุปรายงานมาตรฐานแต่ละด้าน พร้อมจำนวนข้อที่ต้องปรับปรุง และจำนวนเด็กที่ผ่านเกณฑ์.xls","96","Sheet1","2565|7263083405","สำนักงานตำรวจแห่งชาติ","กองบัญชาการตำรวจตระเวนชายแดน","กองบังคับการตำรวจตระเวนชายแดนภาค 3","กองกำกับการตำรวจตระเวนชายแดนที่ 34","","","","7263083405","รร.ตชด.บ้านแม่กลองคี","รร.ตชด.บ้านแม่กลองคี","25/02/2528","1985-02-25","parsed","","","0","0","0","","0","0","0","0","0","0","0","0","0","0","0","0","0","0","0","0","0","0","0","0","0","0","0","0","0","0","0","0","0","0","0","0","0","0","0","0","0","0","0","0","0","0","0","0","0","0","0","0","0","0","0","0","0","0","0","0","0","0","0","0","0","0","0","0","0","0","0","0","0","0","0","0","0","0","0","0","0","A","ผ่าน"
"SCH_G3_0139","2565","2022","9. 2565 REP004-IMPROVEMENT 12 - ตารางสรุปรายงานมาตรฐานแต่ละด้าน พร้อมจำนวนข้อที่ต้องปรับปรุง และจำนวนเด็กที่ผ่านเกณฑ์.xls","97","Sheet1","2565|7263083407","สำนักงานตำรวจแห่งชาติ","กองบัญชาการตำรวจตระเวนชายแดน","กองบังคับการตำรวจตระเวนชายแดนภาค 3","กองกำกับการตำรวจตระเวนชายแดนที่ 34","","","","7263083407","รร.ตชด.บ้านเลตองคุ","รร.ตชด.บ้านเลตองคุ","18/06/2533","1990-06-18","parsed","1.2.2,3.5.2ข,3.5.4ข,3.6.1ข,3.6.4ข","1.2.2,3.5.2ข,3.5.4ข,3.6.1ข,3.6.4ข","5","5","0","","0","0","0","0","0","1","0","0","0","0","0","0","0","0","0","0","0","0","0","0","0","0","0","0","0","0","0","0","0","0","0","0","0","0","0","0","0","0","0","0","0","0","0","0","0","0","0","0","0","0","0","0","0","0","0","0","0","0","0","0","0","0","0","0","1","0","1","0","1","0","0","1","0","0","0","0","5","B","ผ่าน"
"SCH_G3_0140","2565","2022","9. 2565 REP004-IMPROVEMENT 12 - ตารางสรุปรายงานมาตรฐานแต่ละด้าน พร้อมจำนวนข้อที่ต้องปรับปรุง และจำนวนเด็กที่ผ่านเกณฑ์.xls","98","Sheet1","2565|7263083408","สำนักงานตำรวจแห่งชาติ","กองบัญชาการตำรวจตระเวนชายแดน","กองบังคับการตำรวจตระเวนชายแดนภาค 3","กองกำกับการตำรวจตระเวนชายแดนที่ 34","","","","7263083408","รร.ตชด.บ้านแม่จันทะ","รร.ตชด.บ้านแม่จันทะ","19/07/2539","1996-07-19","parsed","1.2.3","1.2.3","1","1","0","","0","0","0","0","0","0","1","0","0","0","0","0","0","0","0","0","0","0","0","0","0","0","0","0","0","0","0","0","0","0","0","0","0","0","0","0","0","0","0","0","0","0","0","0","0","0","0","0","0","0","0","0","0","0","0","0","0","0","0","0","0","0","0","0","0","0","0","0","0","0","0","0","0","0","0","0","1","B","ผ่าน"
"SCH_G3_0141","2565","2022","9. 2565 REP004-IMPROVEMENT 12 - ตารางสรุปรายงานมาตรฐานแต่ละด้าน พร้อมจำนวนข้อที่ต้องปรับปรุง และจำนวนเด็กที่ผ่านเกณฑ์.xls","99","Sheet1","2565|7263083411","สำนักงานตำรวจแห่งชาติ","กองบัญชาการตำรวจตระเวนชายแดน","กองบังคับการตำรวจตระเวนชายแดนภาค 3","กองกำกับการตำรวจตระเวนชายแดนที่ 34","","","","7263083411","รร.ตชด.เฉลิมพระเกียรติ 7 รอบฯ (บ้านหม่องกั๊วะ จังหวัดตาก)","รร.ตชด.เฉลิมพระเกียรติ 7 รอบฯ (บ้านหม่องกั๊วะ จังหวัดตาก)","13/04/2556","2013-04-13","parsed","1.2.3,3.1.3ข,3.3.1ข","1.2.3,3.1.3ข,3.3.1ข","3","3","0","","0","0","0","0","0","0","1","0","0","0","0","0","0","0","0","0","0","0","0","0","0","0","0","0","0","0","0","0","0","0","0","0","0","0","0","0","0","0","0","0","0","0","0","0","0","0","0","0","0","0","0","0","0","0","0","0","1","0","1","0","0","0","0","0","0","0","0","0","0","0","0","0","0","0","0","0","3","B","ผ่าน"
"SCH_G3_0142","2565","2022","9. 2565 REP004-IMPROVEMENT 12 - ตารางสรุปรายงานมาตรฐานแต่ละด้าน พร้อมจำนวนข้อที่ต้องปรับปรุง และจำนวนเด็กที่ผ่านเกณฑ์.xls","100","Sheet1","2565|7263133426","สำนักงานตำรวจแห่งชาติ","กองบัญชาการตำรวจตระเวนชายแดน","กองบังคับการตำรวจตระเวนชายแดนภาค 3","กองกำกับการตำรวจตระเวนชายแดนที่ 34","","","","7263133426","ศกร.ตชด.พระยาประสาทธาตุการย์และคุณหญิงวาส (ประนิช)","ศกร.ตชด.พระยาประสาทธาตุการย์และคุณหญิงวาส (ประนิช)","10/05/2559","2016-05-10","parsed","2.1.1,2.1.2,2.1.3,2.1.4,2.1.5,2.2.1,2.2.2,2.2.3,2.2.4,2.2.5,2.3.1,2.3.2,2.3.3,2.3.4,2.3.5,2.4.1,2.4.2,2.4.3,2.5.1,2.5.2,3.1.1ข,3.1.2ข,3.1.3ข,3.2.1ข,3.3.1ข,3.3.2ข,3.4.1ข,3.4.2ข,3.4.3ข,3.5.1ข,3.5.2ข,3.5.3ข,3.5.4ข,3.5.5ข,3.6.1ข,3.6.2ข,3.6.3ข,3.6.4ข,3.7.1ข,3.","2.1.1,2.1.2,2.1.3,2.1.4,2.1.5,2.2.1,2.2.2,2.2.3,2.2.4,2.2.5,2.3.1,2.3.2,2.3.3,2.3.4,2.3.5,2.4.1,2.4.2,2.4.3,2.5.1,2.5.2,3.1.1ข,3.1.2ข,3.1.3ข,3.2.1ข,3.3.1ข,3.3.2ข,3.4.1ข,3.4.2ข,3.4.3ข,3.5.1ข,3.5.2ข,3.5.3ข,3.5.4ข,3.5.5ข,3.6.1ข,3.6.2ข,3.6.3ข,3.6.4ข,3.7.1ข","40","39","1","3.","1","0","0","0","0","0","0","0","0","0","0","0","0","0","0","0","0","0","0","0","0","0","0","0","0","0","0","1","1","1","1","1","1","1","1","1","1","1","1","1","1","1","1","1","1","1","1","0","0","0","0","0","0","0","1","1","1","1","1","1","1","1","1","1","1","1","1","1","1","1","1","1","1","0","0","0","39","D","ไม่ผ่าน"
"SCH_G3_0143","2565","2022","9. 2565 REP004-IMPROVEMENT 12 - ตารางสรุปรายงานมาตรฐานแต่ละด้าน พร้อมจำนวนข้อที่ต้องปรับปรุง และจำนวนเด็กที่ผ่านเกณฑ์.xls","101","Sheet1","2565|7265023104","สำนักงานตำรวจแห่งชาติ","กองบัญชาการตำรวจตระเวนชายแดน","กองบังคับการตำรวจตระเวนชายแดนภาค 3","กองกำกับการตำรวจตระเวนชายแดนที่ 31","","","","7265023104","รร.ตชด.อาทรอุทิศ","รร.ตชด.อาทรอุทิศ","18/08/2522","1979-08-18","parsed","","","0","0","0","","0","0","0","0","0","0","0","0","0","0","0","0","0","0","0","0","0","0","0","0","0","0","0","0","0","0","0","0","0","0","0","0","0","0","0","0","0","0","0","0","0","0","0","0","0","0","0","0","0","0","0","0","0","0","0","0","0","0","0","0","0","0","0","0","0","0","0","0","0","0","0","0","0","0","0","0","0","A","ผ่าน"
"SCH_G3_0145","2565","2022","9. 2565 REP004-IMPROVEMENT 12 - ตารางสรุปรายงานมาตรฐานแต่ละด้าน พร้อมจำนวนข้อที่ต้องปรับปรุง และจำนวนเด็กที่ผ่านเกณฑ์.xls","102","Sheet1","2565|7265033106","สำนักงานตำรวจแห่งชาติ","กองบัญชาการตำรวจตระเวนชายแดน","กองบังคับการตำรวจตระเวนชายแดนภาค 3","กองกำกับการตำรวจตระเวนชายแดนที่ 31","","","","7265033106","รร.ตชด.บ้านรักไทย","รร.ตชด.บ้านรักไทย","23/07/2534","1991-07-23","parsed","","","0","0","0","","0","0","0","0","0","0","0","0","0","0","0","0","0","0","0","0","0","0","0","0","0","0","0","0","0","0","0","0","0","0","0","0","0","0","0","0","0","0","0","0","0","0","0","0","0","0","0","0","0","0","0","0","0","0","0","0","0","0","0","0","0","0","0","0","0","0","0","0","0","0","0","0","0","0","0","0","0","A","ผ่าน"
"SCH_G3_0146","2565","2022","9. 2565 REP004-IMPROVEMENT 12 - ตารางสรุปรายงานมาตรฐานแต่ละด้าน พร้อมจำนวนข้อที่ต้องปรับปรุง และจำนวนเด็กที่ผ่านเกณฑ์.xls","103","Sheet1","2565|7265033107","สำนักงานตำรวจแห่งชาติ","กองบัญชาการตำรวจตระเวนชายแดน","กองบังคับการตำรวจตระเวนชายแดนภาค 3","กองกำกับการตำรวจตระเวนชายแดนที่ 31","","","","7265033107","รร.ตชด.บ้านนุชเทียน","รร.ตชด.บ้านนุชเทียน","15/07/2536","1993-07-15","parsed","","","0","0","0","","0","0","0","0","0","0","0","0","0","0","0","0","0","0","0","0","0","0","0","0","0","0","0","0","0","0","0","0","0","0","0","0","0","0","0","0","0","0","0","0","0","0","0","0","0","0","0","0","0","0","0","0","0","0","0","0","0","0","0","0","0","0","0","0","0","0","0","0","0","0","0","0","0","0","0","0","0","A","ผ่าน"
"SCH_G3_0148","2565","2022","9. 2565 REP004-IMPROVEMENT 12 - ตารางสรุปรายงานมาตรฐานแต่ละด้าน พร้อมจำนวนข้อที่ต้องปรับปรุง และจำนวนเด็กที่ผ่านเกณฑ์.xls","104","Sheet1","2565|7270031306","สำนักงานตำรวจแห่งชาติ","กองบัญชาการตำรวจตระเวนชายแดน","กองบังคับการตำรวจตระเวนชายแดนภาค 1","กองกำกับการตำรวจตระเวนชายแดนที่ 13","","","","7270031306","รร.ตชด.ตะโกปิดทอง","รร.ตชด.ตะโกปิดทอง","01/07/2563","2020-07-01","parsed","1.2.2","1.2.2","1","1","0","","0","0","0","0","0","1","0","0","0","0","0","0","0","0","0","0","0","0","0","0","0","0","0","0","0","0","0","0","0","0","0","0","0","0","0","0","0","0","0","0","0","0","0","0","0","0","0","0","0","0","0","0","0","0","0","0","0","0","0","0","0","0","0","0","0","0","0","0","0","0","0","0","0","0","0","0","1","B","ผ่าน"
"SCH_G3_0149","2565","2022","9. 2565 REP004-IMPROVEMENT 12 - ตารางสรุปรายงานมาตรฐานแต่ละด้าน พร้อมจำนวนข้อที่ต้องปรับปรุง และจำนวนเด็กที่ผ่านเกณฑ์.xls","105","Sheet1","2565|7270031309","สำนักงานตำรวจแห่งชาติ","กองบัญชาการตำรวจตระเวนชายแดน","กองบังคับการตำรวจตระเวนชายแดนภาค 1","กองกำกับการตำรวจตระเวนชายแดนที่ 13","","","","7270031309","รร.ตชด.บ้านถ้ำหิน","รร.ตชด.บ้านถ้ำหิน","12/07/2564","2021-07-12","parsed","","","0","0","0","","0","0","0","0","0","0","0","0","0","0","0","0","0","0","0","0","0","0","0","0","0","0","0","0","0","0","0","0","0","0","0","0","0","0","0","0","0","0","0","0","0","0","0","0","0","0","0","0","0","0","0","0","0","0","0","0","0","0","0","0","0","0","0","0","0","0","0","0","0","0","0","0","0","0","0","0","0","A","ผ่าน"
"SCH_G3_0150","2565","2022","9. 2565 REP004-IMPROVEMENT 12 - ตารางสรุปรายงานมาตรฐานแต่ละด้าน พร้อมจำนวนข้อที่ต้องปรับปรุง และจำนวนเด็กที่ผ่านเกณฑ์.xls","106","Sheet1","2565|7271021305","สำนักงานตำรวจแห่งชาติ","กองบัญชาการตำรวจตระเวนชายแดน","กองบังคับการตำรวจตระเวนชายแดนภาค 1","กองกำกับการตำรวจตระเวนชายแดนที่ 13","","","","7271021305","รร.ตชด.บ้านแม่น้ำน้อย","รร.ตชด.บ้านแม่น้ำน้อย","26/01/2566","2023-01-26","parsed","","","0","0","0","","0","0","0","0","0","0","0","0","0","0","0","0","0","0","0","0","0","0","0","0","0","0","0","0","0","0","0","0","0","0","0","0","0","0","0","0","0","0","0","0","0","0","0","0","0","0","0","0","0","0","0","0","0","0","0","0","0","0","0","0","0","0","0","0","0","0","0","0","0","0","0","0","0","0","0","0","0","A","ผ่าน"
"SCH_G3_0151","2565","2022","9. 2565 REP004-IMPROVEMENT 12 - ตารางสรุปรายงานมาตรฐานแต่ละด้าน พร้อมจำนวนข้อที่ต้องปรับปรุง และจำนวนเด็กที่ผ่านเกณฑ์.xls","107","Sheet1","2565|7271021307","สำนักงานตำรวจแห่งชาติ","กองบัญชาการตำรวจตระเวนชายแดน","กองบังคับการตำรวจตระเวนชายแดนภาค 1","กองกำกับการตำรวจตระเวนชายแดนที่ 13","","","","7271021307","รร.ตชด.เฮงเค็ลไทย","รร.ตชด.เฮงเค็ลไทย","23/05/2526","1983-05-23","parsed","1.3.5,1.3.8,3.1.3ข","1.3.5,1.3.8,3.1.3ข","3","3","0","","0","0","0","0","0","0","0","0","0","0","0","0","1","0","0","1","0","0","0","0","0","0","0","0","0","0","0","0","0","0","0","0","0","0","0","0","0","0","0","0","0","0","0","0","0","0","0","0","0","0","0","0","0","0","0","0","1","0","0","0","0","0","0","0","0","0","0","0","0","0","0","0","0","0","0","0","3","B","ผ่าน"
"SCH_G3_0152","2565","2022","9. 2565 REP004-IMPROVEMENT 12 - ตารางสรุปรายงานมาตรฐานแต่ละด้าน พร้อมจำนวนข้อที่ต้องปรับปรุง และจำนวนเด็กที่ผ่านเกณฑ์.xls","108","Sheet1","2565|7271021308","สำนักงานตำรวจแห่งชาติ","กองบัญชาการตำรวจตระเวนชายแดน","กองบังคับการตำรวจตระเวนชายแดนภาค 1","กองกำกับการตำรวจตระเวนชายแดนที่ 13","","","","7271021308","รร.ตชด.ต้นมะม่วง","รร.ตชด.ต้นมะม่วง","13/03/2567","2024-03-13","parsed","","","0","0","0","","0","0","0","0","0","0","0","0","0","0","0","0","0","0","0","0","0","0","0","0","0","0","0","0","0","0","0","0","0","0","0","0","0","0","0","0","0","0","0","0","0","0","0","0","0","0","0","0","0","0","0","0","0","0","0","0","0","0","0","0","0","0","0","0","0","0","0","0","0","0","0","0","0","0","0","0","0","A","ผ่าน"
"SCH_G3_0153","2565","2022","9. 2565 REP004-IMPROVEMENT 12 - ตารางสรุปรายงานมาตรฐานแต่ละด้าน พร้อมจำนวนข้อที่ต้องปรับปรุง และจำนวนเด็กที่ผ่านเกณฑ์.xls","109","Sheet1","2565|7271021313","สำนักงานตำรวจแห่งชาติ","กองบัญชาการตำรวจตระเวนชายแดน","กองบังคับการตำรวจตระเวนชายแดนภาค 1","กองกำกับการตำรวจตระเวนชายแดนที่ 13","","","","7271021313","รร.ตชด.วัดสุธาสินี","รร.ตชด.วัดสุธาสินี","06/07/2564","2021-07-06","parsed","3.1.3ข","3.1.3ข","1","1","0","","0","0","0","0","0","0","0","0","0","0","0","0","0","0","0","0","0","0","0","0","0","0","0","0","0","0","0","0","0","0","0","0","0","0","0","0","0","0","0","0","0","0","0","0","0","0","0","0","0","0","0","0","0","0","0","0","1","0","0","0","0","0","0","0","0","0","0","0","0","0","0","0","0","0","0","0","1","B","ผ่าน"
"SCH_G3_0154","2565","2022","9. 2565 REP004-IMPROVEMENT 12 - ตารางสรุปรายงานมาตรฐานแต่ละด้าน พร้อมจำนวนข้อที่ต้องปรับปรุง และจำนวนเด็กที่ผ่านเกณฑ์.xls","110","Sheet1","2565|7271041303","สำนักงานตำรวจแห่งชาติ","กองบัญชาการตำรวจตระเวนชายแดน","กองบังคับการตำรวจตระเวนชายแดนภาค 1","กองกำกับการตำรวจตระเวนชายแดนที่ 13","","","","7271041303","รร.ตชด.มิตรมวลชน 2","รร.ตชด.มิตรมวลชน 2","17/05/2553","2010-05-17","parsed","","","0","0","0","","0","0","0","0","0","0","0","0","0","0","0","0","0","0","0","0","0","0","0","0","0","0","0","0","0","0","0","0","0","0","0","0","0","0","0","0","0","0","0","0","0","0","0","0","0","0","0","0","0","0","0","0","0","0","0","0","0","0","0","0","0","0","0","0","0","0","0","0","0","0","0","0","0","0","0","0","0","A","ผ่าน"
"SCH_G3_0155","2565","2022","9. 2565 REP004-IMPROVEMENT 12 - ตารางสรุปรายงานมาตรฐานแต่ละด้าน พร้อมจำนวนข้อที่ต้องปรับปรุง และจำนวนเด็กที่ผ่านเกณฑ์.xls","111","Sheet1","2565|7271041316","สำนักงานตำรวจแห่งชาติ","กองบัญชาการตำรวจตระเวนชายแดน","กองบังคับการตำรวจตระเวนชายแดนภาค 1","กองกำกับการตำรวจตระเวนชายแดนที่ 13","","","","7271041316","ศูนย์การเรียนตำรวจตระเวนชายแดนปูนอินทรี-มูลนิธิกรุงศรี(บ้านไกรเกรียง)","ศูนย์การเรียนตำรวจตระเวนชายแดนปูนอินทรี-มูลนิธิกรุงศรี(บ้านไกรเกรียง)","15/05/2560","2017-05-15","parsed","","","0","0","0","","0","0","0","0","0","0","0","0","0","0","0","0","0","0","0","0","0","0","0","0","0","0","0","0","0","0","0","0","0","0","0","0","0","0","0","0","0","0","0","0","0","0","0","0","0","0","0","0","0","0","0","0","0","0","0","0","0","0","0","0","0","0","0","0","0","0","0","0","0","0","0","0","0","0","0","0","0","A","ผ่าน"
"SCH_G3_0156","2565","2022","9. 2565 REP004-IMPROVEMENT 12 - ตารางสรุปรายงานมาตรฐานแต่ละด้าน พร้อมจำนวนข้อที่ต้องปรับปรุง และจำนวนเด็กที่ผ่านเกณฑ์.xls","112","Sheet1","2565|7271071304","สำนักงานตำรวจแห่งชาติ","กองบัญชาการตำรวจตระเวนชายแดน","กองบังคับการตำรวจตระเวนชายแดนภาค 1","กองกำกับการตำรวจตระเวนชายแดนที่ 13","","","","7271071304","รร.ตชด.วิจิตรวิทยาคาร","รร.ตชด.วิจิตรวิทยาคาร","11/04/2569","2026-04-11","parsed","1.2.2,3.1.3ข","1.2.2,3.1.3ข","2","2","0","","0","0","0","0","0","1","0","0","0","0","0","0","0","0","0","0","0","0","0","0","0","0","0","0","0","0","0","0","0","0","0","0","0","0","0","0","0","0","0","0","0","0","0","0","0","0","0","0","0","0","0","0","0","0","0","0","1","0","0","0","0","0","0","0","0","0","0","0","0","0","0","0","0","0","0","0","2","B","ผ่าน"
"SCH_G3_0157","2565","2022","9. 2565 REP004-IMPROVEMENT 12 - ตารางสรุปรายงานมาตรฐานแต่ละด้าน พร้อมจำนวนข้อที่ต้องปรับปรุง และจำนวนเด็กที่ผ่านเกณฑ์.xls","113","Sheet1","2565|7271071312","สำนักงานตำรวจแห่งชาติ","กองบัญชาการตำรวจตระเวนชายแดน","กองบังคับการตำรวจตระเวนชายแดนภาค 1","กองกำกับการตำรวจตระเวนชายแดนที่ 13","","","","7271071312","รร.ตชด.บ้านปิล๊อกคี่","รร.ตชด.บ้านปิล๊อกคี่","","","missing","3.5.2ข","3.5.2ข","1","1","0","","0","0","0","0","0","0","0","0","0","0","0","0","0","0","0","0","0","0","0","0","0","0","0","0","0","0","0","0","0","0","0","0","0","0","0","0","0","0","0","0","0","0","0","0","0","0","0","0","0","0","0","0","0","0","0","0","0","0","0","0","0","0","0","0","1","0","0","0","0","0","0","0","0","0","0","0","1","B","ผ่าน"
"SCH_G3_0158","2565","2022","9. 2565 REP004-IMPROVEMENT 12 - ตารางสรุปรายงานมาตรฐานแต่ละด้าน พร้อมจำนวนข้อที่ต้องปรับปรุง และจำนวนเด็กที่ผ่านเกณฑ์.xls","114","Sheet1","2565|7271071314","สำนักงานตำรวจแห่งชาติ","กองบัญชาการตำรวจตระเวนชายแดน","กองบังคับการตำรวจตระเวนชายแดนภาค 1","กองกำกับการตำรวจตระเวนชายแดนที่ 13","","","","7271071314","ศกร.ตชด.หลวงประกอบนิติสารและท่านผู้หญิงถวิล","ศกร.ตชด.หลวงประกอบนิติสารและท่านผู้หญิงถวิล","24/02/2557","2014-02-24","parsed","","","0","0","0","","0","0","0","0","0","0","0","0","0","0","0","0","0","0","0","0","0","0","0","0","0","0","0","0","0","0","0","0","0","0","0","0","0","0","0","0","0","0","0","0","0","0","0","0","0","0","0","0","0","0","0","0","0","0","0","0","0","0","0","0","0","0","0","0","0","0","0","0","0","0","0","0","0","0","0","0","0","A","ผ่าน"
"SCH_G3_0159","2565","2022","9. 2565 REP004-IMPROVEMENT 12 - ตารางสรุปรายงานมาตรฐานแต่ละด้าน พร้อมจำนวนข้อที่ต้องปรับปรุง และจำนวนเด็กที่ผ่านเกณฑ์.xls","115","Sheet1","2565|7271081301","สำนักงานตำรวจแห่งชาติ","กองบัญชาการตำรวจตระเวนชายแดน","กองบังคับการตำรวจตระเวนชายแดนภาค 1","กองกำกับการตำรวจตระเวนชายแดนที่ 13","","","","7271081301","รร.ตชด.สหธนาคารกรุงเทพ","รร.ตชด.สหธนาคารกรุงเทพ","26/08/2513","1970-08-26","parsed","","","0","0","0","","0","0","0","0","0","0","0","0","0","0","0","0","0","0","0","0","0","0","0","0","0","0","0","0","0","0","0","0","0","0","0","0","0","0","0","0","0","0","0","0","0","0","0","0","0","0","0","0","0","0","0","0","0","0","0","0","0","0","0","0","0","0","0","0","0","0","0","0","0","0","0","0","0","0","0","0","0","A","ผ่าน"
"SCH_G3_0160","2565","2022","9. 2565 REP004-IMPROVEMENT 12 - ตารางสรุปรายงานมาตรฐานแต่ละด้าน พร้อมจำนวนข้อที่ต้องปรับปรุง และจำนวนเด็กที่ผ่านเกณฑ์.xls","116","Sheet1","2565|7271081302","สำนักงานตำรวจแห่งชาติ","กองบัญชาการตำรวจตระเวนชายแดน","กองบังคับการตำรวจตระเวนชายแดนภาค 1","กองกำกับการตำรวจตระเวนชายแดนที่ 13","","","","7271081302","รร.ตชด.สุนทรเวช","รร.ตชด.สุนทรเวช","13/07/2564","2021-07-13","parsed","","","0","0","0","","0","0","0","0","0","0","0","0","0","0","0","0","0","0","0","0","0","0","0","0","0","0","0","0","0","0","0","0","0","0","0","0","0","0","0","0","0","0","0","0","0","0","0","0","0","0","0","0","0","0","0","0","0","0","0","0","0","0","0","0","0","0","0","0","0","0","0","0","0","0","0","0","0","0","0","0","0","A","ผ่าน"
"SCH_G3_0161","2565","2022","9. 2565 REP004-IMPROVEMENT 12 - ตารางสรุปรายงานมาตรฐานแต่ละด้าน พร้อมจำนวนข้อที่ต้องปรับปรุง และจำนวนเด็กที่ผ่านเกณฑ์.xls","117","Sheet1","2565|7271081310","สำนักงานตำรวจแห่งชาติ","กองบัญชาการตำรวจตระเวนชายแดน","กองบังคับการตำรวจตระเวนชายแดนภาค 1","กองกำกับการตำรวจตระเวนชายแดนที่ 13","","","","7271081310","รร.ตชด.บ้านเรดาร์ *","รร.ตชด.บ้านเรดาร์ *","15/07/2564","2021-07-15","parsed","","","0","0","0","","0","0","0","0","0","0","0","0","0","0","0","0","0","0","0","0","0","0","0","0","0","0","0","0","0","0","0","0","0","0","0","0","0","0","0","0","0","0","0","0","0","0","0","0","0","0","0","0","0","0","0","0","0","0","0","0","0","0","0","0","0","0","0","0","0","0","0","0","0","0","0","0","0","0","0","0","0","A","ผ่าน"
"SCH_G3_0162","2565","2022","9. 2565 REP004-IMPROVEMENT 12 - ตารางสรุปรายงานมาตรฐานแต่ละด้าน พร้อมจำนวนข้อที่ต้องปรับปรุง และจำนวนเด็กที่ผ่านเกณฑ์.xls","118","Sheet1","2565|7271081311","สำนักงานตำรวจแห่งชาติ","กองบัญชาการตำรวจตระเวนชายแดน","กองบังคับการตำรวจตระเวนชายแดนภาค 1","กองกำกับการตำรวจตระเวนชายแดนที่ 13","","","","7271081311","รร.ตชด.บ้านทิไล่ป้า","รร.ตชด.บ้านทิไล่ป้า","19/05/2540","1997-05-19","parsed","3.6.1ข,3.6.4ข","3.6.1ข,3.6.4ข","2","2","0","","0","0","0","0","0","0","0","0","0","0","0","0","0","0","0","0","0","0","0","0","0","0","0","0","0","0","0","0","0","0","0","0","0","0","0","0","0","0","0","0","0","0","0","0","0","0","0","0","0","0","0","0","0","0","0","0","0","0","0","0","0","0","0","0","0","0","0","0","1","0","0","1","0","0","0","0","2","B","ผ่าน"
"SCH_G3_0163","2565","2022","9. 2565 REP004-IMPROVEMENT 12 - ตารางสรุปรายงานมาตรฐานแต่ละด้าน พร้อมจำนวนข้อที่ต้องปรับปรุง และจำนวนเด็กที่ผ่านเกณฑ์.xls","119","Sheet1","2565|7271081315","สำนักงานตำรวจแห่งชาติ","กองบัญชาการตำรวจตระเวนชายแดน","กองบังคับการตำรวจตระเวนชายแดนภาค 1","กองกำกับการตำรวจตระเวนชายแดนที่ 13","","","","7271081315","ศกร.ตชด.ท่านผู้หญิงมณีรัตน์ บุนนาค","ศกร.ตชด.ท่านผู้หญิงมณีรัตน์ บุนนาค","","","missing","","","0","0","0","","0","0","0","0","0","0","0","0","0","0","0","0","0","0","0","0","0","0","0","0","0","0","0","0","0","0","0","0","0","0","0","0","0","0","0","0","0","0","0","0","0","0","0","0","0","0","0","0","0","0","0","0","0","0","0","0","0","0","0","0","0","0","0","0","0","0","0","0","0","0","0","0","0","0","0","0","0","A","ผ่าน"
"SCH_G3_0164","2565","2022","9. 2565 REP004-IMPROVEMENT 12 - ตารางสรุปรายงานมาตรฐานแต่ละด้าน พร้อมจำนวนข้อที่ต้องปรับปรุง และจำนวนเด็กที่ผ่านเกณฑ์.xls","120","Sheet1","2565|7276081405","สำนักงานตำรวจแห่งชาติ","กองบัญชาการตำรวจตระเวนชายแดน","กองบังคับการตำรวจตระเวนชายแดนภาค 1","กองกำกับการตำรวจตระเวนชายแดนที่ 14","","","","7276081405","รร.ตชด.นเรศวรบ้านห้วยโสก","รร.ตชด.นเรศวรบ้านห้วยโสก","01/01/2528","1985-01-01","parsed","","","0","0","0","","0","0","0","0","0","0","0","0","0","0","0","0","0","0","0","0","0","0","0","0","0","0","0","0","0","0","0","0","0","0","0","0","0","0","0","0","0","0","0","0","0","0","0","0","0","0","0","0","0","0","0","0","0","0","0","0","0","0","0","0","0","0","0","0","0","0","0","0","0","0","0","0","0","0","0","0","0","A","ผ่าน"
"SCH_G3_0165","2565","2022","9. 2565 REP004-IMPROVEMENT 12 - ตารางสรุปรายงานมาตรฐานแต่ละด้าน พร้อมจำนวนข้อที่ต้องปรับปรุง และจำนวนเด็กที่ผ่านเกณฑ์.xls","121","Sheet1","2565|7276081406","สำนักงานตำรวจแห่งชาติ","กองบัญชาการตำรวจตระเวนชายแดน","กองบังคับการตำรวจตระเวนชายแดนภาค 1","กองกำกับการตำรวจตระเวนชายแดนที่ 14","","","","7276081406","รร.ตชด.บ้านโป่งลึก *","รร.ตชด.บ้านโป่งลึก *","09/04/2564","2021-04-09","parsed","","","0","0","0","","0","0","0","0","0","0","0","0","0","0","0","0","0","0","0","0","0","0","0","0","0","0","0","0","0","0","0","0","0","0","0","0","0","0","0","0","0","0","0","0","0","0","0","0","0","0","0","0","0","0","0","0","0","0","0","0","0","0","0","0","0","0","0","0","0","0","0","0","0","0","0","0","0","0","0","0","0","A","ผ่าน"
"SCH_G3_0166","2565","2022","9. 2565 REP004-IMPROVEMENT 12 - ตารางสรุปรายงานมาตรฐานแต่ละด้าน พร้อมจำนวนข้อที่ต้องปรับปรุง และจำนวนเด็กที่ผ่านเกณฑ์.xls","122","Sheet1","2565|7276081412","สำนักงานตำรวจแห่งชาติ","กองบัญชาการตำรวจตระเวนชายแดน","กองบังคับการตำรวจตระเวนชายแดนภาค 1","กองกำกับการตำรวจตระเวนชายแดนที่ 14","","","","7276081412","ศกร.ตชด.อินทรีอาสา","ศกร.ตชด.อินทรีอาสา","01/07/2563","2020-07-01","parsed","1.2.3","1.2.3","1","1","0","","0","0","0","0","0","0","1","0","0","0","0","0","0","0","0","0","0","0","0","0","0","0","0","0","0","0","0","0","0","0","0","0","0","0","0","0","0","0","0","0","0","0","0","0","0","0","0","0","0","0","0","0","0","0","0","0","0","0","0","0","0","0","0","0","0","0","0","0","0","0","0","0","0","0","0","0","1","B","ผ่าน"
"SCH_G3_0167","2565","2022","9. 2565 REP004-IMPROVEMENT 12 - ตารางสรุปรายงานมาตรฐานแต่ละด้าน พร้อมจำนวนข้อที่ต้องปรับปรุง และจำนวนเด็กที่ผ่านเกณฑ์.xls","123","Sheet1","2565|7277021403","สำนักงานตำรวจแห่งชาติ","กองบัญชาการตำรวจตระเวนชายแดน","กองบังคับการตำรวจตระเวนชายแดนภาค 1","กองกำกับการตำรวจตระเวนชายแดนที่ 14","","","","7277021403","รร.ตชด.บ้านย่านซื่อ","รร.ตชด.บ้านย่านซื่อ","23/07/2524","1981-07-23","parsed","","","0","0","0","","0","0","0","0","0","0","0","0","0","0","0","0","0","0","0","0","0","0","0","0","0","0","0","0","0","0","0","0","0","0","0","0","0","0","0","0","0","0","0","0","0","0","0","0","0","0","0","0","0","0","0","0","0","0","0","0","0","0","0","0","0","0","0","0","0","0","0","0","0","0","0","0","0","0","0","0","0","A","ผ่าน"
"SCH_G3_0168","2565","2022","9. 2565 REP004-IMPROVEMENT 12 - ตารางสรุปรายงานมาตรฐานแต่ละด้าน พร้อมจำนวนข้อที่ต้องปรับปรุง และจำนวนเด็กที่ผ่านเกณฑ์.xls","124","Sheet1","2565|7277051411","สำนักงานตำรวจแห่งชาติ","กองบัญชาการตำรวจตระเวนชายแดน","กองบังคับการตำรวจตระเวนชายแดนภาค 1","กองกำกับการตำรวจตระเวนชายแดนที่ 14","","","","7277051411","ศกร.ตชด.บ้านคีรีล้อม","ศกร.ตชด.บ้านคีรีล้อม","16/05/2557","2014-05-16","parsed","1.2.3","1.2.3","1","1","0","","0","0","0","0","0","0","1","0","0","0","0","0","0","0","0","0","0","0","0","0","0","0","0","0","0","0","0","0","0","0","0","0","0","0","0","0","0","0","0","0","0","0","0","0","0","0","0","0","0","0","0","0","0","0","0","0","0","0","0","0","0","0","0","0","0","0","0","0","0","0","0","0","0","0","0","0","1","B","ผ่าน"
"SCH_G3_0169","2565","2022","9. 2565 REP004-IMPROVEMENT 12 - ตารางสรุปรายงานมาตรฐานแต่ละด้าน พร้อมจำนวนข้อที่ต้องปรับปรุง และจำนวนเด็กที่ผ่านเกณฑ์.xls","125","Sheet1","2565|7277061401","สำนักงานตำรวจแห่งชาติ","กองบัญชาการตำรวจตระเวนชายแดน","กองบังคับการตำรวจตระเวนชายแดนภาค 1","กองกำกับการตำรวจตระเวนชายแดนที่ 14","","","","7277061401","รร.ตชด.บ้านเขาจ้าว","รร.ตชด.บ้านเขาจ้าว","21/04/2521","1978-04-21","parsed","","","0","0","0","","0","0","0","0","0","0","0","0","0","0","0","0","0","0","0","0","0","0","0","0","0","0","0","0","0","0","0","0","0","0","0","0","0","0","0","0","0","0","0","0","0","0","0","0","0","0","0","0","0","0","0","0","0","0","0","0","0","0","0","0","0","0","0","0","0","0","0","0","0","0","0","0","0","0","0","0","0","A","ผ่าน"
"SCH_G3_0170","2565","2022","9. 2565 REP004-IMPROVEMENT 12 - ตารางสรุปรายงานมาตรฐานแต่ละด้าน พร้อมจำนวนข้อที่ต้องปรับปรุง และจำนวนเด็กที่ผ่านเกณฑ์.xls","126","Sheet1","2565|7277061407","สำนักงานตำรวจแห่งชาติ","กองบัญชาการตำรวจตระเวนชายแดน","กองบังคับการตำรวจตระเวนชายแดนภาค 1","กองกำกับการตำรวจตระเวนชายแดนที่ 14","","","","7277061407","รร.ตชด.บ้านท่าวังหิน","รร.ตชด.บ้านท่าวังหิน","22/05/2534","1991-05-22","parsed","","","0","0","0","","0","0","0","0","0","0","0","0","0","0","0","0","0","0","0","0","0","0","0","0","0","0","0","0","0","0","0","0","0","0","0","0","0","0","0","0","0","0","0","0","0","0","0","0","0","0","0","0","0","0","0","0","0","0","0","0","0","0","0","0","0","0","0","0","0","0","0","0","0","0","0","0","0","0","0","0","0","A","ผ่าน"
"SCH_G3_0171","2565","2022","9. 2565 REP004-IMPROVEMENT 12 - ตารางสรุปรายงานมาตรฐานแต่ละด้าน พร้อมจำนวนข้อที่ต้องปรับปรุง และจำนวนเด็กที่ผ่านเกณฑ์.xls","127","Sheet1","2565|7277071404","สำนักงานตำรวจแห่งชาติ","กองบัญชาการตำรวจตระเวนชายแดน","กองบังคับการตำรวจตระเวนชายแดนภาค 1","กองกำกับการตำรวจตระเวนชายแดนที่ 14","","","","7277071404","รร.ตชด.นเรศวรป่าละอู","รร.ตชด.นเรศวรป่าละอู","13/10/2525","1982-10-13","parsed","","","0","0","0","","0","0","0","0","0","0","0","0","0","0","0","0","0","0","0","0","0","0","0","0","0","0","0","0","0","0","0","0","0","0","0","0","0","0","0","0","0","0","0","0","0","0","0","0","0","0","0","0","0","0","0","0","0","0","0","0","0","0","0","0","0","0","0","0","0","0","0","0","0","0","0","0","0","0","0","0","0","A","ผ่าน"
"SCH_G3_0172","2565","2022","9. 2565 REP004-IMPROVEMENT 12 - ตารางสรุปรายงานมาตรฐานแต่ละด้าน พร้อมจำนวนข้อที่ต้องปรับปรุง และจำนวนเด็กที่ผ่านเกณฑ์.xls","128","Sheet1","2565|7277071408","สำนักงานตำรวจแห่งชาติ","กองบัญชาการตำรวจตระเวนชายแดน","กองบังคับการตำรวจตระเวนชายแดนภาค 1","กองกำกับการตำรวจตระเวนชายแดนที่ 14","","","","7277071408","รร.ตชด.บ้านแพรกตะคร้อ","รร.ตชด.บ้านแพรกตะคร้อ","06/08/2563","2020-08-06","parsed","","","0","0","0","","0","0","0","0","0","0","0","0","0","0","0","0","0","0","0","0","0","0","0","0","0","0","0","0","0","0","0","0","0","0","0","0","0","0","0","0","0","0","0","0","0","0","0","0","0","0","0","0","0","0","0","0","0","0","0","0","0","0","0","0","0","0","0","0","0","0","0","0","0","0","0","0","0","0","0","0","0","A","ผ่าน"
"SCH_G3_0173","2565","2022","9. 2565 REP004-IMPROVEMENT 12 - ตารางสรุปรายงานมาตรฐานแต่ละด้าน พร้อมจำนวนข้อที่ต้องปรับปรุง และจำนวนเด็กที่ผ่านเกณฑ์.xls","129","Sheet1","2565|7277071409","สำนักงานตำรวจแห่งชาติ","กองบัญชาการตำรวจตระเวนชายแดน","กองบังคับการตำรวจตระเวนชายแดนภาค 1","กองกำกับการตำรวจตระเวนชายแดนที่ 14","","","","7277071409","รร.ตชด.บ้านคลองน้อย","รร.ตชด.บ้านคลองน้อย","26/03/2568","2025-03-26","parsed","","","0","0","0","","0","0","0","0","0","0","0","0","0","0","0","0","0","0","0","0","0","0","0","0","0","0","0","0","0","0","0","0","0","0","0","0","0","0","0","0","0","0","0","0","0","0","0","0","0","0","0","0","0","0","0","0","0","0","0","0","0","0","0","0","0","0","0","0","0","0","0","0","0","0","0","0","0","0","0","0","0","A","ผ่าน"
"SCH_G3_0174","2565","2022","9. 2565 REP004-IMPROVEMENT 12 - ตารางสรุปรายงานมาตรฐานแต่ละด้าน พร้อมจำนวนข้อที่ต้องปรับปรุง และจำนวนเด็กที่ผ่านเกณฑ์.xls","130","Sheet1","2565|7277081410","สำนักงานตำรวจแห่งชาติ","กองบัญชาการตำรวจตระเวนชายแดน","กองบังคับการตำรวจตระเวนชายแดนภาค 1","กองกำกับการตำรวจตระเวนชายแดนที่ 14","","","","7277081410","รร.ตชด.บ้านป่าหมาก","รร.ตชด.บ้านป่าหมาก","01/11/2542","1999-11-01","parsed","1.2.3","1.2.3","1","1","0","","0","0","0","0","0","0","1","0","0","0","0","0","0","0","0","0","0","0","0","0","0","0","0","0","0","0","0","0","0","0","0","0","0","0","0","0","0","0","0","0","0","0","0","0","0","0","0","0","0","0","0","0","0","0","0","0","0","0","0","0","0","0","0","0","0","0","0","0","0","0","0","0","0","0","0","0","1","B","ผ่าน"
"SCH_G3_0178","2565","2022","9. 2565 REP004-IMPROVEMENT 12 - ตารางสรุปรายงานมาตรฐานแต่ละด้าน พร้อมจำนวนข้อที่ต้องปรับปรุง และจำนวนเด็กที่ผ่านเกณฑ์.xls","131","Sheet1","2565|7281044206","สำนักงานตำรวจแห่งชาติ","กองบัญชาการตำรวจตระเวนชายแดน","กองบังคับการตำรวจตระเวนชายแดนภาค 4","กองกำกับการตำรวจตระเวนชายแดนที่ 42","","","","7281044206","ศกร.ตชด.บ้านแผ่นดินเสมอ","ศกร.ตชด.บ้านแผ่นดินเสมอ","16/05/2557","2014-05-16","parsed","1.1.1,1.1.2,1.1.3,1.2.1,1.2.2,1.2.3,1.2.4,1.3.1,1.3.2,1.3.3,1.3.4,1.3.5,1.3.6,1.3.7,1.3.8,1.4.1,1.4.2,1.4.3,1.4.4,1.4.5,1.4.6,1.4.7,1.5.1,1.5.2,1.5.3,1.5.4,2.1.1,2.1.2,2.1.3,2.1.4,2.1.5,2.2.1,2.2.2,2.2.3,2.2.4,2.2.5,2.3.1,2.3.2,2.3.3,2.3.4,2.3.5,2.4.1,2.4","1.1.1,1.1.2,1.1.3,1.2.1,1.2.2,1.2.3,1.2.4,1.3.1,1.3.2,1.3.3,1.3.4,1.3.5,1.3.6,1.3.7,1.3.8,1.4.1,1.4.2,1.4.3,1.4.4,1.4.5,1.4.6,1.4.7,1.5.1,1.5.2,1.5.3,1.5.4,2.1.1,2.1.2,2.1.3,2.1.4,2.1.5,2.2.1,2.2.2,2.2.3,2.2.4,2.2.5,2.3.1,2.3.2,2.3.3,2.3.4,2.3.5,2.4.1","43","42","1","2.4","1","1","1","1","1","1","1","1","1","1","1","1","1","1","1","1","1","1","1","1","1","1","1","1","1","1","1","1","1","1","1","1","1","1","1","1","1","1","1","1","1","1","1","0","0","0","0","0","0","0","0","0","0","0","0","0","0","0","0","0","0","0","0","0","0","0","0","0","0","0","0","0","0","0","0","0","42","D","ไม่ผ่าน"
"SCH_G3_0179","2565","2022","9. 2565 REP004-IMPROVEMENT 12 - ตารางสรุปรายงานมาตรฐานแต่ละด้าน พร้อมจำนวนข้อที่ต้องปรับปรุง และจำนวนเด็กที่ผ่านเกณฑ์.xls","132","Sheet1","2565|7282194103","สำนักงานตำรวจแห่งชาติ","กองบัญชาการตำรวจตระเวนชายแดน","กองบังคับการตำรวจตระเวนชายแดนภาค 4","กองกำกับการตำรวจตระเวนชายแดนที่ 41","","","","7282194103","รร.ตชด.บ้านคลองวาย","รร.ตชด.บ้านคลองวาย","09/05/2531","1988-05-09","parsed","","","0","0","0","","0","0","0","0","0","0","0","0","0","0","0","0","0","0","0","0","0","0","0","0","0","0","0","0","0","0","0","0","0","0","0","0","0","0","0","0","0","0","0","0","0","0","0","0","0","0","0","0","0","0","0","0","0","0","0","0","0","0","0","0","0","0","0","0","0","0","0","0","0","0","0","0","0","0","0","0","0","A","ผ่าน"
"SCH_G3_0180","2565","2022","9. 2565 REP004-IMPROVEMENT 12 - ตารางสรุปรายงานมาตรฐานแต่ละด้าน พร้อมจำนวนข้อที่ต้องปรับปรุง และจำนวนเด็กที่ผ่านเกณฑ์.xls","133","Sheet1","2565|7284064111","สำนักงานตำรวจแห่งชาติ","กองบัญชาการตำรวจตระเวนชายแดน","กองบังคับการตำรวจตระเวนชายแดนภาค 4","กองกำกับการตำรวจตระเวนชายแดนที่ 41","","","","7284064111","รร.ตชด.บ้านยางโพรง","รร.ตชด.บ้านยางโพรง","","","missing","","","0","0","0","","0","0","0","0","0","0","0","0","0","0","0","0","0","0","0","0","0","0","0","0","0","0","0","0","0","0","0","0","0","0","0","0","0","0","0","0","0","0","0","0","0","0","0","0","0","0","0","0","0","0","0","0","0","0","0","0","0","0","0","0","0","0","0","0","0","0","0","0","0","0","0","0","0","0","0","0","0","A","ผ่าน"
"SCH_G3_0181","2565","2022","9. 2565 REP004-IMPROVEMENT 12 - ตารางสรุปรายงานมาตรฐานแต่ละด้าน พร้อมจำนวนข้อที่ต้องปรับปรุง และจำนวนเด็กที่ผ่านเกณฑ์.xls","134","Sheet1","2565|7284074110","สำนักงานตำรวจแห่งชาติ","กองบัญชาการตำรวจตระเวนชายแดน","กองบังคับการตำรวจตระเวนชายแดนภาค 4","กองกำกับการตำรวจตระเวนชายแดนที่ 41","","","","7284074110","รร.ตชด.บ้านกอเตย","รร.ตชด.บ้านกอเตย","16/05/2540","1997-05-16","parsed","","","0","0","0","","0","0","0","0","0","0","0","0","0","0","0","0","0","0","0","0","0","0","0","0","0","0","0","0","0","0","0","0","0","0","0","0","0","0","0","0","0","0","0","0","0","0","0","0","0","0","0","0","0","0","0","0","0","0","0","0","0","0","0","0","0","0","0","0","0","0","0","0","0","0","0","0","0","0","0","0","0","A","ผ่าน"
"SCH_G3_0182","2565","2022","9. 2565 REP004-IMPROVEMENT 12 - ตารางสรุปรายงานมาตรฐานแต่ละด้าน พร้อมจำนวนข้อที่ต้องปรับปรุง และจำนวนเด็กที่ผ่านเกณฑ์.xls","135","Sheet1","2565|7284164101","สำนักงานตำรวจแห่งชาติ","กองบัญชาการตำรวจตระเวนชายแดน","กองบังคับการตำรวจตระเวนชายแดนภาค 4","กองกำกับการตำรวจตระเวนชายแดนที่ 41","","","","7284164101","รร.ตชด.เทคนิคมีนบุรีอนุสรณ์ 1","รร.ตชด.เทคนิคมีนบุรีอนุสรณ์ 1","06/07/2530","1987-07-06","parsed","","","0","0","0","","0","0","0","0","0","0","0","0","0","0","0","0","0","0","0","0","0","0","0","0","0","0","0","0","0","0","0","0","0","0","0","0","0","0","0","0","0","0","0","0","0","0","0","0","0","0","0","0","0","0","0","0","0","0","0","0","0","0","0","0","0","0","0","0","0","0","0","0","0","0","0","0","0","0","0","0","0","A","ผ่าน"
"SCH_G3_0183","2565","2022","9. 2565 REP004-IMPROVEMENT 12 - ตารางสรุปรายงานมาตรฐานแต่ละด้าน พร้อมจำนวนข้อที่ต้องปรับปรุง และจำนวนเด็กที่ผ่านเกณฑ์.xls","136","Sheet1","2565|7284164109","สำนักงานตำรวจแห่งชาติ","กองบัญชาการตำรวจตระเวนชายแดน","กองบังคับการตำรวจตระเวนชายแดนภาค 4","กองกำกับการตำรวจตระเวนชายแดนที่ 41","","","","7284164109","รร.ตชด.บ้านควนสามัคคี","รร.ตชด.บ้านควนสามัคคี","01/07/2563","2020-07-01","parsed","3.1.3ข","3.1.3ข","1","1","0","","0","0","0","0","0","0","0","0","0","0","0","0","0","0","0","0","0","0","0","0","0","0","0","0","0","0","0","0","0","0","0","0","0","0","0","0","0","0","0","0","0","0","0","0","0","0","0","0","0","0","0","0","0","0","0","0","1","0","0","0","0","0","0","0","0","0","0","0","0","0","0","0","0","0","0","0","1","B","ผ่าน"
"SCH_G3_0184","2565","2022","9. 2565 REP004-IMPROVEMENT 12 - ตารางสรุปรายงานมาตรฐานแต่ละด้าน พร้อมจำนวนข้อที่ต้องปรับปรุง และจำนวนเด็กที่ผ่านเกณฑ์.xls","137","Sheet1","2565|7286024102","สำนักงานตำรวจแห่งชาติ","กองบัญชาการตำรวจตระเวนชายแดน","กองบังคับการตำรวจตระเวนชายแดนภาค 4","กองกำกับการตำรวจตระเวนชายแดนที่ 41","","","","7286024102","รร.ตชด.สันตินิมิตร","รร.ตชด.สันตินิมิตร","15/07/2546","2003-07-15","parsed","","","0","0","0","","0","0","0","0","0","0","0","0","0","0","0","0","0","0","0","0","0","0","0","0","0","0","0","0","0","0","0","0","0","0","0","0","0","0","0","0","0","0","0","0","0","0","0","0","0","0","0","0","0","0","0","0","0","0","0","0","0","0","0","0","0","0","0","0","0","0","0","0","0","0","0","0","0","0","0","0","0","A","ผ่าน"
"SCH_G3_0185","2565","2022","9. 2565 REP004-IMPROVEMENT 12 - ตารางสรุปรายงานมาตรฐานแต่ละด้าน พร้อมจำนวนข้อที่ต้องปรับปรุง และจำนวนเด็กที่ผ่านเกณฑ์.xls","138","Sheet1","2565|7286024107","สำนักงานตำรวจแห่งชาติ","กองบัญชาการตำรวจตระเวนชายแดน","กองบังคับการตำรวจตระเวนชายแดนภาค 4","กองกำกับการตำรวจตระเวนชายแดนที่ 41","","","","7286024107","รร.ตชด.บ้านพันวาล","รร.ตชด.บ้านพันวาล","17/05/2564","2021-05-17","parsed","","","0","0","0","","0","0","0","0","0","0","0","0","0","0","0","0","0","0","0","0","0","0","0","0","0","0","0","0","0","0","0","0","0","0","0","0","0","0","0","0","0","0","0","0","0","0","0","0","0","0","0","0","0","0","0","0","0","0","0","0","0","0","0","0","0","0","0","0","0","0","0","0","0","0","0","0","0","0","0","0","0","A","ผ่าน"
"SCH_G3_0186","2565","2022","9. 2565 REP004-IMPROVEMENT 12 - ตารางสรุปรายงานมาตรฐานแต่ละด้าน พร้อมจำนวนข้อที่ต้องปรับปรุง และจำนวนเด็กที่ผ่านเกณฑ์.xls","139","Sheet1","2565|7286044106","สำนักงานตำรวจแห่งชาติ","กองบัญชาการตำรวจตระเวนชายแดน","กองบังคับการตำรวจตระเวนชายแดนภาค 4","กองกำกับการตำรวจตระเวนชายแดนที่ 41","","","","7286044106","รร.ตชด.บ้านห้วยเหมือง","รร.ตชด.บ้านห้วยเหมือง","15/07/2531","1988-07-15","parsed","","","0","0","0","","0","0","0","0","0","0","0","0","0","0","0","0","0","0","0","0","0","0","0","0","0","0","0","0","0","0","0","0","0","0","0","0","0","0","0","0","0","0","0","0","0","0","0","0","0","0","0","0","0","0","0","0","0","0","0","0","0","0","0","0","0","0","0","0","0","0","0","0","0","0","0","0","0","0","0","0","0","A","ผ่าน"
"SCH_G3_0187","2565","2022","9. 2565 REP004-IMPROVEMENT 12 - ตารางสรุปรายงานมาตรฐานแต่ละด้าน พร้อมจำนวนข้อที่ต้องปรับปรุง และจำนวนเด็กที่ผ่านเกณฑ์.xls","140","Sheet1","2565|7286054105","สำนักงานตำรวจแห่งชาติ","กองบัญชาการตำรวจตระเวนชายแดน","กองบังคับการตำรวจตระเวนชายแดนภาค 4","กองกำกับการตำรวจตระเวนชายแดนที่ 41","","","","7286054105","รร.ตชด.สิริราษฎร์","รร.ตชด.สิริราษฎร์","01/02/2531","1988-02-01","parsed","","","0","0","0","","0","0","0","0","0","0","0","0","0","0","0","0","0","0","0","0","0","0","0","0","0","0","0","0","0","0","0","0","0","0","0","0","0","0","0","0","0","0","0","0","0","0","0","0","0","0","0","0","0","0","0","0","0","0","0","0","0","0","0","0","0","0","0","0","0","0","0","0","0","0","0","0","0","0","0","0","0","A","ผ่าน"
"SCH_G3_0188","2565","2022","9. 2565 REP004-IMPROVEMENT 12 - ตารางสรุปรายงานมาตรฐานแต่ละด้าน พร้อมจำนวนข้อที่ต้องปรับปรุง และจำนวนเด็กที่ผ่านเกณฑ์.xls","141","Sheet1","2565|7286054108","สำนักงานตำรวจแห่งชาติ","กองบัญชาการตำรวจตระเวนชายแดน","กองบังคับการตำรวจตระเวนชายแดนภาค 4","กองกำกับการตำรวจตระเวนชายแดนที่ 41","","","","7286054108","รร.ตชด.บ้านสวนเพชร","รร.ตชด.บ้านสวนเพชร","13/05/2532","1989-05-13","parsed","","","0","0","0","","0","0","0","0","0","0","0","0","0","0","0","0","0","0","0","0","0","0","0","0","0","0","0","0","0","0","0","0","0","0","0","0","0","0","0","0","0","0","0","0","0","0","0","0","0","0","0","0","0","0","0","0","0","0","0","0","0","0","0","0","0","0","0","0","0","0","0","0","0","0","0","0","0","0","0","0","0","A","ผ่าน"
"SCH_G3_0189","2565","2022","9. 2565 REP004-IMPROVEMENT 12 - ตารางสรุปรายงานมาตรฐานแต่ละด้าน พร้อมจำนวนข้อที่ต้องปรับปรุง และจำนวนเด็กที่ผ่านเกณฑ์.xls","142","Sheet1","2565|7286064112","สำนักงานตำรวจแห่งชาติ","กองบัญชาการตำรวจตระเวนชายแดน","กองบังคับการตำรวจตระเวนชายแดนภาค 4","กองกำกับการตำรวจตระเวนชายแดนที่ 41","","","","7286064112","รร.ตชด.บ้านตะแบกงาม (ตันตระเธียรอุปถัมป์)","รร.ตชด.บ้านตะแบกงาม (ตันตระเธียรอุปถัมป์)","14/03/2565","2022-03-14","parsed","","","0","0","0","","0","0","0","0","0","0","0","0","0","0","0","0","0","0","0","0","0","0","0","0","0","0","0","0","0","0","0","0","0","0","0","0","0","0","0","0","0","0","0","0","0","0","0","0","0","0","0","0","0","0","0","0","0","0","0","0","0","0","0","0","0","0","0","0","0","0","0","0","0","0","0","0","0","0","0","0","0","A","ผ่าน"
"SCH_G3_0190","2565","2022","9. 2565 REP004-IMPROVEMENT 12 - ตารางสรุปรายงานมาตรฐานแต่ละด้าน พร้อมจำนวนข้อที่ต้องปรับปรุง และจำนวนเด็กที่ผ่านเกณฑ์.xls","143","Sheet1","2565|7290044303","สำนักงานตำรวจแห่งชาติ","กองบัญชาการตำรวจตระเวนชายแดน","กองบังคับการตำรวจตระเวนชายแดนภาค 4","กองกำกับการตำรวจตระเวนชายแดนที่ 43","","","","7290044303","รร.ตชด.เชิญ  พิศลยบุตร","รร.ตชด.เชิญ  พิศลยบุตร","20/02/2568","2025-02-20","parsed","","","0","0","0","","0","0","0","0","0","0","0","0","0","0","0","0","0","0","0","0","0","0","0","0","0","0","0","0","0","0","0","0","0","0","0","0","0","0","0","0","0","0","0","0","0","0","0","0","0","0","0","0","0","0","0","0","0","0","0","0","0","0","0","0","0","0","0","0","0","0","0","0","0","0","0","0","0","0","0","0","0","A","ผ่าน"
"SCH_G3_0191","2565","2022","9. 2565 REP004-IMPROVEMENT 12 - ตารางสรุปรายงานมาตรฐานแต่ละด้าน พร้อมจำนวนข้อที่ต้องปรับปรุง และจำนวนเด็กที่ผ่านเกณฑ์.xls","144","Sheet1","2565|7290044310","สำนักงานตำรวจแห่งชาติ","กองบัญชาการตำรวจตระเวนชายแดน","กองบังคับการตำรวจตระเวนชายแดนภาค 4","กองกำกับการตำรวจตระเวนชายแดนที่ 43","","","","7290044310","รร.ตชด.บ้านประกอบออก","รร.ตชด.บ้านประกอบออก","29/06/2529","1986-06-29","parsed","","","0","0","0","","0","0","0","0","0","0","0","0","0","0","0","0","0","0","0","0","0","0","0","0","0","0","0","0","0","0","0","0","0","0","0","0","0","0","0","0","0","0","0","0","0","0","0","0","0","0","0","0","0","0","0","0","0","0","0","0","0","0","0","0","0","0","0","0","0","0","0","0","0","0","0","0","0","0","0","0","0","A","ผ่าน"
"SCH_G3_0192","2565","2022","9. 2565 REP004-IMPROVEMENT 12 - ตารางสรุปรายงานมาตรฐานแต่ละด้าน พร้อมจำนวนข้อที่ต้องปรับปรุง และจำนวนเด็กที่ผ่านเกณฑ์.xls","145","Sheet1","2565|7290064302","สำนักงานตำรวจแห่งชาติ","กองบัญชาการตำรวจตระเวนชายแดน","กองบังคับการตำรวจตระเวนชายแดนภาค 4","กองกำกับการตำรวจตระเวนชายแดนที่ 43","","","","7290064302","รร.ตชด.มหาราช 1","รร.ตชด.มหาราช 1","16/05/2566","2023-05-16","parsed","","","0","0","0","","0","0","0","0","0","0","0","0","0","0","0","0","0","0","0","0","0","0","0","0","0","0","0","0","0","0","0","0","0","0","0","0","0","0","0","0","0","0","0","0","0","0","0","0","0","0","0","0","0","0","0","0","0","0","0","0","0","0","0","0","0","0","0","0","0","0","0","0","0","0","0","0","0","0","0","0","0","A","ผ่าน"
"SCH_G3_0193","2565","2022","9. 2565 REP004-IMPROVEMENT 12 - ตารางสรุปรายงานมาตรฐานแต่ละด้าน พร้อมจำนวนข้อที่ต้องปรับปรุง และจำนวนเด็กที่ผ่านเกณฑ์.xls","146","Sheet1","2565|7290064304","สำนักงานตำรวจแห่งชาติ","กองบัญชาการตำรวจตระเวนชายแดน","กองบังคับการตำรวจตระเวนชายแดนภาค 4","กองกำกับการตำรวจตระเวนชายแดนที่ 43","","","","7290064304","รร.ตชด.บ้านสำนักเอาะ","รร.ตชด.บ้านสำนักเอาะ","18/06/2518","1975-06-18","parsed","","","0","0","0","","0","0","0","0","0","0","0","0","0","0","0","0","0","0","0","0","0","0","0","0","0","0","0","0","0","0","0","0","0","0","0","0","0","0","0","0","0","0","0","0","0","0","0","0","0","0","0","0","0","0","0","0","0","0","0","0","0","0","0","0","0","0","0","0","0","0","0","0","0","0","0","0","0","0","0","0","0","A","ผ่าน"
"SCH_G3_0194","2565","2022","9. 2565 REP004-IMPROVEMENT 12 - ตารางสรุปรายงานมาตรฐานแต่ละด้าน พร้อมจำนวนข้อที่ต้องปรับปรุง และจำนวนเด็กที่ผ่านเกณฑ์.xls","147","Sheet1","2565|7290064308","สำนักงานตำรวจแห่งชาติ","กองบัญชาการตำรวจตระเวนชายแดน","กองบังคับการตำรวจตระเวนชายแดนภาค 4","กองกำกับการตำรวจตระเวนชายแดนที่ 43","","","","7290064308","รร.ตชด.บ้านหาดทราย","รร.ตชด.บ้านหาดทราย","26/05/2526","1983-05-26","parsed","3.1.1ข,3.1.2ข,3.1.3ข,3.4.1ข,3.4.2ข,3.6.1ข","3.1.1ข,3.1.2ข,3.1.3ข,3.4.1ข,3.4.2ข,3.6.1ข","6","6","0","","0","0","0","0","0","0","0","0","0","0","0","0","0","0","0","0","0","0","0","0","0","0","0","0","0","0","0","0","0","0","0","0","0","0","0","0","0","0","0","0","0","0","0","0","0","0","0","0","0","0","0","0","0","0","1","1","1","0","0","0","1","1","0","0","0","0","0","0","1","0","0","0","0","0","0","0","6","B","ผ่าน"
"SCH_G3_0195","2565","2022","9. 2565 REP004-IMPROVEMENT 12 - ตารางสรุปรายงานมาตรฐานแต่ละด้าน พร้อมจำนวนข้อที่ต้องปรับปรุง และจำนวนเด็กที่ผ่านเกณฑ์.xls","148","Sheet1","2565|7290104301","สำนักงานตำรวจแห่งชาติ","กองบัญชาการตำรวจตระเวนชายแดน","กองบังคับการตำรวจตระเวนชายแดนภาค 4","กองกำกับการตำรวจตระเวนชายแดนที่ 43","","","","7290104301","รร.ตชด.สื่อมวลชนกีฬา","รร.ตชด.สื่อมวลชนกีฬา","12/10/2502","1959-10-12","parsed","","","0","0","0","","0","0","0","0","0","0","0","0","0","0","0","0","0","0","0","0","0","0","0","0","0","0","0","0","0","0","0","0","0","0","0","0","0","0","0","0","0","0","0","0","0","0","0","0","0","0","0","0","0","0","0","0","0","0","0","0","0","0","0","0","0","0","0","0","0","0","0","0","0","0","0","0","0","0","0","0","0","A","ผ่าน"
"SCH_G3_0196","2565","2022","9. 2565 REP004-IMPROVEMENT 12 - ตารางสรุปรายงานมาตรฐานแต่ละด้าน พร้อมจำนวนข้อที่ต้องปรับปรุง และจำนวนเด็กที่ผ่านเกณฑ์.xls","149","Sheet1","2565|7290104305","สำนักงานตำรวจแห่งชาติ","กองบัญชาการตำรวจตระเวนชายแดน","กองบังคับการตำรวจตระเวนชายแดนภาค 4","กองกำกับการตำรวจตระเวนชายแดนที่ 43","","","","7290104305","รร.ตชด.บ้านชายควน","รร.ตชด.บ้านชายควน","","","missing","","","0","0","0","","0","0","0","0","0","0","0","0","0","0","0","0","0","0","0","0","0","0","0","0","0","0","0","0","0","0","0","0","0","0","0","0","0","0","0","0","0","0","0","0","0","0","0","0","0","0","0","0","0","0","0","0","0","0","0","0","0","0","0","0","0","0","0","0","0","0","0","0","0","0","0","0","0","0","0","0","0","A","ผ่าน"
"SCH_G3_0197","2565","2022","9. 2565 REP004-IMPROVEMENT 12 - ตารางสรุปรายงานมาตรฐานแต่ละด้าน พร้อมจำนวนข้อที่ต้องปรับปรุง และจำนวนเด็กที่ผ่านเกณฑ์.xls","150","Sheet1","2565|7290104307","สำนักงานตำรวจแห่งชาติ","กองบัญชาการตำรวจตระเวนชายแดน","กองบังคับการตำรวจตระเวนชายแดนภาค 4","กองกำกับการตำรวจตระเวนชายแดนที่ 43","","","","7290104307","โรงเรียน ตชด.พลตำรวจเอกสมศักดิ์ แขวงโสภา(บ้านทุ่งสบายใจ)","โรงเรียน ตชด.พลตำรวจเอกสมศักดิ์ แขวงโสภา(บ้านทุ่งสบายใจ)","25/03/2568","2025-03-25","parsed","","","0","0","0","","0","0","0","0","0","0","0","0","0","0","0","0","0","0","0","0","0","0","0","0","0","0","0","0","0","0","0","0","0","0","0","0","0","0","0","0","0","0","0","0","0","0","0","0","0","0","0","0","0","0","0","0","0","0","0","0","0","0","0","0","0","0","0","0","0","0","0","0","0","0","0","0","0","0","0","0","0","A","ผ่าน"
"SCH_G3_0198","2565","2022","9. 2565 REP004-IMPROVEMENT 12 - ตารางสรุปรายงานมาตรฐานแต่ละด้าน พร้อมจำนวนข้อที่ต้องปรับปรุง และจำนวนเด็กที่ผ่านเกณฑ์.xls","151","Sheet1","2565|7290104315","สำนักงานตำรวจแห่งชาติ","กองบัญชาการตำรวจตระเวนชายแดน","กองบังคับการตำรวจตระเวนชายแดนภาค 4","กองกำกับการตำรวจตระเวนชายแดนที่ 43","","","","7290104315","รร.ตชด.บ้านบาโรย","รร.ตชด.บ้านบาโรย","09/11/2541","1998-11-09","parsed","","","0","0","0","","0","0","0","0","0","0","0","0","0","0","0","0","0","0","0","0","0","0","0","0","0","0","0","0","0","0","0","0","0","0","0","0","0","0","0","0","0","0","0","0","0","0","0","0","0","0","0","0","0","0","0","0","0","0","0","0","0","0","0","0","0","0","0","0","0","0","0","0","0","0","0","0","0","0","0","0","0","A","ผ่าน"
"SCH_G3_0199","2565","2022","9. 2565 REP004-IMPROVEMENT 12 - ตารางสรุปรายงานมาตรฐานแต่ละด้าน พร้อมจำนวนข้อที่ต้องปรับปรุง และจำนวนเด็กที่ผ่านเกณฑ์.xls","152","Sheet1","2565|7290104316","สำนักงานตำรวจแห่งชาติ","กองบัญชาการตำรวจตระเวนชายแดน","กองบังคับการตำรวจตระเวนชายแดนภาค 4","กองกำกับการตำรวจตระเวนชายแดนที่ 43","","","","7290104316","รร.ตชด.พลเอกนวล-คุณหญิงบานชื่น จันทร์ตรี","รร.ตชด.พลเอกนวล-คุณหญิงบานชื่น จันทร์ตรี","17/05/2553","2010-05-17","parsed","","","0","0","0","","0","0","0","0","0","0","0","0","0","0","0","0","0","0","0","0","0","0","0","0","0","0","0","0","0","0","0","0","0","0","0","0","0","0","0","0","0","0","0","0","0","0","0","0","0","0","0","0","0","0","0","0","0","0","0","0","0","0","0","0","0","0","0","0","0","0","0","0","0","0","0","0","0","0","0","0","0","A","ผ่าน"
"SCH_G3_0200","2565","2022","9. 2565 REP004-IMPROVEMENT 12 - ตารางสรุปรายงานมาตรฐานแต่ละด้าน พร้อมจำนวนข้อที่ต้องปรับปรุง และจำนวนเด็กที่ผ่านเกณฑ์.xls","153","Sheet1","2565|7291034311","สำนักงานตำรวจแห่งชาติ","กองบัญชาการตำรวจตระเวนชายแดน","กองบังคับการตำรวจตระเวนชายแดนภาค 4","กองกำกับการตำรวจตระเวนชายแดนที่ 43","","","","7291034311","รร.ตชด.ยูงทองรัฐประชาสรรค์","รร.ตชด.ยูงทองรัฐประชาสรรค์","16/05/2568","2025-05-16","parsed","","","0","0","0","","0","0","0","0","0","0","0","0","0","0","0","0","0","0","0","0","0","0","0","0","0","0","0","0","0","0","0","0","0","0","0","0","0","0","0","0","0","0","0","0","0","0","0","0","0","0","0","0","0","0","0","0","0","0","0","0","0","0","0","0","0","0","0","0","0","0","0","0","0","0","0","0","0","0","0","0","0","A","ผ่าน"
"SCH_G3_0201","2565","2022","9. 2565 REP004-IMPROVEMENT 12 - ตารางสรุปรายงานมาตรฐานแต่ละด้าน พร้อมจำนวนข้อที่ต้องปรับปรุง และจำนวนเด็กที่ผ่านเกณฑ์.xls","154","Sheet1","2565|7291034314","สำนักงานตำรวจแห่งชาติ","กองบัญชาการตำรวจตระเวนชายแดน","กองบังคับการตำรวจตระเวนชายแดนภาค 4","กองกำกับการตำรวจตระเวนชายแดนที่ 43","","","","7291034314","รร.ตชด.บ้านส้านแดง","รร.ตชด.บ้านส้านแดง","","","missing","","","0","0","0","","0","0","0","0","0","0","0","0","0","0","0","0","0","0","0","0","0","0","0","0","0","0","0","0","0","0","0","0","0","0","0","0","0","0","0","0","0","0","0","0","0","0","0","0","0","0","0","0","0","0","0","0","0","0","0","0","0","0","0","0","0","0","0","0","0","0","0","0","0","0","0","0","0","0","0","0","0","A","ผ่าน"
"SCH_G3_0202","2565","2022","9. 2565 REP004-IMPROVEMENT 12 - ตารางสรุปรายงานมาตรฐานแต่ละด้าน พร้อมจำนวนข้อที่ต้องปรับปรุง และจำนวนเด็กที่ผ่านเกณฑ์.xls","155","Sheet1","2565|7292044309","สำนักงานตำรวจแห่งชาติ","กองบัญชาการตำรวจตระเวนชายแดน","กองบังคับการตำรวจตระเวนชายแดนภาค 4","กองกำกับการตำรวจตระเวนชายแดนที่ 43","","","","7292044309","รร.ตชด.สันติราษฎร์ประชาบำรุง","รร.ตชด.สันติราษฎร์ประชาบำรุง","14/06/2528","1985-06-14","parsed","","","0","0","0","","0","0","0","0","0","0","0","0","0","0","0","0","0","0","0","0","0","0","0","0","0","0","0","0","0","0","0","0","0","0","0","0","0","0","0","0","0","0","0","0","0","0","0","0","0","0","0","0","0","0","0","0","0","0","0","0","0","0","0","0","0","0","0","0","0","0","0","0","0","0","0","0","0","0","0","0","0","A","ผ่าน"
"SCH_G3_0203","2565","2022","9. 2565 REP004-IMPROVEMENT 12 - ตารางสรุปรายงานมาตรฐานแต่ละด้าน พร้อมจำนวนข้อที่ต้องปรับปรุง และจำนวนเด็กที่ผ่านเกณฑ์.xls","156","Sheet1","2565|7292044312","สำนักงานตำรวจแห่งชาติ","กองบัญชาการตำรวจตระเวนชายแดน","กองบังคับการตำรวจตระเวนชายแดนภาค 4","กองกำกับการตำรวจตระเวนชายแดนที่ 43","","","","7292044312","รร.ตชด.บ้านหินจอก","รร.ตชด.บ้านหินจอก","05/05/2531","1988-05-05","parsed","1.2.3","1.2.3","1","1","0","","0","0","0","0","0","0","1","0","0","0","0","0","0","0","0","0","0","0","0","0","0","0","0","0","0","0","0","0","0","0","0","0","0","0","0","0","0","0","0","0","0","0","0","0","0","0","0","0","0","0","0","0","0","0","0","0","0","0","0","0","0","0","0","0","0","0","0","0","0","0","0","0","0","0","0","0","1","B","ผ่าน"
"SCH_G3_0204","2565","2022","9. 2565 REP004-IMPROVEMENT 12 - ตารางสรุปรายงานมาตรฐานแต่ละด้าน พร้อมจำนวนข้อที่ต้องปรับปรุง และจำนวนเด็กที่ผ่านเกณฑ์.xls","157","Sheet1","2565|7293104313","สำนักงานตำรวจแห่งชาติ","กองบัญชาการตำรวจตระเวนชายแดน","กองบังคับการตำรวจตระเวนชายแดนภาค 4","กองกำกับการตำรวจตระเวนชายแดนที่ 43","","","","7293104313","รร.ตชด.บ้านควนตะแบก","รร.ตชด.บ้านควนตะแบก","14/02/2533","1990-02-14","parsed","1.3.8","1.3.8","1","1","0","","0","0","0","0","0","0","0","0","0","0","0","0","0","0","0","1","0","0","0","0","0","0","0","0","0","0","0","0","0","0","0","0","0","0","0","0","0","0","0","0","0","0","0","0","0","0","0","0","0","0","0","0","0","0","0","0","0","0","0","0","0","0","0","0","0","0","0","0","0","0","0","0","0","0","0","0","1","B","ผ่าน"
"SCH_G3_0001","2566","2023","10. 2566 REP004-IMPROVEMENT 12 - ตารางสรุปรายงานมาตรฐานแต่ละด้าน พร้อมจำนวนข้อที่ต้องปรับปรุง และจำนวนเด็กที่ผ่านเกณฑ์.xls","3","Sheet1","2566|7222021101","สำนักงานตำรวจแห่งชาติ","กองบัญชาการตำรวจตระเวนชายแดน","กองบังคับการตำรวจตระเวนชายแดนภาค 1","กองกำกับการตำรวจตระเวนชายแดนที่ 11","","","","7222021101","รร.ตชด.บ้านน้ำแดง","รร.ตชด.บ้านน้ำแดง","27/02/2528","1985-02-27","parsed","","","0","0","0","","0","0","0","0","0","0","0","0","0","0","0","0","0","0","0","0","0","0","0","0","0","0","0","0","0","0","0","0","0","0","0","0","0","0","0","0","0","0","0","0","0","0","0","0","0","0","0","0","0","0","0","0","0","0","0","0","0","0","0","0","0","0","0","0","0","0","0","0","0","0","0","0","0","0","0","0","0","A","ผ่าน"
"SCH_G3_0002","2566","2023","10. 2566 REP004-IMPROVEMENT 12 - ตารางสรุปรายงานมาตรฐานแต่ละด้าน พร้อมจำนวนข้อที่ต้องปรับปรุง และจำนวนเด็กที่ผ่านเกณฑ์.xls","4","Sheet1","2566|7222051102","สำนักงานตำรวจแห่งชาติ","กองบัญชาการตำรวจตระเวนชายแดน","กองบังคับการตำรวจตระเวนชายแดนภาค 1","กองกำกับการตำรวจตระเวนชายแดนที่ 11","","","","7222051102","รร.ตชด.บ้านคลองมะลิประเวศน์วิทยา","รร.ตชด.บ้านคลองมะลิประเวศน์วิทยา","30/07/2529","1986-07-30","parsed","1.2.3","1.2.3","1","1","0","","0","0","0","0","0","0","1","0","0","0","0","0","0","0","0","0","0","0","0","0","0","0","0","0","0","0","0","0","0","0","0","0","0","0","0","0","0","0","0","0","0","0","0","0","0","0","0","0","0","0","0","0","0","0","0","0","0","0","0","0","0","0","0","0","0","0","0","0","0","0","0","0","0","0","0","0","1","B","ผ่าน"
"SCH_G3_0003","2566","2023","10. 2566 REP004-IMPROVEMENT 12 - ตารางสรุปรายงานมาตรฐานแต่ละด้าน พร้อมจำนวนข้อที่ต้องปรับปรุง และจำนวนเด็กที่ผ่านเกณฑ์.xls","5","Sheet1","2566|7222071103","สำนักงานตำรวจแห่งชาติ","กองบัญชาการตำรวจตระเวนชายแดน","กองบังคับการตำรวจตระเวนชายแดนภาค 1","กองกำกับการตำรวจตระเวนชายแดนที่ 11","","","","7222071103","รร.ตชด.สิงคโปร์แอร์ไลน์สฯ","รร.ตชด.สิงคโปร์แอร์ไลน์สฯ","03/03/2530","1987-03-03","parsed","","","0","0","0","","0","0","0","0","0","0","0","0","0","0","0","0","0","0","0","0","0","0","0","0","0","0","0","0","0","0","0","0","0","0","0","0","0","0","0","0","0","0","0","0","0","0","0","0","0","0","0","0","0","0","0","0","0","0","0","0","0","0","0","0","0","0","0","0","0","0","0","0","0","0","0","0","0","0","0","0","0","A","ผ่าน"
"SCH_G3_0004","2566","2023","10. 2566 REP004-IMPROVEMENT 12 - ตารางสรุปรายงานมาตรฐานแต่ละด้าน พร้อมจำนวนข้อที่ต้องปรับปรุง และจำนวนเด็กที่ผ่านเกณฑ์.xls","6","Sheet1","2566|7222081104","สำนักงานตำรวจแห่งชาติ","กองบัญชาการตำรวจตระเวนชายแดน","กองบังคับการตำรวจตระเวนชายแดนภาค 1","กองกำกับการตำรวจตระเวนชายแดนที่ 11","","","","7222081104","รร.ตชด.บ้านบ่อชะอม","รร.ตชด.บ้านบ่อชะอม","16/05/2568","2025-05-16","parsed","3.1.1ข,3.5.2ข,3.6.1ข,3.6.4ข","3.1.1ข,3.5.2ข,3.6.1ข,3.6.4ข","4","4","0","","0","0","0","0","0","0","0","0","0","0","0","0","0","0","0","0","0","0","0","0","0","0","0","0","0","0","0","0","0","0","0","0","0","0","0","0","0","0","0","0","0","0","0","0","0","0","0","0","0","0","0","0","0","0","1","0","0","0","0","0","0","0","0","0","1","0","0","0","1","0","0","1","0","0","0","0","4","B","ผ่าน"
"SCH_G3_0005","2566","2023","10. 2566 REP004-IMPROVEMENT 12 - ตารางสรุปรายงานมาตรฐานแต่ละด้าน พร้อมจำนวนข้อที่ต้องปรับปรุง และจำนวนเด็กที่ผ่านเกณฑ์.xls","7","Sheet1","2566|7222081105","สำนักงานตำรวจแห่งชาติ","กองบัญชาการตำรวจตระเวนชายแดน","กองบังคับการตำรวจตระเวนชายแดนภาค 1","กองกำกับการตำรวจตระเวนชายแดนที่ 11","","","","7222081105","รร.ตชด.บ้านหางแมว","รร.ตชด.บ้านหางแมว","15/03/2534","1991-03-15","parsed","1.2.3","1.2.3","1","1","0","","0","0","0","0","0","0","1","0","0","0","0","0","0","0","0","0","0","0","0","0","0","0","0","0","0","0","0","0","0","0","0","0","0","0","0","0","0","0","0","0","0","0","0","0","0","0","0","0","0","0","0","0","0","0","0","0","0","0","0","0","0","0","0","0","0","0","0","0","0","0","0","0","0","0","0","0","1","B","ผ่าน"
"SCH_G3_0006","2566","2023","10. 2566 REP004-IMPROVEMENT 12 - ตารางสรุปรายงานมาตรฐานแต่ละด้าน พร้อมจำนวนข้อที่ต้องปรับปรุง และจำนวนเด็กที่ผ่านเกณฑ์.xls","8","Sheet1","2566|7222081108","สำนักงานตำรวจแห่งชาติ","กองบัญชาการตำรวจตระเวนชายแดน","กองบังคับการตำรวจตระเวนชายแดนภาค 1","กองกำกับการตำรวจตระเวนชายแดนที่ 11","","","","7222081108","รร.ตชด.บ้านคลองแดง","รร.ตชด.บ้านคลองแดง","16/05/2545","2002-05-16","parsed","","","0","0","0","","0","0","0","0","0","0","0","0","0","0","0","0","0","0","0","0","0","0","0","0","0","0","0","0","0","0","0","0","0","0","0","0","0","0","0","0","0","0","0","0","0","0","0","0","0","0","0","0","0","0","0","0","0","0","0","0","0","0","0","0","0","0","0","0","0","0","0","0","0","0","0","0","0","0","0","0","0","A","ผ่าน"
"SCH_G3_0007","2566","2023","10. 2566 REP004-IMPROVEMENT 12 - ตารางสรุปรายงานมาตรฐานแต่ละด้าน พร้อมจำนวนข้อที่ต้องปรับปรุง และจำนวนเด็กที่ผ่านเกณฑ์.xls","9","Sheet1","2566|7223011106","สำนักงานตำรวจแห่งชาติ","กองบัญชาการตำรวจตระเวนชายแดน","กองบังคับการตำรวจตระเวนชายแดนภาค 1","กองกำกับการตำรวจตระเวนชายแดนที่ 11","","","","7223011106","รร.ตชด.บ้านท่ากุ่ม","รร.ตชด.บ้านท่ากุ่ม","01/11/2536","1993-11-01","parsed","","","0","0","0","","0","0","0","0","0","0","0","0","0","0","0","0","0","0","0","0","0","0","0","0","0","0","0","0","0","0","0","0","0","0","0","0","0","0","0","0","0","0","0","0","0","0","0","0","0","0","0","0","0","0","0","0","0","0","0","0","0","0","0","0","0","0","0","0","0","0","0","0","0","0","0","0","0","0","0","0","0","A","ผ่าน"
"SCH_G3_0008","2566","2023","10. 2566 REP004-IMPROVEMENT 12 - ตารางสรุปรายงานมาตรฐานแต่ละด้าน พร้อมจำนวนข้อที่ต้องปรับปรุง และจำนวนเด็กที่ผ่านเกณฑ์.xls","10","Sheet1","2566|7223031107","สำนักงานตำรวจแห่งชาติ","กองบัญชาการตำรวจตระเวนชายแดน","กองบังคับการตำรวจตระเวนชายแดนภาค 1","กองกำกับการตำรวจตระเวนชายแดนที่ 11","","","","7223031107","รร.ตชด.บ้านเขาฉลาด","รร.ตชด.บ้านเขาฉลาด","16/05/2542","1999-05-16","parsed","1.2.1,1.3.8,1.5.1,2.1.5,2.2.4,2.2.5,2.3.1,2.3.2,2.3.3,2.3.4,2.3.5,2.4.1,2.5.1,2.5.2,3.1.3ข","1.2.1,1.3.8,1.5.1,2.1.5,2.2.4,2.2.5,2.3.1,2.3.2,2.3.3,2.3.4,2.3.5,2.4.1,2.5.1,2.5.2,3.1.3ข","15","15","0","","0","0","0","0","1","0","0","0","0","0","0","0","0","0","0","1","0","0","0","0","0","0","0","1","0","0","0","0","0","0","0","1","0","0","0","1","1","1","1","1","1","1","1","0","0","1","1","0","0","0","0","0","0","0","0","0","1","0","0","0","0","0","0","0","0","0","0","0","0","0","0","0","0","0","0","0","15","C","ผ่าน"
"SCH_G3_0009","2566","2023","10. 2566 REP004-IMPROVEMENT 12 - ตารางสรุปรายงานมาตรฐานแต่ละด้าน พร้อมจำนวนข้อที่ต้องปรับปรุง และจำนวนเด็กที่ผ่านเกณฑ์.xls","11","Sheet1","2566|7224081210","สำนักงานตำรวจแห่งชาติ","กองบัญชาการตำรวจตระเวนชายแดน","กองบังคับการตำรวจตระเวนชายแดนภาค 1","กองกำกับการตำรวจตระเวนชายแดนที่ 12","","","","7224081210","รร.ตชด.บ้านนายาว","รร.ตชด.บ้านนายาว","12/07/2564","2021-07-12","parsed","3.4.1ข","3.4.1ข","1","1","0","","0","0","0","0","0","0","0","0","0","0","0","0","0","0","0","0","0","0","0","0","0","0","0","0","0","0","0","0","0","0","0","0","0","0","0","0","0","0","0","0","0","0","0","0","0","0","0","0","0","0","0","0","0","0","0","0","0","0","0","0","1","0","0","0","0","0","0","0","0","0","0","0","0","0","0","0","1","B","ผ่าน"
"SCH_G3_0010","2566","2023","10. 2566 REP004-IMPROVEMENT 12 - ตารางสรุปรายงานมาตรฐานแต่ละด้าน พร้อมจำนวนข้อที่ต้องปรับปรุง และจำนวนเด็กที่ผ่านเกณฑ์.xls","12","Sheet1","2566|7224081211","สำนักงานตำรวจแห่งชาติ","กองบัญชาการตำรวจตระเวนชายแดน","กองบังคับการตำรวจตระเวนชายแดนภาค 1","กองกำกับการตำรวจตระเวนชายแดนที่ 12","","","","7224081211","รร.ตชด.บ้านนาอิสาน","รร.ตชด.บ้านนาอิสาน","16/05/2560","2017-05-16","parsed","1.2.3","1.2.3","1","1","0","","0","0","0","0","0","0","1","0","0","0","0","0","0","0","0","0","0","0","0","0","0","0","0","0","0","0","0","0","0","0","0","0","0","0","0","0","0","0","0","0","0","0","0","0","0","0","0","0","0","0","0","0","0","0","0","0","0","0","0","0","0","0","0","0","0","0","0","0","0","0","0","0","0","0","0","0","1","B","ผ่าน"
"SCH_G3_0011","2566","2023","10. 2566 REP004-IMPROVEMENT 12 - ตารางสรุปรายงานมาตรฐานแต่ละด้าน พร้อมจำนวนข้อที่ต้องปรับปรุง และจำนวนเด็กที่ผ่านเกณฑ์.xls","13","Sheet1","2566|7227021205","สำนักงานตำรวจแห่งชาติ","กองบัญชาการตำรวจตระเวนชายแดน","กองบังคับการตำรวจตระเวนชายแดนภาค 1","กองกำกับการตำรวจตระเวนชายแดนที่ 12","","","","7227021205","รร.ตชด.การบินไทย","รร.ตชด.การบินไทย","16/05/2560","2017-05-16","parsed","","","0","0","0","","0","0","0","0","0","0","0","0","0","0","0","0","0","0","0","0","0","0","0","0","0","0","0","0","0","0","0","0","0","0","0","0","0","0","0","0","0","0","0","0","0","0","0","0","0","0","0","0","0","0","0","0","0","0","0","0","0","0","0","0","0","0","0","0","0","0","0","0","0","0","0","0","0","0","0","0","0","A","ผ่าน"
"SCH_G3_0012","2566","2023","10. 2566 REP004-IMPROVEMENT 12 - ตารางสรุปรายงานมาตรฐานแต่ละด้าน พร้อมจำนวนข้อที่ต้องปรับปรุง และจำนวนเด็กที่ผ่านเกณฑ์.xls","14","Sheet1","2566|7227041208","สำนักงานตำรวจแห่งชาติ","กองบัญชาการตำรวจตระเวนชายแดน","กองบังคับการตำรวจตระเวนชายแดนภาค 1","กองกำกับการตำรวจตระเวนชายแดนที่ 12","","","","7227041208","รร.ตชด.บ้านคลองตะเคียนชัย","รร.ตชด.บ้านคลองตะเคียนชัย","","","missing","","","0","0","0","","0","0","0","0","0","0","0","0","0","0","0","0","0","0","0","0","0","0","0","0","0","0","0","0","0","0","0","0","0","0","0","0","0","0","0","0","0","0","0","0","0","0","0","0","0","0","0","0","0","0","0","0","0","0","0","0","0","0","0","0","0","0","0","0","0","0","0","0","0","0","0","0","0","0","0","0","0","A","ผ่าน"
"SCH_G3_0013","2566","2023","10. 2566 REP004-IMPROVEMENT 12 - ตารางสรุปรายงานมาตรฐานแต่ละด้าน พร้อมจำนวนข้อที่ต้องปรับปรุง และจำนวนเด็กที่ผ่านเกณฑ์.xls","15","Sheet1","2566|7227061201","สำนักงานตำรวจแห่งชาติ","กองบัญชาการตำรวจตระเวนชายแดน","กองบังคับการตำรวจตระเวนชายแดนภาค 1","กองกำกับการตำรวจตระเวนชายแดนที่ 12","","","","7227061201","รร.ตชด.บ้านเขาสารภี","รร.ตชด.บ้านเขาสารภี","27/10/2513","1970-10-27","parsed","","","0","0","0","","0","0","0","0","0","0","0","0","0","0","0","0","0","0","0","0","0","0","0","0","0","0","0","0","0","0","0","0","0","0","0","0","0","0","0","0","0","0","0","0","0","0","0","0","0","0","0","0","0","0","0","0","0","0","0","0","0","0","0","0","0","0","0","0","0","0","0","0","0","0","0","0","0","0","0","0","0","A","ผ่าน"
"SCH_G3_0014","2566","2023","10. 2566 REP004-IMPROVEMENT 12 - ตารางสรุปรายงานมาตรฐานแต่ละด้าน พร้อมจำนวนข้อที่ต้องปรับปรุง และจำนวนเด็กที่ผ่านเกณฑ์.xls","16","Sheet1","2566|7227061206","สำนักงานตำรวจแห่งชาติ","กองบัญชาการตำรวจตระเวนชายแดน","กองบังคับการตำรวจตระเวนชายแดนภาค 1","กองกำกับการตำรวจตระเวนชายแดนที่ 12","","","","7227061206","รร.ตชด.ประชารัฐบำรุง 1","รร.ตชด.ประชารัฐบำรุง 1","03/06/2568","2025-06-03","parsed","","","0","0","0","","0","0","0","0","0","0","0","0","0","0","0","0","0","0","0","0","0","0","0","0","0","0","0","0","0","0","0","0","0","0","0","0","0","0","0","0","0","0","0","0","0","0","0","0","0","0","0","0","0","0","0","0","0","0","0","0","0","0","0","0","0","0","0","0","0","0","0","0","0","0","0","0","0","0","0","0","0","A","ผ่าน"
"SCH_G3_0015","2566","2023","10. 2566 REP004-IMPROVEMENT 12 - ตารางสรุปรายงานมาตรฐานแต่ละด้าน พร้อมจำนวนข้อที่ต้องปรับปรุง และจำนวนเด็กที่ผ่านเกณฑ์.xls","17","Sheet1","2566|7227071209","สำนักงานตำรวจแห่งชาติ","กองบัญชาการตำรวจตระเวนชายแดน","กองบังคับการตำรวจตระเวนชายแดนภาค 1","กองกำกับการตำรวจตระเวนชายแดนที่ 12","","","","7227071209","รร.ตชด.บ้านน้ำอ้อม","รร.ตชด.บ้านน้ำอ้อม","09/02/2525","1982-02-09","parsed","","","0","0","0","","0","0","0","0","0","0","0","0","0","0","0","0","0","0","0","0","0","0","0","0","0","0","0","0","0","0","0","0","0","0","0","0","0","0","0","0","0","0","0","0","0","0","0","0","0","0","0","0","0","0","0","0","0","0","0","0","0","0","0","0","0","0","0","0","0","0","0","0","0","0","0","0","0","0","0","0","0","A","ผ่าน"
"SCH_G3_0016","2566","2023","10. 2566 REP004-IMPROVEMENT 12 - ตารางสรุปรายงานมาตรฐานแต่ละด้าน พร้อมจำนวนข้อที่ต้องปรับปรุง และจำนวนเด็กที่ผ่านเกณฑ์.xls","18","Sheet1","2566|7227091202","สำนักงานตำรวจแห่งชาติ","กองบัญชาการตำรวจตระเวนชายแดน","กองบังคับการตำรวจตระเวนชายแดนภาค 1","กองกำกับการตำรวจตระเวนชายแดนที่ 12","","","","7227091202","รร.ตชด.บ้านทุ่งกบินทร์","รร.ตชด.บ้านทุ่งกบินทร์","20/06/2520","1977-06-20","parsed","","","0","0","0","","0","0","0","0","0","0","0","0","0","0","0","0","0","0","0","0","0","0","0","0","0","0","0","0","0","0","0","0","0","0","0","0","0","0","0","0","0","0","0","0","0","0","0","0","0","0","0","0","0","0","0","0","0","0","0","0","0","0","0","0","0","0","0","0","0","0","0","0","0","0","0","0","0","0","0","0","0","A","ผ่าน"
"SCH_G3_0017","2566","2023","10. 2566 REP004-IMPROVEMENT 12 - ตารางสรุปรายงานมาตรฐานแต่ละด้าน พร้อมจำนวนข้อที่ต้องปรับปรุง และจำนวนเด็กที่ผ่านเกณฑ์.xls","19","Sheet1","2566|7227091203","สำนักงานตำรวจแห่งชาติ","กองบัญชาการตำรวจตระเวนชายแดน","กองบังคับการตำรวจตระเวนชายแดนภาค 1","กองกำกับการตำรวจตระเวนชายแดนที่ 12","","","","7227091203","รร.ตชด.วังศรีทอง","รร.ตชด.วังศรีทอง","","","missing","","","0","0","0","","0","0","0","0","0","0","0","0","0","0","0","0","0","0","0","0","0","0","0","0","0","0","0","0","0","0","0","0","0","0","0","0","0","0","0","0","0","0","0","0","0","0","0","0","0","0","0","0","0","0","0","0","0","0","0","0","0","0","0","0","0","0","0","0","0","0","0","0","0","0","0","0","0","0","0","0","0","A","ผ่าน"
"SCH_G3_0018","2566","2023","10. 2566 REP004-IMPROVEMENT 12 - ตารางสรุปรายงานมาตรฐานแต่ละด้าน พร้อมจำนวนข้อที่ต้องปรับปรุง และจำนวนเด็กที่ผ่านเกณฑ์.xls","20","Sheet1","2566|7227091212","สำนักงานตำรวจแห่งชาติ","กองบัญชาการตำรวจตระเวนชายแดน","กองบังคับการตำรวจตระเวนชายแดนภาค 1","กองกำกับการตำรวจตระเวนชายแดนที่ 12","","","","7227091212","รร.ตชด.พีระยานุเคราะห์ฯ 1","รร.ตชด.พีระยานุเคราะห์ฯ 1","01/06/2538","1995-06-01","parsed","","","0","0","0","","0","0","0","0","0","0","0","0","0","0","0","0","0","0","0","0","0","0","0","0","0","0","0","0","0","0","0","0","0","0","0","0","0","0","0","0","0","0","0","0","0","0","0","0","0","0","0","0","0","0","0","0","0","0","0","0","0","0","0","0","0","0","0","0","0","0","0","0","0","0","0","0","0","0","0","0","0","A","ผ่าน"
"SCH_G3_0019","2566","2023","10. 2566 REP004-IMPROVEMENT 12 - ตารางสรุปรายงานมาตรฐานแต่ละด้าน พร้อมจำนวนข้อที่ต้องปรับปรุง และจำนวนเด็กที่ผ่านเกณฑ์.xls","21","Sheet1","2566|7231122109","สำนักงานตำรวจแห่งชาติ","กองบัญชาการตำรวจตระเวนชายแดน","กองบังคับการตำรวจตระเวนชายแดนภาค 2","กองกำกับการตำรวจตระเวนชายแดนที่ 21","","","","7231122109","ศกร.ตชด.ทรัพย์ทรายทอง","ศกร.ตชด.ทรัพย์ทรายทอง","16/05/2557","2014-05-16","parsed","3.1.3ข,3.6.3ข","3.1.3ข,3.6.3ข","2","2","0","","0","0","0","0","0","0","0","0","0","0","0","0","0","0","0","0","0","0","0","0","0","0","0","0","0","0","0","0","0","0","0","0","0","0","0","0","0","0","0","0","0","0","0","0","0","0","0","0","0","0","0","0","0","0","0","0","1","0","0","0","0","0","0","0","0","0","0","0","0","0","1","0","0","0","0","0","2","B","ผ่าน"
"SCH_G3_0020","2566","2023","10. 2566 REP004-IMPROVEMENT 12 - ตารางสรุปรายงานมาตรฐานแต่ละด้าน พร้อมจำนวนข้อที่ต้องปรับปรุง และจำนวนเด็กที่ผ่านเกณฑ์.xls","22","Sheet1","2566|7232052103","สำนักงานตำรวจแห่งชาติ","กองบัญชาการตำรวจตระเวนชายแดน","กองบังคับการตำรวจตระเวนชายแดนภาค 2","กองกำกับการตำรวจตระเวนชายแดนที่ 21","","","","7232052103","รร.ตชด.พีระยานุเคราะห์ฯ 2","รร.ตชด.พีระยานุเคราะห์ฯ 2","","","missing","1.2.3","1.2.3","1","1","0","","0","0","0","0","0","0","1","0","0","0","0","0","0","0","0","0","0","0","0","0","0","0","0","0","0","0","0","0","0","0","0","0","0","0","0","0","0","0","0","0","0","0","0","0","0","0","0","0","0","0","0","0","0","0","0","0","0","0","0","0","0","0","0","0","0","0","0","0","0","0","0","0","0","0","0","0","1","B","ผ่าน"
"SCH_G3_0021","2566","2023","10. 2566 REP004-IMPROVEMENT 12 - ตารางสรุปรายงานมาตรฐานแต่ละด้าน พร้อมจำนวนข้อที่ต้องปรับปรุง และจำนวนเด็กที่ผ่านเกณฑ์.xls","23","Sheet1","2566|7232062108","สำนักงานตำรวจแห่งชาติ","กองบัญชาการตำรวจตระเวนชายแดน","กองบังคับการตำรวจตระเวนชายแดนภาค 2","กองกำกับการตำรวจตระเวนชายแดนที่ 21","","","","7232062108","รร.ตชด.ท่านผู้หญิงสุประภาดา  เกษมสันต์","รร.ตชด.ท่านผู้หญิงสุประภาดา  เกษมสันต์","25/01/2535","1992-01-25","parsed","","","0","0","0","","0","0","0","0","0","0","0","0","0","0","0","0","0","0","0","0","0","0","0","0","0","0","0","0","0","0","0","0","0","0","0","0","0","0","0","0","0","0","0","0","0","0","0","0","0","0","0","0","0","0","0","0","0","0","0","0","0","0","0","0","0","0","0","0","0","0","0","0","0","0","0","0","0","0","0","0","0","A","ผ่าน"
"SCH_G3_0022","2566","2023","10. 2566 REP004-IMPROVEMENT 12 - ตารางสรุปรายงานมาตรฐานแต่ละด้าน พร้อมจำนวนข้อที่ต้องปรับปรุง และจำนวนเด็กที่ผ่านเกณฑ์.xls","24","Sheet1","2566|7232102105","สำนักงานตำรวจแห่งชาติ","กองบัญชาการตำรวจตระเวนชายแดน","กองบังคับการตำรวจตระเวนชายแดนภาค 2","กองกำกับการตำรวจตระเวนชายแดนที่ 21","","","","7232102105","รร.ตชด.บ้านตาตุม","รร.ตชด.บ้านตาตุม","","","missing","","","0","0","0","","0","0","0","0","0","0","0","0","0","0","0","0","0","0","0","0","0","0","0","0","0","0","0","0","0","0","0","0","0","0","0","0","0","0","0","0","0","0","0","0","0","0","0","0","0","0","0","0","0","0","0","0","0","0","0","0","0","0","0","0","0","0","0","0","0","0","0","0","0","0","0","0","0","0","0","0","0","A","ผ่าน"
"SCH_G3_0023","2566","2023","10. 2566 REP004-IMPROVEMENT 12 - ตารางสรุปรายงานมาตรฐานแต่ละด้าน พร้อมจำนวนข้อที่ต้องปรับปรุง และจำนวนเด็กที่ผ่านเกณฑ์.xls","25","Sheet1","2566|7232102106","สำนักงานตำรวจแห่งชาติ","กองบัญชาการตำรวจตระเวนชายแดน","กองบังคับการตำรวจตระเวนชายแดนภาค 2","กองกำกับการตำรวจตระเวนชายแดนที่ 21","","","","7232102106","รร.ตชด.บ้านตาแตรว","รร.ตชด.บ้านตาแตรว","30/03/2540","1997-03-30","parsed","","","0","0","0","","0","0","0","0","0","0","0","0","0","0","0","0","0","0","0","0","0","0","0","0","0","0","0","0","0","0","0","0","0","0","0","0","0","0","0","0","0","0","0","0","0","0","0","0","0","0","0","0","0","0","0","0","0","0","0","0","0","0","0","0","0","0","0","0","0","0","0","0","0","0","0","0","0","0","0","0","0","A","ผ่าน"
"SCH_G3_0024","2566","2023","10. 2566 REP004-IMPROVEMENT 12 - ตารางสรุปรายงานมาตรฐานแต่ละด้าน พร้อมจำนวนข้อที่ต้องปรับปรุง และจำนวนเด็กที่ผ่านเกณฑ์.xls","26","Sheet1","2566|7232132102","สำนักงานตำรวจแห่งชาติ","กองบัญชาการตำรวจตระเวนชายแดน","กองบังคับการตำรวจตระเวนชายแดนภาค 2","กองกำกับการตำรวจตระเวนชายแดนที่ 21","","","","7232132102","รร.ตชด.บ้านซำปะโต","รร.ตชด.บ้านซำปะโต","16/05/2568","2025-05-16","parsed","","","0","0","0","","0","0","0","0","0","0","0","0","0","0","0","0","0","0","0","0","0","0","0","0","0","0","0","0","0","0","0","0","0","0","0","0","0","0","0","0","0","0","0","0","0","0","0","0","0","0","0","0","0","0","0","0","0","0","0","0","0","0","0","0","0","0","0","0","0","0","0","0","0","0","0","0","0","0","0","0","0","A","ผ่าน"
"SCH_G3_0025","2566","2023","10. 2566 REP004-IMPROVEMENT 12 - ตารางสรุปรายงานมาตรฐานแต่ละด้าน พร้อมจำนวนข้อที่ต้องปรับปรุง และจำนวนเด็กที่ผ่านเกณฑ์.xls","27","Sheet1","2566|7232132104","สำนักงานตำรวจแห่งชาติ","กองบัญชาการตำรวจตระเวนชายแดน","กองบังคับการตำรวจตระเวนชายแดนภาค 2","กองกำกับการตำรวจตระเวนชายแดนที่ 21","","","","7232132104","รร.ตชด.บ้านรุน","รร.ตชด.บ้านรุน","24/04/2568","2025-04-24","parsed","","","0","0","0","","0","0","0","0","0","0","0","0","0","0","0","0","0","0","0","0","0","0","0","0","0","0","0","0","0","0","0","0","0","0","0","0","0","0","0","0","0","0","0","0","0","0","0","0","0","0","0","0","0","0","0","0","0","0","0","0","0","0","0","0","0","0","0","0","0","0","0","0","0","0","0","0","0","0","0","0","0","A","ผ่าน"
"SCH_G3_0026","2566","2023","10. 2566 REP004-IMPROVEMENT 12 - ตารางสรุปรายงานมาตรฐานแต่ละด้าน พร้อมจำนวนข้อที่ต้องปรับปรุง และจำนวนเด็กที่ผ่านเกณฑ์.xls","28","Sheet1","2566|7232142101","สำนักงานตำรวจแห่งชาติ","กองบัญชาการตำรวจตระเวนชายแดน","กองบังคับการตำรวจตระเวนชายแดนภาค 2","กองกำกับการตำรวจตระเวนชายแดนที่ 21","","","","7232142101","รร.ตชด.บ้านโคกแสลง","รร.ตชด.บ้านโคกแสลง","29/04/2566","2023-04-29","parsed","","","0","0","0","","0","0","0","0","0","0","0","0","0","0","0","0","0","0","0","0","0","0","0","0","0","0","0","0","0","0","0","0","0","0","0","0","0","0","0","0","0","0","0","0","0","0","0","0","0","0","0","0","0","0","0","0","0","0","0","0","0","0","0","0","0","0","0","0","0","0","0","0","0","0","0","0","0","0","0","0","0","A","ผ่าน"
"SCH_G3_0027","2566","2023","10. 2566 REP004-IMPROVEMENT 12 - ตารางสรุปรายงานมาตรฐานแต่ละด้าน พร้อมจำนวนข้อที่ต้องปรับปรุง และจำนวนเด็กที่ผ่านเกณฑ์.xls","29","Sheet1","2566|7233042210","สำนักงานตำรวจแห่งชาติ","กองบัญชาการตำรวจตระเวนชายแดน","กองบังคับการตำรวจตระเวนชายแดนภาค 2","กองกำกับการตำรวจตระเวนชายแดนที่ 22","","","","7233042210","รร.ตชด.บ้านหนองใหญ่","รร.ตชด.บ้านหนองใหญ่","01/05/2538","1995-05-01","parsed","","","0","0","0","","0","0","0","0","0","0","0","0","0","0","0","0","0","0","0","0","0","0","0","0","0","0","0","0","0","0","0","0","0","0","0","0","0","0","0","0","0","0","0","0","0","0","0","0","0","0","0","0","0","0","0","0","0","0","0","0","0","0","0","0","0","0","0","0","0","0","0","0","0","0","0","0","0","0","0","0","0","A","ผ่าน"
"SCH_G3_0028","2566","2023","10. 2566 REP004-IMPROVEMENT 12 - ตารางสรุปรายงานมาตรฐานแต่ละด้าน พร้อมจำนวนข้อที่ต้องปรับปรุง และจำนวนเด็กที่ผ่านเกณฑ์.xls","30","Sheet1","2566|7234032201","สำนักงานตำรวจแห่งชาติ","กองบัญชาการตำรวจตระเวนชายแดน","กองบังคับการตำรวจตระเวนชายแดนภาค 2","กองกำกับการตำรวจตระเวนชายแดนที่ 22","","","","7234032201","รร.ตชด.บรรจบพันบ้านปากลา","รร.ตชด.บรรจบพันบ้านปากลา","01/05/2505","1962-05-01","parsed","1.2.3","1.2.3","1","1","0","","0","0","0","0","0","0","1","0","0","0","0","0","0","0","0","0","0","0","0","0","0","0","0","0","0","0","0","0","0","0","0","0","0","0","0","0","0","0","0","0","0","0","0","0","0","0","0","0","0","0","0","0","0","0","0","0","0","0","0","0","0","0","0","0","0","0","0","0","0","0","0","0","0","0","0","0","1","B","ผ่าน"
"SCH_G3_0029","2566","2023","10. 2566 REP004-IMPROVEMENT 12 - ตารางสรุปรายงานมาตรฐานแต่ละด้าน พร้อมจำนวนข้อที่ต้องปรับปรุง และจำนวนเด็กที่ผ่านเกณฑ์.xls","31","Sheet1","2566|7234092203","สำนักงานตำรวจแห่งชาติ","กองบัญชาการตำรวจตระเวนชายแดน","กองบังคับการตำรวจตระเวนชายแดนภาค 2","กองกำกับการตำรวจตระเวนชายแดนที่ 22","","","","7234092203","รร.ตชด.บ้านคำสะอาด","รร.ตชด.บ้านคำสะอาด","25/03/2525","1982-03-25","parsed","","","0","0","0","","0","0","0","0","0","0","0","0","0","0","0","0","0","0","0","0","0","0","0","0","0","0","0","0","0","0","0","0","0","0","0","0","0","0","0","0","0","0","0","0","0","0","0","0","0","0","0","0","0","0","0","0","0","0","0","0","0","0","0","0","0","0","0","0","0","0","0","0","0","0","0","0","0","0","0","0","0","A","ผ่าน"
"SCH_G3_0030","2566","2023","10. 2566 REP004-IMPROVEMENT 12 - ตารางสรุปรายงานมาตรฐานแต่ละด้าน พร้อมจำนวนข้อที่ต้องปรับปรุง และจำนวนเด็กที่ผ่านเกณฑ์.xls","32","Sheet1","2566|7234092204","สำนักงานตำรวจแห่งชาติ","กองบัญชาการตำรวจตระเวนชายแดน","กองบังคับการตำรวจตระเวนชายแดนภาค 2","กองกำกับการตำรวจตระเวนชายแดนที่ 22","","","","7234092204","รร.ตชด.บ้านท่าแสนคูณ","รร.ตชด.บ้านท่าแสนคูณ","27/08/2567","2024-08-27","parsed","1.2.3","1.2.3","1","1","0","","0","0","0","0","0","0","1","0","0","0","0","0","0","0","0","0","0","0","0","0","0","0","0","0","0","0","0","0","0","0","0","0","0","0","0","0","0","0","0","0","0","0","0","0","0","0","0","0","0","0","0","0","0","0","0","0","0","0","0","0","0","0","0","0","0","0","0","0","0","0","0","0","0","0","0","0","1","B","ผ่าน"
"SCH_G3_0031","2566","2023","10. 2566 REP004-IMPROVEMENT 12 - ตารางสรุปรายงานมาตรฐานแต่ละด้าน พร้อมจำนวนข้อที่ต้องปรับปรุง และจำนวนเด็กที่ผ่านเกณฑ์.xls","33","Sheet1","2566|7234092212","สำนักงานตำรวจแห่งชาติ","กองบัญชาการตำรวจตระเวนชายแดน","กองบังคับการตำรวจตระเวนชายแดนภาค 2","กองกำกับการตำรวจตระเวนชายแดนที่ 22","","","","7234092212","ศกร.ตชด.บ้านหนองบัวพัฒนา","ศกร.ตชด.บ้านหนองบัวพัฒนา","16/05/2557","2014-05-16","parsed","1.2.3","1.2.3","1","1","0","","0","0","0","0","0","0","1","0","0","0","0","0","0","0","0","0","0","0","0","0","0","0","0","0","0","0","0","0","0","0","0","0","0","0","0","0","0","0","0","0","0","0","0","0","0","0","0","0","0","0","0","0","0","0","0","0","0","0","0","0","0","0","0","0","0","0","0","0","0","0","0","0","0","0","0","0","1","B","ผ่าน"
"SCH_G3_0032","2566","2023","10. 2566 REP004-IMPROVEMENT 12 - ตารางสรุปรายงานมาตรฐานแต่ละด้าน พร้อมจำนวนข้อที่ต้องปรับปรุง และจำนวนเด็กที่ผ่านเกณฑ์.xls","34","Sheet1","2566|7234102209","สำนักงานตำรวจแห่งชาติ","กองบัญชาการตำรวจตระเวนชายแดน","กองบังคับการตำรวจตระเวนชายแดนภาค 2","กองกำกับการตำรวจตระเวนชายแดนที่ 22","","","","7234102209","รร.ตชด.ศาสตราจารย์ ดอกเตอร์เนวิน สคริมชอว์","รร.ตชด.ศาสตราจารย์ ดอกเตอร์เนวิน สคริมชอว์","23/04/2567","2024-04-23","parsed","","","0","0","0","","0","0","0","0","0","0","0","0","0","0","0","0","0","0","0","0","0","0","0","0","0","0","0","0","0","0","0","0","0","0","0","0","0","0","0","0","0","0","0","0","0","0","0","0","0","0","0","0","0","0","0","0","0","0","0","0","0","0","0","0","0","0","0","0","0","0","0","0","0","0","0","0","0","0","0","0","0","A","ผ่าน"
"SCH_G3_0033","2566","2023","10. 2566 REP004-IMPROVEMENT 12 - ตารางสรุปรายงานมาตรฐานแต่ละด้าน พร้อมจำนวนข้อที่ต้องปรับปรุง และจำนวนเด็กที่ผ่านเกณฑ์.xls","35","Sheet1","2566|7234172215","สำนักงานตำรวจแห่งชาติ","กองบัญชาการตำรวจตระเวนชายแดน","กองบังคับการตำรวจตระเวนชายแดนภาค 2","กองกำกับการตำรวจตระเวนชายแดนที่ 22","","","","7234172215","ศกร.ตชด.เอไอเอ ประเทศไทย (บ้านบ๋าฮี)","ศกร.ตชด.เอไอเอ ประเทศไทย (บ้านบ๋าฮี)","16/05/2561","2018-05-16","parsed","1.3.8","1.3.8","1","1","0","","0","0","0","0","0","0","0","0","0","0","0","0","0","0","0","1","0","0","0","0","0","0","0","0","0","0","0","0","0","0","0","0","0","0","0","0","0","0","0","0","0","0","0","0","0","0","0","0","0","0","0","0","0","0","0","0","0","0","0","0","0","0","0","0","0","0","0","0","0","0","0","0","0","0","0","0","1","B","ผ่าน"
"SCH_G3_0034","2566","2023","10. 2566 REP004-IMPROVEMENT 12 - ตารางสรุปรายงานมาตรฐานแต่ละด้าน พร้อมจำนวนข้อที่ต้องปรับปรุง และจำนวนเด็กที่ผ่านเกณฑ์.xls","36","Sheet1","2566|7234252208","สำนักงานตำรวจแห่งชาติ","กองบัญชาการตำรวจตระเวนชายแดน","กองบังคับการตำรวจตระเวนชายแดนภาค 2","กองกำกับการตำรวจตระเวนชายแดนที่ 22","","","","7234252208","รร.ตชด.บ้านแก่งศรีโคตร","รร.ตชด.บ้านแก่งศรีโคตร","27/04/2567","2024-04-27","parsed","3.1.1ก,3.2.1ก,3.2.2ก,3.2.3ก,3.2.4ก,3.2.5ก,3.2.6ก","3.1.1ก,3.2.1ก,3.2.2ก,3.2.3ก,3.2.4ก,3.2.5ก,3.2.6ก","7","7","0","","0","0","0","0","0","0","0","0","0","0","0","0","0","0","0","0","0","0","0","0","0","0","0","0","0","0","0","0","0","0","0","0","0","0","0","0","0","0","0","0","0","0","0","0","0","0","0","1","1","1","1","1","1","1","0","0","0","0","0","0","0","0","0","0","0","0","0","0","0","0","0","0","0","0","0","0","7","B","ผ่าน"
"SCH_G3_0035","2566","2023","10. 2566 REP004-IMPROVEMENT 12 - ตารางสรุปรายงานมาตรฐานแต่ละด้าน พร้อมจำนวนข้อที่ต้องปรับปรุง และจำนวนเด็กที่ผ่านเกณฑ์.xls","37","Sheet1","2566|7234252211","สำนักงานตำรวจแห่งชาติ","กองบัญชาการตำรวจตระเวนชายแดน","กองบังคับการตำรวจตระเวนชายแดนภาค 2","กองกำกับการตำรวจตระเวนชายแดนที่ 22","","","","7234252211","ศกร.ตชด.ชุมชนป่าหญ้าคา","ศกร.ตชด.ชุมชนป่าหญ้าคา","27/08/2545","2002-08-27","parsed","","","0","0","0","","0","0","0","0","0","0","0","0","0","0","0","0","0","0","0","0","0","0","0","0","0","0","0","0","0","0","0","0","0","0","0","0","0","0","0","0","0","0","0","0","0","0","0","0","0","0","0","0","0","0","0","0","0","0","0","0","0","0","0","0","0","0","0","0","0","0","0","0","0","0","0","0","0","0","0","0","0","A","ผ่าน"
"SCH_G3_0036","2566","2023","10. 2566 REP004-IMPROVEMENT 12 - ตารางสรุปรายงานมาตรฐานแต่ละด้าน พร้อมจำนวนข้อที่ต้องปรับปรุง และจำนวนเด็กที่ผ่านเกณฑ์.xls","38","Sheet1","2566|7234272214","สำนักงานตำรวจแห่งชาติ","กองบัญชาการตำรวจตระเวนชายแดน","กองบังคับการตำรวจตระเวนชายแดนภาค 2","กองกำกับการตำรวจตระเวนชายแดนที่ 22","","","","7234272214","ศกร.ตชด.พิทักษ์ปัญญา","ศกร.ตชด.พิทักษ์ปัญญา","16/05/2561","2018-05-16","parsed","1.2.3,2.1.1,2.1.2,2.1.3,2.1.4,2.1.5,2.2.1,2.2.2,2.2.3,2.2.4,2.2.5,2.3.1,2.3.2,2.3.3,2.3.4,2.3.5,2.4.1,2.4.2,2.4.3,2.5.1,2.5.2","1.2.3,2.1.1,2.1.2,2.1.3,2.1.4,2.1.5,2.2.1,2.2.2,2.2.3,2.2.4,2.2.5,2.3.1,2.3.2,2.3.3,2.3.4,2.3.5,2.4.1,2.4.2,2.4.3,2.5.1,2.5.2","21","21","0","","0","0","0","0","0","0","1","0","0","0","0","0","0","0","0","0","0","0","0","0","0","0","0","0","0","0","0","1","1","1","1","1","1","1","1","1","1","1","1","1","1","1","1","1","1","1","1","0","0","0","0","0","0","0","0","0","0","0","0","0","0","0","0","0","0","0","0","0","0","0","0","0","0","0","0","0","21","D","ไม่ผ่าน"
"SCH_G3_0037","2566","2023","10. 2566 REP004-IMPROVEMENT 12 - ตารางสรุปรายงานมาตรฐานแต่ละด้าน พร้อมจำนวนข้อที่ต้องปรับปรุง และจำนวนเด็กที่ผ่านเกณฑ์.xls","39","Sheet1","2566|7234332202","สำนักงานตำรวจแห่งชาติ","กองบัญชาการตำรวจตระเวนชายแดน","กองบังคับการตำรวจตระเวนชายแดนภาค 2","กองกำกับการตำรวจตระเวนชายแดนที่ 22","","","","7234332202","รร.ตชด.บ้านตาเอ็ม","รร.ตชด.บ้านตาเอ็ม","25/08/2523","1980-08-25","parsed","1.2.3","1.2.3","1","1","0","","0","0","0","0","0","0","1","0","0","0","0","0","0","0","0","0","0","0","0","0","0","0","0","0","0","0","0","0","0","0","0","0","0","0","0","0","0","0","0","0","0","0","0","0","0","0","0","0","0","0","0","0","0","0","0","0","0","0","0","0","0","0","0","0","0","0","0","0","0","0","0","0","0","0","0","0","1","B","ผ่าน"
"SCH_G3_0038","2566","2023","10. 2566 REP004-IMPROVEMENT 12 - ตารางสรุปรายงานมาตรฐานแต่ละด้าน พร้อมจำนวนข้อที่ต้องปรับปรุง และจำนวนเด็กที่ผ่านเกณฑ์.xls","40","Sheet1","2566|7237022207","สำนักงานตำรวจแห่งชาติ","กองบัญชาการตำรวจตระเวนชายแดน","กองบังคับการตำรวจตระเวนชายแดนภาค 2","กองกำกับการตำรวจตระเวนชายแดนที่ 22","","","","7237022207","รร.ตชด.บ้านห้วยฆ้อง","รร.ตชด.บ้านห้วยฆ้อง","11/08/2529","1986-08-11","parsed","1.2.3,1.3.8,3.1.1ข","1.2.3,1.3.8,3.1.1ข","3","3","0","","0","0","0","0","0","0","1","0","0","0","0","0","0","0","0","1","0","0","0","0","0","0","0","0","0","0","0","0","0","0","0","0","0","0","0","0","0","0","0","0","0","0","0","0","0","0","0","0","0","0","0","0","0","0","1","0","0","0","0","0","0","0","0","0","0","0","0","0","0","0","0","0","0","0","0","0","3","B","ผ่าน"
"SCH_G3_0039","2566","2023","10. 2566 REP004-IMPROVEMENT 12 - ตารางสรุปรายงานมาตรฐานแต่ละด้าน พร้อมจำนวนข้อที่ต้องปรับปรุง และจำนวนเด็กที่ผ่านเกณฑ์.xls","41","Sheet1","2566|7237022216","สำนักงานตำรวจแห่งชาติ","กองบัญชาการตำรวจตระเวนชายแดน","กองบังคับการตำรวจตระเวนชายแดนภาค 2","กองกำกับการตำรวจตระเวนชายแดนที่ 22","","","","7237022216","รร.ตชด.บ้านห้วยกระแสน","รร.ตชด.บ้านห้วยกระแสน","18/08/2564","2021-08-18","parsed","1.3.5,3.5.3ข,3.6.1ข,3.6.2ข,3.6.3ข","1.3.5,3.5.3ข,3.6.1ข,3.6.2ข,3.6.3ข","5","5","0","","0","0","0","0","0","0","0","0","0","0","0","0","1","0","0","0","0","0","0","0","0","0","0","0","0","0","0","0","0","0","0","0","0","0","0","0","0","0","0","0","0","0","0","0","0","0","0","0","0","0","0","0","0","0","0","0","0","0","0","0","0","0","0","0","0","1","0","0","1","1","1","0","0","0","0","0","5","B","ผ่าน"
"SCH_G3_0040","2566","2023","10. 2566 REP004-IMPROVEMENT 12 - ตารางสรุปรายงานมาตรฐานแต่ละด้าน พร้อมจำนวนข้อที่ต้องปรับปรุง และจำนวนเด็กที่ผ่านเกณฑ์.xls","42","Sheet1","2566|7237112213","สำนักงานตำรวจแห่งชาติ","กองบัญชาการตำรวจตระเวนชายแดน","กองบังคับการตำรวจตระเวนชายแดนภาค 2","กองกำกับการตำรวจตระเวนชายแดนที่ 22","","","","7237112213","ศกร.ตชด.บ้านภูดานกอย","ศกร.ตชด.บ้านภูดานกอย","18/05/2558","2015-05-18","parsed","1.2.2,1.2.3,3.1.3ข","1.2.2,1.2.3,3.1.3ข","3","3","0","","0","0","0","0","0","1","1","0","0","0","0","0","0","0","0","0","0","0","0","0","0","0","0","0","0","0","0","0","0","0","0","0","0","0","0","0","0","0","0","0","0","0","0","0","0","0","0","0","0","0","0","0","0","0","0","0","1","0","0","0","0","0","0","0","0","0","0","0","0","0","0","0","0","0","0","0","3","B","ผ่าน"
"SCH_G3_0041","2566","2023","10. 2566 REP004-IMPROVEMENT 12 - ตารางสรุปรายงานมาตรฐานแต่ละด้าน พร้อมจำนวนข้อที่ต้องปรับปรุง และจำนวนเด็กที่ผ่านเกณฑ์.xls","43","Sheet1","2566|7238012406","สำนักงานตำรวจแห่งชาติ","กองบัญชาการตำรวจตระเวนชายแดน","กองบังคับการตำรวจตระเวนชายแดนภาค 2","กองกำกับการตำรวจตระเวนชายแดนที่ 24","","","","7238012406","รร.ตชด.บ้านห้วยดอกไม้","รร.ตชด.บ้านห้วยดอกไม้","25/02/2565","2022-02-25","parsed","1.2.3,1.3.8","1.2.3,1.3.8","2","2","0","","0","0","0","0","0","0","1","0","0","0","0","0","0","0","0","1","0","0","0","0","0","0","0","0","0","0","0","0","0","0","0","0","0","0","0","0","0","0","0","0","0","0","0","0","0","0","0","0","0","0","0","0","0","0","0","0","0","0","0","0","0","0","0","0","0","0","0","0","0","0","0","0","0","0","0","0","2","B","ผ่าน"
"SCH_G3_0042","2566","2023","10. 2566 REP004-IMPROVEMENT 12 - ตารางสรุปรายงานมาตรฐานแต่ละด้าน พร้อมจำนวนข้อที่ต้องปรับปรุง และจำนวนเด็กที่ผ่านเกณฑ์.xls","44","Sheet1","2566|7238012411","สำนักงานตำรวจแห่งชาติ","กองบัญชาการตำรวจตระเวนชายแดน","กองบังคับการตำรวจตระเวนชายแดนภาค 2","กองกำกับการตำรวจตระเวนชายแดนที่ 24","","","","7238012411","รร.ตชด.บ้านหนองตะไก้","รร.ตชด.บ้านหนองตะไก้","10/06/2538","1995-06-10","parsed","","","0","0","0","","0","0","0","0","0","0","0","0","0","0","0","0","0","0","0","0","0","0","0","0","0","0","0","0","0","0","0","0","0","0","0","0","0","0","0","0","0","0","0","0","0","0","0","0","0","0","0","0","0","0","0","0","0","0","0","0","0","0","0","0","0","0","0","0","0","0","0","0","0","0","0","0","0","0","0","0","0","A","ผ่าน"
"SCH_G3_0043","2566","2023","10. 2566 REP004-IMPROVEMENT 12 - ตารางสรุปรายงานมาตรฐานแต่ละด้าน พร้อมจำนวนข้อที่ต้องปรับปรุง และจำนวนเด็กที่ผ่านเกณฑ์.xls","45","Sheet1","2566|7238012412","สำนักงานตำรวจแห่งชาติ","กองบัญชาการตำรวจตระเวนชายแดน","กองบังคับการตำรวจตระเวนชายแดนภาค 2","กองกำกับการตำรวจตระเวนชายแดนที่ 24","","","","7238012412","รร.ตชด.บ้านนาแวง","รร.ตชด.บ้านนาแวง","22/07/2564","2021-07-22","parsed","1.2.3","1.2.3","1","1","0","","0","0","0","0","0","0","1","0","0","0","0","0","0","0","0","0","0","0","0","0","0","0","0","0","0","0","0","0","0","0","0","0","0","0","0","0","0","0","0","0","0","0","0","0","0","0","0","0","0","0","0","0","0","0","0","0","0","0","0","0","0","0","0","0","0","0","0","0","0","0","0","0","0","0","0","0","1","B","ผ่าน"
"SCH_G3_0044","2566","2023","10. 2566 REP004-IMPROVEMENT 12 - ตารางสรุปรายงานมาตรฐานแต่ละด้าน พร้อมจำนวนข้อที่ต้องปรับปรุง และจำนวนเด็กที่ผ่านเกณฑ์.xls","46","Sheet1","2566|7238152417","สำนักงานตำรวจแห่งชาติ","กองบัญชาการตำรวจตระเวนชายแดน","กองบังคับการตำรวจตระเวนชายแดนภาค 2","กองกำกับการตำรวจตระเวนชายแดนที่ 24","","","","7238152417","รร.ตชด.บ้านคำชมภู","รร.ตชด.บ้านคำชมภู","18/05/2558","2015-05-18","parsed","","","0","0","0","","0","0","0","0","0","0","0","0","0","0","0","0","0","0","0","0","0","0","0","0","0","0","0","0","0","0","0","0","0","0","0","0","0","0","0","0","0","0","0","0","0","0","0","0","0","0","0","0","0","0","0","0","0","0","0","0","0","0","0","0","0","0","0","0","0","0","0","0","0","0","0","0","0","0","0","0","0","A","ผ่าน"
"SCH_G3_0046","2566","2023","10. 2566 REP004-IMPROVEMENT 12 - ตารางสรุปรายงานมาตรฐานแต่ละด้าน พร้อมจำนวนข้อที่ต้องปรับปรุง และจำนวนเด็กที่ผ่านเกณฑ์.xls","47","Sheet1","2566|7241182415","สำนักงานตำรวจแห่งชาติ","กองบัญชาการตำรวจตระเวนชายแดน","กองบังคับการตำรวจตระเวนชายแดนภาค 2","กองกำกับการตำรวจตระเวนชายแดนที่ 24","","","","7241182415","รร.ตชด.บ้านเทพภูเงิน","รร.ตชด.บ้านเทพภูเงิน","07/11/2548","2005-11-07","parsed","","","0","0","0","","0","0","0","0","0","0","0","0","0","0","0","0","0","0","0","0","0","0","0","0","0","0","0","0","0","0","0","0","0","0","0","0","0","0","0","0","0","0","0","0","0","0","0","0","0","0","0","0","0","0","0","0","0","0","0","0","0","0","0","0","0","0","0","0","0","0","0","0","0","0","0","0","0","0","0","0","0","A","ผ่าน"
"SCH_G3_0048","2566","2023","10. 2566 REP004-IMPROVEMENT 12 - ตารางสรุปรายงานมาตรฐานแต่ละด้าน พร้อมจำนวนข้อที่ต้องปรับปรุง และจำนวนเด็กที่ผ่านเกณฑ์.xls","48","Sheet1","2566|7241222409","สำนักงานตำรวจแห่งชาติ","กองบัญชาการตำรวจตระเวนชายแดน","กองบังคับการตำรวจตระเวนชายแดนภาค 2","กองกำกับการตำรวจตระเวนชายแดนที่ 24","","","","7241222409","รร.ตชด.บ้านเมืองทอง","รร.ตชด.บ้านเมืองทอง","26/07/2564","2021-07-26","parsed","1.2.3","1.2.3","1","1","0","","0","0","0","0","0","0","1","0","0","0","0","0","0","0","0","0","0","0","0","0","0","0","0","0","0","0","0","0","0","0","0","0","0","0","0","0","0","0","0","0","0","0","0","0","0","0","0","0","0","0","0","0","0","0","0","0","0","0","0","0","0","0","0","0","0","0","0","0","0","0","0","0","0","0","0","0","1","B","ผ่าน"
"SCH_G3_0049","2566","2023","10. 2566 REP004-IMPROVEMENT 12 - ตารางสรุปรายงานมาตรฐานแต่ละด้าน พร้อมจำนวนข้อที่ต้องปรับปรุง และจำนวนเด็กที่ผ่านเกณฑ์.xls","49","Sheet1","2566|7241222413","สำนักงานตำรวจแห่งชาติ","กองบัญชาการตำรวจตระเวนชายแดน","กองบังคับการตำรวจตระเวนชายแดนภาค 2","กองกำกับการตำรวจตระเวนชายแดนที่ 24","","","","7241222413","รร.ตชด.บ้านนาชมภู","รร.ตชด.บ้านนาชมภู","22/07/2564","2021-07-22","parsed","1.2.3","1.2.3","1","1","0","","0","0","0","0","0","0","1","0","0","0","0","0","0","0","0","0","0","0","0","0","0","0","0","0","0","0","0","0","0","0","0","0","0","0","0","0","0","0","0","0","0","0","0","0","0","0","0","0","0","0","0","0","0","0","0","0","0","0","0","0","0","0","0","0","0","0","0","0","0","0","0","0","0","0","0","0","1","B","ผ่าน"
"SCH_G3_0050","2566","2023","10. 2566 REP004-IMPROVEMENT 12 - ตารางสรุปรายงานมาตรฐานแต่ละด้าน พร้อมจำนวนข้อที่ต้องปรับปรุง และจำนวนเด็กที่ผ่านเกณฑ์.xls","50","Sheet1","2566|7242022408","สำนักงานตำรวจแห่งชาติ","กองบัญชาการตำรวจตระเวนชายแดน","กองบังคับการตำรวจตระเวนชายแดนภาค 2","กองกำกับการตำรวจตระเวนชายแดนที่ 24","","","","7242022408","รร.ตชด.บ้านหนองแคน","รร.ตชด.บ้านหนองแคน","24/08/2532","1989-08-24","parsed","","","0","0","0","","0","0","0","0","0","0","0","0","0","0","0","0","0","0","0","0","0","0","0","0","0","0","0","0","0","0","0","0","0","0","0","0","0","0","0","0","0","0","0","0","0","0","0","0","0","0","0","0","0","0","0","0","0","0","0","0","0","0","0","0","0","0","0","0","0","0","0","0","0","0","0","0","0","0","0","0","0","A","ผ่าน"
"SCH_G3_0051","2566","2023","10. 2566 REP004-IMPROVEMENT 12 - ตารางสรุปรายงานมาตรฐานแต่ละด้าน พร้อมจำนวนข้อที่ต้องปรับปรุง และจำนวนเด็กที่ผ่านเกณฑ์.xls","51","Sheet1","2566|7242042402","สำนักงานตำรวจแห่งชาติ","กองบัญชาการตำรวจตระเวนชายแดน","กองบังคับการตำรวจตระเวนชายแดนภาค 2","กองกำกับการตำรวจตระเวนชายแดนที่ 24","","","","7242042402","รร.ตชด.บ้านห้วยเป้า","รร.ตชด.บ้านห้วยเป้า","20/09/2520","1977-09-20","parsed","","","0","0","0","","0","0","0","0","0","0","0","0","0","0","0","0","0","0","0","0","0","0","0","0","0","0","0","0","0","0","0","0","0","0","0","0","0","0","0","0","0","0","0","0","0","0","0","0","0","0","0","0","0","0","0","0","0","0","0","0","0","0","0","0","0","0","0","0","0","0","0","0","0","0","0","0","0","0","0","0","0","A","ผ่าน"
"SCH_G3_0052","2566","2023","10. 2566 REP004-IMPROVEMENT 12 - ตารางสรุปรายงานมาตรฐานแต่ละด้าน พร้อมจำนวนข้อที่ต้องปรับปรุง และจำนวนเด็กที่ผ่านเกณฑ์.xls","52","Sheet1","2566|7242042405","สำนักงานตำรวจแห่งชาติ","กองบัญชาการตำรวจตระเวนชายแดน","กองบังคับการตำรวจตระเวนชายแดนภาค 2","กองกำกับการตำรวจตระเวนชายแดนที่ 24","","","","7242042405","รร.ตชด.ฮิลมาร์พาเบิล","รร.ตชด.ฮิลมาร์พาเบิล","23/12/2523","1980-12-23","parsed","","","0","0","0","","0","0","0","0","0","0","0","0","0","0","0","0","0","0","0","0","0","0","0","0","0","0","0","0","0","0","0","0","0","0","0","0","0","0","0","0","0","0","0","0","0","0","0","0","0","0","0","0","0","0","0","0","0","0","0","0","0","0","0","0","0","0","0","0","0","0","0","0","0","0","0","0","0","0","0","0","0","A","ผ่าน"
"SCH_G3_0056","2566","2023","10. 2566 REP004-IMPROVEMENT 12 - ตารางสรุปรายงานมาตรฐานแต่ละด้าน พร้อมจำนวนข้อที่ต้องปรับปรุง และจำนวนเด็กที่ผ่านเกณฑ์.xls","53","Sheet1","2566|7242132410","สำนักงานตำรวจแห่งชาติ","กองบัญชาการตำรวจตระเวนชายแดน","กองบังคับการตำรวจตระเวนชายแดนภาค 2","กองกำกับการตำรวจตระเวนชายแดนที่ 24","","","","7242132410","รร.ตชด.บ้านวังชมภู","รร.ตชด.บ้านวังชมภู","14/06/2538","1995-06-14","parsed","2.1.4","2.1.4","1","1","0","","0","0","0","0","0","0","0","0","0","0","0","0","0","0","0","0","0","0","0","0","0","0","0","0","0","0","0","0","0","0","1","0","0","0","0","0","0","0","0","0","0","0","0","0","0","0","0","0","0","0","0","0","0","0","0","0","0","0","0","0","0","0","0","0","0","0","0","0","0","0","0","0","0","0","0","0","1","B","ผ่าน"
"SCH_G3_0057","2566","2023","10. 2566 REP004-IMPROVEMENT 12 - ตารางสรุปรายงานมาตรฐานแต่ละด้าน พร้อมจำนวนข้อที่ต้องปรับปรุง และจำนวนเด็กที่ผ่านเกณฑ์.xls","54","Sheet1","2566|7247152307","สำนักงานตำรวจแห่งชาติ","กองบัญชาการตำรวจตระเวนชายแดน","กองบังคับการตำรวจตระเวนชายแดนภาค 2","กองกำกับการตำรวจตระเวนชายแดนที่ 23","","","","7247152307","รร.ตชด.ค็อกนิสไทยฯ","รร.ตชด.ค็อกนิสไทยฯ","15/05/2568","2025-05-15","parsed","","","0","0","0","","0","0","0","0","0","0","0","0","0","0","0","0","0","0","0","0","0","0","0","0","0","0","0","0","0","0","0","0","0","0","0","0","0","0","0","0","0","0","0","0","0","0","0","0","0","0","0","0","0","0","0","0","0","0","0","0","0","0","0","0","0","0","0","0","0","0","0","0","0","0","0","0","0","0","0","0","0","A","ผ่าน"
"SCH_G3_0058","2566","2023","10. 2566 REP004-IMPROVEMENT 12 - ตารางสรุปรายงานมาตรฐานแต่ละด้าน พร้อมจำนวนข้อที่ต้องปรับปรุง และจำนวนเด็กที่ผ่านเกณฑ์.xls","55","Sheet1","2566|7248032301","สำนักงานตำรวจแห่งชาติ","กองบัญชาการตำรวจตระเวนชายแดน","กองบังคับการตำรวจตระเวนชายแดนภาค 2","กองกำกับการตำรวจตระเวนชายแดนที่ 23","","","","7248032301","รร.ตชด.ชูทิศวิทยา","รร.ตชด.ชูทิศวิทยา","14/06/2564","2021-06-14","parsed","1.2.3","1.2.3","1","1","0","","0","0","0","0","0","0","1","0","0","0","0","0","0","0","0","0","0","0","0","0","0","0","0","0","0","0","0","0","0","0","0","0","0","0","0","0","0","0","0","0","0","0","0","0","0","0","0","0","0","0","0","0","0","0","0","0","0","0","0","0","0","0","0","0","0","0","0","0","0","0","0","0","0","0","0","0","1","B","ผ่าน"
"SCH_G3_0059","2566","2023","10. 2566 REP004-IMPROVEMENT 12 - ตารางสรุปรายงานมาตรฐานแต่ละด้าน พร้อมจำนวนข้อที่ต้องปรับปรุง และจำนวนเด็กที่ผ่านเกณฑ์.xls","56","Sheet1","2566|7248032303","สำนักงานตำรวจแห่งชาติ","กองบัญชาการตำรวจตระเวนชายแดน","กองบังคับการตำรวจตระเวนชายแดนภาค 2","กองกำกับการตำรวจตระเวนชายแดนที่ 23","","","","7248032303","รร.ตชด.บ้านหาดทรายเพ","รร.ตชด.บ้านหาดทรายเพ","01/10/2520","1977-10-01","parsed","1.2.3","1.2.3","1","1","0","","0","0","0","0","0","0","1","0","0","0","0","0","0","0","0","0","0","0","0","0","0","0","0","0","0","0","0","0","0","0","0","0","0","0","0","0","0","0","0","0","0","0","0","0","0","0","0","0","0","0","0","0","0","0","0","0","0","0","0","0","0","0","0","0","0","0","0","0","0","0","0","0","0","0","0","0","1","B","ผ่าน"
"SCH_G3_0060","2566","2023","10. 2566 REP004-IMPROVEMENT 12 - ตารางสรุปรายงานมาตรฐานแต่ละด้าน พร้อมจำนวนข้อที่ต้องปรับปรุง และจำนวนเด็กที่ผ่านเกณฑ์.xls","57","Sheet1","2566|7248032309","สำนักงานตำรวจแห่งชาติ","กองบัญชาการตำรวจตระเวนชายแดน","กองบังคับการตำรวจตระเวนชายแดนภาค 2","กองกำกับการตำรวจตระเวนชายแดนที่ 23","","","","7248032309","ศกร.ตชด.บ้านนากระเสริม","ศกร.ตชด.บ้านนากระเสริม","07/01/2557","2014-01-07","parsed","","","0","0","0","","0","0","0","0","0","0","0","0","0","0","0","0","0","0","0","0","0","0","0","0","0","0","0","0","0","0","0","0","0","0","0","0","0","0","0","0","0","0","0","0","0","0","0","0","0","0","0","0","0","0","0","0","0","0","0","0","0","0","0","0","0","0","0","0","0","0","0","0","0","0","0","0","0","0","0","0","0","A","ผ่าน"
"SCH_G3_0061","2566","2023","10. 2566 REP004-IMPROVEMENT 12 - ตารางสรุปรายงานมาตรฐานแต่ละด้าน พร้อมจำนวนข้อที่ต้องปรับปรุง และจำนวนเด็กที่ผ่านเกณฑ์.xls","58","Sheet1","2566|7248042310","สำนักงานตำรวจแห่งชาติ","กองบัญชาการตำรวจตระเวนชายแดน","กองบังคับการตำรวจตระเวนชายแดนภาค 2","กองกำกับการตำรวจตระเวนชายแดนที่ 23","","","","7248042310","ศกร.ตชด.บ้านปากห้วยม่วง","ศกร.ตชด.บ้านปากห้วยม่วง","16/05/2557","2014-05-16","parsed","","","0","0","0","","0","0","0","0","0","0","0","0","0","0","0","0","0","0","0","0","0","0","0","0","0","0","0","0","0","0","0","0","0","0","0","0","0","0","0","0","0","0","0","0","0","0","0","0","0","0","0","0","0","0","0","0","0","0","0","0","0","0","0","0","0","0","0","0","0","0","0","0","0","0","0","0","0","0","0","0","0","A","ผ่าน"
"SCH_G3_0063","2566","2023","10. 2566 REP004-IMPROVEMENT 12 - ตารางสรุปรายงานมาตรฐานแต่ละด้าน พร้อมจำนวนข้อที่ต้องปรับปรุง และจำนวนเด็กที่ผ่านเกณฑ์.xls","59","Sheet1","2566|7248112302","สำนักงานตำรวจแห่งชาติ","กองบัญชาการตำรวจตระเวนชายแดน","กองบังคับการตำรวจตระเวนชายแดนภาค 2","กองกำกับการตำรวจตระเวนชายแดนที่ 23","","","","7248112302","รร.ตชด.ช่างกลปทุมวันอนุสรณ์ 8","รร.ตชด.ช่างกลปทุมวันอนุสรณ์ 8","01/06/2519","1976-06-01","parsed","","","0","0","0","","0","0","0","0","0","0","0","0","0","0","0","0","0","0","0","0","0","0","0","0","0","0","0","0","0","0","0","0","0","0","0","0","0","0","0","0","0","0","0","0","0","0","0","0","0","0","0","0","0","0","0","0","0","0","0","0","0","0","0","0","0","0","0","0","0","0","0","0","0","0","0","0","0","0","0","0","0","A","ผ่าน"
"SCH_G3_0064","2566","2023","10. 2566 REP004-IMPROVEMENT 12 - ตารางสรุปรายงานมาตรฐานแต่ละด้าน พร้อมจำนวนข้อที่ต้องปรับปรุง และจำนวนเด็กที่ผ่านเกณฑ์.xls","60","Sheet1","2566|7248112305","สำนักงานตำรวจแห่งชาติ","กองบัญชาการตำรวจตระเวนชายแดน","กองบังคับการตำรวจตระเวนชายแดนภาค 2","กองกำกับการตำรวจตระเวนชายแดนที่ 23","","","","7248112305","รร.ตชด.บ้านนาสามัคคี","รร.ตชด.บ้านนาสามัคคี","10/05/2528","1985-05-10","parsed","","","0","0","0","","0","0","0","0","0","0","0","0","0","0","0","0","0","0","0","0","0","0","0","0","0","0","0","0","0","0","0","0","0","0","0","0","0","0","0","0","0","0","0","0","0","0","0","0","0","0","0","0","0","0","0","0","0","0","0","0","0","0","0","0","0","0","0","0","0","0","0","0","0","0","0","0","0","0","0","0","0","A","ผ่าน"
"SCH_G3_0066","2566","2023","10. 2566 REP004-IMPROVEMENT 12 - ตารางสรุปรายงานมาตรฐานแต่ละด้าน พร้อมจำนวนข้อที่ต้องปรับปรุง และจำนวนเด็กที่ผ่านเกณฑ์.xls","61","Sheet1","2566|7249052311","สำนักงานตำรวจแห่งชาติ","กองบัญชาการตำรวจตระเวนชายแดน","กองบังคับการตำรวจตระเวนชายแดนภาค 2","กองกำกับการตำรวจตระเวนชายแดนที่ 23","","","","7249052311","ศกร.ตชด.ใต้ร่มพระบารมี (ธนาคารอาคารสงเคราะห์อุปถัมภ์)","ศกร.ตชด.ใต้ร่มพระบารมี (ธนาคารอาคารสงเคราะห์อุปถัมภ์)","12/05/2558","2015-05-12","parsed","1.2.3,1.3.3,1.3.4,1.3.7,1.3.8,2.1.2,2.5.1,3.5.2ข,3.6.2ข","1.2.3,1.3.3,1.3.4,1.3.7,1.3.8,2.1.2,2.5.1,3.5.2ข,3.6.2ข","9","9","0","","0","0","0","0","0","0","1","0","0","0","1","1","0","0","1","1","0","0","0","0","0","0","0","0","0","0","0","0","1","0","0","0","0","0","0","0","0","0","0","0","0","0","0","0","0","1","0","0","0","0","0","0","0","0","0","0","0","0","0","0","0","0","0","0","1","0","0","0","0","1","0","0","0","0","0","0","9","C","ผ่าน"
"SCH_G3_0067","2566","2023","10. 2566 REP004-IMPROVEMENT 12 - ตารางสรุปรายงานมาตรฐานแต่ละด้าน พร้อมจำนวนข้อที่ต้องปรับปรุง และจำนวนเด็กที่ผ่านเกณฑ์.xls","62","Sheet1","2566|7250030005","สำนักงานตำรวจแห่งชาติ","กองบัญชาการตำรวจตระเวนชายแดน","กองบังคับการตำรวจตระเวนชายแดนภาค 3","กองกำกับการตำรวจตระเวนชายแดนที่ 33","","","","7250030005","ศกร.ตชด.สนั่น-เฉลิมเกตุ นภาศัพท์","ศกร.ตชด.สนั่น-เฉลิมเกตุ นภาศัพท์","17/05/2564","2021-05-17","parsed","","","0","0","0","","0","0","0","0","0","0","0","0","0","0","0","0","0","0","0","0","0","0","0","0","0","0","0","0","0","0","0","0","0","0","0","0","0","0","0","0","0","0","0","0","0","0","0","0","0","0","0","0","0","0","0","0","0","0","0","0","0","0","0","0","0","0","0","0","0","0","0","0","0","0","0","0","0","0","0","0","0","A","ผ่าน"
"SCH_G3_0068","2566","2023","10. 2566 REP004-IMPROVEMENT 12 - ตารางสรุปรายงานมาตรฐานแต่ละด้าน พร้อมจำนวนข้อที่ต้องปรับปรุง และจำนวนเด็กที่ผ่านเกณฑ์.xls","63","Sheet1","2566|7250033310","สำนักงานตำรวจแห่งชาติ","กองบัญชาการตำรวจตระเวนชายแดน","กองบังคับการตำรวจตระเวนชายแดนภาค 3","กองกำกับการตำรวจตระเวนชายแดนที่ 33","","","","7250033310","รร.ตชด.บ้านแม่ลอง","รร.ตชด.บ้านแม่ลอง","08/07/2564","2021-07-08","parsed","","","0","0","0","","0","0","0","0","0","0","0","0","0","0","0","0","0","0","0","0","0","0","0","0","0","0","0","0","0","0","0","0","0","0","0","0","0","0","0","0","0","0","0","0","0","0","0","0","0","0","0","0","0","0","0","0","0","0","0","0","0","0","0","0","0","0","0","0","0","0","0","0","0","0","0","0","0","0","0","0","0","A","ผ่าน"
"SCH_G3_0069","2566","2023","10. 2566 REP004-IMPROVEMENT 12 - ตารางสรุปรายงานมาตรฐานแต่ละด้าน พร้อมจำนวนข้อที่ต้องปรับปรุง และจำนวนเด็กที่ผ่านเกณฑ์.xls","64","Sheet1","2566|7250033314","สำนักงานตำรวจแห่งชาติ","กองบัญชาการตำรวจตระเวนชายแดน","กองบังคับการตำรวจตระเวนชายแดนภาค 3","กองกำกับการตำรวจตระเวนชายแดนที่ 33","","","","7250033314","รร.ตชด.บ้านใหม่พัฒนาสันติ","รร.ตชด.บ้านใหม่พัฒนาสันติ","20/03/2568","2025-03-20","parsed","","","0","0","0","","0","0","0","0","0","0","0","0","0","0","0","0","0","0","0","0","0","0","0","0","0","0","0","0","0","0","0","0","0","0","0","0","0","0","0","0","0","0","0","0","0","0","0","0","0","0","0","0","0","0","0","0","0","0","0","0","0","0","0","0","0","0","0","0","0","0","0","0","0","0","0","0","0","0","0","0","0","A","ผ่าน"
"SCH_G3_0070","2566","2023","10. 2566 REP004-IMPROVEMENT 12 - ตารางสรุปรายงานมาตรฐานแต่ละด้าน พร้อมจำนวนข้อที่ต้องปรับปรุง และจำนวนเด็กที่ผ่านเกณฑ์.xls","65","Sheet1","2566|7250033332","สำนักงานตำรวจแห่งชาติ","กองบัญชาการตำรวจตระเวนชายแดน","กองบังคับการตำรวจตระเวนชายแดนภาค 3","กองกำกับการตำรวจตระเวนชายแดนที่ 33","","","","7250033332","รร.ตชด.บางกอก เชฟ แชร์ริตี้ บ้านแม่ขอ","รร.ตชด.บางกอก เชฟ แชร์ริตี้ บ้านแม่ขอ","16/05/2560","2017-05-16","parsed","","","0","0","0","","0","0","0","0","0","0","0","0","0","0","0","0","0","0","0","0","0","0","0","0","0","0","0","0","0","0","0","0","0","0","0","0","0","0","0","0","0","0","0","0","0","0","0","0","0","0","0","0","0","0","0","0","0","0","0","0","0","0","0","0","0","0","0","0","0","0","0","0","0","0","0","0","0","0","0","0","0","A","ผ่าน"
"SCH_G3_0071","2566","2023","10. 2566 REP004-IMPROVEMENT 12 - ตารางสรุปรายงานมาตรฐานแต่ละด้าน พร้อมจำนวนข้อที่ต้องปรับปรุง และจำนวนเด็กที่ผ่านเกณฑ์.xls","66","Sheet1","2566|7250033333","สำนักงานตำรวจแห่งชาติ","กองบัญชาการตำรวจตระเวนชายแดน","กองบังคับการตำรวจตระเวนชายแดนภาค 3","กองกำกับการตำรวจตระเวนชายแดนที่ 33","","","","7250033333","ศกร.ตชด.บ้านแม่มุใน (บริษัท ซี เค พาวเวอร์ จำกัด (มหาชน)อุปถัมภ์)","ศกร.ตชด.บ้านแม่มุใน (บริษัท ซี เค พาวเวอร์ จำกัด (มหาชน)อุปถัมภ์)","16/05/2561","2018-05-16","parsed","","","0","0","0","","0","0","0","0","0","0","0","0","0","0","0","0","0","0","0","0","0","0","0","0","0","0","0","0","0","0","0","0","0","0","0","0","0","0","0","0","0","0","0","0","0","0","0","0","0","0","0","0","0","0","0","0","0","0","0","0","0","0","0","0","0","0","0","0","0","0","0","0","0","0","0","0","0","0","0","0","0","A","ผ่าน"
"SCH_G3_0072","2566","2023","10. 2566 REP004-IMPROVEMENT 12 - ตารางสรุปรายงานมาตรฐานแต่ละด้าน พร้อมจำนวนข้อที่ต้องปรับปรุง และจำนวนเด็กที่ผ่านเกณฑ์.xls","67","Sheet1","2566|7250043311","สำนักงานตำรวจแห่งชาติ","กองบัญชาการตำรวจตระเวนชายแดน","กองบังคับการตำรวจตระเวนชายแดนภาค 3","กองกำกับการตำรวจตระเวนชายแดนที่ 33","","","","7250043311","รร.ตชด.เฉลิมพระเกียรติฯ","รร.ตชด.เฉลิมพระเกียรติฯ","09/07/2564","2021-07-09","parsed","","","0","0","0","","0","0","0","0","0","0","0","0","0","0","0","0","0","0","0","0","0","0","0","0","0","0","0","0","0","0","0","0","0","0","0","0","0","0","0","0","0","0","0","0","0","0","0","0","0","0","0","0","0","0","0","0","0","0","0","0","0","0","0","0","0","0","0","0","0","0","0","0","0","0","0","0","0","0","0","0","0","A","ผ่าน"
"SCH_G3_0073","2566","2023","10. 2566 REP004-IMPROVEMENT 12 - ตารางสรุปรายงานมาตรฐานแต่ละด้าน พร้อมจำนวนข้อที่ต้องปรับปรุง และจำนวนเด็กที่ผ่านเกณฑ์.xls","68","Sheet1","2566|7250043316","สำนักงานตำรวจแห่งชาติ","กองบัญชาการตำรวจตระเวนชายแดน","กองบังคับการตำรวจตระเวนชายแดนภาค 3","กองกำกับการตำรวจตระเวนชายแดนที่ 33","","","","7250043316","รร.ตชด.บ้านหนองแขม","รร.ตชด.บ้านหนองแขม","25/07/2541","1998-07-25","parsed","","","0","0","0","","0","0","0","0","0","0","0","0","0","0","0","0","0","0","0","0","0","0","0","0","0","0","0","0","0","0","0","0","0","0","0","0","0","0","0","0","0","0","0","0","0","0","0","0","0","0","0","0","0","0","0","0","0","0","0","0","0","0","0","0","0","0","0","0","0","0","0","0","0","0","0","0","0","0","0","0","0","A","ผ่าน"
"SCH_G3_0074","2566","2023","10. 2566 REP004-IMPROVEMENT 12 - ตารางสรุปรายงานมาตรฐานแต่ละด้าน พร้อมจำนวนข้อที่ต้องปรับปรุง และจำนวนเด็กที่ผ่านเกณฑ์.xls","69","Sheet1","2566|7250063315","สำนักงานตำรวจแห่งชาติ","กองบัญชาการตำรวจตระเวนชายแดน","กองบังคับการตำรวจตระเวนชายแดนภาค 3","กองกำกับการตำรวจตระเวนชายแดนที่ 33","","","","7250063315","รร.ตชด.ไลออนส์มหาจักร 9","รร.ตชด.ไลออนส์มหาจักร 9","27/06/2535","1992-06-27","parsed","","","0","0","0","","0","0","0","0","0","0","0","0","0","0","0","0","0","0","0","0","0","0","0","0","0","0","0","0","0","0","0","0","0","0","0","0","0","0","0","0","0","0","0","0","0","0","0","0","0","0","0","0","0","0","0","0","0","0","0","0","0","0","0","0","0","0","0","0","0","0","0","0","0","0","0","0","0","0","0","0","0","A","ผ่าน"
"SCH_G3_0075","2566","2023","10. 2566 REP004-IMPROVEMENT 12 - ตารางสรุปรายงานมาตรฐานแต่ละด้าน พร้อมจำนวนข้อที่ต้องปรับปรุง และจำนวนเด็กที่ผ่านเกณฑ์.xls","70","Sheet1","2566|7250093302","สำนักงานตำรวจแห่งชาติ","กองบัญชาการตำรวจตระเวนชายแดน","กองบังคับการตำรวจตระเวนชายแดนภาค 3","กองกำกับการตำรวจตระเวนชายแดนที่ 33","","","","7250093302","รร.ตชด.อาโอยาม่า","รร.ตชด.อาโอยาม่า","10/01/2510","1967-01-10","parsed","","","0","0","0","","0","0","0","0","0","0","0","0","0","0","0","0","0","0","0","0","0","0","0","0","0","0","0","0","0","0","0","0","0","0","0","0","0","0","0","0","0","0","0","0","0","0","0","0","0","0","0","0","0","0","0","0","0","0","0","0","0","0","0","0","0","0","0","0","0","0","0","0","0","0","0","0","0","0","0","0","0","A","ผ่าน"
"SCH_G3_0076","2566","2023","10. 2566 REP004-IMPROVEMENT 12 - ตารางสรุปรายงานมาตรฐานแต่ละด้าน พร้อมจำนวนข้อที่ต้องปรับปรุง และจำนวนเด็กที่ผ่านเกณฑ์.xls","71","Sheet1","2566|7250103301","สำนักงานตำรวจแห่งชาติ","กองบัญชาการตำรวจตระเวนชายแดน","กองบังคับการตำรวจตระเวนชายแดนภาค 3","กองกำกับการตำรวจตระเวนชายแดนที่ 33","","","","7250103301","รร.ตชด.เฮียงไทยธำรงค์","รร.ตชด.เฮียงไทยธำรงค์","11/01/2505","1962-01-11","parsed","1.2.3","1.2.3","1","1","0","","0","0","0","0","0","0","1","0","0","0","0","0","0","0","0","0","0","0","0","0","0","0","0","0","0","0","0","0","0","0","0","0","0","0","0","0","0","0","0","0","0","0","0","0","0","0","0","0","0","0","0","0","0","0","0","0","0","0","0","0","0","0","0","0","0","0","0","0","0","0","0","0","0","0","0","0","1","B","ผ่าน"
"SCH_G3_0077","2566","2023","10. 2566 REP004-IMPROVEMENT 12 - ตารางสรุปรายงานมาตรฐานแต่ละด้าน พร้อมจำนวนข้อที่ต้องปรับปรุง และจำนวนเด็กที่ผ่านเกณฑ์.xls","72","Sheet1","2566|7250103307","สำนักงานตำรวจแห่งชาติ","กองบัญชาการตำรวจตระเวนชายแดน","กองบังคับการตำรวจตระเวนชายแดนภาค 3","กองกำกับการตำรวจตระเวนชายแดนที่ 33","","","","7250103307","รร.ตชด.ทุติยะโพธิ์อนุสรณ์","รร.ตชด.ทุติยะโพธิ์อนุสรณ์","14/06/2514","1971-06-14","parsed","1.2.2,1.2.4","1.2.2,1.2.4","2","2","0","","0","0","0","0","0","1","0","1","0","0","0","0","0","0","0","0","0","0","0","0","0","0","0","0","0","0","0","0","0","0","0","0","0","0","0","0","0","0","0","0","0","0","0","0","0","0","0","0","0","0","0","0","0","0","0","0","0","0","0","0","0","0","0","0","0","0","0","0","0","0","0","0","0","0","0","0","2","B","ผ่าน"
"SCH_G3_0078","2566","2023","10. 2566 REP004-IMPROVEMENT 12 - ตารางสรุปรายงานมาตรฐานแต่ละด้าน พร้อมจำนวนข้อที่ต้องปรับปรุง และจำนวนเด็กที่ผ่านเกณฑ์.xls","73","Sheet1","2566|7250113304","สำนักงานตำรวจแห่งชาติ","กองบัญชาการตำรวจตระเวนชายแดน","กองบังคับการตำรวจตระเวนชายแดนภาค 3","กองกำกับการตำรวจตระเวนชายแดนที่ 33","","","","7250113304","รร.ตชด.เจ้าพ่อหลวงอุปถัมภ์ 2","รร.ตชด.เจ้าพ่อหลวงอุปถัมภ์ 2","01/12/2508","1965-12-01","parsed","","","0","0","0","","0","0","0","0","0","0","0","0","0","0","0","0","0","0","0","0","0","0","0","0","0","0","0","0","0","0","0","0","0","0","0","0","0","0","0","0","0","0","0","0","0","0","0","0","0","0","0","0","0","0","0","0","0","0","0","0","0","0","0","0","0","0","0","0","0","0","0","0","0","0","0","0","0","0","0","0","0","A","ผ่าน"
"SCH_G3_0079","2566","2023","10. 2566 REP004-IMPROVEMENT 12 - ตารางสรุปรายงานมาตรฐานแต่ละด้าน พร้อมจำนวนข้อที่ต้องปรับปรุง และจำนวนเด็กที่ผ่านเกณฑ์.xls","74","Sheet1","2566|7250183318","สำนักงานตำรวจแห่งชาติ","กองบัญชาการตำรวจตระเวนชายแดน","กองบังคับการตำรวจตระเวนชายแดนภาค 3","กองกำกับการตำรวจตระเวนชายแดนที่ 33","","","","7250183318","รร.ตชด.รางวัลอินทิรา  คานธี","รร.ตชด.รางวัลอินทิรา  คานธี","20/04/2555","2012-04-20","parsed","","","0","0","0","","0","0","0","0","0","0","0","0","0","0","0","0","0","0","0","0","0","0","0","0","0","0","0","0","0","0","0","0","0","0","0","0","0","0","0","0","0","0","0","0","0","0","0","0","0","0","0","0","0","0","0","0","0","0","0","0","0","0","0","0","0","0","0","0","0","0","0","0","0","0","0","0","0","0","0","0","0","A","ผ่าน"
"SCH_G3_0080","2566","2023","10. 2566 REP004-IMPROVEMENT 12 - ตารางสรุปรายงานมาตรฐานแต่ละด้าน พร้อมจำนวนข้อที่ต้องปรับปรุง และจำนวนเด็กที่ผ่านเกณฑ์.xls","75","Sheet1","2566|7250183319","สำนักงานตำรวจแห่งชาติ","กองบัญชาการตำรวจตระเวนชายแดน","กองบังคับการตำรวจตระเวนชายแดนภาค 3","กองกำกับการตำรวจตระเวนชายแดนที่ 33","","","","7250183319","รร.ตชด.ท่านผู้หญิงประไพ ศิวะโกเศศ","รร.ตชด.ท่านผู้หญิงประไพ ศิวะโกเศศ","01/12/2550","2007-12-01","parsed","","","0","0","0","","0","0","0","0","0","0","0","0","0","0","0","0","0","0","0","0","0","0","0","0","0","0","0","0","0","0","0","0","0","0","0","0","0","0","0","0","0","0","0","0","0","0","0","0","0","0","0","0","0","0","0","0","0","0","0","0","0","0","0","0","0","0","0","0","0","0","0","0","0","0","0","0","0","0","0","0","0","A","ผ่าน"
"SCH_G3_0081","2566","2023","10. 2566 REP004-IMPROVEMENT 12 - ตารางสรุปรายงานมาตรฐานแต่ละด้าน พร้อมจำนวนข้อที่ต้องปรับปรุง และจำนวนเด็กที่ผ่านเกณฑ์.xls","76","Sheet1","2566|7250183326","สำนักงานตำรวจแห่งชาติ","กองบัญชาการตำรวจตระเวนชายแดน","กองบังคับการตำรวจตระเวนชายแดนภาค 3","กองกำกับการตำรวจตระเวนชายแดนที่ 33","","","","7250183326","รร.ตชด.บางกอก เชฟ แชร์ริตี้","รร.ตชด.บางกอก เชฟ แชร์ริตี้","18/05/2558","2015-05-18","parsed","1.2.3,3.1.1ข","1.2.3,3.1.1ข","2","2","0","","0","0","0","0","0","0","1","0","0","0","0","0","0","0","0","0","0","0","0","0","0","0","0","0","0","0","0","0","0","0","0","0","0","0","0","0","0","0","0","0","0","0","0","0","0","0","0","0","0","0","0","0","0","0","1","0","0","0","0","0","0","0","0","0","0","0","0","0","0","0","0","0","0","0","0","0","2","B","ผ่าน"
"SCH_G3_0084","2566","2023","10. 2566 REP004-IMPROVEMENT 12 - ตารางสรุปรายงานมาตรฐานแต่ละด้าน พร้อมจำนวนข้อที่ต้องปรับปรุง และจำนวนเด็กที่ผ่านเกณฑ์.xls","77","Sheet1","2566|7250283334","สำนักงานตำรวจแห่งชาติ","กองบัญชาการตำรวจตระเวนชายแดน","กองบังคับการตำรวจตระเวนชายแดนภาค 3","กองกำกับการตำรวจตระเวนชายแดนที่ 33","","","","7250283334","ศกร.ตชด.บ้านนามะอื้น","ศกร.ตชด.บ้านนามะอื้น","16/05/2562","2019-05-16","parsed","3.2.1ข,3.3.1ข,3.3.2ข,3.4.1ข,3.4.2ข,3.4.3ข,3.5.1ข,3.5.2ข,3.5.3ข,3.5.4ข,3.5.5ข,3.6.1ข,3.6.3ข,3.6.4ข,3.7.1ข,3.7.2ข,3.7.3ข,3.7.4ข","3.2.1ข,3.3.1ข,3.3.2ข,3.4.1ข,3.4.2ข,3.4.3ข,3.5.1ข,3.5.2ข,3.5.3ข,3.5.4ข,3.5.5ข,3.6.1ข,3.6.3ข,3.6.4ข,3.7.1ข,3.7.2ข,3.7.3ข,3.7.4ข","18","18","0","","0","0","0","0","0","0","0","0","0","0","0","0","0","0","0","0","0","0","0","0","0","0","0","0","0","0","0","0","0","0","0","0","0","0","0","0","0","0","0","0","0","0","0","0","0","0","0","0","0","0","0","0","0","0","0","0","0","1","1","1","1","1","1","1","1","1","1","1","1","0","1","1","1","1","1","1","18","D","ไม่ผ่าน"
"SCH_G3_0085","2566","2023","10. 2566 REP004-IMPROVEMENT 12 - ตารางสรุปรายงานมาตรฐานแต่ละด้าน พร้อมจำนวนข้อที่ต้องปรับปรุง และจำนวนเด็กที่ผ่านเกณฑ์.xls","78","Sheet1","2566|7253063101","สำนักงานตำรวจแห่งชาติ","กองบัญชาการตำรวจตระเวนชายแดน","กองบังคับการตำรวจตระเวนชายแดนภาค 3","กองกำกับการตำรวจตระเวนชายแดนที่ 31","","","","7253063101","รร.ตชด.บุญธรรม-บุญพรั้ง","รร.ตชด.บุญธรรม-บุญพรั้ง","01/05/2501","1958-05-01","parsed","1.2.3","1.2.3","1","1","0","","0","0","0","0","0","0","1","0","0","0","0","0","0","0","0","0","0","0","0","0","0","0","0","0","0","0","0","0","0","0","0","0","0","0","0","0","0","0","0","0","0","0","0","0","0","0","0","0","0","0","0","0","0","0","0","0","0","0","0","0","0","0","0","0","0","0","0","0","0","0","0","0","0","0","0","0","1","B","ผ่าน"
"SCH_G3_0086","2566","2023","10. 2566 REP004-IMPROVEMENT 12 - ตารางสรุปรายงานมาตรฐานแต่ละด้าน พร้อมจำนวนข้อที่ต้องปรับปรุง และจำนวนเด็กที่ผ่านเกณฑ์.xls","79","Sheet1","2566|7253063105","สำนักงานตำรวจแห่งชาติ","กองบัญชาการตำรวจตระเวนชายแดน","กองบังคับการตำรวจตระเวนชายแดนภาค 3","กองกำกับการตำรวจตระเวนชายแดนที่ 31","","","","7253063105","รร.ตชด.ยอดโพธิ์ทอง 1","รร.ตชด.ยอดโพธิ์ทอง 1","01/08/2529","1986-08-01","parsed","","","0","0","0","","0","0","0","0","0","0","0","0","0","0","0","0","0","0","0","0","0","0","0","0","0","0","0","0","0","0","0","0","0","0","0","0","0","0","0","0","0","0","0","0","0","0","0","0","0","0","0","0","0","0","0","0","0","0","0","0","0","0","0","0","0","0","0","0","0","0","0","0","0","0","0","0","0","0","0","0","0","A","ผ่าน"
"SCH_G3_0087","2566","2023","10. 2566 REP004-IMPROVEMENT 12 - ตารางสรุปรายงานมาตรฐานแต่ละด้าน พร้อมจำนวนข้อที่ต้องปรับปรุง และจำนวนเด็กที่ผ่านเกณฑ์.xls","80","Sheet1","2566|7255013224","สำนักงานตำรวจแห่งชาติ","กองบัญชาการตำรวจตระเวนชายแดน","กองบังคับการตำรวจตระเวนชายแดนภาค 3","กองกำกับการตำรวจตระเวนชายแดนที่ 32","","","","7255013224","ศกร.ตชด.บ้านห้วยลู่","ศกร.ตชด.บ้านห้วยลู่","24/01/2563","2020-01-24","parsed","1.2.3,3.1.3ข,3.5.2ข","1.2.3,3.1.3ข,3.5.2ข","3","3","0","","0","0","0","0","0","0","1","0","0","0","0","0","0","0","0","0","0","0","0","0","0","0","0","0","0","0","0","0","0","0","0","0","0","0","0","0","0","0","0","0","0","0","0","0","0","0","0","0","0","0","0","0","0","0","0","0","1","0","0","0","0","0","0","0","1","0","0","0","0","0","0","0","0","0","0","0","3","B","ผ่าน"
"SCH_G3_0088","2566","2023","10. 2566 REP004-IMPROVEMENT 12 - ตารางสรุปรายงานมาตรฐานแต่ละด้าน พร้อมจำนวนข้อที่ต้องปรับปรุง และจำนวนเด็กที่ผ่านเกณฑ์.xls","81","Sheet1","2566|7255023216","สำนักงานตำรวจแห่งชาติ","กองบัญชาการตำรวจตระเวนชายแดน","กองบังคับการตำรวจตระเวนชายแดนภาค 3","กองกำกับการตำรวจตระเวนชายแดนที่ 32","","","","7255023216","รร.ตชด.พีระยานุเคราะห์ฯ 3","รร.ตชด.พีระยานุเคราะห์ฯ 3","26/01/2538","1995-01-26","parsed","1.2.3,3.1.3ข","1.2.3,3.1.3ข","2","2","0","","0","0","0","0","0","0","1","0","0","0","0","0","0","0","0","0","0","0","0","0","0","0","0","0","0","0","0","0","0","0","0","0","0","0","0","0","0","0","0","0","0","0","0","0","0","0","0","0","0","0","0","0","0","0","0","0","1","0","0","0","0","0","0","0","0","0","0","0","0","0","0","0","0","0","0","0","2","B","ผ่าน"
"SCH_G3_0089","2566","2023","10. 2566 REP004-IMPROVEMENT 12 - ตารางสรุปรายงานมาตรฐานแต่ละด้าน พร้อมจำนวนข้อที่ต้องปรับปรุง และจำนวนเด็กที่ผ่านเกณฑ์.xls","82","Sheet1","2566|7255123217","สำนักงานตำรวจแห่งชาติ","กองบัญชาการตำรวจตระเวนชายแดน","กองบังคับการตำรวจตระเวนชายแดนภาค 3","กองกำกับการตำรวจตระเวนชายแดนที่ 32","","","","7255123217","รร.ตชด.เฉลิมฉลอง 100 ปีฯ","รร.ตชด.เฉลิมฉลอง 100 ปีฯ","","","missing","","","0","0","0","","0","0","0","0","0","0","0","0","0","0","0","0","0","0","0","0","0","0","0","0","0","0","0","0","0","0","0","0","0","0","0","0","0","0","0","0","0","0","0","0","0","0","0","0","0","0","0","0","0","0","0","0","0","0","0","0","0","0","0","0","0","0","0","0","0","0","0","0","0","0","0","0","0","0","0","0","0","A","ผ่าน"
"SCH_G3_0091","2566","2023","10. 2566 REP004-IMPROVEMENT 12 - ตารางสรุปรายงานมาตรฐานแต่ละด้าน พร้อมจำนวนข้อที่ต้องปรับปรุง และจำนวนเด็กที่ผ่านเกณฑ์.xls","83","Sheet1","2566|7256063211","สำนักงานตำรวจแห่งชาติ","กองบัญชาการตำรวจตระเวนชายแดน","กองบังคับการตำรวจตระเวนชายแดนภาค 3","กองกำกับการตำรวจตระเวนชายแดนที่ 32","","","","7256063211","รร.ตชด.เบ็ตตี้ดูเมน","รร.ตชด.เบ็ตตี้ดูเมน","12/01/2528","1985-01-12","parsed","1.2.3","1.2.3","1","1","0","","0","0","0","0","0","0","1","0","0","0","0","0","0","0","0","0","0","0","0","0","0","0","0","0","0","0","0","0","0","0","0","0","0","0","0","0","0","0","0","0","0","0","0","0","0","0","0","0","0","0","0","0","0","0","0","0","0","0","0","0","0","0","0","0","0","0","0","0","0","0","0","0","0","0","0","0","1","B","ผ่าน"
"SCH_G3_0092","2566","2023","10. 2566 REP004-IMPROVEMENT 12 - ตารางสรุปรายงานมาตรฐานแต่ละด้าน พร้อมจำนวนข้อที่ต้องปรับปรุง และจำนวนเด็กที่ผ่านเกณฑ์.xls","84","Sheet1","2566|7256113223","สำนักงานตำรวจแห่งชาติ","กองบัญชาการตำรวจตระเวนชายแดน","กองบังคับการตำรวจตระเวนชายแดนภาค 3","กองกำกับการตำรวจตระเวนชายแดนที่ 32","","","","7256113223","ศกร.ตชด.อินทรีอาสา (บ้านห้วยปุ้ม)","ศกร.ตชด.อินทรีอาสา (บ้านห้วยปุ้ม)","10/02/2561","2018-02-10","parsed","1.2.2,1.2.3,1.3.3,1.5.1,1.5.4,3.5.2ข,3.6.2ข","1.2.2,1.2.3,1.3.3,1.5.1,1.5.4,3.5.2ข,3.6.2ข","7","7","0","","0","0","0","0","0","1","1","0","0","0","1","0","0","0","0","0","0","0","0","0","0","0","0","1","0","0","1","0","0","0","0","0","0","0","0","0","0","0","0","0","0","0","0","0","0","0","0","0","0","0","0","0","0","0","0","0","0","0","0","0","0","0","0","0","1","0","0","0","0","1","0","0","0","0","0","0","7","B","ผ่าน"
"SCH_G3_0093","2566","2023","10. 2566 REP004-IMPROVEMENT 12 - ตารางสรุปรายงานมาตรฐานแต่ละด้าน พร้อมจำนวนข้อที่ต้องปรับปรุง และจำนวนเด็กที่ผ่านเกณฑ์.xls","85","Sheet1","2566|7257013213","สำนักงานตำรวจแห่งชาติ","กองบัญชาการตำรวจตระเวนชายแดน","กองบังคับการตำรวจตระเวนชายแดนภาค 3","กองกำกับการตำรวจตระเวนชายแดนที่ 32","","","","7257013213","รร.ตชด.เทคนิคดุสิต","รร.ตชด.เทคนิคดุสิต","14/06/2564","2021-06-14","parsed","1.2.2,1.2.3,1.3.3,1.3.5,1.3.8,1.5.3","1.2.2,1.2.3,1.3.3,1.3.5,1.3.8,1.5.3","6","6","0","","0","0","0","0","0","1","1","0","0","0","1","0","1","0","0","1","0","0","0","0","0","0","0","0","0","1","0","0","0","0","0","0","0","0","0","0","0","0","0","0","0","0","0","0","0","0","0","0","0","0","0","0","0","0","0","0","0","0","0","0","0","0","0","0","0","0","0","0","0","0","0","0","0","0","0","0","6","B","ผ่าน"
"SCH_G3_0094","2566","2023","10. 2566 REP004-IMPROVEMENT 12 - ตารางสรุปรายงานมาตรฐานแต่ละด้าน พร้อมจำนวนข้อที่ต้องปรับปรุง และจำนวนเด็กที่ผ่านเกณฑ์.xls","86","Sheet1","2566|7257013222","สำนักงานตำรวจแห่งชาติ","กองบัญชาการตำรวจตระเวนชายแดน","กองบังคับการตำรวจตระเวนชายแดนภาค 3","กองกำกับการตำรวจตระเวนชายแดนที่ 32","","","","7257013222","ศกร.ตชด.บ้านจะนู (จิราธิวัฒน์อุปถัมภ์)","ศกร.ตชด.บ้านจะนู (จิราธิวัฒน์อุปถัมภ์)","17/02/2568","2025-02-17","parsed","","","0","0","0","","0","0","0","0","0","0","0","0","0","0","0","0","0","0","0","0","0","0","0","0","0","0","0","0","0","0","0","0","0","0","0","0","0","0","0","0","0","0","0","0","0","0","0","0","0","0","0","0","0","0","0","0","0","0","0","0","0","0","0","0","0","0","0","0","0","0","0","0","0","0","0","0","0","0","0","0","0","A","ผ่าน"
"SCH_G3_0095","2566","2023","10. 2566 REP004-IMPROVEMENT 12 - ตารางสรุปรายงานมาตรฐานแต่ละด้าน พร้อมจำนวนข้อที่ต้องปรับปรุง และจำนวนเด็กที่ผ่านเกณฑ์.xls","87","Sheet1","2566|7257033203","สำนักงานตำรวจแห่งชาติ","กองบัญชาการตำรวจตระเวนชายแดน","กองบังคับการตำรวจตระเวนชายแดนภาค 3","กองกำกับการตำรวจตระเวนชายแดนที่ 32","","","","7257033203","รร.ตชด.อาชีวศึกษา เชียงราย-พะเยา","รร.ตชด.อาชีวศึกษา เชียงราย-พะเยา","08/05/2508","1965-05-08","parsed","1.2.3,1.3.5,1.4.4,3.6.1ข","1.2.3,1.3.5,1.4.4,3.6.1ข","4","4","0","","0","0","0","0","0","0","1","0","0","0","0","0","1","0","0","0","0","0","0","1","0","0","0","0","0","0","0","0","0","0","0","0","0","0","0","0","0","0","0","0","0","0","0","0","0","0","0","0","0","0","0","0","0","0","0","0","0","0","0","0","0","0","0","0","0","0","0","0","1","0","0","0","0","0","0","0","4","B","ผ่าน"
"SCH_G3_0096","2566","2023","10. 2566 REP004-IMPROVEMENT 12 - ตารางสรุปรายงานมาตรฐานแต่ละด้าน พร้อมจำนวนข้อที่ต้องปรับปรุง และจำนวนเด็กที่ผ่านเกณฑ์.xls","88","Sheet1","2566|7257103201","สำนักงานตำรวจแห่งชาติ","กองบัญชาการตำรวจตระเวนชายแดน","กองบังคับการตำรวจตระเวนชายแดนภาค 3","กองกำกับการตำรวจตระเวนชายแดนที่ 32","","","","7257103201","รร.ตชด.บ้านดอยล้าน *","รร.ตชด.บ้านดอยล้าน *","01/10/2503","1960-10-01","parsed","","","0","0","0","","0","0","0","0","0","0","0","0","0","0","0","0","0","0","0","0","0","0","0","0","0","0","0","0","0","0","0","0","0","0","0","0","0","0","0","0","0","0","0","0","0","0","0","0","0","0","0","0","0","0","0","0","0","0","0","0","0","0","0","0","0","0","0","0","0","0","0","0","0","0","0","0","0","0","0","0","0","A","ผ่าน"
"SCH_G3_0097","2566","2023","10. 2566 REP004-IMPROVEMENT 12 - ตารางสรุปรายงานมาตรฐานแต่ละด้าน พร้อมจำนวนข้อที่ต้องปรับปรุง และจำนวนเด็กที่ผ่านเกณฑ์.xls","89","Sheet1","2566|7257103221","สำนักงานตำรวจแห่งชาติ","กองบัญชาการตำรวจตระเวนชายแดน","กองบังคับการตำรวจตระเวนชายแดนภาค 3","กองกำกับการตำรวจตระเวนชายแดนที่ 32","","","","7257103221","ศกร.ตชด.อินทรีอาสา (บ้านห้วยน้ำกืน)","ศกร.ตชด.อินทรีอาสา (บ้านห้วยน้ำกืน)","16/05/2567","2024-05-16","parsed","1.2.3,2.2.1,2.3.5","1.2.3,2.2.1,2.3.5","3","3","0","","0","0","0","0","0","0","1","0","0","0","0","0","0","0","0","0","0","0","0","0","0","0","0","0","0","0","0","0","0","0","0","0","1","0","0","0","0","0","0","0","0","1","0","0","0","0","0","0","0","0","0","0","0","0","0","0","0","0","0","0","0","0","0","0","0","0","0","0","0","0","0","0","0","0","0","0","3","B","ผ่าน"
"SCH_G3_0098","2566","2023","10. 2566 REP004-IMPROVEMENT 12 - ตารางสรุปรายงานมาตรฐานแต่ละด้าน พร้อมจำนวนข้อที่ต้องปรับปรุง และจำนวนเด็กที่ผ่านเกณฑ์.xls","90","Sheet1","2566|7257133206","สำนักงานตำรวจแห่งชาติ","กองบัญชาการตำรวจตระเวนชายแดน","กองบังคับการตำรวจตระเวนชายแดนภาค 3","กองกำกับการตำรวจตระเวนชายแดนที่ 32","","","","7257133206","รร.ตชด.ชนัตถ์ปิยะอุย","รร.ตชด.ชนัตถ์ปิยะอุย","09/01/2517","1974-01-09","parsed","","","0","0","0","","0","0","0","0","0","0","0","0","0","0","0","0","0","0","0","0","0","0","0","0","0","0","0","0","0","0","0","0","0","0","0","0","0","0","0","0","0","0","0","0","0","0","0","0","0","0","0","0","0","0","0","0","0","0","0","0","0","0","0","0","0","0","0","0","0","0","0","0","0","0","0","0","0","0","0","0","0","A","ผ่าน"
"SCH_G3_0099","2566","2023","10. 2566 REP004-IMPROVEMENT 12 - ตารางสรุปรายงานมาตรฐานแต่ละด้าน พร้อมจำนวนข้อที่ต้องปรับปรุง และจำนวนเด็กที่ผ่านเกณฑ์.xls","91","Sheet1","2566|7257133219","สำนักงานตำรวจแห่งชาติ","กองบัญชาการตำรวจตระเวนชายแดน","กองบังคับการตำรวจตระเวนชายแดนภาค 3","กองกำกับการตำรวจตระเวนชายแดนที่ 32","","","","7257133219","ศกร.ตชด.บ้านฟ้าไทยงาม","ศกร.ตชด.บ้านฟ้าไทยงาม","16/05/2557","2014-05-16","parsed","","","0","0","0","","0","0","0","0","0","0","0","0","0","0","0","0","0","0","0","0","0","0","0","0","0","0","0","0","0","0","0","0","0","0","0","0","0","0","0","0","0","0","0","0","0","0","0","0","0","0","0","0","0","0","0","0","0","0","0","0","0","0","0","0","0","0","0","0","0","0","0","0","0","0","0","0","0","0","0","0","0","A","ผ่าน"
"SCH_G3_0100","2566","2023","10. 2566 REP004-IMPROVEMENT 12 - ตารางสรุปรายงานมาตรฐานแต่ละด้าน พร้อมจำนวนข้อที่ต้องปรับปรุง และจำนวนเด็กที่ผ่านเกณฑ์.xls","92","Sheet1","2566|7257133220","สำนักงานตำรวจแห่งชาติ","กองบัญชาการตำรวจตระเวนชายแดน","กองบังคับการตำรวจตระเวนชายแดนภาค 3","กองกำกับการตำรวจตระเวนชายแดนที่ 32","","","","7257133220","ศกร.ตชด.บ้านห้วยกุ๊ก","ศกร.ตชด.บ้านห้วยกุ๊ก","28/07/2564","2021-07-28","parsed","","","0","0","0","","0","0","0","0","0","0","0","0","0","0","0","0","0","0","0","0","0","0","0","0","0","0","0","0","0","0","0","0","0","0","0","0","0","0","0","0","0","0","0","0","0","0","0","0","0","0","0","0","0","0","0","0","0","0","0","0","0","0","0","0","0","0","0","0","0","0","0","0","0","0","0","0","0","0","0","0","0","A","ผ่าน"
"SCH_G3_0101","2566","2023","10. 2566 REP004-IMPROVEMENT 12 - ตารางสรุปรายงานมาตรฐานแต่ละด้าน พร้อมจำนวนข้อที่ต้องปรับปรุง และจำนวนเด็กที่ผ่านเกณฑ์.xls","93","Sheet1","2566|7257153208","สำนักงานตำรวจแห่งชาติ","กองบัญชาการตำรวจตระเวนชายแดน","กองบังคับการตำรวจตระเวนชายแดนภาค 3","กองกำกับการตำรวจตระเวนชายแดนที่ 32","","","","7257153208","รร.ตชด.เจ้าพ่อหลวงอุปถัมภ์ 4 *","รร.ตชด.เจ้าพ่อหลวงอุปถัมภ์ 4 *","01/01/2508","1965-01-01","parsed","","","0","0","0","","0","0","0","0","0","0","0","0","0","0","0","0","0","0","0","0","0","0","0","0","0","0","0","0","0","0","0","0","0","0","0","0","0","0","0","0","0","0","0","0","0","0","0","0","0","0","0","0","0","0","0","0","0","0","0","0","0","0","0","0","0","0","0","0","0","0","0","0","0","0","0","0","0","0","0","0","0","A","ผ่าน"
"SCH_G3_0103","2566","2023","10. 2566 REP004-IMPROVEMENT 12 - ตารางสรุปรายงานมาตรฐานแต่ละด้าน พร้อมจำนวนข้อที่ต้องปรับปรุง และจำนวนเด็กที่ผ่านเกณฑ์.xls","94","Sheet1","2566|7257153214","สำนักงานตำรวจแห่งชาติ","กองบัญชาการตำรวจตระเวนชายแดน","กองบังคับการตำรวจตระเวนชายแดนภาค 3","กองกำกับการตำรวจตระเวนชายแดนที่ 32","","","","7257153214","รร.ตชด.สังวาลย์วิท 8 *","รร.ตชด.สังวาลย์วิท 8 *","17/05/2566","2023-05-17","parsed","1.2.3","1.2.3","1","1","0","","0","0","0","0","0","0","1","0","0","0","0","0","0","0","0","0","0","0","0","0","0","0","0","0","0","0","0","0","0","0","0","0","0","0","0","0","0","0","0","0","0","0","0","0","0","0","0","0","0","0","0","0","0","0","0","0","0","0","0","0","0","0","0","0","0","0","0","0","0","0","0","0","0","0","0","0","1","B","ผ่าน"
"SCH_G3_0104","2566","2023","10. 2566 REP004-IMPROVEMENT 12 - ตารางสรุปรายงานมาตรฐานแต่ละด้าน พร้อมจำนวนข้อที่ต้องปรับปรุง และจำนวนเด็กที่ผ่านเกณฑ์.xls","95","Sheet1","2566|7258013323","สำนักงานตำรวจแห่งชาติ","กองบัญชาการตำรวจตระเวนชายแดน","กองบังคับการตำรวจตระเวนชายแดนภาค 3","กองกำกับการตำรวจตระเวนชายแดนที่ 33","","","","7258013323","ศกร.ตชด.บ้านดอยแสง","ศกร.ตชด.บ้านดอยแสง","16/05/2558","2015-05-16","parsed","","","0","0","0","","0","0","0","0","0","0","0","0","0","0","0","0","0","0","0","0","0","0","0","0","0","0","0","0","0","0","0","0","0","0","0","0","0","0","0","0","0","0","0","0","0","0","0","0","0","0","0","0","0","0","0","0","0","0","0","0","0","0","0","0","0","0","0","0","0","0","0","0","0","0","0","0","0","0","0","0","0","A","ผ่าน"
"SCH_G3_0108","2566","2023","10. 2566 REP004-IMPROVEMENT 12 - ตารางสรุปรายงานมาตรฐานแต่ละด้าน พร้อมจำนวนข้อที่ต้องปรับปรุง และจำนวนเด็กที่ผ่านเกณฑ์.xls","96","Sheet1","2566|7258043321","สำนักงานตำรวจแห่งชาติ","กองบัญชาการตำรวจตระเวนชายแดน","กองบังคับการตำรวจตระเวนชายแดนภาค 3","กองกำกับการตำรวจตระเวนชายแดนที่ 33","","","","7258043321","ศกร.ตชด.บ้านปอหมื้อ","ศกร.ตชด.บ้านปอหมื้อ","17/05/2565","2022-05-17","parsed","","","0","0","0","","0","0","0","0","0","0","0","0","0","0","0","0","0","0","0","0","0","0","0","0","0","0","0","0","0","0","0","0","0","0","0","0","0","0","0","0","0","0","0","0","0","0","0","0","0","0","0","0","0","0","0","0","0","0","0","0","0","0","0","0","0","0","0","0","0","0","0","0","0","0","0","0","0","0","0","0","0","A","ผ่าน"
"SCH_G3_0110","2566","2023","10. 2566 REP004-IMPROVEMENT 12 - ตารางสรุปรายงานมาตรฐานแต่ละด้าน พร้อมจำนวนข้อที่ต้องปรับปรุง และจำนวนเด็กที่ผ่านเกณฑ์.xls","97","Sheet1","2566|7258043327","สำนักงานตำรวจแห่งชาติ","กองบัญชาการตำรวจตระเวนชายแดน","กองบังคับการตำรวจตระเวนชายแดนภาค 3","กองกำกับการตำรวจตระเวนชายแดนที่ 33","","","","7258043327","ศกร.ตชด.บ้านแม่เหลอ","ศกร.ตชด.บ้านแม่เหลอ","30/07/2564","2021-07-30","parsed","","","0","0","0","","0","0","0","0","0","0","0","0","0","0","0","0","0","0","0","0","0","0","0","0","0","0","0","0","0","0","0","0","0","0","0","0","0","0","0","0","0","0","0","0","0","0","0","0","0","0","0","0","0","0","0","0","0","0","0","0","0","0","0","0","0","0","0","0","0","0","0","0","0","0","0","0","0","0","0","0","0","A","ผ่าน"
"SCH_G3_0111","2566","2023","10. 2566 REP004-IMPROVEMENT 12 - ตารางสรุปรายงานมาตรฐานแต่ละด้าน พร้อมจำนวนข้อที่ต้องปรับปรุง และจำนวนเด็กที่ผ่านเกณฑ์.xls","98","Sheet1","2566|7258053308","สำนักงานตำรวจแห่งชาติ","กองบัญชาการตำรวจตระเวนชายแดน","กองบังคับการตำรวจตระเวนชายแดนภาค 3","กองกำกับการตำรวจตระเวนชายแดนที่ 33","","","","7258053308","รร.ตชด.บ้านแม่ลางิ้ว","รร.ตชด.บ้านแม่ลางิ้ว","05/08/2525","1982-08-05","parsed","","","0","0","0","","0","0","0","0","0","0","0","0","0","0","0","0","0","0","0","0","0","0","0","0","0","0","0","0","0","0","0","0","0","0","0","0","0","0","0","0","0","0","0","0","0","0","0","0","0","0","0","0","0","0","0","0","0","0","0","0","0","0","0","0","0","0","0","0","0","0","0","0","0","0","0","0","0","0","0","0","0","A","ผ่าน"
"SCH_G3_0112","2566","2023","10. 2566 REP004-IMPROVEMENT 12 - ตารางสรุปรายงานมาตรฐานแต่ละด้าน พร้อมจำนวนข้อที่ต้องปรับปรุง และจำนวนเด็กที่ผ่านเกณฑ์.xls","99","Sheet1","2566|7258053309","สำนักงานตำรวจแห่งชาติ","กองบัญชาการตำรวจตระเวนชายแดน","กองบังคับการตำรวจตระเวนชายแดนภาค 3","กองกำกับการตำรวจตระเวนชายแดนที่ 33","","","","7258053309","รร.ตชด.บ้านตุน","รร.ตชด.บ้านตุน","30/07/2564","2021-07-30","parsed","","","0","0","0","","0","0","0","0","0","0","0","0","0","0","0","0","0","0","0","0","0","0","0","0","0","0","0","0","0","0","0","0","0","0","0","0","0","0","0","0","0","0","0","0","0","0","0","0","0","0","0","0","0","0","0","0","0","0","0","0","0","0","0","0","0","0","0","0","0","0","0","0","0","0","0","0","0","0","0","0","0","A","ผ่าน"
"SCH_G3_0114","2566","2023","10. 2566 REP004-IMPROVEMENT 12 - ตารางสรุปรายงานมาตรฐานแต่ละด้าน พร้อมจำนวนข้อที่ต้องปรับปรุง และจำนวนเด็กที่ผ่านเกณฑ์.xls","100","Sheet1","2566|7258073305","สำนักงานตำรวจแห่งชาติ","กองบัญชาการตำรวจตระเวนชายแดน","กองบังคับการตำรวจตระเวนชายแดนภาค 3","กองกำกับการตำรวจตระเวนชายแดนที่ 33","","","","7258073305","รร.ตชด.ชมรมอนุรักษ์พุทธศิลปไทยอนุสรณ์","รร.ตชด.ชมรมอนุรักษ์พุทธศิลปไทยอนุสรณ์","","","missing","3.6.1ข,3.6.2ข,3.6.3ข,3.6.4ข","3.6.1ข,3.6.2ข,3.6.3ข,3.6.4ข","4","4","0","","0","0","0","0","0","0","0","0","0","0","0","0","0","0","0","0","0","0","0","0","0","0","0","0","0","0","0","0","0","0","0","0","0","0","0","0","0","0","0","0","0","0","0","0","0","0","0","0","0","0","0","0","0","0","0","0","0","0","0","0","0","0","0","0","0","0","0","0","1","1","1","1","0","0","0","0","4","B","ผ่าน"
"SCH_G3_0115","2566","2023","10. 2566 REP004-IMPROVEMENT 12 - ตารางสรุปรายงานมาตรฐานแต่ละด้าน พร้อมจำนวนข้อที่ต้องปรับปรุง และจำนวนเด็กที่ผ่านเกณฑ์.xls","101","Sheet1","2566|7258073313","สำนักงานตำรวจแห่งชาติ","กองบัญชาการตำรวจตระเวนชายแดน","กองบังคับการตำรวจตระเวนชายแดนภาค 3","กองกำกับการตำรวจตระเวนชายแดนที่ 33","","","","7258073313","รร.ตชด.ชมรมอนุรักษ์พุทธศิลปไทยอนุสรณ์ 2","รร.ตชด.ชมรมอนุรักษ์พุทธศิลปไทยอนุสรณ์ 2","04/04/2534","1991-04-04","parsed","","","0","0","0","","0","0","0","0","0","0","0","0","0","0","0","0","0","0","0","0","0","0","0","0","0","0","0","0","0","0","0","0","0","0","0","0","0","0","0","0","0","0","0","0","0","0","0","0","0","0","0","0","0","0","0","0","0","0","0","0","0","0","0","0","0","0","0","0","0","0","0","0","0","0","0","0","0","0","0","0","0","A","ผ่าน"
"SCH_G3_0116","2566","2023","10. 2566 REP004-IMPROVEMENT 12 - ตารางสรุปรายงานมาตรฐานแต่ละด้าน พร้อมจำนวนข้อที่ต้องปรับปรุง และจำนวนเด็กที่ผ่านเกณฑ์.xls","102","Sheet1","2566|7258073324","สำนักงานตำรวจแห่งชาติ","กองบัญชาการตำรวจตระเวนชายแดน","กองบังคับการตำรวจตระเวนชายแดนภาค 3","กองกำกับการตำรวจตระเวนชายแดนที่ 33","","","","7258073324","ศกร.ตชด.เฉลิมพระเกียรติ ฯ บ้านน้ำบ่อสะเป่","ศกร.ตชด.เฉลิมพระเกียรติ ฯ บ้านน้ำบ่อสะเป่","16/05/2557","2014-05-16","parsed","1.3.1,1.3.2,1.3.3,1.4.3,1.4.4,1.4.5,1.4.6,3.5.1ข,3.5.2ข,3.5.3ข,3.6.1ข,3.6.2ข,3.6.3ข","1.3.1,1.3.2,1.3.3,1.4.3,1.4.4,1.4.5,1.4.6,3.5.1ข,3.5.2ข,3.5.3ข,3.6.1ข,3.6.2ข,3.6.3ข","13","13","0","","0","0","0","0","0","0","0","0","1","1","1","0","0","0","0","0","0","0","1","1","1","1","0","0","0","0","0","0","0","0","0","0","0","0","0","0","0","0","0","0","0","0","0","0","0","0","0","0","0","0","0","0","0","0","0","0","0","0","0","0","0","0","0","1","1","1","0","0","1","1","1","0","0","0","0","0","13","C","ผ่าน"
"SCH_G3_0117","2566","2023","10. 2566 REP004-IMPROVEMENT 12 - ตารางสรุปรายงานมาตรฐานแต่ละด้าน พร้อมจำนวนข้อที่ต้องปรับปรุง และจำนวนเด็กที่ผ่านเกณฑ์.xls","103","Sheet1","2566|7258133330","สำนักงานตำรวจแห่งชาติ","กองบัญชาการตำรวจตระเวนชายแดน","กองบังคับการตำรวจตระเวนชายแดนภาค 3","กองกำกับการตำรวจตระเวนชายแดนที่ 33","","","","7258133330","ศกร.ตชด.พลเอก อรชุน พิบูลนครินทร์","ศกร.ตชด.พลเอก อรชุน พิบูลนครินทร์","01/05/2559","2016-05-01","parsed","","","0","0","0","","0","0","0","0","0","0","0","0","0","0","0","0","0","0","0","0","0","0","0","0","0","0","0","0","0","0","0","0","0","0","0","0","0","0","0","0","0","0","0","0","0","0","0","0","0","0","0","0","0","0","0","0","0","0","0","0","0","0","0","0","0","0","0","0","0","0","0","0","0","0","0","0","0","0","0","0","0","A","ผ่าน"
"SCH_G3_0119","2566","2023","10. 2566 REP004-IMPROVEMENT 12 - ตารางสรุปรายงานมาตรฐานแต่ละด้าน พร้อมจำนวนข้อที่ต้องปรับปรุง และจำนวนเด็กที่ผ่านเกณฑ์.xls","104","Sheet1","2566|7263043403","สำนักงานตำรวจแห่งชาติ","กองบัญชาการตำรวจตระเวนชายแดน","กองบังคับการตำรวจตระเวนชายแดนภาค 3","กองกำกับการตำรวจตระเวนชายแดนที่ 34","","","","7263043403","รร.ตชด.เฉลิมพระเกียรติ 7 รอบฯ (บ้านแพะ จังหวัดตาก)","รร.ตชด.เฉลิมพระเกียรติ 7 รอบฯ (บ้านแพะ จังหวัดตาก)","09/06/2524","1981-06-09","parsed","1.2.3,3.4.1ข,3.4.2ข","1.2.3,3.4.1ข,3.4.2ข","3","3","0","","0","0","0","0","0","0","1","0","0","0","0","0","0","0","0","0","0","0","0","0","0","0","0","0","0","0","0","0","0","0","0","0","0","0","0","0","0","0","0","0","0","0","0","0","0","0","0","0","0","0","0","0","0","0","0","0","0","0","0","0","1","1","0","0","0","0","0","0","0","0","0","0","0","0","0","0","3","B","ผ่าน"
"SCH_G3_0120","2566","2023","10. 2566 REP004-IMPROVEMENT 12 - ตารางสรุปรายงานมาตรฐานแต่ละด้าน พร้อมจำนวนข้อที่ต้องปรับปรุง และจำนวนเด็กที่ผ่านเกณฑ์.xls","105","Sheet1","2566|7263043419","สำนักงานตำรวจแห่งชาติ","กองบัญชาการตำรวจตระเวนชายแดน","กองบังคับการตำรวจตระเวนชายแดนภาค 3","กองกำกับการตำรวจตระเวนชายแดนที่ 34","","","","7263043419","รร.ตชด.หม่อมราชวงศ์เฉลิมลักษณ์ จันทรเสน (ขยายโอกาส)","รร.ตชด.หม่อมราชวงศ์เฉลิมลักษณ์ จันทรเสน (ขยายโอกาส)","07/02/2545","2002-02-07","parsed","3.6.2ข,3.6.3ข,3.6.4ข","3.6.2ข,3.6.3ข,3.6.4ข","3","3","0","","0","0","0","0","0","0","0","0","0","0","0","0","0","0","0","0","0","0","0","0","0","0","0","0","0","0","0","0","0","0","0","0","0","0","0","0","0","0","0","0","0","0","0","0","0","0","0","0","0","0","0","0","0","0","0","0","0","0","0","0","0","0","0","0","0","0","0","0","0","1","1","1","0","0","0","0","3","B","ผ่าน"
"SCH_G3_0121","2566","2023","10. 2566 REP004-IMPROVEMENT 12 - ตารางสรุปรายงานมาตรฐานแต่ละด้าน พร้อมจำนวนข้อที่ต้องปรับปรุง และจำนวนเด็กที่ผ่านเกณฑ์.xls","106","Sheet1","2566|7263043420","สำนักงานตำรวจแห่งชาติ","กองบัญชาการตำรวจตระเวนชายแดน","กองบังคับการตำรวจตระเวนชายแดนภาค 3","กองกำกับการตำรวจตระเวนชายแดนที่ 34","","","","7263043420","ศกร.ตชด.บ้านทีวะเบยทะ *","ศกร.ตชด.บ้านทีวะเบยทะ *","16/05/2545","2002-05-16","parsed","1.2.3","1.2.3","1","1","0","","0","0","0","0","0","0","1","0","0","0","0","0","0","0","0","0","0","0","0","0","0","0","0","0","0","0","0","0","0","0","0","0","0","0","0","0","0","0","0","0","0","0","0","0","0","0","0","0","0","0","0","0","0","0","0","0","0","0","0","0","0","0","0","0","0","0","0","0","0","0","0","0","0","0","0","0","1","B","ผ่าน"
"SCH_G3_0122","2566","2023","10. 2566 REP004-IMPROVEMENT 12 - ตารางสรุปรายงานมาตรฐานแต่ละด้าน พร้อมจำนวนข้อที่ต้องปรับปรุง และจำนวนเด็กที่ผ่านเกณฑ์.xls","107","Sheet1","2566|7263043421","สำนักงานตำรวจแห่งชาติ","กองบัญชาการตำรวจตระเวนชายแดน","กองบังคับการตำรวจตระเวนชายแดนภาค 3","กองกำกับการตำรวจตระเวนชายแดนที่ 34","","","","7263043421","ศกร.ตชด.บ้านวะกะเลโค๊ะ *(เอ็ม เอส ไอ จี อุปถัมภ์)","ศกร.ตชด.บ้านวะกะเลโค๊ะ *(เอ็ม เอส ไอ จี อุปถัมภ์)","16/05/2546","2003-05-16","parsed","1.2.3,3.3.1ข","1.2.3,3.3.1ข","2","2","0","","0","0","0","0","0","0","1","0","0","0","0","0","0","0","0","0","0","0","0","0","0","0","0","0","0","0","0","0","0","0","0","0","0","0","0","0","0","0","0","0","0","0","0","0","0","0","0","0","0","0","0","0","0","0","0","0","0","0","1","0","0","0","0","0","0","0","0","0","0","0","0","0","0","0","0","0","2","B","ผ่าน"
"SCH_G3_0123","2566","2023","10. 2566 REP004-IMPROVEMENT 12 - ตารางสรุปรายงานมาตรฐานแต่ละด้าน พร้อมจำนวนข้อที่ต้องปรับปรุง และจำนวนเด็กที่ผ่านเกณฑ์.xls","108","Sheet1","2566|7263043422","สำนักงานตำรวจแห่งชาติ","กองบัญชาการตำรวจตระเวนชายแดน","กองบังคับการตำรวจตระเวนชายแดนภาค 3","กองกำกับการตำรวจตระเวนชายแดนที่ 34","","","","7263043422","ศกร.ตชด.บ้านเลผะสุคี *","ศกร.ตชด.บ้านเลผะสุคี *","16/05/2546","2003-05-16","parsed","","","0","0","0","","0","0","0","0","0","0","0","0","0","0","0","0","0","0","0","0","0","0","0","0","0","0","0","0","0","0","0","0","0","0","0","0","0","0","0","0","0","0","0","0","0","0","0","0","0","0","0","0","0","0","0","0","0","0","0","0","0","0","0","0","0","0","0","0","0","0","0","0","0","0","0","0","0","0","0","0","0","A","ผ่าน"
"SCH_G3_0124","2566","2023","10. 2566 REP004-IMPROVEMENT 12 - ตารางสรุปรายงานมาตรฐานแต่ละด้าน พร้อมจำนวนข้อที่ต้องปรับปรุง และจำนวนเด็กที่ผ่านเกณฑ์.xls","109","Sheet1","2566|7263043427","สำนักงานตำรวจแห่งชาติ","กองบัญชาการตำรวจตระเวนชายแดน","กองบังคับการตำรวจตระเวนชายแดนภาค 3","กองกำกับการตำรวจตระเวนชายแดนที่ 34","","","","7263043427","ศกร.ตชด.บ้านห้วยสลุง","ศกร.ตชด.บ้านห้วยสลุง","16/05/2560","2017-05-16","parsed","","","0","0","0","","0","0","0","0","0","0","0","0","0","0","0","0","0","0","0","0","0","0","0","0","0","0","0","0","0","0","0","0","0","0","0","0","0","0","0","0","0","0","0","0","0","0","0","0","0","0","0","0","0","0","0","0","0","0","0","0","0","0","0","0","0","0","0","0","0","0","0","0","0","0","0","0","0","0","0","0","0","A","ผ่าน"
"SCH_G3_0125","2566","2023","10. 2566 REP004-IMPROVEMENT 12 - ตารางสรุปรายงานมาตรฐานแต่ละด้าน พร้อมจำนวนข้อที่ต้องปรับปรุง และจำนวนเด็กที่ผ่านเกณฑ์.xls","110","Sheet1","2566|7263043428","สำนักงานตำรวจแห่งชาติ","กองบัญชาการตำรวจตระเวนชายแดน","กองบังคับการตำรวจตระเวนชายแดนภาค 3","กองกำกับการตำรวจตระเวนชายแดนที่ 34","","","","7263043428","ศูนย์การเรียนตำรวจตระเวนชายแดนธนาคารออมสินอุปถัมภ์ (บ้านเทอคี)","ศูนย์การเรียนตำรวจตระเวนชายแดนธนาคารออมสินอุปถัมภ์ (บ้านเทอคี)","14/06/2564","2021-06-14","parsed","","","0","0","0","","0","0","0","0","0","0","0","0","0","0","0","0","0","0","0","0","0","0","0","0","0","0","0","0","0","0","0","0","0","0","0","0","0","0","0","0","0","0","0","0","0","0","0","0","0","0","0","0","0","0","0","0","0","0","0","0","0","0","0","0","0","0","0","0","0","0","0","0","0","0","0","0","0","0","0","0","0","A","ผ่าน"
"SCH_G3_0126","2566","2023","10. 2566 REP004-IMPROVEMENT 12 - ตารางสรุปรายงานมาตรฐานแต่ละด้าน พร้อมจำนวนข้อที่ต้องปรับปรุง และจำนวนเด็กที่ผ่านเกณฑ์.xls","111","Sheet1","2566|7263053402","สำนักงานตำรวจแห่งชาติ","กองบัญชาการตำรวจตระเวนชายแดน","กองบังคับการตำรวจตระเวนชายแดนภาค 3","กองกำกับการตำรวจตระเวนชายแดนที่ 34","","","","7263053402","รร.ตชด.จุฬา - ธรรมศาสตร์ 3","รร.ตชด.จุฬา - ธรรมศาสตร์ 3","07/09/2515","1972-09-07","parsed","","","0","0","0","","0","0","0","0","0","0","0","0","0","0","0","0","0","0","0","0","0","0","0","0","0","0","0","0","0","0","0","0","0","0","0","0","0","0","0","0","0","0","0","0","0","0","0","0","0","0","0","0","0","0","0","0","0","0","0","0","0","0","0","0","0","0","0","0","0","0","0","0","0","0","0","0","0","0","0","0","0","A","ผ่าน"
"SCH_G3_0127","2566","2023","10. 2566 REP004-IMPROVEMENT 12 - ตารางสรุปรายงานมาตรฐานแต่ละด้าน พร้อมจำนวนข้อที่ต้องปรับปรุง และจำนวนเด็กที่ผ่านเกณฑ์.xls","112","Sheet1","2566|7263053404","สำนักงานตำรวจแห่งชาติ","กองบัญชาการตำรวจตระเวนชายแดน","กองบังคับการตำรวจตระเวนชายแดนภาค 3","กองกำกับการตำรวจตระเวนชายแดนที่ 34","","","","7263053404","รร.ตชด.เทคนิคอาสา 1","รร.ตชด.เทคนิคอาสา 1","15/03/2528","1985-03-15","parsed","","","0","0","0","","0","0","0","0","0","0","0","0","0","0","0","0","0","0","0","0","0","0","0","0","0","0","0","0","0","0","0","0","0","0","0","0","0","0","0","0","0","0","0","0","0","0","0","0","0","0","0","0","0","0","0","0","0","0","0","0","0","0","0","0","0","0","0","0","0","0","0","0","0","0","0","0","0","0","0","0","0","A","ผ่าน"
"SCH_G3_0128","2566","2023","10. 2566 REP004-IMPROVEMENT 12 - ตารางสรุปรายงานมาตรฐานแต่ละด้าน พร้อมจำนวนข้อที่ต้องปรับปรุง และจำนวนเด็กที่ผ่านเกณฑ์.xls","113","Sheet1","2566|7263053409","สำนักงานตำรวจแห่งชาติ","กองบัญชาการตำรวจตระเวนชายแดน","กองบังคับการตำรวจตระเวนชายแดนภาค 3","กองกำกับการตำรวจตระเวนชายแดนที่ 34","","","","7263053409","รร.ตชด.บ้านกามาผาโด้","รร.ตชด.บ้านกามาผาโด้","16/05/2526","1983-05-16","parsed","","","0","0","0","","0","0","0","0","0","0","0","0","0","0","0","0","0","0","0","0","0","0","0","0","0","0","0","0","0","0","0","0","0","0","0","0","0","0","0","0","0","0","0","0","0","0","0","0","0","0","0","0","0","0","0","0","0","0","0","0","0","0","0","0","0","0","0","0","0","0","0","0","0","0","0","0","0","0","0","0","0","A","ผ่าน"
"SCH_G3_0130","2566","2023","10. 2566 REP004-IMPROVEMENT 12 - ตารางสรุปรายงานมาตรฐานแต่ละด้าน พร้อมจำนวนข้อที่ต้องปรับปรุง และจำนวนเด็กที่ผ่านเกณฑ์.xls","114","Sheet1","2566|7263053415","สำนักงานตำรวจแห่งชาติ","กองบัญชาการตำรวจตระเวนชายแดน","กองบังคับการตำรวจตระเวนชายแดนภาค 3","กองกำกับการตำรวจตระเวนชายแดนที่ 34","","","","7263053415","ศกร.ตชด.บ้านแม่ละนา *","ศกร.ตชด.บ้านแม่ละนา *","16/05/2546","2003-05-16","parsed","","","0","0","0","","0","0","0","0","0","0","0","0","0","0","0","0","0","0","0","0","0","0","0","0","0","0","0","0","0","0","0","0","0","0","0","0","0","0","0","0","0","0","0","0","0","0","0","0","0","0","0","0","0","0","0","0","0","0","0","0","0","0","0","0","0","0","0","0","0","0","0","0","0","0","0","0","0","0","0","0","0","A","ผ่าน"
"SCH_G3_0131","2566","2023","10. 2566 REP004-IMPROVEMENT 12 - ตารางสรุปรายงานมาตรฐานแต่ละด้าน พร้อมจำนวนข้อที่ต้องปรับปรุง และจำนวนเด็กที่ผ่านเกณฑ์.xls","115","Sheet1","2566|7263053416","สำนักงานตำรวจแห่งชาติ","กองบัญชาการตำรวจตระเวนชายแดน","กองบังคับการตำรวจตระเวนชายแดนภาค 3","กองกำกับการตำรวจตระเวนชายแดนที่ 34","","","","7263053416","ศกร.ตชด.บ้านพอบือละคี *","ศกร.ตชด.บ้านพอบือละคี *","16/05/2545","2002-05-16","parsed","","","0","0","0","","0","0","0","0","0","0","0","0","0","0","0","0","0","0","0","0","0","0","0","0","0","0","0","0","0","0","0","0","0","0","0","0","0","0","0","0","0","0","0","0","0","0","0","0","0","0","0","0","0","0","0","0","0","0","0","0","0","0","0","0","0","0","0","0","0","0","0","0","0","0","0","0","0","0","0","0","0","A","ผ่าน"
"SCH_G3_0132","2566","2023","10. 2566 REP004-IMPROVEMENT 12 - ตารางสรุปรายงานมาตรฐานแต่ละด้าน พร้อมจำนวนข้อที่ต้องปรับปรุง และจำนวนเด็กที่ผ่านเกณฑ์.xls","116","Sheet1","2566|7263053417","สำนักงานตำรวจแห่งชาติ","กองบัญชาการตำรวจตระเวนชายแดน","กองบังคับการตำรวจตระเวนชายแดนภาค 3","กองกำกับการตำรวจตระเวนชายแดนที่ 34","","","","7263053417","ศกร.ตชด.บ้านแม่หละคี *","ศกร.ตชด.บ้านแม่หละคี *","08/02/2566","2023-02-08","parsed","","","0","0","0","","0","0","0","0","0","0","0","0","0","0","0","0","0","0","0","0","0","0","0","0","0","0","0","0","0","0","0","0","0","0","0","0","0","0","0","0","0","0","0","0","0","0","0","0","0","0","0","0","0","0","0","0","0","0","0","0","0","0","0","0","0","0","0","0","0","0","0","0","0","0","0","0","0","0","0","0","0","A","ผ่าน"
"SCH_G3_0133","2566","2023","10. 2566 REP004-IMPROVEMENT 12 - ตารางสรุปรายงานมาตรฐานแต่ละด้าน พร้อมจำนวนข้อที่ต้องปรับปรุง และจำนวนเด็กที่ผ่านเกณฑ์.xls","117","Sheet1","2566|7263053418","สำนักงานตำรวจแห่งชาติ","กองบัญชาการตำรวจตระเวนชายแดน","กองบังคับการตำรวจตระเวนชายแดนภาค 3","กองกำกับการตำรวจตระเวนชายแดนที่ 34","","","","7263053418","ศกร.ตชด.บ้านคะเนจือทะ *","ศกร.ตชด.บ้านคะเนจือทะ *","16/07/2545","2002-07-16","parsed","1.2.3","1.2.3","1","1","0","","0","0","0","0","0","0","1","0","0","0","0","0","0","0","0","0","0","0","0","0","0","0","0","0","0","0","0","0","0","0","0","0","0","0","0","0","0","0","0","0","0","0","0","0","0","0","0","0","0","0","0","0","0","0","0","0","0","0","0","0","0","0","0","0","0","0","0","0","0","0","0","0","0","0","0","0","1","B","ผ่าน"
"SCH_G3_0135","2566","2023","10. 2566 REP004-IMPROVEMENT 12 - ตารางสรุปรายงานมาตรฐานแต่ละด้าน พร้อมจำนวนข้อที่ต้องปรับปรุง และจำนวนเด็กที่ผ่านเกณฑ์.xls","118","Sheet1","2566|7263053424","สำนักงานตำรวจแห่งชาติ","กองบัญชาการตำรวจตระเวนชายแดน","กองบังคับการตำรวจตระเวนชายแดนภาค 3","กองกำกับการตำรวจตระเวนชายแดนที่ 34","","","","7263053424","ศกร.ตชด.บ้านตีนดอย *","ศกร.ตชด.บ้านตีนดอย *","30/01/2547","2004-01-30","parsed","1.2.3","1.2.3","1","1","0","","0","0","0","0","0","0","1","0","0","0","0","0","0","0","0","0","0","0","0","0","0","0","0","0","0","0","0","0","0","0","0","0","0","0","0","0","0","0","0","0","0","0","0","0","0","0","0","0","0","0","0","0","0","0","0","0","0","0","0","0","0","0","0","0","0","0","0","0","0","0","0","0","0","0","0","0","1","B","ผ่าน"
"SCH_G3_0136","2566","2023","10. 2566 REP004-IMPROVEMENT 12 - ตารางสรุปรายงานมาตรฐานแต่ละด้าน พร้อมจำนวนข้อที่ต้องปรับปรุง และจำนวนเด็กที่ผ่านเกณฑ์.xls","119","Sheet1","2566|7263063412","สำนักงานตำรวจแห่งชาติ","กองบัญชาการตำรวจตระเวนชายแดน","กองบังคับการตำรวจตระเวนชายแดนภาค 3","กองกำกับการตำรวจตระเวนชายแดนที่ 34","","","","7263063412","รร.ตชด.ท่านผู้หญิงทวี มณีนุตร","รร.ตชด.ท่านผู้หญิงทวี มณีนุตร","01/05/2541","1998-05-01","parsed","","","0","0","0","","0","0","0","0","0","0","0","0","0","0","0","0","0","0","0","0","0","0","0","0","0","0","0","0","0","0","0","0","0","0","0","0","0","0","0","0","0","0","0","0","0","0","0","0","0","0","0","0","0","0","0","0","0","0","0","0","0","0","0","0","0","0","0","0","0","0","0","0","0","0","0","0","0","0","0","0","0","A","ผ่าน"
"SCH_G3_0137","2566","2023","10. 2566 REP004-IMPROVEMENT 12 - ตารางสรุปรายงานมาตรฐานแต่ละด้าน พร้อมจำนวนข้อที่ต้องปรับปรุง และจำนวนเด็กที่ผ่านเกณฑ์.xls","120","Sheet1","2566|7263063425","สำนักงานตำรวจแห่งชาติ","กองบัญชาการตำรวจตระเวนชายแดน","กองบังคับการตำรวจตระเวนชายแดนภาค 3","กองกำกับการตำรวจตระเวนชายแดนที่ 34","","","","7263063425","รร.ตชด.ศาสตราจารย์สำเภา-ไพวรรณ วรางกูร","รร.ตชด.ศาสตราจารย์สำเภา-ไพวรรณ วรางกูร","16/05/2557","2014-05-16","parsed","","","0","0","0","","0","0","0","0","0","0","0","0","0","0","0","0","0","0","0","0","0","0","0","0","0","0","0","0","0","0","0","0","0","0","0","0","0","0","0","0","0","0","0","0","0","0","0","0","0","0","0","0","0","0","0","0","0","0","0","0","0","0","0","0","0","0","0","0","0","0","0","0","0","0","0","0","0","0","0","0","0","A","ผ่าน"
"SCH_G3_0138","2566","2023","10. 2566 REP004-IMPROVEMENT 12 - ตารางสรุปรายงานมาตรฐานแต่ละด้าน พร้อมจำนวนข้อที่ต้องปรับปรุง และจำนวนเด็กที่ผ่านเกณฑ์.xls","121","Sheet1","2566|7263083405","สำนักงานตำรวจแห่งชาติ","กองบัญชาการตำรวจตระเวนชายแดน","กองบังคับการตำรวจตระเวนชายแดนภาค 3","กองกำกับการตำรวจตระเวนชายแดนที่ 34","","","","7263083405","รร.ตชด.บ้านแม่กลองคี","รร.ตชด.บ้านแม่กลองคี","25/02/2528","1985-02-25","parsed","","","0","0","0","","0","0","0","0","0","0","0","0","0","0","0","0","0","0","0","0","0","0","0","0","0","0","0","0","0","0","0","0","0","0","0","0","0","0","0","0","0","0","0","0","0","0","0","0","0","0","0","0","0","0","0","0","0","0","0","0","0","0","0","0","0","0","0","0","0","0","0","0","0","0","0","0","0","0","0","0","0","A","ผ่าน"
"SCH_G3_0140","2566","2023","10. 2566 REP004-IMPROVEMENT 12 - ตารางสรุปรายงานมาตรฐานแต่ละด้าน พร้อมจำนวนข้อที่ต้องปรับปรุง และจำนวนเด็กที่ผ่านเกณฑ์.xls","122","Sheet1","2566|7263083408","สำนักงานตำรวจแห่งชาติ","กองบัญชาการตำรวจตระเวนชายแดน","กองบังคับการตำรวจตระเวนชายแดนภาค 3","กองกำกับการตำรวจตระเวนชายแดนที่ 34","","","","7263083408","รร.ตชด.บ้านแม่จันทะ","รร.ตชด.บ้านแม่จันทะ","19/07/2539","1996-07-19","parsed","1.2.3,1.3.5,1.3.6,1.5.4,2.5.2","1.2.3,1.3.5,1.3.6,1.5.4,2.5.2","5","5","0","","0","0","0","0","0","0","1","0","0","0","0","0","1","1","0","0","0","0","0","0","0","0","0","0","0","0","1","0","0","0","0","0","0","0","0","0","0","0","0","0","0","0","0","0","0","0","1","0","0","0","0","0","0","0","0","0","0","0","0","0","0","0","0","0","0","0","0","0","0","0","0","0","0","0","0","0","5","B","ผ่าน"
"SCH_G3_0141","2566","2023","10. 2566 REP004-IMPROVEMENT 12 - ตารางสรุปรายงานมาตรฐานแต่ละด้าน พร้อมจำนวนข้อที่ต้องปรับปรุง และจำนวนเด็กที่ผ่านเกณฑ์.xls","123","Sheet1","2566|7263083411","สำนักงานตำรวจแห่งชาติ","กองบัญชาการตำรวจตระเวนชายแดน","กองบังคับการตำรวจตระเวนชายแดนภาค 3","กองกำกับการตำรวจตระเวนชายแดนที่ 34","","","","7263083411","รร.ตชด.เฉลิมพระเกียรติ 7 รอบฯ (บ้านหม่องกั๊วะ จังหวัดตาก)","รร.ตชด.เฉลิมพระเกียรติ 7 รอบฯ (บ้านหม่องกั๊วะ จังหวัดตาก)","13/04/2556","2013-04-13","parsed","1.2.3,1.3.8","1.2.3,1.3.8","2","2","0","","0","0","0","0","0","0","1","0","0","0","0","0","0","0","0","1","0","0","0","0","0","0","0","0","0","0","0","0","0","0","0","0","0","0","0","0","0","0","0","0","0","0","0","0","0","0","0","0","0","0","0","0","0","0","0","0","0","0","0","0","0","0","0","0","0","0","0","0","0","0","0","0","0","0","0","0","2","B","ผ่าน"
"SCH_G3_0142","2566","2023","10. 2566 REP004-IMPROVEMENT 12 - ตารางสรุปรายงานมาตรฐานแต่ละด้าน พร้อมจำนวนข้อที่ต้องปรับปรุง และจำนวนเด็กที่ผ่านเกณฑ์.xls","124","Sheet1","2566|7263133426","สำนักงานตำรวจแห่งชาติ","กองบัญชาการตำรวจตระเวนชายแดน","กองบังคับการตำรวจตระเวนชายแดนภาค 3","กองกำกับการตำรวจตระเวนชายแดนที่ 34","","","","7263133426","ศกร.ตชด.พระยาประสาทธาตุการย์และคุณหญิงวาส (ประนิช)","ศกร.ตชด.พระยาประสาทธาตุการย์และคุณหญิงวาส (ประนิช)","10/05/2559","2016-05-10","parsed","1.1.2,1.2.1,1.2.2,1.2.3,1.2.4,1.3.1,1.3.2,1.3.3,1.3.4,1.3.5,1.3.6,1.3.8,1.4.6,1.5.2,1.5.3,1.5.4,2.1.2","1.1.2,1.2.1,1.2.2,1.2.3,1.2.4,1.3.1,1.3.2,1.3.3,1.3.4,1.3.5,1.3.6,1.3.8,1.4.6,1.5.2,1.5.3,1.5.4,2.1.2","17","17","0","","0","0","1","0","1","1","1","1","1","1","1","1","1","1","0","1","0","0","0","0","0","1","0","0","1","1","1","0","1","0","0","0","0","0","0","0","0","0","0","0","0","0","0","0","0","0","0","0","0","0","0","0","0","0","0","0","0","0","0","0","0","0","0","0","0","0","0","0","0","0","0","0","0","0","0","0","17","D","ไม่ผ่าน"
"SCH_G3_0143","2566","2023","10. 2566 REP004-IMPROVEMENT 12 - ตารางสรุปรายงานมาตรฐานแต่ละด้าน พร้อมจำนวนข้อที่ต้องปรับปรุง และจำนวนเด็กที่ผ่านเกณฑ์.xls","125","Sheet1","2566|7265023104","สำนักงานตำรวจแห่งชาติ","กองบัญชาการตำรวจตระเวนชายแดน","กองบังคับการตำรวจตระเวนชายแดนภาค 3","กองกำกับการตำรวจตระเวนชายแดนที่ 31","","","","7265023104","รร.ตชด.อาทรอุทิศ","รร.ตชด.อาทรอุทิศ","18/08/2522","1979-08-18","parsed","","","0","0","0","","0","0","0","0","0","0","0","0","0","0","0","0","0","0","0","0","0","0","0","0","0","0","0","0","0","0","0","0","0","0","0","0","0","0","0","0","0","0","0","0","0","0","0","0","0","0","0","0","0","0","0","0","0","0","0","0","0","0","0","0","0","0","0","0","0","0","0","0","0","0","0","0","0","0","0","0","0","A","ผ่าน"
"SCH_G3_0144","2566","2023","10. 2566 REP004-IMPROVEMENT 12 - ตารางสรุปรายงานมาตรฐานแต่ละด้าน พร้อมจำนวนข้อที่ต้องปรับปรุง และจำนวนเด็กที่ผ่านเกณฑ์.xls","126","Sheet1","2566|7265033102","สำนักงานตำรวจแห่งชาติ","กองบัญชาการตำรวจตระเวนชายแดน","กองบังคับการตำรวจตระเวนชายแดนภาค 3","กองกำกับการตำรวจตระเวนชายแดนที่ 31","","","","7265033102","รร.ตชด.บ้านลาดเรือ","รร.ตชด.บ้านลาดเรือ","22/07/2516","1973-07-22","parsed","","","0","0","0","","0","0","0","0","0","0","0","0","0","0","0","0","0","0","0","0","0","0","0","0","0","0","0","0","0","0","0","0","0","0","0","0","0","0","0","0","0","0","0","0","0","0","0","0","0","0","0","0","0","0","0","0","0","0","0","0","0","0","0","0","0","0","0","0","0","0","0","0","0","0","0","0","0","0","0","0","0","A","ผ่าน"
"SCH_G3_0145","2566","2023","10. 2566 REP004-IMPROVEMENT 12 - ตารางสรุปรายงานมาตรฐานแต่ละด้าน พร้อมจำนวนข้อที่ต้องปรับปรุง และจำนวนเด็กที่ผ่านเกณฑ์.xls","127","Sheet1","2566|7265033106","สำนักงานตำรวจแห่งชาติ","กองบัญชาการตำรวจตระเวนชายแดน","กองบังคับการตำรวจตระเวนชายแดนภาค 3","กองกำกับการตำรวจตระเวนชายแดนที่ 31","","","","7265033106","รร.ตชด.บ้านรักไทย","รร.ตชด.บ้านรักไทย","23/07/2534","1991-07-23","parsed","","","0","0","0","","0","0","0","0","0","0","0","0","0","0","0","0","0","0","0","0","0","0","0","0","0","0","0","0","0","0","0","0","0","0","0","0","0","0","0","0","0","0","0","0","0","0","0","0","0","0","0","0","0","0","0","0","0","0","0","0","0","0","0","0","0","0","0","0","0","0","0","0","0","0","0","0","0","0","0","0","0","A","ผ่าน"
"SCH_G3_0146","2566","2023","10. 2566 REP004-IMPROVEMENT 12 - ตารางสรุปรายงานมาตรฐานแต่ละด้าน พร้อมจำนวนข้อที่ต้องปรับปรุง และจำนวนเด็กที่ผ่านเกณฑ์.xls","128","Sheet1","2566|7265033107","สำนักงานตำรวจแห่งชาติ","กองบัญชาการตำรวจตระเวนชายแดน","กองบังคับการตำรวจตระเวนชายแดนภาค 3","กองกำกับการตำรวจตระเวนชายแดนที่ 31","","","","7265033107","รร.ตชด.บ้านนุชเทียน","รร.ตชด.บ้านนุชเทียน","15/07/2536","1993-07-15","parsed","","","0","0","0","","0","0","0","0","0","0","0","0","0","0","0","0","0","0","0","0","0","0","0","0","0","0","0","0","0","0","0","0","0","0","0","0","0","0","0","0","0","0","0","0","0","0","0","0","0","0","0","0","0","0","0","0","0","0","0","0","0","0","0","0","0","0","0","0","0","0","0","0","0","0","0","0","0","0","0","0","0","A","ผ่าน"
"SCH_G3_0147","2566","2023","10. 2566 REP004-IMPROVEMENT 12 - ตารางสรุปรายงานมาตรฐานแต่ละด้าน พร้อมจำนวนข้อที่ต้องปรับปรุง และจำนวนเด็กที่ผ่านเกณฑ์.xls","129","Sheet1","2566|7267023103","สำนักงานตำรวจแห่งชาติ","กองบัญชาการตำรวจตระเวนชายแดน","กองบังคับการตำรวจตระเวนชายแดนภาค 3","กองกำกับการตำรวจตระเวนชายแดนที่ 31","","","","7267023103","รร.ตชด.บ้านโป่งตะแบก","รร.ตชด.บ้านโป่งตะแบก","14/07/2564","2021-07-14","parsed","3.1.1ข","3.1.1ข","1","1","0","","0","0","0","0","0","0","0","0","0","0","0","0","0","0","0","0","0","0","0","0","0","0","0","0","0","0","0","0","0","0","0","0","0","0","0","0","0","0","0","0","0","0","0","0","0","0","0","0","0","0","0","0","0","0","1","0","0","0","0","0","0","0","0","0","0","0","0","0","0","0","0","0","0","0","0","0","1","B","ผ่าน"
"SCH_G3_0148","2566","2023","10. 2566 REP004-IMPROVEMENT 12 - ตารางสรุปรายงานมาตรฐานแต่ละด้าน พร้อมจำนวนข้อที่ต้องปรับปรุง และจำนวนเด็กที่ผ่านเกณฑ์.xls","130","Sheet1","2566|7270031306","สำนักงานตำรวจแห่งชาติ","กองบัญชาการตำรวจตระเวนชายแดน","กองบังคับการตำรวจตระเวนชายแดนภาค 1","กองกำกับการตำรวจตระเวนชายแดนที่ 13","","","","7270031306","รร.ตชด.ตะโกปิดทอง","รร.ตชด.ตะโกปิดทอง","01/07/2563","2020-07-01","parsed","1.2.3","1.2.3","1","1","0","","0","0","0","0","0","0","1","0","0","0","0","0","0","0","0","0","0","0","0","0","0","0","0","0","0","0","0","0","0","0","0","0","0","0","0","0","0","0","0","0","0","0","0","0","0","0","0","0","0","0","0","0","0","0","0","0","0","0","0","0","0","0","0","0","0","0","0","0","0","0","0","0","0","0","0","0","1","B","ผ่าน"
"SCH_G3_0149","2566","2023","10. 2566 REP004-IMPROVEMENT 12 - ตารางสรุปรายงานมาตรฐานแต่ละด้าน พร้อมจำนวนข้อที่ต้องปรับปรุง และจำนวนเด็กที่ผ่านเกณฑ์.xls","131","Sheet1","2566|7270031309","สำนักงานตำรวจแห่งชาติ","กองบัญชาการตำรวจตระเวนชายแดน","กองบังคับการตำรวจตระเวนชายแดนภาค 1","กองกำกับการตำรวจตระเวนชายแดนที่ 13","","","","7270031309","รร.ตชด.บ้านถ้ำหิน","รร.ตชด.บ้านถ้ำหิน","12/07/2564","2021-07-12","parsed","","","0","0","0","","0","0","0","0","0","0","0","0","0","0","0","0","0","0","0","0","0","0","0","0","0","0","0","0","0","0","0","0","0","0","0","0","0","0","0","0","0","0","0","0","0","0","0","0","0","0","0","0","0","0","0","0","0","0","0","0","0","0","0","0","0","0","0","0","0","0","0","0","0","0","0","0","0","0","0","0","0","A","ผ่าน"
"SCH_G3_0150","2566","2023","10. 2566 REP004-IMPROVEMENT 12 - ตารางสรุปรายงานมาตรฐานแต่ละด้าน พร้อมจำนวนข้อที่ต้องปรับปรุง และจำนวนเด็กที่ผ่านเกณฑ์.xls","132","Sheet1","2566|7271021305","สำนักงานตำรวจแห่งชาติ","กองบัญชาการตำรวจตระเวนชายแดน","กองบังคับการตำรวจตระเวนชายแดนภาค 1","กองกำกับการตำรวจตระเวนชายแดนที่ 13","","","","7271021305","รร.ตชด.บ้านแม่น้ำน้อย","รร.ตชด.บ้านแม่น้ำน้อย","26/01/2566","2023-01-26","parsed","","","0","0","0","","0","0","0","0","0","0","0","0","0","0","0","0","0","0","0","0","0","0","0","0","0","0","0","0","0","0","0","0","0","0","0","0","0","0","0","0","0","0","0","0","0","0","0","0","0","0","0","0","0","0","0","0","0","0","0","0","0","0","0","0","0","0","0","0","0","0","0","0","0","0","0","0","0","0","0","0","0","A","ผ่าน"
"SCH_G3_0151","2566","2023","10. 2566 REP004-IMPROVEMENT 12 - ตารางสรุปรายงานมาตรฐานแต่ละด้าน พร้อมจำนวนข้อที่ต้องปรับปรุง และจำนวนเด็กที่ผ่านเกณฑ์.xls","133","Sheet1","2566|7271021307","สำนักงานตำรวจแห่งชาติ","กองบัญชาการตำรวจตระเวนชายแดน","กองบังคับการตำรวจตระเวนชายแดนภาค 1","กองกำกับการตำรวจตระเวนชายแดนที่ 13","","","","7271021307","รร.ตชด.เฮงเค็ลไทย","รร.ตชด.เฮงเค็ลไทย","23/05/2526","1983-05-23","parsed","","","0","0","0","","0","0","0","0","0","0","0","0","0","0","0","0","0","0","0","0","0","0","0","0","0","0","0","0","0","0","0","0","0","0","0","0","0","0","0","0","0","0","0","0","0","0","0","0","0","0","0","0","0","0","0","0","0","0","0","0","0","0","0","0","0","0","0","0","0","0","0","0","0","0","0","0","0","0","0","0","0","A","ผ่าน"
"SCH_G3_0152","2566","2023","10. 2566 REP004-IMPROVEMENT 12 - ตารางสรุปรายงานมาตรฐานแต่ละด้าน พร้อมจำนวนข้อที่ต้องปรับปรุง และจำนวนเด็กที่ผ่านเกณฑ์.xls","134","Sheet1","2566|7271021308","สำนักงานตำรวจแห่งชาติ","กองบัญชาการตำรวจตระเวนชายแดน","กองบังคับการตำรวจตระเวนชายแดนภาค 1","กองกำกับการตำรวจตระเวนชายแดนที่ 13","","","","7271021308","รร.ตชด.ต้นมะม่วง","รร.ตชด.ต้นมะม่วง","13/03/2567","2024-03-13","parsed","","","0","0","0","","0","0","0","0","0","0","0","0","0","0","0","0","0","0","0","0","0","0","0","0","0","0","0","0","0","0","0","0","0","0","0","0","0","0","0","0","0","0","0","0","0","0","0","0","0","0","0","0","0","0","0","0","0","0","0","0","0","0","0","0","0","0","0","0","0","0","0","0","0","0","0","0","0","0","0","0","0","A","ผ่าน"
"SCH_G3_0153","2566","2023","10. 2566 REP004-IMPROVEMENT 12 - ตารางสรุปรายงานมาตรฐานแต่ละด้าน พร้อมจำนวนข้อที่ต้องปรับปรุง และจำนวนเด็กที่ผ่านเกณฑ์.xls","135","Sheet1","2566|7271021313","สำนักงานตำรวจแห่งชาติ","กองบัญชาการตำรวจตระเวนชายแดน","กองบังคับการตำรวจตระเวนชายแดนภาค 1","กองกำกับการตำรวจตระเวนชายแดนที่ 13","","","","7271021313","รร.ตชด.วัดสุธาสินี","รร.ตชด.วัดสุธาสินี","06/07/2564","2021-07-06","parsed","","","0","0","0","","0","0","0","0","0","0","0","0","0","0","0","0","0","0","0","0","0","0","0","0","0","0","0","0","0","0","0","0","0","0","0","0","0","0","0","0","0","0","0","0","0","0","0","0","0","0","0","0","0","0","0","0","0","0","0","0","0","0","0","0","0","0","0","0","0","0","0","0","0","0","0","0","0","0","0","0","0","A","ผ่าน"
"SCH_G3_0154","2566","2023","10. 2566 REP004-IMPROVEMENT 12 - ตารางสรุปรายงานมาตรฐานแต่ละด้าน พร้อมจำนวนข้อที่ต้องปรับปรุง และจำนวนเด็กที่ผ่านเกณฑ์.xls","136","Sheet1","2566|7271041303","สำนักงานตำรวจแห่งชาติ","กองบัญชาการตำรวจตระเวนชายแดน","กองบังคับการตำรวจตระเวนชายแดนภาค 1","กองกำกับการตำรวจตระเวนชายแดนที่ 13","","","","7271041303","รร.ตชด.มิตรมวลชน 2","รร.ตชด.มิตรมวลชน 2","17/05/2553","2010-05-17","parsed","","","0","0","0","","0","0","0","0","0","0","0","0","0","0","0","0","0","0","0","0","0","0","0","0","0","0","0","0","0","0","0","0","0","0","0","0","0","0","0","0","0","0","0","0","0","0","0","0","0","0","0","0","0","0","0","0","0","0","0","0","0","0","0","0","0","0","0","0","0","0","0","0","0","0","0","0","0","0","0","0","0","A","ผ่าน"
"SCH_G3_0155","2566","2023","10. 2566 REP004-IMPROVEMENT 12 - ตารางสรุปรายงานมาตรฐานแต่ละด้าน พร้อมจำนวนข้อที่ต้องปรับปรุง และจำนวนเด็กที่ผ่านเกณฑ์.xls","137","Sheet1","2566|7271041316","สำนักงานตำรวจแห่งชาติ","กองบัญชาการตำรวจตระเวนชายแดน","กองบังคับการตำรวจตระเวนชายแดนภาค 1","กองกำกับการตำรวจตระเวนชายแดนที่ 13","","","","7271041316","ศูนย์การเรียนตำรวจตระเวนชายแดนปูนอินทรี-มูลนิธิกรุงศรี(บ้านไกรเกรียง)","ศูนย์การเรียนตำรวจตระเวนชายแดนปูนอินทรี-มูลนิธิกรุงศรี(บ้านไกรเกรียง)","15/05/2560","2017-05-15","parsed","","","0","0","0","","0","0","0","0","0","0","0","0","0","0","0","0","0","0","0","0","0","0","0","0","0","0","0","0","0","0","0","0","0","0","0","0","0","0","0","0","0","0","0","0","0","0","0","0","0","0","0","0","0","0","0","0","0","0","0","0","0","0","0","0","0","0","0","0","0","0","0","0","0","0","0","0","0","0","0","0","0","A","ผ่าน"
"SCH_G3_0156","2566","2023","10. 2566 REP004-IMPROVEMENT 12 - ตารางสรุปรายงานมาตรฐานแต่ละด้าน พร้อมจำนวนข้อที่ต้องปรับปรุง และจำนวนเด็กที่ผ่านเกณฑ์.xls","138","Sheet1","2566|7271071304","สำนักงานตำรวจแห่งชาติ","กองบัญชาการตำรวจตระเวนชายแดน","กองบังคับการตำรวจตระเวนชายแดนภาค 1","กองกำกับการตำรวจตระเวนชายแดนที่ 13","","","","7271071304","รร.ตชด.วิจิตรวิทยาคาร","รร.ตชด.วิจิตรวิทยาคาร","11/04/2569","2026-04-11","parsed","3.1.3ข,3.5.2ข","3.1.3ข,3.5.2ข","2","2","0","","0","0","0","0","0","0","0","0","0","0","0","0","0","0","0","0","0","0","0","0","0","0","0","0","0","0","0","0","0","0","0","0","0","0","0","0","0","0","0","0","0","0","0","0","0","0","0","0","0","0","0","0","0","0","0","0","1","0","0","0","0","0","0","0","1","0","0","0","0","0","0","0","0","0","0","0","2","B","ผ่าน"
"SCH_G3_0157","2566","2023","10. 2566 REP004-IMPROVEMENT 12 - ตารางสรุปรายงานมาตรฐานแต่ละด้าน พร้อมจำนวนข้อที่ต้องปรับปรุง และจำนวนเด็กที่ผ่านเกณฑ์.xls","139","Sheet1","2566|7271071312","สำนักงานตำรวจแห่งชาติ","กองบัญชาการตำรวจตระเวนชายแดน","กองบังคับการตำรวจตระเวนชายแดนภาค 1","กองกำกับการตำรวจตระเวนชายแดนที่ 13","","","","7271071312","รร.ตชด.บ้านปิล๊อกคี่","รร.ตชด.บ้านปิล๊อกคี่","","","missing","","","0","0","0","","0","0","0","0","0","0","0","0","0","0","0","0","0","0","0","0","0","0","0","0","0","0","0","0","0","0","0","0","0","0","0","0","0","0","0","0","0","0","0","0","0","0","0","0","0","0","0","0","0","0","0","0","0","0","0","0","0","0","0","0","0","0","0","0","0","0","0","0","0","0","0","0","0","0","0","0","0","A","ผ่าน"
"SCH_G3_0158","2566","2023","10. 2566 REP004-IMPROVEMENT 12 - ตารางสรุปรายงานมาตรฐานแต่ละด้าน พร้อมจำนวนข้อที่ต้องปรับปรุง และจำนวนเด็กที่ผ่านเกณฑ์.xls","140","Sheet1","2566|7271071314","สำนักงานตำรวจแห่งชาติ","กองบัญชาการตำรวจตระเวนชายแดน","กองบังคับการตำรวจตระเวนชายแดนภาค 1","กองกำกับการตำรวจตระเวนชายแดนที่ 13","","","","7271071314","ศกร.ตชด.หลวงประกอบนิติสารและท่านผู้หญิงถวิล","ศกร.ตชด.หลวงประกอบนิติสารและท่านผู้หญิงถวิล","24/02/2557","2014-02-24","parsed","3.1.3ข","3.1.3ข","1","1","0","","0","0","0","0","0","0","0","0","0","0","0","0","0","0","0","0","0","0","0","0","0","0","0","0","0","0","0","0","0","0","0","0","0","0","0","0","0","0","0","0","0","0","0","0","0","0","0","0","0","0","0","0","0","0","0","0","1","0","0","0","0","0","0","0","0","0","0","0","0","0","0","0","0","0","0","0","1","B","ผ่าน"
"SCH_G3_0159","2566","2023","10. 2566 REP004-IMPROVEMENT 12 - ตารางสรุปรายงานมาตรฐานแต่ละด้าน พร้อมจำนวนข้อที่ต้องปรับปรุง และจำนวนเด็กที่ผ่านเกณฑ์.xls","141","Sheet1","2566|7271081301","สำนักงานตำรวจแห่งชาติ","กองบัญชาการตำรวจตระเวนชายแดน","กองบังคับการตำรวจตระเวนชายแดนภาค 1","กองกำกับการตำรวจตระเวนชายแดนที่ 13","","","","7271081301","รร.ตชด.สหธนาคารกรุงเทพ","รร.ตชด.สหธนาคารกรุงเทพ","26/08/2513","1970-08-26","parsed","","","0","0","0","","0","0","0","0","0","0","0","0","0","0","0","0","0","0","0","0","0","0","0","0","0","0","0","0","0","0","0","0","0","0","0","0","0","0","0","0","0","0","0","0","0","0","0","0","0","0","0","0","0","0","0","0","0","0","0","0","0","0","0","0","0","0","0","0","0","0","0","0","0","0","0","0","0","0","0","0","0","A","ผ่าน"
"SCH_G3_0160","2566","2023","10. 2566 REP004-IMPROVEMENT 12 - ตารางสรุปรายงานมาตรฐานแต่ละด้าน พร้อมจำนวนข้อที่ต้องปรับปรุง และจำนวนเด็กที่ผ่านเกณฑ์.xls","142","Sheet1","2566|7271081302","สำนักงานตำรวจแห่งชาติ","กองบัญชาการตำรวจตระเวนชายแดน","กองบังคับการตำรวจตระเวนชายแดนภาค 1","กองกำกับการตำรวจตระเวนชายแดนที่ 13","","","","7271081302","รร.ตชด.สุนทรเวช","รร.ตชด.สุนทรเวช","13/07/2564","2021-07-13","parsed","","","0","0","0","","0","0","0","0","0","0","0","0","0","0","0","0","0","0","0","0","0","0","0","0","0","0","0","0","0","0","0","0","0","0","0","0","0","0","0","0","0","0","0","0","0","0","0","0","0","0","0","0","0","0","0","0","0","0","0","0","0","0","0","0","0","0","0","0","0","0","0","0","0","0","0","0","0","0","0","0","0","A","ผ่าน"
"SCH_G3_0161","2566","2023","10. 2566 REP004-IMPROVEMENT 12 - ตารางสรุปรายงานมาตรฐานแต่ละด้าน พร้อมจำนวนข้อที่ต้องปรับปรุง และจำนวนเด็กที่ผ่านเกณฑ์.xls","143","Sheet1","2566|7271081310","สำนักงานตำรวจแห่งชาติ","กองบัญชาการตำรวจตระเวนชายแดน","กองบังคับการตำรวจตระเวนชายแดนภาค 1","กองกำกับการตำรวจตระเวนชายแดนที่ 13","","","","7271081310","รร.ตชด.บ้านเรดาร์ *","รร.ตชด.บ้านเรดาร์ *","15/07/2564","2021-07-15","parsed","","","0","0","0","","0","0","0","0","0","0","0","0","0","0","0","0","0","0","0","0","0","0","0","0","0","0","0","0","0","0","0","0","0","0","0","0","0","0","0","0","0","0","0","0","0","0","0","0","0","0","0","0","0","0","0","0","0","0","0","0","0","0","0","0","0","0","0","0","0","0","0","0","0","0","0","0","0","0","0","0","0","A","ผ่าน"
"SCH_G3_0162","2566","2023","10. 2566 REP004-IMPROVEMENT 12 - ตารางสรุปรายงานมาตรฐานแต่ละด้าน พร้อมจำนวนข้อที่ต้องปรับปรุง และจำนวนเด็กที่ผ่านเกณฑ์.xls","144","Sheet1","2566|7271081311","สำนักงานตำรวจแห่งชาติ","กองบัญชาการตำรวจตระเวนชายแดน","กองบังคับการตำรวจตระเวนชายแดนภาค 1","กองกำกับการตำรวจตระเวนชายแดนที่ 13","","","","7271081311","รร.ตชด.บ้านทิไล่ป้า","รร.ตชด.บ้านทิไล่ป้า","19/05/2540","1997-05-19","parsed","3.6.4ข","3.6.4ข","1","1","0","","0","0","0","0","0","0","0","0","0","0","0","0","0","0","0","0","0","0","0","0","0","0","0","0","0","0","0","0","0","0","0","0","0","0","0","0","0","0","0","0","0","0","0","0","0","0","0","0","0","0","0","0","0","0","0","0","0","0","0","0","0","0","0","0","0","0","0","0","0","0","0","1","0","0","0","0","1","B","ผ่าน"
"SCH_G3_0163","2566","2023","10. 2566 REP004-IMPROVEMENT 12 - ตารางสรุปรายงานมาตรฐานแต่ละด้าน พร้อมจำนวนข้อที่ต้องปรับปรุง และจำนวนเด็กที่ผ่านเกณฑ์.xls","145","Sheet1","2566|7271081315","สำนักงานตำรวจแห่งชาติ","กองบัญชาการตำรวจตระเวนชายแดน","กองบังคับการตำรวจตระเวนชายแดนภาค 1","กองกำกับการตำรวจตระเวนชายแดนที่ 13","","","","7271081315","ศกร.ตชด.ท่านผู้หญิงมณีรัตน์ บุนนาค","ศกร.ตชด.ท่านผู้หญิงมณีรัตน์ บุนนาค","","","missing","3.6.4ข","3.6.4ข","1","1","0","","0","0","0","0","0","0","0","0","0","0","0","0","0","0","0","0","0","0","0","0","0","0","0","0","0","0","0","0","0","0","0","0","0","0","0","0","0","0","0","0","0","0","0","0","0","0","0","0","0","0","0","0","0","0","0","0","0","0","0","0","0","0","0","0","0","0","0","0","0","0","0","1","0","0","0","0","1","B","ผ่าน"
"SCH_G3_0164","2566","2023","10. 2566 REP004-IMPROVEMENT 12 - ตารางสรุปรายงานมาตรฐานแต่ละด้าน พร้อมจำนวนข้อที่ต้องปรับปรุง และจำนวนเด็กที่ผ่านเกณฑ์.xls","146","Sheet1","2566|7276081405","สำนักงานตำรวจแห่งชาติ","กองบัญชาการตำรวจตระเวนชายแดน","กองบังคับการตำรวจตระเวนชายแดนภาค 1","กองกำกับการตำรวจตระเวนชายแดนที่ 14","","","","7276081405","รร.ตชด.นเรศวรบ้านห้วยโสก","รร.ตชด.นเรศวรบ้านห้วยโสก","01/01/2528","1985-01-01","parsed","","","0","0","0","","0","0","0","0","0","0","0","0","0","0","0","0","0","0","0","0","0","0","0","0","0","0","0","0","0","0","0","0","0","0","0","0","0","0","0","0","0","0","0","0","0","0","0","0","0","0","0","0","0","0","0","0","0","0","0","0","0","0","0","0","0","0","0","0","0","0","0","0","0","0","0","0","0","0","0","0","0","A","ผ่าน"
"SCH_G3_0165","2566","2023","10. 2566 REP004-IMPROVEMENT 12 - ตารางสรุปรายงานมาตรฐานแต่ละด้าน พร้อมจำนวนข้อที่ต้องปรับปรุง และจำนวนเด็กที่ผ่านเกณฑ์.xls","147","Sheet1","2566|7276081406","สำนักงานตำรวจแห่งชาติ","กองบัญชาการตำรวจตระเวนชายแดน","กองบังคับการตำรวจตระเวนชายแดนภาค 1","กองกำกับการตำรวจตระเวนชายแดนที่ 14","","","","7276081406","รร.ตชด.บ้านโป่งลึก *","รร.ตชด.บ้านโป่งลึก *","09/04/2564","2021-04-09","parsed","1.2.3","1.2.3","1","1","0","","0","0","0","0","0","0","1","0","0","0","0","0","0","0","0","0","0","0","0","0","0","0","0","0","0","0","0","0","0","0","0","0","0","0","0","0","0","0","0","0","0","0","0","0","0","0","0","0","0","0","0","0","0","0","0","0","0","0","0","0","0","0","0","0","0","0","0","0","0","0","0","0","0","0","0","0","1","B","ผ่าน"
"SCH_G3_0166","2566","2023","10. 2566 REP004-IMPROVEMENT 12 - ตารางสรุปรายงานมาตรฐานแต่ละด้าน พร้อมจำนวนข้อที่ต้องปรับปรุง และจำนวนเด็กที่ผ่านเกณฑ์.xls","148","Sheet1","2566|7276081412","สำนักงานตำรวจแห่งชาติ","กองบัญชาการตำรวจตระเวนชายแดน","กองบังคับการตำรวจตระเวนชายแดนภาค 1","กองกำกับการตำรวจตระเวนชายแดนที่ 14","","","","7276081412","ศกร.ตชด.อินทรีอาสา","ศกร.ตชด.อินทรีอาสา","01/07/2563","2020-07-01","parsed","","","0","0","0","","0","0","0","0","0","0","0","0","0","0","0","0","0","0","0","0","0","0","0","0","0","0","0","0","0","0","0","0","0","0","0","0","0","0","0","0","0","0","0","0","0","0","0","0","0","0","0","0","0","0","0","0","0","0","0","0","0","0","0","0","0","0","0","0","0","0","0","0","0","0","0","0","0","0","0","0","0","A","ผ่าน"
"SCH_G3_0167","2566","2023","10. 2566 REP004-IMPROVEMENT 12 - ตารางสรุปรายงานมาตรฐานแต่ละด้าน พร้อมจำนวนข้อที่ต้องปรับปรุง และจำนวนเด็กที่ผ่านเกณฑ์.xls","149","Sheet1","2566|7277021403","สำนักงานตำรวจแห่งชาติ","กองบัญชาการตำรวจตระเวนชายแดน","กองบังคับการตำรวจตระเวนชายแดนภาค 1","กองกำกับการตำรวจตระเวนชายแดนที่ 14","","","","7277021403","รร.ตชด.บ้านย่านซื่อ","รร.ตชด.บ้านย่านซื่อ","23/07/2524","1981-07-23","parsed","","","0","0","0","","0","0","0","0","0","0","0","0","0","0","0","0","0","0","0","0","0","0","0","0","0","0","0","0","0","0","0","0","0","0","0","0","0","0","0","0","0","0","0","0","0","0","0","0","0","0","0","0","0","0","0","0","0","0","0","0","0","0","0","0","0","0","0","0","0","0","0","0","0","0","0","0","0","0","0","0","0","A","ผ่าน"
"SCH_G3_0168","2566","2023","10. 2566 REP004-IMPROVEMENT 12 - ตารางสรุปรายงานมาตรฐานแต่ละด้าน พร้อมจำนวนข้อที่ต้องปรับปรุง และจำนวนเด็กที่ผ่านเกณฑ์.xls","150","Sheet1","2566|7277051411","สำนักงานตำรวจแห่งชาติ","กองบัญชาการตำรวจตระเวนชายแดน","กองบังคับการตำรวจตระเวนชายแดนภาค 1","กองกำกับการตำรวจตระเวนชายแดนที่ 14","","","","7277051411","ศกร.ตชด.บ้านคีรีล้อม","ศกร.ตชด.บ้านคีรีล้อม","16/05/2557","2014-05-16","parsed","","","0","0","0","","0","0","0","0","0","0","0","0","0","0","0","0","0","0","0","0","0","0","0","0","0","0","0","0","0","0","0","0","0","0","0","0","0","0","0","0","0","0","0","0","0","0","0","0","0","0","0","0","0","0","0","0","0","0","0","0","0","0","0","0","0","0","0","0","0","0","0","0","0","0","0","0","0","0","0","0","0","A","ผ่าน"
"SCH_G3_0169","2566","2023","10. 2566 REP004-IMPROVEMENT 12 - ตารางสรุปรายงานมาตรฐานแต่ละด้าน พร้อมจำนวนข้อที่ต้องปรับปรุง และจำนวนเด็กที่ผ่านเกณฑ์.xls","151","Sheet1","2566|7277061401","สำนักงานตำรวจแห่งชาติ","กองบัญชาการตำรวจตระเวนชายแดน","กองบังคับการตำรวจตระเวนชายแดนภาค 1","กองกำกับการตำรวจตระเวนชายแดนที่ 14","","","","7277061401","รร.ตชด.บ้านเขาจ้าว","รร.ตชด.บ้านเขาจ้าว","21/04/2521","1978-04-21","parsed","1.2.3,3.5.2ข","1.2.3,3.5.2ข","2","2","0","","0","0","0","0","0","0","1","0","0","0","0","0","0","0","0","0","0","0","0","0","0","0","0","0","0","0","0","0","0","0","0","0","0","0","0","0","0","0","0","0","0","0","0","0","0","0","0","0","0","0","0","0","0","0","0","0","0","0","0","0","0","0","0","0","1","0","0","0","0","0","0","0","0","0","0","0","2","B","ผ่าน"
"SCH_G3_0170","2566","2023","10. 2566 REP004-IMPROVEMENT 12 - ตารางสรุปรายงานมาตรฐานแต่ละด้าน พร้อมจำนวนข้อที่ต้องปรับปรุง และจำนวนเด็กที่ผ่านเกณฑ์.xls","152","Sheet1","2566|7277061407","สำนักงานตำรวจแห่งชาติ","กองบัญชาการตำรวจตระเวนชายแดน","กองบังคับการตำรวจตระเวนชายแดนภาค 1","กองกำกับการตำรวจตระเวนชายแดนที่ 14","","","","7277061407","รร.ตชด.บ้านท่าวังหิน","รร.ตชด.บ้านท่าวังหิน","22/05/2534","1991-05-22","parsed","","","0","0","0","","0","0","0","0","0","0","0","0","0","0","0","0","0","0","0","0","0","0","0","0","0","0","0","0","0","0","0","0","0","0","0","0","0","0","0","0","0","0","0","0","0","0","0","0","0","0","0","0","0","0","0","0","0","0","0","0","0","0","0","0","0","0","0","0","0","0","0","0","0","0","0","0","0","0","0","0","0","A","ผ่าน"
"SCH_G3_0171","2566","2023","10. 2566 REP004-IMPROVEMENT 12 - ตารางสรุปรายงานมาตรฐานแต่ละด้าน พร้อมจำนวนข้อที่ต้องปรับปรุง และจำนวนเด็กที่ผ่านเกณฑ์.xls","153","Sheet1","2566|7277071404","สำนักงานตำรวจแห่งชาติ","กองบัญชาการตำรวจตระเวนชายแดน","กองบังคับการตำรวจตระเวนชายแดนภาค 1","กองกำกับการตำรวจตระเวนชายแดนที่ 14","","","","7277071404","รร.ตชด.นเรศวรป่าละอู","รร.ตชด.นเรศวรป่าละอู","13/10/2525","1982-10-13","parsed","","","0","0","0","","0","0","0","0","0","0","0","0","0","0","0","0","0","0","0","0","0","0","0","0","0","0","0","0","0","0","0","0","0","0","0","0","0","0","0","0","0","0","0","0","0","0","0","0","0","0","0","0","0","0","0","0","0","0","0","0","0","0","0","0","0","0","0","0","0","0","0","0","0","0","0","0","0","0","0","0","0","A","ผ่าน"
"SCH_G3_0172","2566","2023","10. 2566 REP004-IMPROVEMENT 12 - ตารางสรุปรายงานมาตรฐานแต่ละด้าน พร้อมจำนวนข้อที่ต้องปรับปรุง และจำนวนเด็กที่ผ่านเกณฑ์.xls","154","Sheet1","2566|7277071408","สำนักงานตำรวจแห่งชาติ","กองบัญชาการตำรวจตระเวนชายแดน","กองบังคับการตำรวจตระเวนชายแดนภาค 1","กองกำกับการตำรวจตระเวนชายแดนที่ 14","","","","7277071408","รร.ตชด.บ้านแพรกตะคร้อ","รร.ตชด.บ้านแพรกตะคร้อ","06/08/2563","2020-08-06","parsed","","","0","0","0","","0","0","0","0","0","0","0","0","0","0","0","0","0","0","0","0","0","0","0","0","0","0","0","0","0","0","0","0","0","0","0","0","0","0","0","0","0","0","0","0","0","0","0","0","0","0","0","0","0","0","0","0","0","0","0","0","0","0","0","0","0","0","0","0","0","0","0","0","0","0","0","0","0","0","0","0","0","A","ผ่าน"
"SCH_G3_0173","2566","2023","10. 2566 REP004-IMPROVEMENT 12 - ตารางสรุปรายงานมาตรฐานแต่ละด้าน พร้อมจำนวนข้อที่ต้องปรับปรุง และจำนวนเด็กที่ผ่านเกณฑ์.xls","155","Sheet1","2566|7277071409","สำนักงานตำรวจแห่งชาติ","กองบัญชาการตำรวจตระเวนชายแดน","กองบังคับการตำรวจตระเวนชายแดนภาค 1","กองกำกับการตำรวจตระเวนชายแดนที่ 14","","","","7277071409","รร.ตชด.บ้านคลองน้อย","รร.ตชด.บ้านคลองน้อย","26/03/2568","2025-03-26","parsed","","","0","0","0","","0","0","0","0","0","0","0","0","0","0","0","0","0","0","0","0","0","0","0","0","0","0","0","0","0","0","0","0","0","0","0","0","0","0","0","0","0","0","0","0","0","0","0","0","0","0","0","0","0","0","0","0","0","0","0","0","0","0","0","0","0","0","0","0","0","0","0","0","0","0","0","0","0","0","0","0","0","A","ผ่าน"
"SCH_G3_0174","2566","2023","10. 2566 REP004-IMPROVEMENT 12 - ตารางสรุปรายงานมาตรฐานแต่ละด้าน พร้อมจำนวนข้อที่ต้องปรับปรุง และจำนวนเด็กที่ผ่านเกณฑ์.xls","156","Sheet1","2566|7277081410","สำนักงานตำรวจแห่งชาติ","กองบัญชาการตำรวจตระเวนชายแดน","กองบังคับการตำรวจตระเวนชายแดนภาค 1","กองกำกับการตำรวจตระเวนชายแดนที่ 14","","","","7277081410","รร.ตชด.บ้านป่าหมาก","รร.ตชด.บ้านป่าหมาก","01/11/2542","1999-11-01","parsed","","","0","0","0","","0","0","0","0","0","0","0","0","0","0","0","0","0","0","0","0","0","0","0","0","0","0","0","0","0","0","0","0","0","0","0","0","0","0","0","0","0","0","0","0","0","0","0","0","0","0","0","0","0","0","0","0","0","0","0","0","0","0","0","0","0","0","0","0","0","0","0","0","0","0","0","0","0","0","0","0","0","A","ผ่าน"
"SCH_G3_0175","2566","2023","10. 2566 REP004-IMPROVEMENT 12 - ตารางสรุปรายงานมาตรฐานแต่ละด้าน พร้อมจำนวนข้อที่ต้องปรับปรุง และจำนวนเด็กที่ผ่านเกณฑ์.xls","157","Sheet1","2566|7280074207","สำนักงานตำรวจแห่งชาติ","กองบัญชาการตำรวจตระเวนชายแดน","กองบังคับการตำรวจตระเวนชายแดนภาค 4","กองกำกับการตำรวจตระเวนชายแดนที่ 42","","","","7280074207","ศกร.ตชด.บ้านหลังอ้ายหมี","ศกร.ตชด.บ้านหลังอ้ายหมี","16/05/2557","2014-05-16","parsed","","","0","0","0","","0","0","0","0","0","0","0","0","0","0","0","0","0","0","0","0","0","0","0","0","0","0","0","0","0","0","0","0","0","0","0","0","0","0","0","0","0","0","0","0","0","0","0","0","0","0","0","0","0","0","0","0","0","0","0","0","0","0","0","0","0","0","0","0","0","0","0","0","0","0","0","0","0","0","0","0","0","A","ผ่าน"
"SCH_G3_0176","2566","2023","10. 2566 REP004-IMPROVEMENT 12 - ตารางสรุปรายงานมาตรฐานแต่ละด้าน พร้อมจำนวนข้อที่ต้องปรับปรุง และจำนวนเด็กที่ผ่านเกณฑ์.xls","158","Sheet1","2566|7280084205","สำนักงานตำรวจแห่งชาติ","กองบัญชาการตำรวจตระเวนชายแดน","กองบังคับการตำรวจตระเวนชายแดนภาค 4","กองกำกับการตำรวจตระเวนชายแดนที่ 42","","","","7280084205","ศกร.ตชด.บ้านห้วยตง","ศกร.ตชด.บ้านห้วยตง","16/05/2557","2014-05-16","parsed","","","0","0","0","","0","0","0","0","0","0","0","0","0","0","0","0","0","0","0","0","0","0","0","0","0","0","0","0","0","0","0","0","0","0","0","0","0","0","0","0","0","0","0","0","0","0","0","0","0","0","0","0","0","0","0","0","0","0","0","0","0","0","0","0","0","0","0","0","0","0","0","0","0","0","0","0","0","0","0","0","0","A","ผ่าน"
"SCH_G3_0177","2566","2023","10. 2566 REP004-IMPROVEMENT 12 - ตารางสรุปรายงานมาตรฐานแต่ละด้าน พร้อมจำนวนข้อที่ต้องปรับปรุง และจำนวนเด็กที่ผ่านเกณฑ์.xls","159","Sheet1","2566|7280134204","สำนักงานตำรวจแห่งชาติ","กองบัญชาการตำรวจตระเวนชายแดน","กองบังคับการตำรวจตระเวนชายแดนภาค 4","กองกำกับการตำรวจตระเวนชายแดนที่ 42","","","","7280134204","รร.ตชด.บ้านเขาวัง","รร.ตชด.บ้านเขาวัง","15/05/2566","2023-05-15","parsed","1.1.1,1.2.3,1.3.5,1.4.1,1.4.4,1.5.2,2.1.2,2.1.3,2.1.4,2.1.5,2.5.1,3.6.2ข","1.1.1,1.2.3,1.3.5,1.4.1,1.4.4,1.5.2,2.1.2,2.1.3,2.1.4,2.1.5,2.5.1,3.6.2ข","12","12","0","","0","1","0","0","0","0","1","0","0","0","0","0","1","0","0","0","1","0","0","1","0","0","0","0","1","0","0","0","1","1","1","1","0","0","0","0","0","0","0","0","0","0","0","0","0","1","0","0","0","0","0","0","0","0","0","0","0","0","0","0","0","0","0","0","0","0","0","0","0","1","0","0","0","0","0","0","12","C","ผ่าน"
"SCH_G3_0178","2566","2023","10. 2566 REP004-IMPROVEMENT 12 - ตารางสรุปรายงานมาตรฐานแต่ละด้าน พร้อมจำนวนข้อที่ต้องปรับปรุง และจำนวนเด็กที่ผ่านเกณฑ์.xls","160","Sheet1","2566|7281044206","สำนักงานตำรวจแห่งชาติ","กองบัญชาการตำรวจตระเวนชายแดน","กองบังคับการตำรวจตระเวนชายแดนภาค 4","กองกำกับการตำรวจตระเวนชายแดนที่ 42","","","","7281044206","ศกร.ตชด.บ้านแผ่นดินเสมอ","ศกร.ตชด.บ้านแผ่นดินเสมอ","16/05/2557","2014-05-16","parsed","3.2.1ข","3.2.1ข","1","1","0","","0","0","0","0","0","0","0","0","0","0","0","0","0","0","0","0","0","0","0","0","0","0","0","0","0","0","0","0","0","0","0","0","0","0","0","0","0","0","0","0","0","0","0","0","0","0","0","0","0","0","0","0","0","0","0","0","0","1","0","0","0","0","0","0","0","0","0","0","0","0","0","0","0","0","0","0","1","B","ผ่าน"
"SCH_G3_0179","2566","2023","10. 2566 REP004-IMPROVEMENT 12 - ตารางสรุปรายงานมาตรฐานแต่ละด้าน พร้อมจำนวนข้อที่ต้องปรับปรุง และจำนวนเด็กที่ผ่านเกณฑ์.xls","161","Sheet1","2566|7282194103","สำนักงานตำรวจแห่งชาติ","กองบัญชาการตำรวจตระเวนชายแดน","กองบังคับการตำรวจตระเวนชายแดนภาค 4","กองกำกับการตำรวจตระเวนชายแดนที่ 41","","","","7282194103","รร.ตชด.บ้านคลองวาย","รร.ตชด.บ้านคลองวาย","09/05/2531","1988-05-09","parsed","","","0","0","0","","0","0","0","0","0","0","0","0","0","0","0","0","0","0","0","0","0","0","0","0","0","0","0","0","0","0","0","0","0","0","0","0","0","0","0","0","0","0","0","0","0","0","0","0","0","0","0","0","0","0","0","0","0","0","0","0","0","0","0","0","0","0","0","0","0","0","0","0","0","0","0","0","0","0","0","0","0","A","ผ่าน"
"SCH_G3_0180","2566","2023","10. 2566 REP004-IMPROVEMENT 12 - ตารางสรุปรายงานมาตรฐานแต่ละด้าน พร้อมจำนวนข้อที่ต้องปรับปรุง และจำนวนเด็กที่ผ่านเกณฑ์.xls","162","Sheet1","2566|7284064111","สำนักงานตำรวจแห่งชาติ","กองบัญชาการตำรวจตระเวนชายแดน","กองบังคับการตำรวจตระเวนชายแดนภาค 4","กองกำกับการตำรวจตระเวนชายแดนที่ 41","","","","7284064111","รร.ตชด.บ้านยางโพรง","รร.ตชด.บ้านยางโพรง","","","missing","","","0","0","0","","0","0","0","0","0","0","0","0","0","0","0","0","0","0","0","0","0","0","0","0","0","0","0","0","0","0","0","0","0","0","0","0","0","0","0","0","0","0","0","0","0","0","0","0","0","0","0","0","0","0","0","0","0","0","0","0","0","0","0","0","0","0","0","0","0","0","0","0","0","0","0","0","0","0","0","0","0","A","ผ่าน"
"SCH_G3_0181","2566","2023","10. 2566 REP004-IMPROVEMENT 12 - ตารางสรุปรายงานมาตรฐานแต่ละด้าน พร้อมจำนวนข้อที่ต้องปรับปรุง และจำนวนเด็กที่ผ่านเกณฑ์.xls","163","Sheet1","2566|7284074110","สำนักงานตำรวจแห่งชาติ","กองบัญชาการตำรวจตระเวนชายแดน","กองบังคับการตำรวจตระเวนชายแดนภาค 4","กองกำกับการตำรวจตระเวนชายแดนที่ 41","","","","7284074110","รร.ตชด.บ้านกอเตย","รร.ตชด.บ้านกอเตย","16/05/2540","1997-05-16","parsed","1.2.3","1.2.3","1","1","0","","0","0","0","0","0","0","1","0","0","0","0","0","0","0","0","0","0","0","0","0","0","0","0","0","0","0","0","0","0","0","0","0","0","0","0","0","0","0","0","0","0","0","0","0","0","0","0","0","0","0","0","0","0","0","0","0","0","0","0","0","0","0","0","0","0","0","0","0","0","0","0","0","0","0","0","0","1","B","ผ่าน"
"SCH_G3_0182","2566","2023","10. 2566 REP004-IMPROVEMENT 12 - ตารางสรุปรายงานมาตรฐานแต่ละด้าน พร้อมจำนวนข้อที่ต้องปรับปรุง และจำนวนเด็กที่ผ่านเกณฑ์.xls","164","Sheet1","2566|7284164101","สำนักงานตำรวจแห่งชาติ","กองบัญชาการตำรวจตระเวนชายแดน","กองบังคับการตำรวจตระเวนชายแดนภาค 4","กองกำกับการตำรวจตระเวนชายแดนที่ 41","","","","7284164101","รร.ตชด.เทคนิคมีนบุรีอนุสรณ์ 1","รร.ตชด.เทคนิคมีนบุรีอนุสรณ์ 1","06/07/2530","1987-07-06","parsed","","","0","0","0","","0","0","0","0","0","0","0","0","0","0","0","0","0","0","0","0","0","0","0","0","0","0","0","0","0","0","0","0","0","0","0","0","0","0","0","0","0","0","0","0","0","0","0","0","0","0","0","0","0","0","0","0","0","0","0","0","0","0","0","0","0","0","0","0","0","0","0","0","0","0","0","0","0","0","0","0","0","A","ผ่าน"
"SCH_G3_0183","2566","2023","10. 2566 REP004-IMPROVEMENT 12 - ตารางสรุปรายงานมาตรฐานแต่ละด้าน พร้อมจำนวนข้อที่ต้องปรับปรุง และจำนวนเด็กที่ผ่านเกณฑ์.xls","165","Sheet1","2566|7284164109","สำนักงานตำรวจแห่งชาติ","กองบัญชาการตำรวจตระเวนชายแดน","กองบังคับการตำรวจตระเวนชายแดนภาค 4","กองกำกับการตำรวจตระเวนชายแดนที่ 41","","","","7284164109","รร.ตชด.บ้านควนสามัคคี","รร.ตชด.บ้านควนสามัคคี","01/07/2563","2020-07-01","parsed","","","0","0","0","","0","0","0","0","0","0","0","0","0","0","0","0","0","0","0","0","0","0","0","0","0","0","0","0","0","0","0","0","0","0","0","0","0","0","0","0","0","0","0","0","0","0","0","0","0","0","0","0","0","0","0","0","0","0","0","0","0","0","0","0","0","0","0","0","0","0","0","0","0","0","0","0","0","0","0","0","0","A","ผ่าน"
"SCH_G3_0184","2566","2023","10. 2566 REP004-IMPROVEMENT 12 - ตารางสรุปรายงานมาตรฐานแต่ละด้าน พร้อมจำนวนข้อที่ต้องปรับปรุง และจำนวนเด็กที่ผ่านเกณฑ์.xls","166","Sheet1","2566|7286024102","สำนักงานตำรวจแห่งชาติ","กองบัญชาการตำรวจตระเวนชายแดน","กองบังคับการตำรวจตระเวนชายแดนภาค 4","กองกำกับการตำรวจตระเวนชายแดนที่ 41","","","","7286024102","รร.ตชด.สันตินิมิตร","รร.ตชด.สันตินิมิตร","15/07/2546","2003-07-15","parsed","3.1.1ข,3.1.3ข","3.1.1ข,3.1.3ข","2","2","0","","0","0","0","0","0","0","0","0","0","0","0","0","0","0","0","0","0","0","0","0","0","0","0","0","0","0","0","0","0","0","0","0","0","0","0","0","0","0","0","0","0","0","0","0","0","0","0","0","0","0","0","0","0","0","1","0","1","0","0","0","0","0","0","0","0","0","0","0","0","0","0","0","0","0","0","0","2","B","ผ่าน"
"SCH_G3_0185","2566","2023","10. 2566 REP004-IMPROVEMENT 12 - ตารางสรุปรายงานมาตรฐานแต่ละด้าน พร้อมจำนวนข้อที่ต้องปรับปรุง และจำนวนเด็กที่ผ่านเกณฑ์.xls","167","Sheet1","2566|7286024107","สำนักงานตำรวจแห่งชาติ","กองบัญชาการตำรวจตระเวนชายแดน","กองบังคับการตำรวจตระเวนชายแดนภาค 4","กองกำกับการตำรวจตระเวนชายแดนที่ 41","","","","7286024107","รร.ตชด.บ้านพันวาล","รร.ตชด.บ้านพันวาล","17/05/2564","2021-05-17","parsed","","","0","0","0","","0","0","0","0","0","0","0","0","0","0","0","0","0","0","0","0","0","0","0","0","0","0","0","0","0","0","0","0","0","0","0","0","0","0","0","0","0","0","0","0","0","0","0","0","0","0","0","0","0","0","0","0","0","0","0","0","0","0","0","0","0","0","0","0","0","0","0","0","0","0","0","0","0","0","0","0","0","A","ผ่าน"
"SCH_G3_0186","2566","2023","10. 2566 REP004-IMPROVEMENT 12 - ตารางสรุปรายงานมาตรฐานแต่ละด้าน พร้อมจำนวนข้อที่ต้องปรับปรุง และจำนวนเด็กที่ผ่านเกณฑ์.xls","168","Sheet1","2566|7286044106","สำนักงานตำรวจแห่งชาติ","กองบัญชาการตำรวจตระเวนชายแดน","กองบังคับการตำรวจตระเวนชายแดนภาค 4","กองกำกับการตำรวจตระเวนชายแดนที่ 41","","","","7286044106","รร.ตชด.บ้านห้วยเหมือง","รร.ตชด.บ้านห้วยเหมือง","15/07/2531","1988-07-15","parsed","","","0","0","0","","0","0","0","0","0","0","0","0","0","0","0","0","0","0","0","0","0","0","0","0","0","0","0","0","0","0","0","0","0","0","0","0","0","0","0","0","0","0","0","0","0","0","0","0","0","0","0","0","0","0","0","0","0","0","0","0","0","0","0","0","0","0","0","0","0","0","0","0","0","0","0","0","0","0","0","0","0","A","ผ่าน"
"SCH_G3_0187","2566","2023","10. 2566 REP004-IMPROVEMENT 12 - ตารางสรุปรายงานมาตรฐานแต่ละด้าน พร้อมจำนวนข้อที่ต้องปรับปรุง และจำนวนเด็กที่ผ่านเกณฑ์.xls","169","Sheet1","2566|7286054105","สำนักงานตำรวจแห่งชาติ","กองบัญชาการตำรวจตระเวนชายแดน","กองบังคับการตำรวจตระเวนชายแดนภาค 4","กองกำกับการตำรวจตระเวนชายแดนที่ 41","","","","7286054105","รร.ตชด.สิริราษฎร์","รร.ตชด.สิริราษฎร์","01/02/2531","1988-02-01","parsed","","","0","0","0","","0","0","0","0","0","0","0","0","0","0","0","0","0","0","0","0","0","0","0","0","0","0","0","0","0","0","0","0","0","0","0","0","0","0","0","0","0","0","0","0","0","0","0","0","0","0","0","0","0","0","0","0","0","0","0","0","0","0","0","0","0","0","0","0","0","0","0","0","0","0","0","0","0","0","0","0","0","A","ผ่าน"
"SCH_G3_0188","2566","2023","10. 2566 REP004-IMPROVEMENT 12 - ตารางสรุปรายงานมาตรฐานแต่ละด้าน พร้อมจำนวนข้อที่ต้องปรับปรุง และจำนวนเด็กที่ผ่านเกณฑ์.xls","170","Sheet1","2566|7286054108","สำนักงานตำรวจแห่งชาติ","กองบัญชาการตำรวจตระเวนชายแดน","กองบังคับการตำรวจตระเวนชายแดนภาค 4","กองกำกับการตำรวจตระเวนชายแดนที่ 41","","","","7286054108","รร.ตชด.บ้านสวนเพชร","รร.ตชด.บ้านสวนเพชร","13/05/2532","1989-05-13","parsed","","","0","0","0","","0","0","0","0","0","0","0","0","0","0","0","0","0","0","0","0","0","0","0","0","0","0","0","0","0","0","0","0","0","0","0","0","0","0","0","0","0","0","0","0","0","0","0","0","0","0","0","0","0","0","0","0","0","0","0","0","0","0","0","0","0","0","0","0","0","0","0","0","0","0","0","0","0","0","0","0","0","A","ผ่าน"
"SCH_G3_0189","2566","2023","10. 2566 REP004-IMPROVEMENT 12 - ตารางสรุปรายงานมาตรฐานแต่ละด้าน พร้อมจำนวนข้อที่ต้องปรับปรุง และจำนวนเด็กที่ผ่านเกณฑ์.xls","171","Sheet1","2566|7286064112","สำนักงานตำรวจแห่งชาติ","กองบัญชาการตำรวจตระเวนชายแดน","กองบังคับการตำรวจตระเวนชายแดนภาค 4","กองกำกับการตำรวจตระเวนชายแดนที่ 41","","","","7286064112","รร.ตชด.บ้านตะแบกงาม (ตันตระเธียรอุปถัมป์)","รร.ตชด.บ้านตะแบกงาม (ตันตระเธียรอุปถัมป์)","14/03/2565","2022-03-14","parsed","","","0","0","0","","0","0","0","0","0","0","0","0","0","0","0","0","0","0","0","0","0","0","0","0","0","0","0","0","0","0","0","0","0","0","0","0","0","0","0","0","0","0","0","0","0","0","0","0","0","0","0","0","0","0","0","0","0","0","0","0","0","0","0","0","0","0","0","0","0","0","0","0","0","0","0","0","0","0","0","0","0","A","ผ่าน"
"SCH_G3_0190","2566","2023","10. 2566 REP004-IMPROVEMENT 12 - ตารางสรุปรายงานมาตรฐานแต่ละด้าน พร้อมจำนวนข้อที่ต้องปรับปรุง และจำนวนเด็กที่ผ่านเกณฑ์.xls","172","Sheet1","2566|7290044303","สำนักงานตำรวจแห่งชาติ","กองบัญชาการตำรวจตระเวนชายแดน","กองบังคับการตำรวจตระเวนชายแดนภาค 4","กองกำกับการตำรวจตระเวนชายแดนที่ 43","","","","7290044303","รร.ตชด.เชิญ  พิศลยบุตร","รร.ตชด.เชิญ  พิศลยบุตร","20/02/2568","2025-02-20","parsed","","","0","0","0","","0","0","0","0","0","0","0","0","0","0","0","0","0","0","0","0","0","0","0","0","0","0","0","0","0","0","0","0","0","0","0","0","0","0","0","0","0","0","0","0","0","0","0","0","0","0","0","0","0","0","0","0","0","0","0","0","0","0","0","0","0","0","0","0","0","0","0","0","0","0","0","0","0","0","0","0","0","A","ผ่าน"
"SCH_G3_0191","2566","2023","10. 2566 REP004-IMPROVEMENT 12 - ตารางสรุปรายงานมาตรฐานแต่ละด้าน พร้อมจำนวนข้อที่ต้องปรับปรุง และจำนวนเด็กที่ผ่านเกณฑ์.xls","173","Sheet1","2566|7290044310","สำนักงานตำรวจแห่งชาติ","กองบัญชาการตำรวจตระเวนชายแดน","กองบังคับการตำรวจตระเวนชายแดนภาค 4","กองกำกับการตำรวจตระเวนชายแดนที่ 43","","","","7290044310","รร.ตชด.บ้านประกอบออก","รร.ตชด.บ้านประกอบออก","29/06/2529","1986-06-29","parsed","","","0","0","0","","0","0","0","0","0","0","0","0","0","0","0","0","0","0","0","0","0","0","0","0","0","0","0","0","0","0","0","0","0","0","0","0","0","0","0","0","0","0","0","0","0","0","0","0","0","0","0","0","0","0","0","0","0","0","0","0","0","0","0","0","0","0","0","0","0","0","0","0","0","0","0","0","0","0","0","0","0","A","ผ่าน"
"SCH_G3_0192","2566","2023","10. 2566 REP004-IMPROVEMENT 12 - ตารางสรุปรายงานมาตรฐานแต่ละด้าน พร้อมจำนวนข้อที่ต้องปรับปรุง และจำนวนเด็กที่ผ่านเกณฑ์.xls","174","Sheet1","2566|7290064302","สำนักงานตำรวจแห่งชาติ","กองบัญชาการตำรวจตระเวนชายแดน","กองบังคับการตำรวจตระเวนชายแดนภาค 4","กองกำกับการตำรวจตระเวนชายแดนที่ 43","","","","7290064302","รร.ตชด.มหาราช 1","รร.ตชด.มหาราช 1","16/05/2566","2023-05-16","parsed","","","0","0","0","","0","0","0","0","0","0","0","0","0","0","0","0","0","0","0","0","0","0","0","0","0","0","0","0","0","0","0","0","0","0","0","0","0","0","0","0","0","0","0","0","0","0","0","0","0","0","0","0","0","0","0","0","0","0","0","0","0","0","0","0","0","0","0","0","0","0","0","0","0","0","0","0","0","0","0","0","0","A","ผ่าน"
"SCH_G3_0193","2566","2023","10. 2566 REP004-IMPROVEMENT 12 - ตารางสรุปรายงานมาตรฐานแต่ละด้าน พร้อมจำนวนข้อที่ต้องปรับปรุง และจำนวนเด็กที่ผ่านเกณฑ์.xls","175","Sheet1","2566|7290064304","สำนักงานตำรวจแห่งชาติ","กองบัญชาการตำรวจตระเวนชายแดน","กองบังคับการตำรวจตระเวนชายแดนภาค 4","กองกำกับการตำรวจตระเวนชายแดนที่ 43","","","","7290064304","รร.ตชด.บ้านสำนักเอาะ","รร.ตชด.บ้านสำนักเอาะ","18/06/2518","1975-06-18","parsed","","","0","0","0","","0","0","0","0","0","0","0","0","0","0","0","0","0","0","0","0","0","0","0","0","0","0","0","0","0","0","0","0","0","0","0","0","0","0","0","0","0","0","0","0","0","0","0","0","0","0","0","0","0","0","0","0","0","0","0","0","0","0","0","0","0","0","0","0","0","0","0","0","0","0","0","0","0","0","0","0","0","A","ผ่าน"
"SCH_G3_0194","2566","2023","10. 2566 REP004-IMPROVEMENT 12 - ตารางสรุปรายงานมาตรฐานแต่ละด้าน พร้อมจำนวนข้อที่ต้องปรับปรุง และจำนวนเด็กที่ผ่านเกณฑ์.xls","176","Sheet1","2566|7290064308","สำนักงานตำรวจแห่งชาติ","กองบัญชาการตำรวจตระเวนชายแดน","กองบังคับการตำรวจตระเวนชายแดนภาค 4","กองกำกับการตำรวจตระเวนชายแดนที่ 43","","","","7290064308","รร.ตชด.บ้านหาดทราย","รร.ตชด.บ้านหาดทราย","26/05/2526","1983-05-26","parsed","","","0","0","0","","0","0","0","0","0","0","0","0","0","0","0","0","0","0","0","0","0","0","0","0","0","0","0","0","0","0","0","0","0","0","0","0","0","0","0","0","0","0","0","0","0","0","0","0","0","0","0","0","0","0","0","0","0","0","0","0","0","0","0","0","0","0","0","0","0","0","0","0","0","0","0","0","0","0","0","0","0","A","ผ่าน"
"SCH_G3_0195","2566","2023","10. 2566 REP004-IMPROVEMENT 12 - ตารางสรุปรายงานมาตรฐานแต่ละด้าน พร้อมจำนวนข้อที่ต้องปรับปรุง และจำนวนเด็กที่ผ่านเกณฑ์.xls","177","Sheet1","2566|7290104301","สำนักงานตำรวจแห่งชาติ","กองบัญชาการตำรวจตระเวนชายแดน","กองบังคับการตำรวจตระเวนชายแดนภาค 4","กองกำกับการตำรวจตระเวนชายแดนที่ 43","","","","7290104301","รร.ตชด.สื่อมวลชนกีฬา","รร.ตชด.สื่อมวลชนกีฬา","12/10/2502","1959-10-12","parsed","","","0","0","0","","0","0","0","0","0","0","0","0","0","0","0","0","0","0","0","0","0","0","0","0","0","0","0","0","0","0","0","0","0","0","0","0","0","0","0","0","0","0","0","0","0","0","0","0","0","0","0","0","0","0","0","0","0","0","0","0","0","0","0","0","0","0","0","0","0","0","0","0","0","0","0","0","0","0","0","0","0","A","ผ่าน"
"SCH_G3_0196","2566","2023","10. 2566 REP004-IMPROVEMENT 12 - ตารางสรุปรายงานมาตรฐานแต่ละด้าน พร้อมจำนวนข้อที่ต้องปรับปรุง และจำนวนเด็กที่ผ่านเกณฑ์.xls","178","Sheet1","2566|7290104305","สำนักงานตำรวจแห่งชาติ","กองบัญชาการตำรวจตระเวนชายแดน","กองบังคับการตำรวจตระเวนชายแดนภาค 4","กองกำกับการตำรวจตระเวนชายแดนที่ 43","","","","7290104305","รร.ตชด.บ้านชายควน","รร.ตชด.บ้านชายควน","","","missing","","","0","0","0","","0","0","0","0","0","0","0","0","0","0","0","0","0","0","0","0","0","0","0","0","0","0","0","0","0","0","0","0","0","0","0","0","0","0","0","0","0","0","0","0","0","0","0","0","0","0","0","0","0","0","0","0","0","0","0","0","0","0","0","0","0","0","0","0","0","0","0","0","0","0","0","0","0","0","0","0","0","A","ผ่าน"
"SCH_G3_0197","2566","2023","10. 2566 REP004-IMPROVEMENT 12 - ตารางสรุปรายงานมาตรฐานแต่ละด้าน พร้อมจำนวนข้อที่ต้องปรับปรุง และจำนวนเด็กที่ผ่านเกณฑ์.xls","179","Sheet1","2566|7290104307","สำนักงานตำรวจแห่งชาติ","กองบัญชาการตำรวจตระเวนชายแดน","กองบังคับการตำรวจตระเวนชายแดนภาค 4","กองกำกับการตำรวจตระเวนชายแดนที่ 43","","","","7290104307","โรงเรียน ตชด.พลตำรวจเอกสมศักดิ์ แขวงโสภา(บ้านทุ่งสบายใจ)","โรงเรียน ตชด.พลตำรวจเอกสมศักดิ์ แขวงโสภา(บ้านทุ่งสบายใจ)","25/03/2568","2025-03-25","parsed","","","0","0","0","","0","0","0","0","0","0","0","0","0","0","0","0","0","0","0","0","0","0","0","0","0","0","0","0","0","0","0","0","0","0","0","0","0","0","0","0","0","0","0","0","0","0","0","0","0","0","0","0","0","0","0","0","0","0","0","0","0","0","0","0","0","0","0","0","0","0","0","0","0","0","0","0","0","0","0","0","0","A","ผ่าน"
"SCH_G3_0198","2566","2023","10. 2566 REP004-IMPROVEMENT 12 - ตารางสรุปรายงานมาตรฐานแต่ละด้าน พร้อมจำนวนข้อที่ต้องปรับปรุง และจำนวนเด็กที่ผ่านเกณฑ์.xls","180","Sheet1","2566|7290104315","สำนักงานตำรวจแห่งชาติ","กองบัญชาการตำรวจตระเวนชายแดน","กองบังคับการตำรวจตระเวนชายแดนภาค 4","กองกำกับการตำรวจตระเวนชายแดนที่ 43","","","","7290104315","รร.ตชด.บ้านบาโรย","รร.ตชด.บ้านบาโรย","09/11/2541","1998-11-09","parsed","","","0","0","0","","0","0","0","0","0","0","0","0","0","0","0","0","0","0","0","0","0","0","0","0","0","0","0","0","0","0","0","0","0","0","0","0","0","0","0","0","0","0","0","0","0","0","0","0","0","0","0","0","0","0","0","0","0","0","0","0","0","0","0","0","0","0","0","0","0","0","0","0","0","0","0","0","0","0","0","0","0","A","ผ่าน"
"SCH_G3_0199","2566","2023","10. 2566 REP004-IMPROVEMENT 12 - ตารางสรุปรายงานมาตรฐานแต่ละด้าน พร้อมจำนวนข้อที่ต้องปรับปรุง และจำนวนเด็กที่ผ่านเกณฑ์.xls","181","Sheet1","2566|7290104316","สำนักงานตำรวจแห่งชาติ","กองบัญชาการตำรวจตระเวนชายแดน","กองบังคับการตำรวจตระเวนชายแดนภาค 4","กองกำกับการตำรวจตระเวนชายแดนที่ 43","","","","7290104316","รร.ตชด.พลเอกนวล-คุณหญิงบานชื่น จันทร์ตรี","รร.ตชด.พลเอกนวล-คุณหญิงบานชื่น จันทร์ตรี","17/05/2553","2010-05-17","parsed","","","0","0","0","","0","0","0","0","0","0","0","0","0","0","0","0","0","0","0","0","0","0","0","0","0","0","0","0","0","0","0","0","0","0","0","0","0","0","0","0","0","0","0","0","0","0","0","0","0","0","0","0","0","0","0","0","0","0","0","0","0","0","0","0","0","0","0","0","0","0","0","0","0","0","0","0","0","0","0","0","0","A","ผ่าน"
"SCH_G3_0200","2566","2023","10. 2566 REP004-IMPROVEMENT 12 - ตารางสรุปรายงานมาตรฐานแต่ละด้าน พร้อมจำนวนข้อที่ต้องปรับปรุง และจำนวนเด็กที่ผ่านเกณฑ์.xls","182","Sheet1","2566|7291034311","สำนักงานตำรวจแห่งชาติ","กองบัญชาการตำรวจตระเวนชายแดน","กองบังคับการตำรวจตระเวนชายแดนภาค 4","กองกำกับการตำรวจตระเวนชายแดนที่ 43","","","","7291034311","รร.ตชด.ยูงทองรัฐประชาสรรค์","รร.ตชด.ยูงทองรัฐประชาสรรค์","16/05/2568","2025-05-16","parsed","","","0","0","0","","0","0","0","0","0","0","0","0","0","0","0","0","0","0","0","0","0","0","0","0","0","0","0","0","0","0","0","0","0","0","0","0","0","0","0","0","0","0","0","0","0","0","0","0","0","0","0","0","0","0","0","0","0","0","0","0","0","0","0","0","0","0","0","0","0","0","0","0","0","0","0","0","0","0","0","0","0","A","ผ่าน"
"SCH_G3_0201","2566","2023","10. 2566 REP004-IMPROVEMENT 12 - ตารางสรุปรายงานมาตรฐานแต่ละด้าน พร้อมจำนวนข้อที่ต้องปรับปรุง และจำนวนเด็กที่ผ่านเกณฑ์.xls","183","Sheet1","2566|7291034314","สำนักงานตำรวจแห่งชาติ","กองบัญชาการตำรวจตระเวนชายแดน","กองบังคับการตำรวจตระเวนชายแดนภาค 4","กองกำกับการตำรวจตระเวนชายแดนที่ 43","","","","7291034314","รร.ตชด.บ้านส้านแดง","รร.ตชด.บ้านส้านแดง","","","missing","","","0","0","0","","0","0","0","0","0","0","0","0","0","0","0","0","0","0","0","0","0","0","0","0","0","0","0","0","0","0","0","0","0","0","0","0","0","0","0","0","0","0","0","0","0","0","0","0","0","0","0","0","0","0","0","0","0","0","0","0","0","0","0","0","0","0","0","0","0","0","0","0","0","0","0","0","0","0","0","0","0","A","ผ่าน"
"SCH_G3_0202","2566","2023","10. 2566 REP004-IMPROVEMENT 12 - ตารางสรุปรายงานมาตรฐานแต่ละด้าน พร้อมจำนวนข้อที่ต้องปรับปรุง และจำนวนเด็กที่ผ่านเกณฑ์.xls","184","Sheet1","2566|7292044309","สำนักงานตำรวจแห่งชาติ","กองบัญชาการตำรวจตระเวนชายแดน","กองบังคับการตำรวจตระเวนชายแดนภาค 4","กองกำกับการตำรวจตระเวนชายแดนที่ 43","","","","7292044309","รร.ตชด.สันติราษฎร์ประชาบำรุง","รร.ตชด.สันติราษฎร์ประชาบำรุง","14/06/2528","1985-06-14","parsed","","","0","0","0","","0","0","0","0","0","0","0","0","0","0","0","0","0","0","0","0","0","0","0","0","0","0","0","0","0","0","0","0","0","0","0","0","0","0","0","0","0","0","0","0","0","0","0","0","0","0","0","0","0","0","0","0","0","0","0","0","0","0","0","0","0","0","0","0","0","0","0","0","0","0","0","0","0","0","0","0","0","A","ผ่าน"
"SCH_G3_0203","2566","2023","10. 2566 REP004-IMPROVEMENT 12 - ตารางสรุปรายงานมาตรฐานแต่ละด้าน พร้อมจำนวนข้อที่ต้องปรับปรุง และจำนวนเด็กที่ผ่านเกณฑ์.xls","185","Sheet1","2566|7292044312","สำนักงานตำรวจแห่งชาติ","กองบัญชาการตำรวจตระเวนชายแดน","กองบังคับการตำรวจตระเวนชายแดนภาค 4","กองกำกับการตำรวจตระเวนชายแดนที่ 43","","","","7292044312","รร.ตชด.บ้านหินจอก","รร.ตชด.บ้านหินจอก","05/05/2531","1988-05-05","parsed","1.2.3","1.2.3","1","1","0","","0","0","0","0","0","0","1","0","0","0","0","0","0","0","0","0","0","0","0","0","0","0","0","0","0","0","0","0","0","0","0","0","0","0","0","0","0","0","0","0","0","0","0","0","0","0","0","0","0","0","0","0","0","0","0","0","0","0","0","0","0","0","0","0","0","0","0","0","0","0","0","0","0","0","0","0","1","B","ผ่าน"
"SCH_G3_0204","2566","2023","10. 2566 REP004-IMPROVEMENT 12 - ตารางสรุปรายงานมาตรฐานแต่ละด้าน พร้อมจำนวนข้อที่ต้องปรับปรุง และจำนวนเด็กที่ผ่านเกณฑ์.xls","186","Sheet1","2566|7293104313","สำนักงานตำรวจแห่งชาติ","กองบัญชาการตำรวจตระเวนชายแดน","กองบังคับการตำรวจตระเวนชายแดนภาค 4","กองกำกับการตำรวจตระเวนชายแดนที่ 43","","","","7293104313","รร.ตชด.บ้านควนตะแบก","รร.ตชด.บ้านควนตะแบก","14/02/2533","1990-02-14","parsed","1.2.3","1.2.3","1","1","0","","0","0","0","0","0","0","1","0","0","0","0","0","0","0","0","0","0","0","0","0","0","0","0","0","0","0","0","0","0","0","0","0","0","0","0","0","0","0","0","0","0","0","0","0","0","0","0","0","0","0","0","0","0","0","0","0","0","0","0","0","0","0","0","0","0","0","0","0","0","0","0","0","0","0","0","0","1","B","ผ่าน"
"SCH_G3_0205","2566","2023","10. 2566 REP004-IMPROVEMENT 12 - ตารางสรุปรายงานมาตรฐานแต่ละด้าน พร้อมจำนวนข้อที่ต้องปรับปรุง และจำนวนเด็กที่ผ่านเกณฑ์.xls","187","Sheet1","2566|7294054410","สำนักงานตำรวจแห่งชาติ","กองบัญชาการตำรวจตระเวนชายแดน","กองบังคับการตำรวจตระเวนชายแดนภาค 4","กองกำกับการตำรวจตระเวนชายแดนที่ 44","","","","7294054410","รร.ตชด.พีระยานุเคราะห์ฯ 4","รร.ตชด.พีระยานุเคราะห์ฯ 4","28/09/2538","1995-09-28","parsed","1.2.3,3.1.3ข","1.2.3,3.1.3ข","2","2","0","","0","0","0","0","0","0","1","0","0","0","0","0","0","0","0","0","0","0","0","0","0","0","0","0","0","0","0","0","0","0","0","0","0","0","0","0","0","0","0","0","0","0","0","0","0","0","0","0","0","0","0","0","0","0","0","0","1","0","0","0","0","0","0","0","0","0","0","0","0","0","0","0","0","0","0","0","2","B","ผ่าน"
"SCH_G3_0206","2566","2023","10. 2566 REP004-IMPROVEMENT 12 - ตารางสรุปรายงานมาตรฐานแต่ละด้าน พร้อมจำนวนข้อที่ต้องปรับปรุง และจำนวนเด็กที่ผ่านเกณฑ์.xls","188","Sheet1","2566|7295014412","สำนักงานตำรวจแห่งชาติ","กองบัญชาการตำรวจตระเวนชายแดน","กองบังคับการตำรวจตระเวนชายแดนภาค 4","กองกำกับการตำรวจตระเวนชายแดนที่ 44","","","","7295014412","รร.ตชด.เฉลิมพระเกียรติ 50 พรรษาฯ","รร.ตชด.เฉลิมพระเกียรติ 50 พรรษาฯ","14/06/2564","2021-06-14","parsed","","","0","0","0","","0","0","0","0","0","0","0","0","0","0","0","0","0","0","0","0","0","0","0","0","0","0","0","0","0","0","0","0","0","0","0","0","0","0","0","0","0","0","0","0","0","0","0","0","0","0","0","0","0","0","0","0","0","0","0","0","0","0","0","0","0","0","0","0","0","0","0","0","0","0","0","0","0","0","0","0","0","A","ผ่าน"
"SCH_G3_0207","2566","2023","10. 2566 REP004-IMPROVEMENT 12 - ตารางสรุปรายงานมาตรฐานแต่ละด้าน พร้อมจำนวนข้อที่ต้องปรับปรุง และจำนวนเด็กที่ผ่านเกณฑ์.xls","189","Sheet1","2566|7295034413","สำนักงานตำรวจแห่งชาติ","กองบัญชาการตำรวจตระเวนชายแดน","กองบังคับการตำรวจตระเวนชายแดนภาค 4","กองกำกับการตำรวจตระเวนชายแดนที่ 44","","","","7295034413","ศกร.ตชด.บ้านภักดี","ศกร.ตชด.บ้านภักดี","18/05/2558","2015-05-18","parsed","1.3.8","1.3.8","1","1","0","","0","0","0","0","0","0","0","0","0","0","0","0","0","0","0","1","0","0","0","0","0","0","0","0","0","0","0","0","0","0","0","0","0","0","0","0","0","0","0","0","0","0","0","0","0","0","0","0","0","0","0","0","0","0","0","0","0","0","0","0","0","0","0","0","0","0","0","0","0","0","0","0","0","0","0","0","1","B","ผ่าน"
"SCH_G3_0208","2566","2023","10. 2566 REP004-IMPROVEMENT 12 - ตารางสรุปรายงานมาตรฐานแต่ละด้าน พร้อมจำนวนข้อที่ต้องปรับปรุง และจำนวนเด็กที่ผ่านเกณฑ์.xls","190","Sheet1","2566|7295044401","สำนักงานตำรวจแห่งชาติ","กองบัญชาการตำรวจตระเวนชายแดน","กองบังคับการตำรวจตระเวนชายแดนภาค 4","กองกำกับการตำรวจตระเวนชายแดนที่ 44","","","","7295044401","รร.ตชด.สังวาลย์วิท 4","รร.ตชด.สังวาลย์วิท 4","16/05/2510","1967-05-16","parsed","","","0","0","0","","0","0","0","0","0","0","0","0","0","0","0","0","0","0","0","0","0","0","0","0","0","0","0","0","0","0","0","0","0","0","0","0","0","0","0","0","0","0","0","0","0","0","0","0","0","0","0","0","0","0","0","0","0","0","0","0","0","0","0","0","0","0","0","0","0","0","0","0","0","0","0","0","0","0","0","0","0","A","ผ่าน"
"SCH_G3_0209","2566","2023","10. 2566 REP004-IMPROVEMENT 12 - ตารางสรุปรายงานมาตรฐานแต่ละด้าน พร้อมจำนวนข้อที่ต้องปรับปรุง และจำนวนเด็กที่ผ่านเกณฑ์.xls","191","Sheet1","2566|7295044403","สำนักงานตำรวจแห่งชาติ","กองบัญชาการตำรวจตระเวนชายแดน","กองบังคับการตำรวจตระเวนชายแดนภาค 4","กองกำกับการตำรวจตระเวนชายแดนที่ 44","","","","7295044403","รร.ตชด.นิคมพิทักษ์ราษฎร์","รร.ตชด.นิคมพิทักษ์ราษฎร์","08/07/2564","2021-07-08","parsed","","","0","0","0","","0","0","0","0","0","0","0","0","0","0","0","0","0","0","0","0","0","0","0","0","0","0","0","0","0","0","0","0","0","0","0","0","0","0","0","0","0","0","0","0","0","0","0","0","0","0","0","0","0","0","0","0","0","0","0","0","0","0","0","0","0","0","0","0","0","0","0","0","0","0","0","0","0","0","0","0","0","A","ผ่าน"
"SCH_G3_0210","2566","2023","10. 2566 REP004-IMPROVEMENT 12 - ตารางสรุปรายงานมาตรฐานแต่ละด้าน พร้อมจำนวนข้อที่ต้องปรับปรุง และจำนวนเด็กที่ผ่านเกณฑ์.xls","192","Sheet1","2566|7295044404","สำนักงานตำรวจแห่งชาติ","กองบัญชาการตำรวจตระเวนชายแดน","กองบังคับการตำรวจตระเวนชายแดนภาค 4","กองกำกับการตำรวจตระเวนชายแดนที่ 44","","","","7295044404","รร.ตชด.บ้านปาโจแมเราะ","รร.ตชด.บ้านปาโจแมเราะ","01/06/2531","1988-06-01","parsed","","","0","0","0","","0","0","0","0","0","0","0","0","0","0","0","0","0","0","0","0","0","0","0","0","0","0","0","0","0","0","0","0","0","0","0","0","0","0","0","0","0","0","0","0","0","0","0","0","0","0","0","0","0","0","0","0","0","0","0","0","0","0","0","0","0","0","0","0","0","0","0","0","0","0","0","0","0","0","0","0","0","A","ผ่าน"
"SCH_G3_0211","2566","2023","10. 2566 REP004-IMPROVEMENT 12 - ตารางสรุปรายงานมาตรฐานแต่ละด้าน พร้อมจำนวนข้อที่ต้องปรับปรุง และจำนวนเด็กที่ผ่านเกณฑ์.xls","193","Sheet1","2566|7295054402","สำนักงานตำรวจแห่งชาติ","กองบัญชาการตำรวจตระเวนชายแดน","กองบังคับการตำรวจตระเวนชายแดนภาค 4","กองกำกับการตำรวจตระเวนชายแดนที่ 44","","","","7295054402","รร.ตชด.โรงงานยาสูบ 2","รร.ตชด.โรงงานยาสูบ 2","17/07/2517","1974-07-17","parsed","","","0","0","0","","0","0","0","0","0","0","0","0","0","0","0","0","0","0","0","0","0","0","0","0","0","0","0","0","0","0","0","0","0","0","0","0","0","0","0","0","0","0","0","0","0","0","0","0","0","0","0","0","0","0","0","0","0","0","0","0","0","0","0","0","0","0","0","0","0","0","0","0","0","0","0","0","0","0","0","0","0","A","ผ่าน"
"SCH_G3_0212","2566","2023","10. 2566 REP004-IMPROVEMENT 12 - ตารางสรุปรายงานมาตรฐานแต่ละด้าน พร้อมจำนวนข้อที่ต้องปรับปรุง และจำนวนเด็กที่ผ่านเกณฑ์.xls","194","Sheet1","2566|7296064411","สำนักงานตำรวจแห่งชาติ","กองบัญชาการตำรวจตระเวนชายแดน","กองบังคับการตำรวจตระเวนชายแดนภาค 4","กองกำกับการตำรวจตระเวนชายแดนที่ 44","","","","7296064411","รร.ตชด.การท่าอากาศยานฯ","รร.ตชด.การท่าอากาศยานฯ","16/05/2543","2000-05-16","parsed","","","0","0","0","","0","0","0","0","0","0","0","0","0","0","0","0","0","0","0","0","0","0","0","0","0","0","0","0","0","0","0","0","0","0","0","0","0","0","0","0","0","0","0","0","0","0","0","0","0","0","0","0","0","0","0","0","0","0","0","0","0","0","0","0","0","0","0","0","0","0","0","0","0","0","0","0","0","0","0","0","0","A","ผ่าน"
"SCH_G3_0213","2566","2023","10. 2566 REP004-IMPROVEMENT 12 - ตารางสรุปรายงานมาตรฐานแต่ละด้าน พร้อมจำนวนข้อที่ต้องปรับปรุง และจำนวนเด็กที่ผ่านเกณฑ์.xls","195","Sheet1","2566|7296074407","สำนักงานตำรวจแห่งชาติ","กองบัญชาการตำรวจตระเวนชายแดน","กองบังคับการตำรวจตระเวนชายแดนภาค 4","กองกำกับการตำรวจตระเวนชายแดนที่ 44","","","","7296074407","รร.ตชด.บ้านตืองอช่างกลปทุมวันอนุสรณ์ 13","รร.ตชด.บ้านตืองอช่างกลปทุมวันอนุสรณ์ 13","15/07/2534","1991-07-15","parsed","1.1.1,1.1.2,1.1.3,1.2.1,1.2.2,1.2.3,1.2.4,1.3.1,1.3.2,1.3.3,1.3.4,1.3.5,1.3.6,1.3.7,1.3.8,1.4.1,1.4.2,1.4.3,1.4.4,1.4.5,1.4.6,1.4.7,1.5.1,1.5.2,1.5.3,1.5.4,3.1.1ข,3.1.3ข,3.5.2ข,3.5.3ข,3.6.2ข","1.1.1,1.1.2,1.1.3,1.2.1,1.2.2,1.2.3,1.2.4,1.3.1,1.3.2,1.3.3,1.3.4,1.3.5,1.3.6,1.3.7,1.3.8,1.4.1,1.4.2,1.4.3,1.4.4,1.4.5,1.4.6,1.4.7,1.5.1,1.5.2,1.5.3,1.5.4,3.1.1ข,3.1.3ข,3.5.2ข,3.5.3ข,3.6.2ข","31","31","0","","0","1","1","1","1","1","1","1","1","1","1","1","1","1","1","1","1","1","1","1","1","1","1","1","1","1","1","0","0","0","0","0","0","0","0","0","0","0","0","0","0","0","0","0","0","0","0","0","0","0","0","0","0","0","1","0","1","0","0","0","0","0","0","0","1","1","0","0","0","1","0","0","0","0","0","0","31","D","ไม่ผ่าน"
"SCH_G3_0214","2566","2023","10. 2566 REP004-IMPROVEMENT 12 - ตารางสรุปรายงานมาตรฐานแต่ละด้าน พร้อมจำนวนข้อที่ต้องปรับปรุง และจำนวนเด็กที่ผ่านเกณฑ์.xls","196","Sheet1","2566|7296074408","สำนักงานตำรวจแห่งชาติ","กองบัญชาการตำรวจตระเวนชายแดน","กองบังคับการตำรวจตระเวนชายแดนภาค 4","กองกำกับการตำรวจตระเวนชายแดนที่ 44","","","","7296074408","รร.ตชด.บ้านละโอ","รร.ตชด.บ้านละโอ","16/05/2536","1993-05-16","parsed","1.3.3,1.3.8","1.3.3,1.3.8","2","2","0","","0","0","0","0","0","0","0","0","0","0","1","0","0","0","0","1","0","0","0","0","0","0","0","0","0","0","0","0","0","0","0","0","0","0","0","0","0","0","0","0","0","0","0","0","0","0","0","0","0","0","0","0","0","0","0","0","0","0","0","0","0","0","0","0","0","0","0","0","0","0","0","0","0","0","0","0","2","B","ผ่าน"
"SCH_G3_0215","2566","2023","10. 2566 REP004-IMPROVEMENT 12 - ตารางสรุปรายงานมาตรฐานแต่ละด้าน พร้อมจำนวนข้อที่ต้องปรับปรุง และจำนวนเด็กที่ผ่านเกณฑ์.xls","197","Sheet1","2566|7296094409","สำนักงานตำรวจแห่งชาติ","กองบัญชาการตำรวจตระเวนชายแดน","กองบังคับการตำรวจตระเวนชายแดนภาค 4","กองกำกับการตำรวจตระเวนชายแดนที่ 44","","","","7296094409","รร.ตชด.บ้านลีนานนท์","รร.ตชด.บ้านลีนานนท์","18/06/2536","1993-06-18","parsed","","","0","0","0","","0","0","0","0","0","0","0","0","0","0","0","0","0","0","0","0","0","0","0","0","0","0","0","0","0","0","0","0","0","0","0","0","0","0","0","0","0","0","0","0","0","0","0","0","0","0","0","0","0","0","0","0","0","0","0","0","0","0","0","0","0","0","0","0","0","0","0","0","0","0","0","0","0","0","0","0","0","A","ผ่าน"
"SCH_G3_0216","2566","2023","10. 2566 REP004-IMPROVEMENT 12 - ตารางสรุปรายงานมาตรฐานแต่ละด้าน พร้อมจำนวนข้อที่ต้องปรับปรุง และจำนวนเด็กที่ผ่านเกณฑ์.xls","198","Sheet1","2566|7296124405","สำนักงานตำรวจแห่งชาติ","กองบัญชาการตำรวจตระเวนชายแดน","กองบังคับการตำรวจตระเวนชายแดนภาค 4","กองกำกับการตำรวจตระเวนชายแดนที่ 44","","","","7296124405","รร.ตชด.บ้านไอร์บือแต","รร.ตชด.บ้านไอร์บือแต","13/06/2533","1990-06-13","parsed","1.3.3","1.3.3","1","1","0","","0","0","0","0","0","0","0","0","0","0","1","0","0","0","0","0","0","0","0","0","0","0","0","0","0","0","0","0","0","0","0","0","0","0","0","0","0","0","0","0","0","0","0","0","0","0","0","0","0","0","0","0","0","0","0","0","0","0","0","0","0","0","0","0","0","0","0","0","0","0","0","0","0","0","0","0","1","B","ผ่าน"
"SCH_G3_0001","2567","2024","11. 2567 REP004-IMPROVEMENT 12 - ตารางสรุปรายงานมาตรฐานแต่ละด้าน พร้อมจำนวนข้อที่ต้องปรับปรุง และจำนวนเด็กที่ผ่านเกณฑ์.xls","3","Sheet1","2567|7222021101","สำนักงานตำรวจแห่งชาติ","กองบัญชาการตำรวจตระเวนชายแดน","กองบังคับการตำรวจตระเวนชายแดนภาค 1","กองกำกับการตำรวจตระเวนชายแดนที่ 11","","","","7222021101","รร.ตชด.บ้านน้ำแดง","รร.ตชด.บ้านน้ำแดง","27/02/2528","1985-02-27","parsed","","","0","0","0","","0","0","0","0","0","0","0","0","0","0","0","0","0","0","0","0","0","0","0","0","0","0","0","0","0","0","0","0","0","0","0","0","0","0","0","0","0","0","0","0","0","0","0","0","0","0","0","0","0","0","0","0","0","0","0","0","0","0","0","0","0","0","0","0","0","0","0","0","0","0","0","0","0","0","0","0","0","A","ผ่าน"
"SCH_G3_0002","2567","2024","11. 2567 REP004-IMPROVEMENT 12 - ตารางสรุปรายงานมาตรฐานแต่ละด้าน พร้อมจำนวนข้อที่ต้องปรับปรุง และจำนวนเด็กที่ผ่านเกณฑ์.xls","4","Sheet1","2567|7222051102","สำนักงานตำรวจแห่งชาติ","กองบัญชาการตำรวจตระเวนชายแดน","กองบังคับการตำรวจตระเวนชายแดนภาค 1","กองกำกับการตำรวจตระเวนชายแดนที่ 11","","","","7222051102","รร.ตชด.บ้านคลองมะลิประเวศน์วิทยา","รร.ตชด.บ้านคลองมะลิประเวศน์วิทยา","30/07/2529","1986-07-30","parsed","1.2.3,1.3.4,1.3.6,1.3.8,1.5.4,2.1.2","1.2.3,1.3.4,1.3.6,1.3.8,1.5.4,2.1.2","6","6","0","","0","0","0","0","0","0","1","0","0","0","0","1","0","1","0","1","0","0","0","0","0","0","0","0","0","0","1","0","1","0","0","0","0","0","0","0","0","0","0","0","0","0","0","0","0","0","0","0","0","0","0","0","0","0","0","0","0","0","0","0","0","0","0","0","0","0","0","0","0","0","0","0","0","0","0","0","6","B","ผ่าน"
"SCH_G3_0003","2567","2024","11. 2567 REP004-IMPROVEMENT 12 - ตารางสรุปรายงานมาตรฐานแต่ละด้าน พร้อมจำนวนข้อที่ต้องปรับปรุง และจำนวนเด็กที่ผ่านเกณฑ์.xls","5","Sheet1","2567|7222071103","สำนักงานตำรวจแห่งชาติ","กองบัญชาการตำรวจตระเวนชายแดน","กองบังคับการตำรวจตระเวนชายแดนภาค 1","กองกำกับการตำรวจตระเวนชายแดนที่ 11","","","","7222071103","รร.ตชด.สิงคโปร์แอร์ไลน์สฯ","รร.ตชด.สิงคโปร์แอร์ไลน์สฯ","03/03/2530","1987-03-03","parsed","","","0","0","0","","0","0","0","0","0","0","0","0","0","0","0","0","0","0","0","0","0","0","0","0","0","0","0","0","0","0","0","0","0","0","0","0","0","0","0","0","0","0","0","0","0","0","0","0","0","0","0","0","0","0","0","0","0","0","0","0","0","0","0","0","0","0","0","0","0","0","0","0","0","0","0","0","0","0","0","0","0","A","ผ่าน"
"SCH_G3_0004","2567","2024","11. 2567 REP004-IMPROVEMENT 12 - ตารางสรุปรายงานมาตรฐานแต่ละด้าน พร้อมจำนวนข้อที่ต้องปรับปรุง และจำนวนเด็กที่ผ่านเกณฑ์.xls","6","Sheet1","2567|7222081104","สำนักงานตำรวจแห่งชาติ","กองบัญชาการตำรวจตระเวนชายแดน","กองบังคับการตำรวจตระเวนชายแดนภาค 1","กองกำกับการตำรวจตระเวนชายแดนที่ 11","","","","7222081104","รร.ตชด.บ้านบ่อชะอม","รร.ตชด.บ้านบ่อชะอม","16/05/2568","2025-05-16","parsed","1.2.3","1.2.3","1","1","0","","0","0","0","0","0","0","1","0","0","0","0","0","0","0","0","0","0","0","0","0","0","0","0","0","0","0","0","0","0","0","0","0","0","0","0","0","0","0","0","0","0","0","0","0","0","0","0","0","0","0","0","0","0","0","0","0","0","0","0","0","0","0","0","0","0","0","0","0","0","0","0","0","0","0","0","0","1","B","ผ่าน"
"SCH_G3_0005","2567","2024","11. 2567 REP004-IMPROVEMENT 12 - ตารางสรุปรายงานมาตรฐานแต่ละด้าน พร้อมจำนวนข้อที่ต้องปรับปรุง และจำนวนเด็กที่ผ่านเกณฑ์.xls","7","Sheet1","2567|7222081105","สำนักงานตำรวจแห่งชาติ","กองบัญชาการตำรวจตระเวนชายแดน","กองบังคับการตำรวจตระเวนชายแดนภาค 1","กองกำกับการตำรวจตระเวนชายแดนที่ 11","","","","7222081105","รร.ตชด.บ้านหางแมว","รร.ตชด.บ้านหางแมว","15/03/2534","1991-03-15","parsed","1.2.3","1.2.3","1","1","0","","0","0","0","0","0","0","1","0","0","0","0","0","0","0","0","0","0","0","0","0","0","0","0","0","0","0","0","0","0","0","0","0","0","0","0","0","0","0","0","0","0","0","0","0","0","0","0","0","0","0","0","0","0","0","0","0","0","0","0","0","0","0","0","0","0","0","0","0","0","0","0","0","0","0","0","0","1","B","ผ่าน"
"SCH_G3_0006","2567","2024","11. 2567 REP004-IMPROVEMENT 12 - ตารางสรุปรายงานมาตรฐานแต่ละด้าน พร้อมจำนวนข้อที่ต้องปรับปรุง และจำนวนเด็กที่ผ่านเกณฑ์.xls","8","Sheet1","2567|7222081108","สำนักงานตำรวจแห่งชาติ","กองบัญชาการตำรวจตระเวนชายแดน","กองบังคับการตำรวจตระเวนชายแดนภาค 1","กองกำกับการตำรวจตระเวนชายแดนที่ 11","","","","7222081108","รร.ตชด.บ้านคลองแดง","รร.ตชด.บ้านคลองแดง","16/05/2545","2002-05-16","parsed","","","0","0","0","","0","0","0","0","0","0","0","0","0","0","0","0","0","0","0","0","0","0","0","0","0","0","0","0","0","0","0","0","0","0","0","0","0","0","0","0","0","0","0","0","0","0","0","0","0","0","0","0","0","0","0","0","0","0","0","0","0","0","0","0","0","0","0","0","0","0","0","0","0","0","0","0","0","0","0","0","0","A","ผ่าน"
"SCH_G3_0007","2567","2024","11. 2567 REP004-IMPROVEMENT 12 - ตารางสรุปรายงานมาตรฐานแต่ละด้าน พร้อมจำนวนข้อที่ต้องปรับปรุง และจำนวนเด็กที่ผ่านเกณฑ์.xls","9","Sheet1","2567|7223011106","สำนักงานตำรวจแห่งชาติ","กองบัญชาการตำรวจตระเวนชายแดน","กองบังคับการตำรวจตระเวนชายแดนภาค 1","กองกำกับการตำรวจตระเวนชายแดนที่ 11","","","","7223011106","รร.ตชด.บ้านท่ากุ่ม","รร.ตชด.บ้านท่ากุ่ม","01/11/2536","1993-11-01","parsed","","","0","0","0","","0","0","0","0","0","0","0","0","0","0","0","0","0","0","0","0","0","0","0","0","0","0","0","0","0","0","0","0","0","0","0","0","0","0","0","0","0","0","0","0","0","0","0","0","0","0","0","0","0","0","0","0","0","0","0","0","0","0","0","0","0","0","0","0","0","0","0","0","0","0","0","0","0","0","0","0","0","A","ผ่าน"
"SCH_G3_0008","2567","2024","11. 2567 REP004-IMPROVEMENT 12 - ตารางสรุปรายงานมาตรฐานแต่ละด้าน พร้อมจำนวนข้อที่ต้องปรับปรุง และจำนวนเด็กที่ผ่านเกณฑ์.xls","10","Sheet1","2567|7223031107","สำนักงานตำรวจแห่งชาติ","กองบัญชาการตำรวจตระเวนชายแดน","กองบังคับการตำรวจตระเวนชายแดนภาค 1","กองกำกับการตำรวจตระเวนชายแดนที่ 11","","","","7223031107","รร.ตชด.บ้านเขาฉลาด","รร.ตชด.บ้านเขาฉลาด","16/05/2542","1999-05-16","parsed","3.1.3ข","3.1.3ข","1","1","0","","0","0","0","0","0","0","0","0","0","0","0","0","0","0","0","0","0","0","0","0","0","0","0","0","0","0","0","0","0","0","0","0","0","0","0","0","0","0","0","0","0","0","0","0","0","0","0","0","0","0","0","0","0","0","0","0","1","0","0","0","0","0","0","0","0","0","0","0","0","0","0","0","0","0","0","0","1","B","ผ่าน"
"SCH_G3_0009","2567","2024","11. 2567 REP004-IMPROVEMENT 12 - ตารางสรุปรายงานมาตรฐานแต่ละด้าน พร้อมจำนวนข้อที่ต้องปรับปรุง และจำนวนเด็กที่ผ่านเกณฑ์.xls","11","Sheet1","2567|7224081210","สำนักงานตำรวจแห่งชาติ","กองบัญชาการตำรวจตระเวนชายแดน","กองบังคับการตำรวจตระเวนชายแดนภาค 1","กองกำกับการตำรวจตระเวนชายแดนที่ 12","","","","7224081210","รร.ตชด.บ้านนายาว","รร.ตชด.บ้านนายาว","12/07/2564","2021-07-12","parsed","","","0","0","0","","0","0","0","0","0","0","0","0","0","0","0","0","0","0","0","0","0","0","0","0","0","0","0","0","0","0","0","0","0","0","0","0","0","0","0","0","0","0","0","0","0","0","0","0","0","0","0","0","0","0","0","0","0","0","0","0","0","0","0","0","0","0","0","0","0","0","0","0","0","0","0","0","0","0","0","0","0","A","ผ่าน"
"SCH_G3_0010","2567","2024","11. 2567 REP004-IMPROVEMENT 12 - ตารางสรุปรายงานมาตรฐานแต่ละด้าน พร้อมจำนวนข้อที่ต้องปรับปรุง และจำนวนเด็กที่ผ่านเกณฑ์.xls","12","Sheet1","2567|7224081211","สำนักงานตำรวจแห่งชาติ","กองบัญชาการตำรวจตระเวนชายแดน","กองบังคับการตำรวจตระเวนชายแดนภาค 1","กองกำกับการตำรวจตระเวนชายแดนที่ 12","","","","7224081211","รร.ตชด.บ้านนาอิสาน","รร.ตชด.บ้านนาอิสาน","16/05/2560","2017-05-16","parsed","","","0","0","0","","0","0","0","0","0","0","0","0","0","0","0","0","0","0","0","0","0","0","0","0","0","0","0","0","0","0","0","0","0","0","0","0","0","0","0","0","0","0","0","0","0","0","0","0","0","0","0","0","0","0","0","0","0","0","0","0","0","0","0","0","0","0","0","0","0","0","0","0","0","0","0","0","0","0","0","0","0","A","ผ่าน"
"SCH_G3_0011","2567","2024","11. 2567 REP004-IMPROVEMENT 12 - ตารางสรุปรายงานมาตรฐานแต่ละด้าน พร้อมจำนวนข้อที่ต้องปรับปรุง และจำนวนเด็กที่ผ่านเกณฑ์.xls","13","Sheet1","2567|7227021205","สำนักงานตำรวจแห่งชาติ","กองบัญชาการตำรวจตระเวนชายแดน","กองบังคับการตำรวจตระเวนชายแดนภาค 1","กองกำกับการตำรวจตระเวนชายแดนที่ 12","","","","7227021205","รร.ตชด.การบินไทย","รร.ตชด.การบินไทย","16/05/2560","2017-05-16","parsed","","","0","0","0","","0","0","0","0","0","0","0","0","0","0","0","0","0","0","0","0","0","0","0","0","0","0","0","0","0","0","0","0","0","0","0","0","0","0","0","0","0","0","0","0","0","0","0","0","0","0","0","0","0","0","0","0","0","0","0","0","0","0","0","0","0","0","0","0","0","0","0","0","0","0","0","0","0","0","0","0","0","A","ผ่าน"
"SCH_G3_0012","2567","2024","11. 2567 REP004-IMPROVEMENT 12 - ตารางสรุปรายงานมาตรฐานแต่ละด้าน พร้อมจำนวนข้อที่ต้องปรับปรุง และจำนวนเด็กที่ผ่านเกณฑ์.xls","14","Sheet1","2567|7227041208","สำนักงานตำรวจแห่งชาติ","กองบัญชาการตำรวจตระเวนชายแดน","กองบังคับการตำรวจตระเวนชายแดนภาค 1","กองกำกับการตำรวจตระเวนชายแดนที่ 12","","","","7227041208","รร.ตชด.บ้านคลองตะเคียนชัย","รร.ตชด.บ้านคลองตะเคียนชัย","","","missing","3.1.3ข","3.1.3ข","1","1","0","","0","0","0","0","0","0","0","0","0","0","0","0","0","0","0","0","0","0","0","0","0","0","0","0","0","0","0","0","0","0","0","0","0","0","0","0","0","0","0","0","0","0","0","0","0","0","0","0","0","0","0","0","0","0","0","0","1","0","0","0","0","0","0","0","0","0","0","0","0","0","0","0","0","0","0","0","1","B","ผ่าน"
"SCH_G3_0013","2567","2024","11. 2567 REP004-IMPROVEMENT 12 - ตารางสรุปรายงานมาตรฐานแต่ละด้าน พร้อมจำนวนข้อที่ต้องปรับปรุง และจำนวนเด็กที่ผ่านเกณฑ์.xls","15","Sheet1","2567|7227061201","สำนักงานตำรวจแห่งชาติ","กองบัญชาการตำรวจตระเวนชายแดน","กองบังคับการตำรวจตระเวนชายแดนภาค 1","กองกำกับการตำรวจตระเวนชายแดนที่ 12","","","","7227061201","รร.ตชด.บ้านเขาสารภี","รร.ตชด.บ้านเขาสารภี","27/10/2513","1970-10-27","parsed","","","0","0","0","","0","0","0","0","0","0","0","0","0","0","0","0","0","0","0","0","0","0","0","0","0","0","0","0","0","0","0","0","0","0","0","0","0","0","0","0","0","0","0","0","0","0","0","0","0","0","0","0","0","0","0","0","0","0","0","0","0","0","0","0","0","0","0","0","0","0","0","0","0","0","0","0","0","0","0","0","0","A","ผ่าน"
"SCH_G3_0014","2567","2024","11. 2567 REP004-IMPROVEMENT 12 - ตารางสรุปรายงานมาตรฐานแต่ละด้าน พร้อมจำนวนข้อที่ต้องปรับปรุง และจำนวนเด็กที่ผ่านเกณฑ์.xls","16","Sheet1","2567|7227061206","สำนักงานตำรวจแห่งชาติ","กองบัญชาการตำรวจตระเวนชายแดน","กองบังคับการตำรวจตระเวนชายแดนภาค 1","กองกำกับการตำรวจตระเวนชายแดนที่ 12","","","","7227061206","รร.ตชด.ประชารัฐบำรุง 1","รร.ตชด.ประชารัฐบำรุง 1","03/06/2568","2025-06-03","parsed","","","0","0","0","","0","0","0","0","0","0","0","0","0","0","0","0","0","0","0","0","0","0","0","0","0","0","0","0","0","0","0","0","0","0","0","0","0","0","0","0","0","0","0","0","0","0","0","0","0","0","0","0","0","0","0","0","0","0","0","0","0","0","0","0","0","0","0","0","0","0","0","0","0","0","0","0","0","0","0","0","0","A","ผ่าน"
"SCH_G3_0015","2567","2024","11. 2567 REP004-IMPROVEMENT 12 - ตารางสรุปรายงานมาตรฐานแต่ละด้าน พร้อมจำนวนข้อที่ต้องปรับปรุง และจำนวนเด็กที่ผ่านเกณฑ์.xls","17","Sheet1","2567|7227071209","สำนักงานตำรวจแห่งชาติ","กองบัญชาการตำรวจตระเวนชายแดน","กองบังคับการตำรวจตระเวนชายแดนภาค 1","กองกำกับการตำรวจตระเวนชายแดนที่ 12","","","","7227071209","รร.ตชด.บ้านน้ำอ้อม","รร.ตชด.บ้านน้ำอ้อม","09/02/2525","1982-02-09","parsed","","","0","0","0","","0","0","0","0","0","0","0","0","0","0","0","0","0","0","0","0","0","0","0","0","0","0","0","0","0","0","0","0","0","0","0","0","0","0","0","0","0","0","0","0","0","0","0","0","0","0","0","0","0","0","0","0","0","0","0","0","0","0","0","0","0","0","0","0","0","0","0","0","0","0","0","0","0","0","0","0","0","A","ผ่าน"
"SCH_G3_0016","2567","2024","11. 2567 REP004-IMPROVEMENT 12 - ตารางสรุปรายงานมาตรฐานแต่ละด้าน พร้อมจำนวนข้อที่ต้องปรับปรุง และจำนวนเด็กที่ผ่านเกณฑ์.xls","18","Sheet1","2567|7227091202","สำนักงานตำรวจแห่งชาติ","กองบัญชาการตำรวจตระเวนชายแดน","กองบังคับการตำรวจตระเวนชายแดนภาค 1","กองกำกับการตำรวจตระเวนชายแดนที่ 12","","","","7227091202","รร.ตชด.บ้านทุ่งกบินทร์","รร.ตชด.บ้านทุ่งกบินทร์","20/06/2520","1977-06-20","parsed","","","0","0","0","","0","0","0","0","0","0","0","0","0","0","0","0","0","0","0","0","0","0","0","0","0","0","0","0","0","0","0","0","0","0","0","0","0","0","0","0","0","0","0","0","0","0","0","0","0","0","0","0","0","0","0","0","0","0","0","0","0","0","0","0","0","0","0","0","0","0","0","0","0","0","0","0","0","0","0","0","0","A","ผ่าน"
"SCH_G3_0017","2567","2024","11. 2567 REP004-IMPROVEMENT 12 - ตารางสรุปรายงานมาตรฐานแต่ละด้าน พร้อมจำนวนข้อที่ต้องปรับปรุง และจำนวนเด็กที่ผ่านเกณฑ์.xls","19","Sheet1","2567|7227091203","สำนักงานตำรวจแห่งชาติ","กองบัญชาการตำรวจตระเวนชายแดน","กองบังคับการตำรวจตระเวนชายแดนภาค 1","กองกำกับการตำรวจตระเวนชายแดนที่ 12","","","","7227091203","รร.ตชด.วังศรีทอง","รร.ตชด.วังศรีทอง","","","missing","","","0","0","0","","0","0","0","0","0","0","0","0","0","0","0","0","0","0","0","0","0","0","0","0","0","0","0","0","0","0","0","0","0","0","0","0","0","0","0","0","0","0","0","0","0","0","0","0","0","0","0","0","0","0","0","0","0","0","0","0","0","0","0","0","0","0","0","0","0","0","0","0","0","0","0","0","0","0","0","0","0","A","ผ่าน"
"SCH_G3_0018","2567","2024","11. 2567 REP004-IMPROVEMENT 12 - ตารางสรุปรายงานมาตรฐานแต่ละด้าน พร้อมจำนวนข้อที่ต้องปรับปรุง และจำนวนเด็กที่ผ่านเกณฑ์.xls","20","Sheet1","2567|7227091212","สำนักงานตำรวจแห่งชาติ","กองบัญชาการตำรวจตระเวนชายแดน","กองบังคับการตำรวจตระเวนชายแดนภาค 1","กองกำกับการตำรวจตระเวนชายแดนที่ 12","","","","7227091212","รร.ตชด.พีระยานุเคราะห์ฯ 1","รร.ตชด.พีระยานุเคราะห์ฯ 1","01/06/2538","1995-06-01","parsed","","","0","0","0","","0","0","0","0","0","0","0","0","0","0","0","0","0","0","0","0","0","0","0","0","0","0","0","0","0","0","0","0","0","0","0","0","0","0","0","0","0","0","0","0","0","0","0","0","0","0","0","0","0","0","0","0","0","0","0","0","0","0","0","0","0","0","0","0","0","0","0","0","0","0","0","0","0","0","0","0","0","A","ผ่าน"
"SCH_G3_0020","2567","2024","11. 2567 REP004-IMPROVEMENT 12 - ตารางสรุปรายงานมาตรฐานแต่ละด้าน พร้อมจำนวนข้อที่ต้องปรับปรุง และจำนวนเด็กที่ผ่านเกณฑ์.xls","21","Sheet1","2567|7232052103","สำนักงานตำรวจแห่งชาติ","กองบัญชาการตำรวจตระเวนชายแดน","กองบังคับการตำรวจตระเวนชายแดนภาค 2","กองกำกับการตำรวจตระเวนชายแดนที่ 21","","","","7232052103","รร.ตชด.พีระยานุเคราะห์ฯ 2","รร.ตชด.พีระยานุเคราะห์ฯ 2","","","missing","","","0","0","0","","0","0","0","0","0","0","0","0","0","0","0","0","0","0","0","0","0","0","0","0","0","0","0","0","0","0","0","0","0","0","0","0","0","0","0","0","0","0","0","0","0","0","0","0","0","0","0","0","0","0","0","0","0","0","0","0","0","0","0","0","0","0","0","0","0","0","0","0","0","0","0","0","0","0","0","0","0","A","ผ่าน"
"SCH_G3_0021","2567","2024","11. 2567 REP004-IMPROVEMENT 12 - ตารางสรุปรายงานมาตรฐานแต่ละด้าน พร้อมจำนวนข้อที่ต้องปรับปรุง และจำนวนเด็กที่ผ่านเกณฑ์.xls","22","Sheet1","2567|7232062108","สำนักงานตำรวจแห่งชาติ","กองบัญชาการตำรวจตระเวนชายแดน","กองบังคับการตำรวจตระเวนชายแดนภาค 2","กองกำกับการตำรวจตระเวนชายแดนที่ 21","","","","7232062108","รร.ตชด.ท่านผู้หญิงสุประภาดา  เกษมสันต์","รร.ตชด.ท่านผู้หญิงสุประภาดา  เกษมสันต์","25/01/2535","1992-01-25","parsed","","","0","0","0","","0","0","0","0","0","0","0","0","0","0","0","0","0","0","0","0","0","0","0","0","0","0","0","0","0","0","0","0","0","0","0","0","0","0","0","0","0","0","0","0","0","0","0","0","0","0","0","0","0","0","0","0","0","0","0","0","0","0","0","0","0","0","0","0","0","0","0","0","0","0","0","0","0","0","0","0","0","A","ผ่าน"
"SCH_G3_0022","2567","2024","11. 2567 REP004-IMPROVEMENT 12 - ตารางสรุปรายงานมาตรฐานแต่ละด้าน พร้อมจำนวนข้อที่ต้องปรับปรุง และจำนวนเด็กที่ผ่านเกณฑ์.xls","23","Sheet1","2567|7232102105","สำนักงานตำรวจแห่งชาติ","กองบัญชาการตำรวจตระเวนชายแดน","กองบังคับการตำรวจตระเวนชายแดนภาค 2","กองกำกับการตำรวจตระเวนชายแดนที่ 21","","","","7232102105","รร.ตชด.บ้านตาตุม","รร.ตชด.บ้านตาตุม","","","missing","","","0","0","0","","0","0","0","0","0","0","0","0","0","0","0","0","0","0","0","0","0","0","0","0","0","0","0","0","0","0","0","0","0","0","0","0","0","0","0","0","0","0","0","0","0","0","0","0","0","0","0","0","0","0","0","0","0","0","0","0","0","0","0","0","0","0","0","0","0","0","0","0","0","0","0","0","0","0","0","0","0","A","ผ่าน"
"SCH_G3_0023","2567","2024","11. 2567 REP004-IMPROVEMENT 12 - ตารางสรุปรายงานมาตรฐานแต่ละด้าน พร้อมจำนวนข้อที่ต้องปรับปรุง และจำนวนเด็กที่ผ่านเกณฑ์.xls","24","Sheet1","2567|7232102106","สำนักงานตำรวจแห่งชาติ","กองบัญชาการตำรวจตระเวนชายแดน","กองบังคับการตำรวจตระเวนชายแดนภาค 2","กองกำกับการตำรวจตระเวนชายแดนที่ 21","","","","7232102106","รร.ตชด.บ้านตาแตรว","รร.ตชด.บ้านตาแตรว","30/03/2540","1997-03-30","parsed","","","0","0","0","","0","0","0","0","0","0","0","0","0","0","0","0","0","0","0","0","0","0","0","0","0","0","0","0","0","0","0","0","0","0","0","0","0","0","0","0","0","0","0","0","0","0","0","0","0","0","0","0","0","0","0","0","0","0","0","0","0","0","0","0","0","0","0","0","0","0","0","0","0","0","0","0","0","0","0","0","0","A","ผ่าน"
"SCH_G3_0024","2567","2024","11. 2567 REP004-IMPROVEMENT 12 - ตารางสรุปรายงานมาตรฐานแต่ละด้าน พร้อมจำนวนข้อที่ต้องปรับปรุง และจำนวนเด็กที่ผ่านเกณฑ์.xls","25","Sheet1","2567|7232132102","สำนักงานตำรวจแห่งชาติ","กองบัญชาการตำรวจตระเวนชายแดน","กองบังคับการตำรวจตระเวนชายแดนภาค 2","กองกำกับการตำรวจตระเวนชายแดนที่ 21","","","","7232132102","รร.ตชด.บ้านซำปะโต","รร.ตชด.บ้านซำปะโต","16/05/2568","2025-05-16","parsed","","","0","0","0","","0","0","0","0","0","0","0","0","0","0","0","0","0","0","0","0","0","0","0","0","0","0","0","0","0","0","0","0","0","0","0","0","0","0","0","0","0","0","0","0","0","0","0","0","0","0","0","0","0","0","0","0","0","0","0","0","0","0","0","0","0","0","0","0","0","0","0","0","0","0","0","0","0","0","0","0","0","A","ผ่าน"
"SCH_G3_0025","2567","2024","11. 2567 REP004-IMPROVEMENT 12 - ตารางสรุปรายงานมาตรฐานแต่ละด้าน พร้อมจำนวนข้อที่ต้องปรับปรุง และจำนวนเด็กที่ผ่านเกณฑ์.xls","26","Sheet1","2567|7232132104","สำนักงานตำรวจแห่งชาติ","กองบัญชาการตำรวจตระเวนชายแดน","กองบังคับการตำรวจตระเวนชายแดนภาค 2","กองกำกับการตำรวจตระเวนชายแดนที่ 21","","","","7232132104","รร.ตชด.บ้านรุน","รร.ตชด.บ้านรุน","24/04/2568","2025-04-24","parsed","","","0","0","0","","0","0","0","0","0","0","0","0","0","0","0","0","0","0","0","0","0","0","0","0","0","0","0","0","0","0","0","0","0","0","0","0","0","0","0","0","0","0","0","0","0","0","0","0","0","0","0","0","0","0","0","0","0","0","0","0","0","0","0","0","0","0","0","0","0","0","0","0","0","0","0","0","0","0","0","0","0","A","ผ่าน"
"SCH_G3_0026","2567","2024","11. 2567 REP004-IMPROVEMENT 12 - ตารางสรุปรายงานมาตรฐานแต่ละด้าน พร้อมจำนวนข้อที่ต้องปรับปรุง และจำนวนเด็กที่ผ่านเกณฑ์.xls","27","Sheet1","2567|7232142101","สำนักงานตำรวจแห่งชาติ","กองบัญชาการตำรวจตระเวนชายแดน","กองบังคับการตำรวจตระเวนชายแดนภาค 2","กองกำกับการตำรวจตระเวนชายแดนที่ 21","","","","7232142101","รร.ตชด.บ้านโคกแสลง","รร.ตชด.บ้านโคกแสลง","29/04/2566","2023-04-29","parsed","","","0","0","0","","0","0","0","0","0","0","0","0","0","0","0","0","0","0","0","0","0","0","0","0","0","0","0","0","0","0","0","0","0","0","0","0","0","0","0","0","0","0","0","0","0","0","0","0","0","0","0","0","0","0","0","0","0","0","0","0","0","0","0","0","0","0","0","0","0","0","0","0","0","0","0","0","0","0","0","0","0","A","ผ่าน"
"SCH_G3_0029","2567","2024","11. 2567 REP004-IMPROVEMENT 12 - ตารางสรุปรายงานมาตรฐานแต่ละด้าน พร้อมจำนวนข้อที่ต้องปรับปรุง และจำนวนเด็กที่ผ่านเกณฑ์.xls","28","Sheet1","2567|7234092203","สำนักงานตำรวจแห่งชาติ","กองบัญชาการตำรวจตระเวนชายแดน","กองบังคับการตำรวจตระเวนชายแดนภาค 2","กองกำกับการตำรวจตระเวนชายแดนที่ 22","","","","7234092203","รร.ตชด.บ้านคำสะอาด","รร.ตชด.บ้านคำสะอาด","25/03/2525","1982-03-25","parsed","","","0","0","0","","0","0","0","0","0","0","0","0","0","0","0","0","0","0","0","0","0","0","0","0","0","0","0","0","0","0","0","0","0","0","0","0","0","0","0","0","0","0","0","0","0","0","0","0","0","0","0","0","0","0","0","0","0","0","0","0","0","0","0","0","0","0","0","0","0","0","0","0","0","0","0","0","0","0","0","0","0","A","ผ่าน"
"SCH_G3_0030","2567","2024","11. 2567 REP004-IMPROVEMENT 12 - ตารางสรุปรายงานมาตรฐานแต่ละด้าน พร้อมจำนวนข้อที่ต้องปรับปรุง และจำนวนเด็กที่ผ่านเกณฑ์.xls","29","Sheet1","2567|7234092204","สำนักงานตำรวจแห่งชาติ","กองบัญชาการตำรวจตระเวนชายแดน","กองบังคับการตำรวจตระเวนชายแดนภาค 2","กองกำกับการตำรวจตระเวนชายแดนที่ 22","","","","7234092204","รร.ตชด.บ้านท่าแสนคูณ","รร.ตชด.บ้านท่าแสนคูณ","27/08/2567","2024-08-27","parsed","1.2.3","1.2.3","1","1","0","","0","0","0","0","0","0","1","0","0","0","0","0","0","0","0","0","0","0","0","0","0","0","0","0","0","0","0","0","0","0","0","0","0","0","0","0","0","0","0","0","0","0","0","0","0","0","0","0","0","0","0","0","0","0","0","0","0","0","0","0","0","0","0","0","0","0","0","0","0","0","0","0","0","0","0","0","1","B","ผ่าน"
"SCH_G3_0031","2567","2024","11. 2567 REP004-IMPROVEMENT 12 - ตารางสรุปรายงานมาตรฐานแต่ละด้าน พร้อมจำนวนข้อที่ต้องปรับปรุง และจำนวนเด็กที่ผ่านเกณฑ์.xls","30","Sheet1","2567|7234092212","สำนักงานตำรวจแห่งชาติ","กองบัญชาการตำรวจตระเวนชายแดน","กองบังคับการตำรวจตระเวนชายแดนภาค 2","กองกำกับการตำรวจตระเวนชายแดนที่ 22","","","","7234092212","ศกร.ตชด.บ้านหนองบัวพัฒนา","ศกร.ตชด.บ้านหนองบัวพัฒนา","16/05/2557","2014-05-16","parsed","","","0","0","0","","0","0","0","0","0","0","0","0","0","0","0","0","0","0","0","0","0","0","0","0","0","0","0","0","0","0","0","0","0","0","0","0","0","0","0","0","0","0","0","0","0","0","0","0","0","0","0","0","0","0","0","0","0","0","0","0","0","0","0","0","0","0","0","0","0","0","0","0","0","0","0","0","0","0","0","0","0","A","ผ่าน"
"SCH_G3_0032","2567","2024","11. 2567 REP004-IMPROVEMENT 12 - ตารางสรุปรายงานมาตรฐานแต่ละด้าน พร้อมจำนวนข้อที่ต้องปรับปรุง และจำนวนเด็กที่ผ่านเกณฑ์.xls","31","Sheet1","2567|7234102209","สำนักงานตำรวจแห่งชาติ","กองบัญชาการตำรวจตระเวนชายแดน","กองบังคับการตำรวจตระเวนชายแดนภาค 2","กองกำกับการตำรวจตระเวนชายแดนที่ 22","","","","7234102209","รร.ตชด.ศาสตราจารย์ ดอกเตอร์เนวิน สคริมชอว์","รร.ตชด.ศาสตราจารย์ ดอกเตอร์เนวิน สคริมชอว์","23/04/2567","2024-04-23","parsed","1.2.3","1.2.3","1","1","0","","0","0","0","0","0","0","1","0","0","0","0","0","0","0","0","0","0","0","0","0","0","0","0","0","0","0","0","0","0","0","0","0","0","0","0","0","0","0","0","0","0","0","0","0","0","0","0","0","0","0","0","0","0","0","0","0","0","0","0","0","0","0","0","0","0","0","0","0","0","0","0","0","0","0","0","0","1","B","ผ่าน"
"SCH_G3_0034","2567","2024","11. 2567 REP004-IMPROVEMENT 12 - ตารางสรุปรายงานมาตรฐานแต่ละด้าน พร้อมจำนวนข้อที่ต้องปรับปรุง และจำนวนเด็กที่ผ่านเกณฑ์.xls","32","Sheet1","2567|7234252208","สำนักงานตำรวจแห่งชาติ","กองบัญชาการตำรวจตระเวนชายแดน","กองบังคับการตำรวจตระเวนชายแดนภาค 2","กองกำกับการตำรวจตระเวนชายแดนที่ 22","","","","7234252208","รร.ตชด.บ้านแก่งศรีโคตร","รร.ตชด.บ้านแก่งศรีโคตร","27/04/2567","2024-04-27","parsed","","","0","0","0","","0","0","0","0","0","0","0","0","0","0","0","0","0","0","0","0","0","0","0","0","0","0","0","0","0","0","0","0","0","0","0","0","0","0","0","0","0","0","0","0","0","0","0","0","0","0","0","0","0","0","0","0","0","0","0","0","0","0","0","0","0","0","0","0","0","0","0","0","0","0","0","0","0","0","0","0","0","A","ผ่าน"
"SCH_G3_0040","2567","2024","11. 2567 REP004-IMPROVEMENT 12 - ตารางสรุปรายงานมาตรฐานแต่ละด้าน พร้อมจำนวนข้อที่ต้องปรับปรุง และจำนวนเด็กที่ผ่านเกณฑ์.xls","33","Sheet1","2567|7237112213","สำนักงานตำรวจแห่งชาติ","กองบัญชาการตำรวจตระเวนชายแดน","กองบังคับการตำรวจตระเวนชายแดนภาค 2","กองกำกับการตำรวจตระเวนชายแดนที่ 22","","","","7237112213","ศกร.ตชด.บ้านภูดานกอย","ศกร.ตชด.บ้านภูดานกอย","18/05/2558","2015-05-18","parsed","","","0","0","0","","0","0","0","0","0","0","0","0","0","0","0","0","0","0","0","0","0","0","0","0","0","0","0","0","0","0","0","0","0","0","0","0","0","0","0","0","0","0","0","0","0","0","0","0","0","0","0","0","0","0","0","0","0","0","0","0","0","0","0","0","0","0","0","0","0","0","0","0","0","0","0","0","0","0","0","0","0","A","ผ่าน"
"SCH_G3_0041","2567","2024","11. 2567 REP004-IMPROVEMENT 12 - ตารางสรุปรายงานมาตรฐานแต่ละด้าน พร้อมจำนวนข้อที่ต้องปรับปรุง และจำนวนเด็กที่ผ่านเกณฑ์.xls","34","Sheet1","2567|7238012406","สำนักงานตำรวจแห่งชาติ","กองบัญชาการตำรวจตระเวนชายแดน","กองบังคับการตำรวจตระเวนชายแดนภาค 2","กองกำกับการตำรวจตระเวนชายแดนที่ 24","","","","7238012406","รร.ตชด.บ้านห้วยดอกไม้","รร.ตชด.บ้านห้วยดอกไม้","25/02/2565","2022-02-25","parsed","","","0","0","0","","0","0","0","0","0","0","0","0","0","0","0","0","0","0","0","0","0","0","0","0","0","0","0","0","0","0","0","0","0","0","0","0","0","0","0","0","0","0","0","0","0","0","0","0","0","0","0","0","0","0","0","0","0","0","0","0","0","0","0","0","0","0","0","0","0","0","0","0","0","0","0","0","0","0","0","0","0","A","ผ่าน"
"SCH_G3_0042","2567","2024","11. 2567 REP004-IMPROVEMENT 12 - ตารางสรุปรายงานมาตรฐานแต่ละด้าน พร้อมจำนวนข้อที่ต้องปรับปรุง และจำนวนเด็กที่ผ่านเกณฑ์.xls","35","Sheet1","2567|7238012411","สำนักงานตำรวจแห่งชาติ","กองบัญชาการตำรวจตระเวนชายแดน","กองบังคับการตำรวจตระเวนชายแดนภาค 2","กองกำกับการตำรวจตระเวนชายแดนที่ 24","","","","7238012411","รร.ตชด.บ้านหนองตะไก้","รร.ตชด.บ้านหนองตะไก้","10/06/2538","1995-06-10","parsed","","","0","0","0","","0","0","0","0","0","0","0","0","0","0","0","0","0","0","0","0","0","0","0","0","0","0","0","0","0","0","0","0","0","0","0","0","0","0","0","0","0","0","0","0","0","0","0","0","0","0","0","0","0","0","0","0","0","0","0","0","0","0","0","0","0","0","0","0","0","0","0","0","0","0","0","0","0","0","0","0","0","A","ผ่าน"
"SCH_G3_0043","2567","2024","11. 2567 REP004-IMPROVEMENT 12 - ตารางสรุปรายงานมาตรฐานแต่ละด้าน พร้อมจำนวนข้อที่ต้องปรับปรุง และจำนวนเด็กที่ผ่านเกณฑ์.xls","36","Sheet1","2567|7238012412","สำนักงานตำรวจแห่งชาติ","กองบัญชาการตำรวจตระเวนชายแดน","กองบังคับการตำรวจตระเวนชายแดนภาค 2","กองกำกับการตำรวจตระเวนชายแดนที่ 24","","","","7238012412","รร.ตชด.บ้านนาแวง","รร.ตชด.บ้านนาแวง","22/07/2564","2021-07-22","parsed","1.2.3","1.2.3","1","1","0","","0","0","0","0","0","0","1","0","0","0","0","0","0","0","0","0","0","0","0","0","0","0","0","0","0","0","0","0","0","0","0","0","0","0","0","0","0","0","0","0","0","0","0","0","0","0","0","0","0","0","0","0","0","0","0","0","0","0","0","0","0","0","0","0","0","0","0","0","0","0","0","0","0","0","0","0","1","B","ผ่าน"
"SCH_G3_0044","2567","2024","11. 2567 REP004-IMPROVEMENT 12 - ตารางสรุปรายงานมาตรฐานแต่ละด้าน พร้อมจำนวนข้อที่ต้องปรับปรุง และจำนวนเด็กที่ผ่านเกณฑ์.xls","37","Sheet1","2567|7238152417","สำนักงานตำรวจแห่งชาติ","กองบัญชาการตำรวจตระเวนชายแดน","กองบังคับการตำรวจตระเวนชายแดนภาค 2","กองกำกับการตำรวจตระเวนชายแดนที่ 24","","","","7238152417","รร.ตชด.บ้านคำชมภู","รร.ตชด.บ้านคำชมภู","18/05/2558","2015-05-18","parsed","","","0","0","0","","0","0","0","0","0","0","0","0","0","0","0","0","0","0","0","0","0","0","0","0","0","0","0","0","0","0","0","0","0","0","0","0","0","0","0","0","0","0","0","0","0","0","0","0","0","0","0","0","0","0","0","0","0","0","0","0","0","0","0","0","0","0","0","0","0","0","0","0","0","0","0","0","0","0","0","0","0","A","ผ่าน"
"SCH_G3_0046","2567","2024","11. 2567 REP004-IMPROVEMENT 12 - ตารางสรุปรายงานมาตรฐานแต่ละด้าน พร้อมจำนวนข้อที่ต้องปรับปรุง และจำนวนเด็กที่ผ่านเกณฑ์.xls","38","Sheet1","2567|7241182415","สำนักงานตำรวจแห่งชาติ","กองบัญชาการตำรวจตระเวนชายแดน","กองบังคับการตำรวจตระเวนชายแดนภาค 2","กองกำกับการตำรวจตระเวนชายแดนที่ 24","","","","7241182415","รร.ตชด.บ้านเทพภูเงิน","รร.ตชด.บ้านเทพภูเงิน","07/11/2548","2005-11-07","parsed","","","0","0","0","","0","0","0","0","0","0","0","0","0","0","0","0","0","0","0","0","0","0","0","0","0","0","0","0","0","0","0","0","0","0","0","0","0","0","0","0","0","0","0","0","0","0","0","0","0","0","0","0","0","0","0","0","0","0","0","0","0","0","0","0","0","0","0","0","0","0","0","0","0","0","0","0","0","0","0","0","0","A","ผ่าน"
"SCH_G3_0049","2567","2024","11. 2567 REP004-IMPROVEMENT 12 - ตารางสรุปรายงานมาตรฐานแต่ละด้าน พร้อมจำนวนข้อที่ต้องปรับปรุง และจำนวนเด็กที่ผ่านเกณฑ์.xls","39","Sheet1","2567|7241222413","สำนักงานตำรวจแห่งชาติ","กองบัญชาการตำรวจตระเวนชายแดน","กองบังคับการตำรวจตระเวนชายแดนภาค 2","กองกำกับการตำรวจตระเวนชายแดนที่ 24","","","","7241222413","รร.ตชด.บ้านนาชมภู","รร.ตชด.บ้านนาชมภู","22/07/2564","2021-07-22","parsed","","","0","0","0","","0","0","0","0","0","0","0","0","0","0","0","0","0","0","0","0","0","0","0","0","0","0","0","0","0","0","0","0","0","0","0","0","0","0","0","0","0","0","0","0","0","0","0","0","0","0","0","0","0","0","0","0","0","0","0","0","0","0","0","0","0","0","0","0","0","0","0","0","0","0","0","0","0","0","0","0","0","A","ผ่าน"
"SCH_G3_0051","2567","2024","11. 2567 REP004-IMPROVEMENT 12 - ตารางสรุปรายงานมาตรฐานแต่ละด้าน พร้อมจำนวนข้อที่ต้องปรับปรุง และจำนวนเด็กที่ผ่านเกณฑ์.xls","40","Sheet1","2567|7242042402","สำนักงานตำรวจแห่งชาติ","กองบัญชาการตำรวจตระเวนชายแดน","กองบังคับการตำรวจตระเวนชายแดนภาค 2","กองกำกับการตำรวจตระเวนชายแดนที่ 24","","","","7242042402","รร.ตชด.บ้านห้วยเป้า","รร.ตชด.บ้านห้วยเป้า","20/09/2520","1977-09-20","parsed","","","0","0","0","","0","0","0","0","0","0","0","0","0","0","0","0","0","0","0","0","0","0","0","0","0","0","0","0","0","0","0","0","0","0","0","0","0","0","0","0","0","0","0","0","0","0","0","0","0","0","0","0","0","0","0","0","0","0","0","0","0","0","0","0","0","0","0","0","0","0","0","0","0","0","0","0","0","0","0","0","0","A","ผ่าน"
"SCH_G3_0052","2567","2024","11. 2567 REP004-IMPROVEMENT 12 - ตารางสรุปรายงานมาตรฐานแต่ละด้าน พร้อมจำนวนข้อที่ต้องปรับปรุง และจำนวนเด็กที่ผ่านเกณฑ์.xls","41","Sheet1","2567|7242042405","สำนักงานตำรวจแห่งชาติ","กองบัญชาการตำรวจตระเวนชายแดน","กองบังคับการตำรวจตระเวนชายแดนภาค 2","กองกำกับการตำรวจตระเวนชายแดนที่ 24","","","","7242042405","รร.ตชด.ฮิลมาร์พาเบิล","รร.ตชด.ฮิลมาร์พาเบิล","23/12/2523","1980-12-23","parsed","","","0","0","0","","0","0","0","0","0","0","0","0","0","0","0","0","0","0","0","0","0","0","0","0","0","0","0","0","0","0","0","0","0","0","0","0","0","0","0","0","0","0","0","0","0","0","0","0","0","0","0","0","0","0","0","0","0","0","0","0","0","0","0","0","0","0","0","0","0","0","0","0","0","0","0","0","0","0","0","0","0","A","ผ่าน"
"SCH_G3_0053","2567","2024","11. 2567 REP004-IMPROVEMENT 12 - ตารางสรุปรายงานมาตรฐานแต่ละด้าน พร้อมจำนวนข้อที่ต้องปรับปรุง และจำนวนเด็กที่ผ่านเกณฑ์.xls","42","Sheet1","2567|7242042407","สำนักงานตำรวจแห่งชาติ","กองบัญชาการตำรวจตระเวนชายแดน","กองบังคับการตำรวจตระเวนชายแดนภาค 2","กองกำกับการตำรวจตระเวนชายแดนที่ 24","","","","7242042407","รร.ตชด.บ้านนานกปีด","รร.ตชด.บ้านนานกปีด","05/05/2529","1986-05-05","parsed","","","0","0","0","","0","0","0","0","0","0","0","0","0","0","0","0","0","0","0","0","0","0","0","0","0","0","0","0","0","0","0","0","0","0","0","0","0","0","0","0","0","0","0","0","0","0","0","0","0","0","0","0","0","0","0","0","0","0","0","0","0","0","0","0","0","0","0","0","0","0","0","0","0","0","0","0","0","0","0","0","0","A","ผ่าน"
"SCH_G3_0054","2567","2024","11. 2567 REP004-IMPROVEMENT 12 - ตารางสรุปรายงานมาตรฐานแต่ละด้าน พร้อมจำนวนข้อที่ต้องปรับปรุง และจำนวนเด็กที่ผ่านเกณฑ์.xls","43","Sheet1","2567|7242052401","สำนักงานตำรวจแห่งชาติ","กองบัญชาการตำรวจตระเวนชายแดน","กองบังคับการตำรวจตระเวนชายแดนภาค 2","กองกำกับการตำรวจตระเวนชายแดนที่ 24","","","","7242052401","รร.ตชด.เฉลิมราษฎร์บำรุง","รร.ตชด.เฉลิมราษฎร์บำรุง","","","missing","","","0","0","0","","0","0","0","0","0","0","0","0","0","0","0","0","0","0","0","0","0","0","0","0","0","0","0","0","0","0","0","0","0","0","0","0","0","0","0","0","0","0","0","0","0","0","0","0","0","0","0","0","0","0","0","0","0","0","0","0","0","0","0","0","0","0","0","0","0","0","0","0","0","0","0","0","0","0","0","0","0","A","ผ่าน"
"SCH_G3_0055","2567","2024","11. 2567 REP004-IMPROVEMENT 12 - ตารางสรุปรายงานมาตรฐานแต่ละด้าน พร้อมจำนวนข้อที่ต้องปรับปรุง และจำนวนเด็กที่ผ่านเกณฑ์.xls","44","Sheet1","2567|7242062414","สำนักงานตำรวจแห่งชาติ","กองบัญชาการตำรวจตระเวนชายแดน","กองบังคับการตำรวจตระเวนชายแดนภาค 2","กองกำกับการตำรวจตระเวนชายแดนที่ 24","","","","7242062414","รร.ตชด.บ้านนาปอ","รร.ตชด.บ้านนาปอ","16/05/2567","2024-05-16","parsed","","","0","0","0","","0","0","0","0","0","0","0","0","0","0","0","0","0","0","0","0","0","0","0","0","0","0","0","0","0","0","0","0","0","0","0","0","0","0","0","0","0","0","0","0","0","0","0","0","0","0","0","0","0","0","0","0","0","0","0","0","0","0","0","0","0","0","0","0","0","0","0","0","0","0","0","0","0","0","0","0","0","A","ผ่าน"
"SCH_G3_0056","2567","2024","11. 2567 REP004-IMPROVEMENT 12 - ตารางสรุปรายงานมาตรฐานแต่ละด้าน พร้อมจำนวนข้อที่ต้องปรับปรุง และจำนวนเด็กที่ผ่านเกณฑ์.xls","45","Sheet1","2567|7242132410","สำนักงานตำรวจแห่งชาติ","กองบัญชาการตำรวจตระเวนชายแดน","กองบังคับการตำรวจตระเวนชายแดนภาค 2","กองกำกับการตำรวจตระเวนชายแดนที่ 24","","","","7242132410","รร.ตชด.บ้านวังชมภู","รร.ตชด.บ้านวังชมภู","14/06/2538","1995-06-14","parsed","","","0","0","0","","0","0","0","0","0","0","0","0","0","0","0","0","0","0","0","0","0","0","0","0","0","0","0","0","0","0","0","0","0","0","0","0","0","0","0","0","0","0","0","0","0","0","0","0","0","0","0","0","0","0","0","0","0","0","0","0","0","0","0","0","0","0","0","0","0","0","0","0","0","0","0","0","0","0","0","0","0","A","ผ่าน"
"SCH_G3_0057","2567","2024","11. 2567 REP004-IMPROVEMENT 12 - ตารางสรุปรายงานมาตรฐานแต่ละด้าน พร้อมจำนวนข้อที่ต้องปรับปรุง และจำนวนเด็กที่ผ่านเกณฑ์.xls","46","Sheet1","2567|7247152307","สำนักงานตำรวจแห่งชาติ","กองบัญชาการตำรวจตระเวนชายแดน","กองบังคับการตำรวจตระเวนชายแดนภาค 2","กองกำกับการตำรวจตระเวนชายแดนที่ 23","","","","7247152307","รร.ตชด.ค็อกนิสไทยฯ","รร.ตชด.ค็อกนิสไทยฯ","15/05/2568","2025-05-15","parsed","","","0","0","0","","0","0","0","0","0","0","0","0","0","0","0","0","0","0","0","0","0","0","0","0","0","0","0","0","0","0","0","0","0","0","0","0","0","0","0","0","0","0","0","0","0","0","0","0","0","0","0","0","0","0","0","0","0","0","0","0","0","0","0","0","0","0","0","0","0","0","0","0","0","0","0","0","0","0","0","0","0","A","ผ่าน"
"SCH_G3_0059","2567","2024","11. 2567 REP004-IMPROVEMENT 12 - ตารางสรุปรายงานมาตรฐานแต่ละด้าน พร้อมจำนวนข้อที่ต้องปรับปรุง และจำนวนเด็กที่ผ่านเกณฑ์.xls","47","Sheet1","2567|7248032303","สำนักงานตำรวจแห่งชาติ","กองบัญชาการตำรวจตระเวนชายแดน","กองบังคับการตำรวจตระเวนชายแดนภาค 2","กองกำกับการตำรวจตระเวนชายแดนที่ 23","","","","7248032303","รร.ตชด.บ้านหาดทรายเพ","รร.ตชด.บ้านหาดทรายเพ","01/10/2520","1977-10-01","parsed","","","0","0","0","","0","0","0","0","0","0","0","0","0","0","0","0","0","0","0","0","0","0","0","0","0","0","0","0","0","0","0","0","0","0","0","0","0","0","0","0","0","0","0","0","0","0","0","0","0","0","0","0","0","0","0","0","0","0","0","0","0","0","0","0","0","0","0","0","0","0","0","0","0","0","0","0","0","0","0","0","0","A","ผ่าน"
"SCH_G3_0060","2567","2024","11. 2567 REP004-IMPROVEMENT 12 - ตารางสรุปรายงานมาตรฐานแต่ละด้าน พร้อมจำนวนข้อที่ต้องปรับปรุง และจำนวนเด็กที่ผ่านเกณฑ์.xls","48","Sheet1","2567|7248032309","สำนักงานตำรวจแห่งชาติ","กองบัญชาการตำรวจตระเวนชายแดน","กองบังคับการตำรวจตระเวนชายแดนภาค 2","กองกำกับการตำรวจตระเวนชายแดนที่ 23","","","","7248032309","ศกร.ตชด.บ้านนากระเสริม","ศกร.ตชด.บ้านนากระเสริม","07/01/2557","2014-01-07","parsed","","","0","0","0","","0","0","0","0","0","0","0","0","0","0","0","0","0","0","0","0","0","0","0","0","0","0","0","0","0","0","0","0","0","0","0","0","0","0","0","0","0","0","0","0","0","0","0","0","0","0","0","0","0","0","0","0","0","0","0","0","0","0","0","0","0","0","0","0","0","0","0","0","0","0","0","0","0","0","0","0","0","A","ผ่าน"
"SCH_G3_0061","2567","2024","11. 2567 REP004-IMPROVEMENT 12 - ตารางสรุปรายงานมาตรฐานแต่ละด้าน พร้อมจำนวนข้อที่ต้องปรับปรุง และจำนวนเด็กที่ผ่านเกณฑ์.xls","49","Sheet1","2567|7248042310","สำนักงานตำรวจแห่งชาติ","กองบัญชาการตำรวจตระเวนชายแดน","กองบังคับการตำรวจตระเวนชายแดนภาค 2","กองกำกับการตำรวจตระเวนชายแดนที่ 23","","","","7248042310","ศกร.ตชด.บ้านปากห้วยม่วง","ศกร.ตชด.บ้านปากห้วยม่วง","16/05/2557","2014-05-16","parsed","","","0","0","0","","0","0","0","0","0","0","0","0","0","0","0","0","0","0","0","0","0","0","0","0","0","0","0","0","0","0","0","0","0","0","0","0","0","0","0","0","0","0","0","0","0","0","0","0","0","0","0","0","0","0","0","0","0","0","0","0","0","0","0","0","0","0","0","0","0","0","0","0","0","0","0","0","0","0","0","0","0","A","ผ่าน"
"SCH_G3_0063","2567","2024","11. 2567 REP004-IMPROVEMENT 12 - ตารางสรุปรายงานมาตรฐานแต่ละด้าน พร้อมจำนวนข้อที่ต้องปรับปรุง และจำนวนเด็กที่ผ่านเกณฑ์.xls","50","Sheet1","2567|7248112302","สำนักงานตำรวจแห่งชาติ","กองบัญชาการตำรวจตระเวนชายแดน","กองบังคับการตำรวจตระเวนชายแดนภาค 2","กองกำกับการตำรวจตระเวนชายแดนที่ 23","","","","7248112302","รร.ตชด.ช่างกลปทุมวันอนุสรณ์ 8","รร.ตชด.ช่างกลปทุมวันอนุสรณ์ 8","01/06/2519","1976-06-01","parsed","","","0","0","0","","0","0","0","0","0","0","0","0","0","0","0","0","0","0","0","0","0","0","0","0","0","0","0","0","0","0","0","0","0","0","0","0","0","0","0","0","0","0","0","0","0","0","0","0","0","0","0","0","0","0","0","0","0","0","0","0","0","0","0","0","0","0","0","0","0","0","0","0","0","0","0","0","0","0","0","0","0","A","ผ่าน"
"SCH_G3_0066","2567","2024","11. 2567 REP004-IMPROVEMENT 12 - ตารางสรุปรายงานมาตรฐานแต่ละด้าน พร้อมจำนวนข้อที่ต้องปรับปรุง และจำนวนเด็กที่ผ่านเกณฑ์.xls","51","Sheet1","2567|7249052311","สำนักงานตำรวจแห่งชาติ","กองบัญชาการตำรวจตระเวนชายแดน","กองบังคับการตำรวจตระเวนชายแดนภาค 2","กองกำกับการตำรวจตระเวนชายแดนที่ 23","","","","7249052311","ศกร.ตชด.ใต้ร่มพระบารมี (ธนาคารอาคารสงเคราะห์อุปถัมภ์)","ศกร.ตชด.ใต้ร่มพระบารมี (ธนาคารอาคารสงเคราะห์อุปถัมภ์)","12/05/2558","2015-05-12","parsed","1.3.8","1.3.8","1","1","0","","0","0","0","0","0","0","0","0","0","0","0","0","0","0","0","1","0","0","0","0","0","0","0","0","0","0","0","0","0","0","0","0","0","0","0","0","0","0","0","0","0","0","0","0","0","0","0","0","0","0","0","0","0","0","0","0","0","0","0","0","0","0","0","0","0","0","0","0","0","0","0","0","0","0","0","0","1","B","ผ่าน"
"SCH_G3_0067","2567","2024","11. 2567 REP004-IMPROVEMENT 12 - ตารางสรุปรายงานมาตรฐานแต่ละด้าน พร้อมจำนวนข้อที่ต้องปรับปรุง และจำนวนเด็กที่ผ่านเกณฑ์.xls","52","Sheet1","2567|7250030005","สำนักงานตำรวจแห่งชาติ","กองบัญชาการตำรวจตระเวนชายแดน","กองบังคับการตำรวจตระเวนชายแดนภาค 3","กองกำกับการตำรวจตระเวนชายแดนที่ 33","","","","7250030005","ศกร.ตชด.สนั่น-เฉลิมเกตุ นภาศัพท์","ศกร.ตชด.สนั่น-เฉลิมเกตุ นภาศัพท์","17/05/2564","2021-05-17","parsed","1.2.2,1.3.5,3.6.1ข","1.2.2,1.3.5,3.6.1ข","3","3","0","","0","0","0","0","0","1","0","0","0","0","0","0","1","0","0","0","0","0","0","0","0","0","0","0","0","0","0","0","0","0","0","0","0","0","0","0","0","0","0","0","0","0","0","0","0","0","0","0","0","0","0","0","0","0","0","0","0","0","0","0","0","0","0","0","0","0","0","0","1","0","0","0","0","0","0","0","3","B","ผ่าน"
"SCH_G3_0068","2567","2024","11. 2567 REP004-IMPROVEMENT 12 - ตารางสรุปรายงานมาตรฐานแต่ละด้าน พร้อมจำนวนข้อที่ต้องปรับปรุง และจำนวนเด็กที่ผ่านเกณฑ์.xls","53","Sheet1","2567|7250033310","สำนักงานตำรวจแห่งชาติ","กองบัญชาการตำรวจตระเวนชายแดน","กองบังคับการตำรวจตระเวนชายแดนภาค 3","กองกำกับการตำรวจตระเวนชายแดนที่ 33","","","","7250033310","รร.ตชด.บ้านแม่ลอง","รร.ตชด.บ้านแม่ลอง","08/07/2564","2021-07-08","parsed","","","0","0","0","","0","0","0","0","0","0","0","0","0","0","0","0","0","0","0","0","0","0","0","0","0","0","0","0","0","0","0","0","0","0","0","0","0","0","0","0","0","0","0","0","0","0","0","0","0","0","0","0","0","0","0","0","0","0","0","0","0","0","0","0","0","0","0","0","0","0","0","0","0","0","0","0","0","0","0","0","0","A","ผ่าน"
"SCH_G3_0069","2567","2024","11. 2567 REP004-IMPROVEMENT 12 - ตารางสรุปรายงานมาตรฐานแต่ละด้าน พร้อมจำนวนข้อที่ต้องปรับปรุง และจำนวนเด็กที่ผ่านเกณฑ์.xls","54","Sheet1","2567|7250033314","สำนักงานตำรวจแห่งชาติ","กองบัญชาการตำรวจตระเวนชายแดน","กองบังคับการตำรวจตระเวนชายแดนภาค 3","กองกำกับการตำรวจตระเวนชายแดนที่ 33","","","","7250033314","รร.ตชด.บ้านใหม่พัฒนาสันติ","รร.ตชด.บ้านใหม่พัฒนาสันติ","20/03/2568","2025-03-20","parsed","","","0","0","0","","0","0","0","0","0","0","0","0","0","0","0","0","0","0","0","0","0","0","0","0","0","0","0","0","0","0","0","0","0","0","0","0","0","0","0","0","0","0","0","0","0","0","0","0","0","0","0","0","0","0","0","0","0","0","0","0","0","0","0","0","0","0","0","0","0","0","0","0","0","0","0","0","0","0","0","0","0","A","ผ่าน"
"SCH_G3_0070","2567","2024","11. 2567 REP004-IMPROVEMENT 12 - ตารางสรุปรายงานมาตรฐานแต่ละด้าน พร้อมจำนวนข้อที่ต้องปรับปรุง และจำนวนเด็กที่ผ่านเกณฑ์.xls","55","Sheet1","2567|7250033332","สำนักงานตำรวจแห่งชาติ","กองบัญชาการตำรวจตระเวนชายแดน","กองบังคับการตำรวจตระเวนชายแดนภาค 3","กองกำกับการตำรวจตระเวนชายแดนที่ 33","","","","7250033332","รร.ตชด.บางกอก เชฟ แชร์ริตี้ บ้านแม่ขอ","รร.ตชด.บางกอก เชฟ แชร์ริตี้ บ้านแม่ขอ","16/05/2560","2017-05-16","parsed","3.1.2ข,3.1.3ข,3.5.2ข","3.1.2ข,3.1.3ข,3.5.2ข","3","3","0","","0","0","0","0","0","0","0","0","0","0","0","0","0","0","0","0","0","0","0","0","0","0","0","0","0","0","0","0","0","0","0","0","0","0","0","0","0","0","0","0","0","0","0","0","0","0","0","0","0","0","0","0","0","0","0","1","1","0","0","0","0","0","0","0","1","0","0","0","0","0","0","0","0","0","0","0","3","B","ผ่าน"
"SCH_G3_0071","2567","2024","11. 2567 REP004-IMPROVEMENT 12 - ตารางสรุปรายงานมาตรฐานแต่ละด้าน พร้อมจำนวนข้อที่ต้องปรับปรุง และจำนวนเด็กที่ผ่านเกณฑ์.xls","56","Sheet1","2567|7250033333","สำนักงานตำรวจแห่งชาติ","กองบัญชาการตำรวจตระเวนชายแดน","กองบังคับการตำรวจตระเวนชายแดนภาค 3","กองกำกับการตำรวจตระเวนชายแดนที่ 33","","","","7250033333","ศกร.ตชด.บ้านแม่มุใน (บริษัท ซี เค พาวเวอร์ จำกัด (มหาชน)อุปถัมภ์)","ศกร.ตชด.บ้านแม่มุใน (บริษัท ซี เค พาวเวอร์ จำกัด (มหาชน)อุปถัมภ์)","16/05/2561","2018-05-16","parsed","","","0","0","0","","0","0","0","0","0","0","0","0","0","0","0","0","0","0","0","0","0","0","0","0","0","0","0","0","0","0","0","0","0","0","0","0","0","0","0","0","0","0","0","0","0","0","0","0","0","0","0","0","0","0","0","0","0","0","0","0","0","0","0","0","0","0","0","0","0","0","0","0","0","0","0","0","0","0","0","0","0","A","ผ่าน"
"SCH_G3_0072","2567","2024","11. 2567 REP004-IMPROVEMENT 12 - ตารางสรุปรายงานมาตรฐานแต่ละด้าน พร้อมจำนวนข้อที่ต้องปรับปรุง และจำนวนเด็กที่ผ่านเกณฑ์.xls","57","Sheet1","2567|7250043311","สำนักงานตำรวจแห่งชาติ","กองบัญชาการตำรวจตระเวนชายแดน","กองบังคับการตำรวจตระเวนชายแดนภาค 3","กองกำกับการตำรวจตระเวนชายแดนที่ 33","","","","7250043311","รร.ตชด.เฉลิมพระเกียรติฯ","รร.ตชด.เฉลิมพระเกียรติฯ","09/07/2564","2021-07-09","parsed","","","0","0","0","","0","0","0","0","0","0","0","0","0","0","0","0","0","0","0","0","0","0","0","0","0","0","0","0","0","0","0","0","0","0","0","0","0","0","0","0","0","0","0","0","0","0","0","0","0","0","0","0","0","0","0","0","0","0","0","0","0","0","0","0","0","0","0","0","0","0","0","0","0","0","0","0","0","0","0","0","0","A","ผ่าน"
"SCH_G3_0073","2567","2024","11. 2567 REP004-IMPROVEMENT 12 - ตารางสรุปรายงานมาตรฐานแต่ละด้าน พร้อมจำนวนข้อที่ต้องปรับปรุง และจำนวนเด็กที่ผ่านเกณฑ์.xls","58","Sheet1","2567|7250043316","สำนักงานตำรวจแห่งชาติ","กองบัญชาการตำรวจตระเวนชายแดน","กองบังคับการตำรวจตระเวนชายแดนภาค 3","กองกำกับการตำรวจตระเวนชายแดนที่ 33","","","","7250043316","รร.ตชด.บ้านหนองแขม","รร.ตชด.บ้านหนองแขม","25/07/2541","1998-07-25","parsed","","","0","0","0","","0","0","0","0","0","0","0","0","0","0","0","0","0","0","0","0","0","0","0","0","0","0","0","0","0","0","0","0","0","0","0","0","0","0","0","0","0","0","0","0","0","0","0","0","0","0","0","0","0","0","0","0","0","0","0","0","0","0","0","0","0","0","0","0","0","0","0","0","0","0","0","0","0","0","0","0","0","A","ผ่าน"
"SCH_G3_0074","2567","2024","11. 2567 REP004-IMPROVEMENT 12 - ตารางสรุปรายงานมาตรฐานแต่ละด้าน พร้อมจำนวนข้อที่ต้องปรับปรุง และจำนวนเด็กที่ผ่านเกณฑ์.xls","59","Sheet1","2567|7250063315","สำนักงานตำรวจแห่งชาติ","กองบัญชาการตำรวจตระเวนชายแดน","กองบังคับการตำรวจตระเวนชายแดนภาค 3","กองกำกับการตำรวจตระเวนชายแดนที่ 33","","","","7250063315","รร.ตชด.ไลออนส์มหาจักร 9","รร.ตชด.ไลออนส์มหาจักร 9","27/06/2535","1992-06-27","parsed","","","0","0","0","","0","0","0","0","0","0","0","0","0","0","0","0","0","0","0","0","0","0","0","0","0","0","0","0","0","0","0","0","0","0","0","0","0","0","0","0","0","0","0","0","0","0","0","0","0","0","0","0","0","0","0","0","0","0","0","0","0","0","0","0","0","0","0","0","0","0","0","0","0","0","0","0","0","0","0","0","0","A","ผ่าน"
"SCH_G3_0075","2567","2024","11. 2567 REP004-IMPROVEMENT 12 - ตารางสรุปรายงานมาตรฐานแต่ละด้าน พร้อมจำนวนข้อที่ต้องปรับปรุง และจำนวนเด็กที่ผ่านเกณฑ์.xls","60","Sheet1","2567|7250093302","สำนักงานตำรวจแห่งชาติ","กองบัญชาการตำรวจตระเวนชายแดน","กองบังคับการตำรวจตระเวนชายแดนภาค 3","กองกำกับการตำรวจตระเวนชายแดนที่ 33","","","","7250093302","รร.ตชด.อาโอยาม่า","รร.ตชด.อาโอยาม่า","10/01/2510","1967-01-10","parsed","","","0","0","0","","0","0","0","0","0","0","0","0","0","0","0","0","0","0","0","0","0","0","0","0","0","0","0","0","0","0","0","0","0","0","0","0","0","0","0","0","0","0","0","0","0","0","0","0","0","0","0","0","0","0","0","0","0","0","0","0","0","0","0","0","0","0","0","0","0","0","0","0","0","0","0","0","0","0","0","0","0","A","ผ่าน"
"SCH_G3_0076","2567","2024","11. 2567 REP004-IMPROVEMENT 12 - ตารางสรุปรายงานมาตรฐานแต่ละด้าน พร้อมจำนวนข้อที่ต้องปรับปรุง และจำนวนเด็กที่ผ่านเกณฑ์.xls","61","Sheet1","2567|7250103301","สำนักงานตำรวจแห่งชาติ","กองบัญชาการตำรวจตระเวนชายแดน","กองบังคับการตำรวจตระเวนชายแดนภาค 3","กองกำกับการตำรวจตระเวนชายแดนที่ 33","","","","7250103301","รร.ตชด.เฮียงไทยธำรงค์","รร.ตชด.เฮียงไทยธำรงค์","11/01/2505","1962-01-11","parsed","1.1.2,1.2.1,1.2.3,1.3.3,1.3.4,1.3.5,1.3.8","1.1.2,1.2.1,1.2.3,1.3.3,1.3.4,1.3.5,1.3.8","7","7","0","","0","0","1","0","1","0","1","0","0","0","1","1","1","0","0","1","0","0","0","0","0","0","0","0","0","0","0","0","0","0","0","0","0","0","0","0","0","0","0","0","0","0","0","0","0","0","0","0","0","0","0","0","0","0","0","0","0","0","0","0","0","0","0","0","0","0","0","0","0","0","0","0","0","0","0","0","7","B","ผ่าน"
"SCH_G3_0078","2567","2024","11. 2567 REP004-IMPROVEMENT 12 - ตารางสรุปรายงานมาตรฐานแต่ละด้าน พร้อมจำนวนข้อที่ต้องปรับปรุง และจำนวนเด็กที่ผ่านเกณฑ์.xls","62","Sheet1","2567|7250113304","สำนักงานตำรวจแห่งชาติ","กองบัญชาการตำรวจตระเวนชายแดน","กองบังคับการตำรวจตระเวนชายแดนภาค 3","กองกำกับการตำรวจตระเวนชายแดนที่ 33","","","","7250113304","รร.ตชด.เจ้าพ่อหลวงอุปถัมภ์ 2","รร.ตชด.เจ้าพ่อหลวงอุปถัมภ์ 2","01/12/2508","1965-12-01","parsed","","","0","0","0","","0","0","0","0","0","0","0","0","0","0","0","0","0","0","0","0","0","0","0","0","0","0","0","0","0","0","0","0","0","0","0","0","0","0","0","0","0","0","0","0","0","0","0","0","0","0","0","0","0","0","0","0","0","0","0","0","0","0","0","0","0","0","0","0","0","0","0","0","0","0","0","0","0","0","0","0","0","A","ผ่าน"
"SCH_G3_0079","2567","2024","11. 2567 REP004-IMPROVEMENT 12 - ตารางสรุปรายงานมาตรฐานแต่ละด้าน พร้อมจำนวนข้อที่ต้องปรับปรุง และจำนวนเด็กที่ผ่านเกณฑ์.xls","63","Sheet1","2567|7250183318","สำนักงานตำรวจแห่งชาติ","กองบัญชาการตำรวจตระเวนชายแดน","กองบังคับการตำรวจตระเวนชายแดนภาค 3","กองกำกับการตำรวจตระเวนชายแดนที่ 33","","","","7250183318","รร.ตชด.รางวัลอินทิรา  คานธี","รร.ตชด.รางวัลอินทิรา  คานธี","20/04/2555","2012-04-20","parsed","","","0","0","0","","0","0","0","0","0","0","0","0","0","0","0","0","0","0","0","0","0","0","0","0","0","0","0","0","0","0","0","0","0","0","0","0","0","0","0","0","0","0","0","0","0","0","0","0","0","0","0","0","0","0","0","0","0","0","0","0","0","0","0","0","0","0","0","0","0","0","0","0","0","0","0","0","0","0","0","0","0","A","ผ่าน"
"SCH_G3_0081","2567","2024","11. 2567 REP004-IMPROVEMENT 12 - ตารางสรุปรายงานมาตรฐานแต่ละด้าน พร้อมจำนวนข้อที่ต้องปรับปรุง และจำนวนเด็กที่ผ่านเกณฑ์.xls","64","Sheet1","2567|7250183326","สำนักงานตำรวจแห่งชาติ","กองบัญชาการตำรวจตระเวนชายแดน","กองบังคับการตำรวจตระเวนชายแดนภาค 3","กองกำกับการตำรวจตระเวนชายแดนที่ 33","","","","7250183326","รร.ตชด.บางกอก เชฟ แชร์ริตี้","รร.ตชด.บางกอก เชฟ แชร์ริตี้","18/05/2558","2015-05-18","parsed","","","0","0","0","","0","0","0","0","0","0","0","0","0","0","0","0","0","0","0","0","0","0","0","0","0","0","0","0","0","0","0","0","0","0","0","0","0","0","0","0","0","0","0","0","0","0","0","0","0","0","0","0","0","0","0","0","0","0","0","0","0","0","0","0","0","0","0","0","0","0","0","0","0","0","0","0","0","0","0","0","0","A","ผ่าน"
"SCH_G3_0084","2567","2024","11. 2567 REP004-IMPROVEMENT 12 - ตารางสรุปรายงานมาตรฐานแต่ละด้าน พร้อมจำนวนข้อที่ต้องปรับปรุง และจำนวนเด็กที่ผ่านเกณฑ์.xls","65","Sheet1","2567|7250283334","สำนักงานตำรวจแห่งชาติ","กองบัญชาการตำรวจตระเวนชายแดน","กองบังคับการตำรวจตระเวนชายแดนภาค 3","กองกำกับการตำรวจตระเวนชายแดนที่ 33","","","","7250283334","ศกร.ตชด.บ้านนามะอื้น","ศกร.ตชด.บ้านนามะอื้น","16/05/2562","2019-05-16","parsed","1.2.3","1.2.3","1","1","0","","0","0","0","0","0","0","1","0","0","0","0","0","0","0","0","0","0","0","0","0","0","0","0","0","0","0","0","0","0","0","0","0","0","0","0","0","0","0","0","0","0","0","0","0","0","0","0","0","0","0","0","0","0","0","0","0","0","0","0","0","0","0","0","0","0","0","0","0","0","0","0","0","0","0","0","0","1","B","ผ่าน"
"SCH_G3_0085","2567","2024","11. 2567 REP004-IMPROVEMENT 12 - ตารางสรุปรายงานมาตรฐานแต่ละด้าน พร้อมจำนวนข้อที่ต้องปรับปรุง และจำนวนเด็กที่ผ่านเกณฑ์.xls","66","Sheet1","2567|7253063101","สำนักงานตำรวจแห่งชาติ","กองบัญชาการตำรวจตระเวนชายแดน","กองบังคับการตำรวจตระเวนชายแดนภาค 3","กองกำกับการตำรวจตระเวนชายแดนที่ 31","","","","7253063101","รร.ตชด.บุญธรรม-บุญพรั้ง","รร.ตชด.บุญธรรม-บุญพรั้ง","01/05/2501","1958-05-01","parsed","","","0","0","0","","0","0","0","0","0","0","0","0","0","0","0","0","0","0","0","0","0","0","0","0","0","0","0","0","0","0","0","0","0","0","0","0","0","0","0","0","0","0","0","0","0","0","0","0","0","0","0","0","0","0","0","0","0","0","0","0","0","0","0","0","0","0","0","0","0","0","0","0","0","0","0","0","0","0","0","0","0","A","ผ่าน"
"SCH_G3_0086","2567","2024","11. 2567 REP004-IMPROVEMENT 12 - ตารางสรุปรายงานมาตรฐานแต่ละด้าน พร้อมจำนวนข้อที่ต้องปรับปรุง และจำนวนเด็กที่ผ่านเกณฑ์.xls","67","Sheet1","2567|7253063105","สำนักงานตำรวจแห่งชาติ","กองบัญชาการตำรวจตระเวนชายแดน","กองบังคับการตำรวจตระเวนชายแดนภาค 3","กองกำกับการตำรวจตระเวนชายแดนที่ 31","","","","7253063105","รร.ตชด.ยอดโพธิ์ทอง 1","รร.ตชด.ยอดโพธิ์ทอง 1","01/08/2529","1986-08-01","parsed","","","0","0","0","","0","0","0","0","0","0","0","0","0","0","0","0","0","0","0","0","0","0","0","0","0","0","0","0","0","0","0","0","0","0","0","0","0","0","0","0","0","0","0","0","0","0","0","0","0","0","0","0","0","0","0","0","0","0","0","0","0","0","0","0","0","0","0","0","0","0","0","0","0","0","0","0","0","0","0","0","0","A","ผ่าน"
"SCH_G3_0087","2567","2024","11. 2567 REP004-IMPROVEMENT 12 - ตารางสรุปรายงานมาตรฐานแต่ละด้าน พร้อมจำนวนข้อที่ต้องปรับปรุง และจำนวนเด็กที่ผ่านเกณฑ์.xls","68","Sheet1","2567|7255013224","สำนักงานตำรวจแห่งชาติ","กองบัญชาการตำรวจตระเวนชายแดน","กองบังคับการตำรวจตระเวนชายแดนภาค 3","กองกำกับการตำรวจตระเวนชายแดนที่ 32","","","","7255013224","ศกร.ตชด.บ้านห้วยลู่","ศกร.ตชด.บ้านห้วยลู่","24/01/2563","2020-01-24","parsed","","","0","0","0","","0","0","0","0","0","0","0","0","0","0","0","0","0","0","0","0","0","0","0","0","0","0","0","0","0","0","0","0","0","0","0","0","0","0","0","0","0","0","0","0","0","0","0","0","0","0","0","0","0","0","0","0","0","0","0","0","0","0","0","0","0","0","0","0","0","0","0","0","0","0","0","0","0","0","0","0","0","A","ผ่าน"
"SCH_G3_0088","2567","2024","11. 2567 REP004-IMPROVEMENT 12 - ตารางสรุปรายงานมาตรฐานแต่ละด้าน พร้อมจำนวนข้อที่ต้องปรับปรุง และจำนวนเด็กที่ผ่านเกณฑ์.xls","69","Sheet1","2567|7255023216","สำนักงานตำรวจแห่งชาติ","กองบัญชาการตำรวจตระเวนชายแดน","กองบังคับการตำรวจตระเวนชายแดนภาค 3","กองกำกับการตำรวจตระเวนชายแดนที่ 32","","","","7255023216","รร.ตชด.พีระยานุเคราะห์ฯ 3","รร.ตชด.พีระยานุเคราะห์ฯ 3","26/01/2538","1995-01-26","parsed","1.2.3","1.2.3","1","1","0","","0","0","0","0","0","0","1","0","0","0","0","0","0","0","0","0","0","0","0","0","0","0","0","0","0","0","0","0","0","0","0","0","0","0","0","0","0","0","0","0","0","0","0","0","0","0","0","0","0","0","0","0","0","0","0","0","0","0","0","0","0","0","0","0","0","0","0","0","0","0","0","0","0","0","0","0","1","B","ผ่าน"
"SCH_G3_0089","2567","2024","11. 2567 REP004-IMPROVEMENT 12 - ตารางสรุปรายงานมาตรฐานแต่ละด้าน พร้อมจำนวนข้อที่ต้องปรับปรุง และจำนวนเด็กที่ผ่านเกณฑ์.xls","70","Sheet1","2567|7255123217","สำนักงานตำรวจแห่งชาติ","กองบัญชาการตำรวจตระเวนชายแดน","กองบังคับการตำรวจตระเวนชายแดนภาค 3","กองกำกับการตำรวจตระเวนชายแดนที่ 32","","","","7255123217","รร.ตชด.เฉลิมฉลอง 100 ปีฯ","รร.ตชด.เฉลิมฉลอง 100 ปีฯ","","","missing","","","0","0","0","","0","0","0","0","0","0","0","0","0","0","0","0","0","0","0","0","0","0","0","0","0","0","0","0","0","0","0","0","0","0","0","0","0","0","0","0","0","0","0","0","0","0","0","0","0","0","0","0","0","0","0","0","0","0","0","0","0","0","0","0","0","0","0","0","0","0","0","0","0","0","0","0","0","0","0","0","0","A","ผ่าน"
"SCH_G3_0090","2567","2024","11. 2567 REP004-IMPROVEMENT 12 - ตารางสรุปรายงานมาตรฐานแต่ละด้าน พร้อมจำนวนข้อที่ต้องปรับปรุง และจำนวนเด็กที่ผ่านเกณฑ์.xls","71","Sheet1","2567|7256033223","สำนักงานตำรวจแห่งชาติ","กองบัญชาการตำรวจตระเวนชายแดน","กองบังคับการตำรวจตระเวนชายแดนภาค 3","กองกำกับการตำรวจตระเวนชายแดนที่ 32","","","","7256033223","ศูนย์การเรียนตำรวจตระเวนชายแดนอินทรีอาสา (บ้านห้วยปุ้ม)","ศูนย์การเรียนตำรวจตระเวนชายแดนอินทรีอาสา (บ้านห้วยปุ้ม)","10/02/2561","2018-02-10","parsed","1.3.2,1.3.4,1.4.3,1.5.2,2.5.2","1.3.2,1.3.4,1.4.3,1.5.2,2.5.2","5","5","0","","0","0","0","0","0","0","0","0","0","1","0","1","0","0","0","0","0","0","1","0","0","0","0","0","1","0","0","0","0","0","0","0","0","0","0","0","0","0","0","0","0","0","0","0","0","0","1","0","0","0","0","0","0","0","0","0","0","0","0","0","0","0","0","0","0","0","0","0","0","0","0","0","0","0","0","0","5","B","ผ่าน"
"SCH_G3_0091","2567","2024","11. 2567 REP004-IMPROVEMENT 12 - ตารางสรุปรายงานมาตรฐานแต่ละด้าน พร้อมจำนวนข้อที่ต้องปรับปรุง และจำนวนเด็กที่ผ่านเกณฑ์.xls","72","Sheet1","2567|7256063211","สำนักงานตำรวจแห่งชาติ","กองบัญชาการตำรวจตระเวนชายแดน","กองบังคับการตำรวจตระเวนชายแดนภาค 3","กองกำกับการตำรวจตระเวนชายแดนที่ 32","","","","7256063211","รร.ตชด.เบ็ตตี้ดูเมน","รร.ตชด.เบ็ตตี้ดูเมน","12/01/2528","1985-01-12","parsed","","","0","0","0","","0","0","0","0","0","0","0","0","0","0","0","0","0","0","0","0","0","0","0","0","0","0","0","0","0","0","0","0","0","0","0","0","0","0","0","0","0","0","0","0","0","0","0","0","0","0","0","0","0","0","0","0","0","0","0","0","0","0","0","0","0","0","0","0","0","0","0","0","0","0","0","0","0","0","0","0","0","A","ผ่าน"
"SCH_G3_0093","2567","2024","11. 2567 REP004-IMPROVEMENT 12 - ตารางสรุปรายงานมาตรฐานแต่ละด้าน พร้อมจำนวนข้อที่ต้องปรับปรุง และจำนวนเด็กที่ผ่านเกณฑ์.xls","73","Sheet1","2567|7257013213","สำนักงานตำรวจแห่งชาติ","กองบัญชาการตำรวจตระเวนชายแดน","กองบังคับการตำรวจตระเวนชายแดนภาค 3","กองกำกับการตำรวจตระเวนชายแดนที่ 32","","","","7257013213","รร.ตชด.เทคนิคดุสิต","รร.ตชด.เทคนิคดุสิต","14/06/2564","2021-06-14","parsed","1.2.3,3.1.3ข","1.2.3,3.1.3ข","2","2","0","","0","0","0","0","0","0","1","0","0","0","0","0","0","0","0","0","0","0","0","0","0","0","0","0","0","0","0","0","0","0","0","0","0","0","0","0","0","0","0","0","0","0","0","0","0","0","0","0","0","0","0","0","0","0","0","0","1","0","0","0","0","0","0","0","0","0","0","0","0","0","0","0","0","0","0","0","2","B","ผ่าน"
"SCH_G3_0094","2567","2024","11. 2567 REP004-IMPROVEMENT 12 - ตารางสรุปรายงานมาตรฐานแต่ละด้าน พร้อมจำนวนข้อที่ต้องปรับปรุง และจำนวนเด็กที่ผ่านเกณฑ์.xls","74","Sheet1","2567|7257013222","สำนักงานตำรวจแห่งชาติ","กองบัญชาการตำรวจตระเวนชายแดน","กองบังคับการตำรวจตระเวนชายแดนภาค 3","กองกำกับการตำรวจตระเวนชายแดนที่ 32","","","","7257013222","ศกร.ตชด.บ้านจะนู (จิราธิวัฒน์อุปถัมภ์)","ศกร.ตชด.บ้านจะนู (จิราธิวัฒน์อุปถัมภ์)","17/02/2568","2025-02-17","parsed","","","0","0","0","","0","0","0","0","0","0","0","0","0","0","0","0","0","0","0","0","0","0","0","0","0","0","0","0","0","0","0","0","0","0","0","0","0","0","0","0","0","0","0","0","0","0","0","0","0","0","0","0","0","0","0","0","0","0","0","0","0","0","0","0","0","0","0","0","0","0","0","0","0","0","0","0","0","0","0","0","0","A","ผ่าน"
"SCH_G3_0095","2567","2024","11. 2567 REP004-IMPROVEMENT 12 - ตารางสรุปรายงานมาตรฐานแต่ละด้าน พร้อมจำนวนข้อที่ต้องปรับปรุง และจำนวนเด็กที่ผ่านเกณฑ์.xls","75","Sheet1","2567|7257033203","สำนักงานตำรวจแห่งชาติ","กองบัญชาการตำรวจตระเวนชายแดน","กองบังคับการตำรวจตระเวนชายแดนภาค 3","กองกำกับการตำรวจตระเวนชายแดนที่ 32","","","","7257033203","รร.ตชด.อาชีวศึกษา เชียงราย-พะเยา","รร.ตชด.อาชีวศึกษา เชียงราย-พะเยา","08/05/2508","1965-05-08","parsed","1.3.5,1.3.6,2.1.2,3.2.1ข,3.5.2ข","1.3.5,1.3.6,2.1.2,3.2.1ข,3.5.2ข","5","5","0","","0","0","0","0","0","0","0","0","0","0","0","0","1","1","0","0","0","0","0","0","0","0","0","0","0","0","0","0","1","0","0","0","0","0","0","0","0","0","0","0","0","0","0","0","0","0","0","0","0","0","0","0","0","0","0","0","0","1","0","0","0","0","0","0","1","0","0","0","0","0","0","0","0","0","0","0","5","B","ผ่าน"
"SCH_G3_0096","2567","2024","11. 2567 REP004-IMPROVEMENT 12 - ตารางสรุปรายงานมาตรฐานแต่ละด้าน พร้อมจำนวนข้อที่ต้องปรับปรุง และจำนวนเด็กที่ผ่านเกณฑ์.xls","76","Sheet1","2567|7257103201","สำนักงานตำรวจแห่งชาติ","กองบัญชาการตำรวจตระเวนชายแดน","กองบังคับการตำรวจตระเวนชายแดนภาค 3","กองกำกับการตำรวจตระเวนชายแดนที่ 32","","","","7257103201","รร.ตชด.บ้านดอยล้าน *","รร.ตชด.บ้านดอยล้าน *","01/10/2503","1960-10-01","parsed","3.1.3ข","3.1.3ข","1","1","0","","0","0","0","0","0","0","0","0","0","0","0","0","0","0","0","0","0","0","0","0","0","0","0","0","0","0","0","0","0","0","0","0","0","0","0","0","0","0","0","0","0","0","0","0","0","0","0","0","0","0","0","0","0","0","0","0","1","0","0","0","0","0","0","0","0","0","0","0","0","0","0","0","0","0","0","0","1","B","ผ่าน"
"SCH_G3_0097","2567","2024","11. 2567 REP004-IMPROVEMENT 12 - ตารางสรุปรายงานมาตรฐานแต่ละด้าน พร้อมจำนวนข้อที่ต้องปรับปรุง และจำนวนเด็กที่ผ่านเกณฑ์.xls","77","Sheet1","2567|7257103221","สำนักงานตำรวจแห่งชาติ","กองบัญชาการตำรวจตระเวนชายแดน","กองบังคับการตำรวจตระเวนชายแดนภาค 3","กองกำกับการตำรวจตระเวนชายแดนที่ 32","","","","7257103221","ศกร.ตชด.อินทรีอาสา (บ้านห้วยน้ำกืน)","ศกร.ตชด.อินทรีอาสา (บ้านห้วยน้ำกืน)","16/05/2567","2024-05-16","parsed","","","0","0","0","","0","0","0","0","0","0","0","0","0","0","0","0","0","0","0","0","0","0","0","0","0","0","0","0","0","0","0","0","0","0","0","0","0","0","0","0","0","0","0","0","0","0","0","0","0","0","0","0","0","0","0","0","0","0","0","0","0","0","0","0","0","0","0","0","0","0","0","0","0","0","0","0","0","0","0","0","0","A","ผ่าน"
"SCH_G3_0098","2567","2024","11. 2567 REP004-IMPROVEMENT 12 - ตารางสรุปรายงานมาตรฐานแต่ละด้าน พร้อมจำนวนข้อที่ต้องปรับปรุง และจำนวนเด็กที่ผ่านเกณฑ์.xls","78","Sheet1","2567|7257133206","สำนักงานตำรวจแห่งชาติ","กองบัญชาการตำรวจตระเวนชายแดน","กองบังคับการตำรวจตระเวนชายแดนภาค 3","กองกำกับการตำรวจตระเวนชายแดนที่ 32","","","","7257133206","รร.ตชด.ชนัตถ์ปิยะอุย","รร.ตชด.ชนัตถ์ปิยะอุย","09/01/2517","1974-01-09","parsed","","","0","0","0","","0","0","0","0","0","0","0","0","0","0","0","0","0","0","0","0","0","0","0","0","0","0","0","0","0","0","0","0","0","0","0","0","0","0","0","0","0","0","0","0","0","0","0","0","0","0","0","0","0","0","0","0","0","0","0","0","0","0","0","0","0","0","0","0","0","0","0","0","0","0","0","0","0","0","0","0","0","A","ผ่าน"
"SCH_G3_0099","2567","2024","11. 2567 REP004-IMPROVEMENT 12 - ตารางสรุปรายงานมาตรฐานแต่ละด้าน พร้อมจำนวนข้อที่ต้องปรับปรุง และจำนวนเด็กที่ผ่านเกณฑ์.xls","79","Sheet1","2567|7257133219","สำนักงานตำรวจแห่งชาติ","กองบัญชาการตำรวจตระเวนชายแดน","กองบังคับการตำรวจตระเวนชายแดนภาค 3","กองกำกับการตำรวจตระเวนชายแดนที่ 32","","","","7257133219","ศกร.ตชด.บ้านฟ้าไทยงาม","ศกร.ตชด.บ้านฟ้าไทยงาม","16/05/2557","2014-05-16","parsed","","","0","0","0","","0","0","0","0","0","0","0","0","0","0","0","0","0","0","0","0","0","0","0","0","0","0","0","0","0","0","0","0","0","0","0","0","0","0","0","0","0","0","0","0","0","0","0","0","0","0","0","0","0","0","0","0","0","0","0","0","0","0","0","0","0","0","0","0","0","0","0","0","0","0","0","0","0","0","0","0","0","A","ผ่าน"
"SCH_G3_0100","2567","2024","11. 2567 REP004-IMPROVEMENT 12 - ตารางสรุปรายงานมาตรฐานแต่ละด้าน พร้อมจำนวนข้อที่ต้องปรับปรุง และจำนวนเด็กที่ผ่านเกณฑ์.xls","80","Sheet1","2567|7257133220","สำนักงานตำรวจแห่งชาติ","กองบัญชาการตำรวจตระเวนชายแดน","กองบังคับการตำรวจตระเวนชายแดนภาค 3","กองกำกับการตำรวจตระเวนชายแดนที่ 32","","","","7257133220","ศกร.ตชด.บ้านห้วยกุ๊ก","ศกร.ตชด.บ้านห้วยกุ๊ก","28/07/2564","2021-07-28","parsed","","","0","0","0","","0","0","0","0","0","0","0","0","0","0","0","0","0","0","0","0","0","0","0","0","0","0","0","0","0","0","0","0","0","0","0","0","0","0","0","0","0","0","0","0","0","0","0","0","0","0","0","0","0","0","0","0","0","0","0","0","0","0","0","0","0","0","0","0","0","0","0","0","0","0","0","0","0","0","0","0","0","A","ผ่าน"
"SCH_G3_0101","2567","2024","11. 2567 REP004-IMPROVEMENT 12 - ตารางสรุปรายงานมาตรฐานแต่ละด้าน พร้อมจำนวนข้อที่ต้องปรับปรุง และจำนวนเด็กที่ผ่านเกณฑ์.xls","81","Sheet1","2567|7257153208","สำนักงานตำรวจแห่งชาติ","กองบัญชาการตำรวจตระเวนชายแดน","กองบังคับการตำรวจตระเวนชายแดนภาค 3","กองกำกับการตำรวจตระเวนชายแดนที่ 32","","","","7257153208","รร.ตชด.เจ้าพ่อหลวงอุปถัมภ์ 4 *","รร.ตชด.เจ้าพ่อหลวงอุปถัมภ์ 4 *","01/01/2508","1965-01-01","parsed","","","0","0","0","","0","0","0","0","0","0","0","0","0","0","0","0","0","0","0","0","0","0","0","0","0","0","0","0","0","0","0","0","0","0","0","0","0","0","0","0","0","0","0","0","0","0","0","0","0","0","0","0","0","0","0","0","0","0","0","0","0","0","0","0","0","0","0","0","0","0","0","0","0","0","0","0","0","0","0","0","0","A","ผ่าน"
"SCH_G3_0104","2567","2024","11. 2567 REP004-IMPROVEMENT 12 - ตารางสรุปรายงานมาตรฐานแต่ละด้าน พร้อมจำนวนข้อที่ต้องปรับปรุง และจำนวนเด็กที่ผ่านเกณฑ์.xls","82","Sheet1","2567|7258013323","สำนักงานตำรวจแห่งชาติ","กองบัญชาการตำรวจตระเวนชายแดน","กองบังคับการตำรวจตระเวนชายแดนภาค 3","กองกำกับการตำรวจตระเวนชายแดนที่ 33","","","","7258013323","ศกร.ตชด.บ้านดอยแสง","ศกร.ตชด.บ้านดอยแสง","16/05/2558","2015-05-16","parsed","","","0","0","0","","0","0","0","0","0","0","0","0","0","0","0","0","0","0","0","0","0","0","0","0","0","0","0","0","0","0","0","0","0","0","0","0","0","0","0","0","0","0","0","0","0","0","0","0","0","0","0","0","0","0","0","0","0","0","0","0","0","0","0","0","0","0","0","0","0","0","0","0","0","0","0","0","0","0","0","0","0","A","ผ่าน"
"SCH_G3_0106","2567","2024","11. 2567 REP004-IMPROVEMENT 12 - ตารางสรุปรายงานมาตรฐานแต่ละด้าน พร้อมจำนวนข้อที่ต้องปรับปรุง และจำนวนเด็กที่ผ่านเกณฑ์.xls","83","Sheet1","2567|7258033331","สำนักงานตำรวจแห่งชาติ","กองบัญชาการตำรวจตระเวนชายแดน","กองบังคับการตำรวจตระเวนชายแดนภาค 3","กองกำกับการตำรวจตระเวนชายแดนที่ 33","","","","7258033331","ศูนย์การเรียนตำรวจตระเวนชายแดนบำรุงที่ 114","ศูนย์การเรียนตำรวจตระเวนชายแดนบำรุงที่ 114","16/05/2559","2016-05-16","parsed","1.2.3,1.5.4,3.1.3ข,3.6.1ข,3.6.2ข,3.6.3ข,3.6.4ข","1.2.3,1.5.4,3.1.3ข,3.6.1ข,3.6.2ข,3.6.3ข,3.6.4ข","7","7","0","","0","0","0","0","0","0","1","0","0","0","0","0","0","0","0","0","0","0","0","0","0","0","0","0","0","0","1","0","0","0","0","0","0","0","0","0","0","0","0","0","0","0","0","0","0","0","0","0","0","0","0","0","0","0","0","0","1","0","0","0","0","0","0","0","0","0","0","0","1","1","1","1","0","0","0","0","7","B","ผ่าน"
"SCH_G3_0107","2567","2024","11. 2567 REP004-IMPROVEMENT 12 - ตารางสรุปรายงานมาตรฐานแต่ละด้าน พร้อมจำนวนข้อที่ต้องปรับปรุง และจำนวนเด็กที่ผ่านเกณฑ์.xls","84","Sheet1","2567|7258043320","สำนักงานตำรวจแห่งชาติ","กองบัญชาการตำรวจตระเวนชายแดน","กองบังคับการตำรวจตระเวนชายแดนภาค 3","กองกำกับการตำรวจตระเวนชายแดนที่ 33","","","","7258043320","ศกร.ตชด.บ้านโกแประ","ศกร.ตชด.บ้านโกแประ","15/05/2551","2008-05-15","parsed","","","0","0","0","","0","0","0","0","0","0","0","0","0","0","0","0","0","0","0","0","0","0","0","0","0","0","0","0","0","0","0","0","0","0","0","0","0","0","0","0","0","0","0","0","0","0","0","0","0","0","0","0","0","0","0","0","0","0","0","0","0","0","0","0","0","0","0","0","0","0","0","0","0","0","0","0","0","0","0","0","0","A","ผ่าน"
"SCH_G3_0108","2567","2024","11. 2567 REP004-IMPROVEMENT 12 - ตารางสรุปรายงานมาตรฐานแต่ละด้าน พร้อมจำนวนข้อที่ต้องปรับปรุง และจำนวนเด็กที่ผ่านเกณฑ์.xls","85","Sheet1","2567|7258043321","สำนักงานตำรวจแห่งชาติ","กองบัญชาการตำรวจตระเวนชายแดน","กองบังคับการตำรวจตระเวนชายแดนภาค 3","กองกำกับการตำรวจตระเวนชายแดนที่ 33","","","","7258043321","ศกร.ตชด.บ้านปอหมื้อ","ศกร.ตชด.บ้านปอหมื้อ","17/05/2565","2022-05-17","parsed","","","0","0","0","","0","0","0","0","0","0","0","0","0","0","0","0","0","0","0","0","0","0","0","0","0","0","0","0","0","0","0","0","0","0","0","0","0","0","0","0","0","0","0","0","0","0","0","0","0","0","0","0","0","0","0","0","0","0","0","0","0","0","0","0","0","0","0","0","0","0","0","0","0","0","0","0","0","0","0","0","0","A","ผ่าน"
"SCH_G3_0110","2567","2024","11. 2567 REP004-IMPROVEMENT 12 - ตารางสรุปรายงานมาตรฐานแต่ละด้าน พร้อมจำนวนข้อที่ต้องปรับปรุง และจำนวนเด็กที่ผ่านเกณฑ์.xls","86","Sheet1","2567|7258043327","สำนักงานตำรวจแห่งชาติ","กองบัญชาการตำรวจตระเวนชายแดน","กองบังคับการตำรวจตระเวนชายแดนภาค 3","กองกำกับการตำรวจตระเวนชายแดนที่ 33","","","","7258043327","ศกร.ตชด.บ้านแม่เหลอ","ศกร.ตชด.บ้านแม่เหลอ","30/07/2564","2021-07-30","parsed","","","0","0","0","","0","0","0","0","0","0","0","0","0","0","0","0","0","0","0","0","0","0","0","0","0","0","0","0","0","0","0","0","0","0","0","0","0","0","0","0","0","0","0","0","0","0","0","0","0","0","0","0","0","0","0","0","0","0","0","0","0","0","0","0","0","0","0","0","0","0","0","0","0","0","0","0","0","0","0","0","0","A","ผ่าน"
"SCH_G3_0111","2567","2024","11. 2567 REP004-IMPROVEMENT 12 - ตารางสรุปรายงานมาตรฐานแต่ละด้าน พร้อมจำนวนข้อที่ต้องปรับปรุง และจำนวนเด็กที่ผ่านเกณฑ์.xls","87","Sheet1","2567|7258053308","สำนักงานตำรวจแห่งชาติ","กองบัญชาการตำรวจตระเวนชายแดน","กองบังคับการตำรวจตระเวนชายแดนภาค 3","กองกำกับการตำรวจตระเวนชายแดนที่ 33","","","","7258053308","รร.ตชด.บ้านแม่ลางิ้ว","รร.ตชด.บ้านแม่ลางิ้ว","05/08/2525","1982-08-05","parsed","1.2.3,2.1.1,2.1.2,2.1.3,2.1.4,2.1.5,2.5.1,2.5.2","1.2.3,2.1.1,2.1.2,2.1.3,2.1.4,2.1.5,2.5.1,2.5.2","8","8","0","","0","0","0","0","0","0","1","0","0","0","0","0","0","0","0","0","0","0","0","0","0","0","0","0","0","0","0","1","1","1","1","1","0","0","0","0","0","0","0","0","0","0","0","0","0","1","1","0","0","0","0","0","0","0","0","0","0","0","0","0","0","0","0","0","0","0","0","0","0","0","0","0","0","0","0","0","8","C","ผ่าน"
"SCH_G3_0112","2567","2024","11. 2567 REP004-IMPROVEMENT 12 - ตารางสรุปรายงานมาตรฐานแต่ละด้าน พร้อมจำนวนข้อที่ต้องปรับปรุง และจำนวนเด็กที่ผ่านเกณฑ์.xls","88","Sheet1","2567|7258053309","สำนักงานตำรวจแห่งชาติ","กองบัญชาการตำรวจตระเวนชายแดน","กองบังคับการตำรวจตระเวนชายแดนภาค 3","กองกำกับการตำรวจตระเวนชายแดนที่ 33","","","","7258053309","รร.ตชด.บ้านตุน","รร.ตชด.บ้านตุน","30/07/2564","2021-07-30","parsed","3.1.3ข","3.1.3ข","1","1","0","","0","0","0","0","0","0","0","0","0","0","0","0","0","0","0","0","0","0","0","0","0","0","0","0","0","0","0","0","0","0","0","0","0","0","0","0","0","0","0","0","0","0","0","0","0","0","0","0","0","0","0","0","0","0","0","0","1","0","0","0","0","0","0","0","0","0","0","0","0","0","0","0","0","0","0","0","1","B","ผ่าน"
"SCH_G3_0113","2567","2024","11. 2567 REP004-IMPROVEMENT 12 - ตารางสรุปรายงานมาตรฐานแต่ละด้าน พร้อมจำนวนข้อที่ต้องปรับปรุง และจำนวนเด็กที่ผ่านเกณฑ์.xls","89","Sheet1","2567|7258063329","สำนักงานตำรวจแห่งชาติ","กองบัญชาการตำรวจตระเวนชายแดน","กองบังคับการตำรวจตระเวนชายแดนภาค 3","กองกำกับการตำรวจตระเวนชายแดนที่ 33","","","","7258063329","ศกร.ตชด.บ้านห้วยมะโอ","ศกร.ตชด.บ้านห้วยมะโอ","","","missing","1.2.3,1.3.8,3.1.1ข,3.1.2ข,3.1.3ข,3.3.1ข,3.4.1ข,3.4.3ข,3.6.4ข,3.7.1ข,3.7.2ข,3.7.3ข,3.7.4ข","1.2.3,1.3.8,3.1.1ข,3.1.2ข,3.1.3ข,3.3.1ข,3.4.1ข,3.4.3ข,3.6.4ข,3.7.1ข,3.7.2ข,3.7.3ข,3.7.4ข","13","13","0","","0","0","0","0","0","0","1","0","0","0","0","0","0","0","0","1","0","0","0","0","0","0","0","0","0","0","0","0","0","0","0","0","0","0","0","0","0","0","0","0","0","0","0","0","0","0","0","0","0","0","0","0","0","0","1","1","1","0","1","0","1","0","1","0","0","0","0","0","0","0","0","1","1","1","1","1","13","C","ผ่าน"
"SCH_G3_0114","2567","2024","11. 2567 REP004-IMPROVEMENT 12 - ตารางสรุปรายงานมาตรฐานแต่ละด้าน พร้อมจำนวนข้อที่ต้องปรับปรุง และจำนวนเด็กที่ผ่านเกณฑ์.xls","90","Sheet1","2567|7258073305","สำนักงานตำรวจแห่งชาติ","กองบัญชาการตำรวจตระเวนชายแดน","กองบังคับการตำรวจตระเวนชายแดนภาค 3","กองกำกับการตำรวจตระเวนชายแดนที่ 33","","","","7258073305","รร.ตชด.ชมรมอนุรักษ์พุทธศิลปไทยอนุสรณ์","รร.ตชด.ชมรมอนุรักษ์พุทธศิลปไทยอนุสรณ์","","","missing","","","0","0","0","","0","0","0","0","0","0","0","0","0","0","0","0","0","0","0","0","0","0","0","0","0","0","0","0","0","0","0","0","0","0","0","0","0","0","0","0","0","0","0","0","0","0","0","0","0","0","0","0","0","0","0","0","0","0","0","0","0","0","0","0","0","0","0","0","0","0","0","0","0","0","0","0","0","0","0","0","0","A","ผ่าน"
"SCH_G3_0115","2567","2024","11. 2567 REP004-IMPROVEMENT 12 - ตารางสรุปรายงานมาตรฐานแต่ละด้าน พร้อมจำนวนข้อที่ต้องปรับปรุง และจำนวนเด็กที่ผ่านเกณฑ์.xls","91","Sheet1","2567|7258073313","สำนักงานตำรวจแห่งชาติ","กองบัญชาการตำรวจตระเวนชายแดน","กองบังคับการตำรวจตระเวนชายแดนภาค 3","กองกำกับการตำรวจตระเวนชายแดนที่ 33","","","","7258073313","รร.ตชด.ชมรมอนุรักษ์พุทธศิลปไทยอนุสรณ์ 2","รร.ตชด.ชมรมอนุรักษ์พุทธศิลปไทยอนุสรณ์ 2","04/04/2534","1991-04-04","parsed","2.1.2","2.1.2","1","1","0","","0","0","0","0","0","0","0","0","0","0","0","0","0","0","0","0","0","0","0","0","0","0","0","0","0","0","0","0","1","0","0","0","0","0","0","0","0","0","0","0","0","0","0","0","0","0","0","0","0","0","0","0","0","0","0","0","0","0","0","0","0","0","0","0","0","0","0","0","0","0","0","0","0","0","0","0","1","B","ผ่าน"
"SCH_G3_0116","2567","2024","11. 2567 REP004-IMPROVEMENT 12 - ตารางสรุปรายงานมาตรฐานแต่ละด้าน พร้อมจำนวนข้อที่ต้องปรับปรุง และจำนวนเด็กที่ผ่านเกณฑ์.xls","92","Sheet1","2567|7258073324","สำนักงานตำรวจแห่งชาติ","กองบัญชาการตำรวจตระเวนชายแดน","กองบังคับการตำรวจตระเวนชายแดนภาค 3","กองกำกับการตำรวจตระเวนชายแดนที่ 33","","","","7258073324","ศกร.ตชด.เฉลิมพระเกียรติ ฯ บ้านน้ำบ่อสะเป่","ศกร.ตชด.เฉลิมพระเกียรติ ฯ บ้านน้ำบ่อสะเป่","16/05/2557","2014-05-16","parsed","","","0","0","0","","0","0","0","0","0","0","0","0","0","0","0","0","0","0","0","0","0","0","0","0","0","0","0","0","0","0","0","0","0","0","0","0","0","0","0","0","0","0","0","0","0","0","0","0","0","0","0","0","0","0","0","0","0","0","0","0","0","0","0","0","0","0","0","0","0","0","0","0","0","0","0","0","0","0","0","0","0","A","ผ่าน"
"SCH_G3_0117","2567","2024","11. 2567 REP004-IMPROVEMENT 12 - ตารางสรุปรายงานมาตรฐานแต่ละด้าน พร้อมจำนวนข้อที่ต้องปรับปรุง และจำนวนเด็กที่ผ่านเกณฑ์.xls","93","Sheet1","2567|7258133330","สำนักงานตำรวจแห่งชาติ","กองบัญชาการตำรวจตระเวนชายแดน","กองบังคับการตำรวจตระเวนชายแดนภาค 3","กองกำกับการตำรวจตระเวนชายแดนที่ 33","","","","7258133330","ศกร.ตชด.พลเอก อรชุน พิบูลนครินทร์","ศกร.ตชด.พลเอก อรชุน พิบูลนครินทร์","01/05/2559","2016-05-01","parsed","3.1.3ข","3.1.3ข","1","1","0","","0","0","0","0","0","0","0","0","0","0","0","0","0","0","0","0","0","0","0","0","0","0","0","0","0","0","0","0","0","0","0","0","0","0","0","0","0","0","0","0","0","0","0","0","0","0","0","0","0","0","0","0","0","0","0","0","1","0","0","0","0","0","0","0","0","0","0","0","0","0","0","0","0","0","0","0","1","B","ผ่าน"
"SCH_G3_0120","2567","2024","11. 2567 REP004-IMPROVEMENT 12 - ตารางสรุปรายงานมาตรฐานแต่ละด้าน พร้อมจำนวนข้อที่ต้องปรับปรุง และจำนวนเด็กที่ผ่านเกณฑ์.xls","94","Sheet1","2567|7263043419","สำนักงานตำรวจแห่งชาติ","กองบัญชาการตำรวจตระเวนชายแดน","กองบังคับการตำรวจตระเวนชายแดนภาค 3","กองกำกับการตำรวจตระเวนชายแดนที่ 34","","","","7263043419","รร.ตชด.หม่อมราชวงศ์เฉลิมลักษณ์ จันทรเสน (ขยายโอกาส)","รร.ตชด.หม่อมราชวงศ์เฉลิมลักษณ์ จันทรเสน (ขยายโอกาส)","07/02/2545","2002-02-07","parsed","","","0","0","0","","0","0","0","0","0","0","0","0","0","0","0","0","0","0","0","0","0","0","0","0","0","0","0","0","0","0","0","0","0","0","0","0","0","0","0","0","0","0","0","0","0","0","0","0","0","0","0","0","0","0","0","0","0","0","0","0","0","0","0","0","0","0","0","0","0","0","0","0","0","0","0","0","0","0","0","0","0","A","ผ่าน"
"SCH_G3_0121","2567","2024","11. 2567 REP004-IMPROVEMENT 12 - ตารางสรุปรายงานมาตรฐานแต่ละด้าน พร้อมจำนวนข้อที่ต้องปรับปรุง และจำนวนเด็กที่ผ่านเกณฑ์.xls","95","Sheet1","2567|7263043420","สำนักงานตำรวจแห่งชาติ","กองบัญชาการตำรวจตระเวนชายแดน","กองบังคับการตำรวจตระเวนชายแดนภาค 3","กองกำกับการตำรวจตระเวนชายแดนที่ 34","","","","7263043420","ศกร.ตชด.บ้านทีวะเบยทะ *","ศกร.ตชด.บ้านทีวะเบยทะ *","16/05/2545","2002-05-16","parsed","1.2.3","1.2.3","1","1","0","","0","0","0","0","0","0","1","0","0","0","0","0","0","0","0","0","0","0","0","0","0","0","0","0","0","0","0","0","0","0","0","0","0","0","0","0","0","0","0","0","0","0","0","0","0","0","0","0","0","0","0","0","0","0","0","0","0","0","0","0","0","0","0","0","0","0","0","0","0","0","0","0","0","0","0","0","1","B","ผ่าน"
"SCH_G3_0122","2567","2024","11. 2567 REP004-IMPROVEMENT 12 - ตารางสรุปรายงานมาตรฐานแต่ละด้าน พร้อมจำนวนข้อที่ต้องปรับปรุง และจำนวนเด็กที่ผ่านเกณฑ์.xls","96","Sheet1","2567|7263043421","สำนักงานตำรวจแห่งชาติ","กองบัญชาการตำรวจตระเวนชายแดน","กองบังคับการตำรวจตระเวนชายแดนภาค 3","กองกำกับการตำรวจตระเวนชายแดนที่ 34","","","","7263043421","ศกร.ตชด.บ้านวะกะเลโค๊ะ *(เอ็ม เอส ไอ จี อุปถัมภ์)","ศกร.ตชด.บ้านวะกะเลโค๊ะ *(เอ็ม เอส ไอ จี อุปถัมภ์)","16/05/2546","2003-05-16","parsed","1.1.2,1.2.4,2.5.1","1.1.2,1.2.4,2.5.1","3","3","0","","0","0","1","0","0","0","0","1","0","0","0","0","0","0","0","0","0","0","0","0","0","0","0","0","0","0","0","0","0","0","0","0","0","0","0","0","0","0","0","0","0","0","0","0","0","1","0","0","0","0","0","0","0","0","0","0","0","0","0","0","0","0","0","0","0","0","0","0","0","0","0","0","0","0","0","0","3","B","ผ่าน"
"SCH_G3_0123","2567","2024","11. 2567 REP004-IMPROVEMENT 12 - ตารางสรุปรายงานมาตรฐานแต่ละด้าน พร้อมจำนวนข้อที่ต้องปรับปรุง และจำนวนเด็กที่ผ่านเกณฑ์.xls","97","Sheet1","2567|7263043422","สำนักงานตำรวจแห่งชาติ","กองบัญชาการตำรวจตระเวนชายแดน","กองบังคับการตำรวจตระเวนชายแดนภาค 3","กองกำกับการตำรวจตระเวนชายแดนที่ 34","","","","7263043422","ศกร.ตชด.บ้านเลผะสุคี *","ศกร.ตชด.บ้านเลผะสุคี *","16/05/2546","2003-05-16","parsed","","","0","0","0","","0","0","0","0","0","0","0","0","0","0","0","0","0","0","0","0","0","0","0","0","0","0","0","0","0","0","0","0","0","0","0","0","0","0","0","0","0","0","0","0","0","0","0","0","0","0","0","0","0","0","0","0","0","0","0","0","0","0","0","0","0","0","0","0","0","0","0","0","0","0","0","0","0","0","0","0","0","A","ผ่าน"
"SCH_G3_0124","2567","2024","11. 2567 REP004-IMPROVEMENT 12 - ตารางสรุปรายงานมาตรฐานแต่ละด้าน พร้อมจำนวนข้อที่ต้องปรับปรุง และจำนวนเด็กที่ผ่านเกณฑ์.xls","98","Sheet1","2567|7263043427","สำนักงานตำรวจแห่งชาติ","กองบัญชาการตำรวจตระเวนชายแดน","กองบังคับการตำรวจตระเวนชายแดนภาค 3","กองกำกับการตำรวจตระเวนชายแดนที่ 34","","","","7263043427","ศกร.ตชด.บ้านห้วยสลุง","ศกร.ตชด.บ้านห้วยสลุง","16/05/2560","2017-05-16","parsed","","","0","0","0","","0","0","0","0","0","0","0","0","0","0","0","0","0","0","0","0","0","0","0","0","0","0","0","0","0","0","0","0","0","0","0","0","0","0","0","0","0","0","0","0","0","0","0","0","0","0","0","0","0","0","0","0","0","0","0","0","0","0","0","0","0","0","0","0","0","0","0","0","0","0","0","0","0","0","0","0","0","A","ผ่าน"
"SCH_G3_0125","2567","2024","11. 2567 REP004-IMPROVEMENT 12 - ตารางสรุปรายงานมาตรฐานแต่ละด้าน พร้อมจำนวนข้อที่ต้องปรับปรุง และจำนวนเด็กที่ผ่านเกณฑ์.xls","99","Sheet1","2567|7263043428","สำนักงานตำรวจแห่งชาติ","กองบัญชาการตำรวจตระเวนชายแดน","กองบังคับการตำรวจตระเวนชายแดนภาค 3","กองกำกับการตำรวจตระเวนชายแดนที่ 34","","","","7263043428","ศูนย์การเรียนตำรวจตระเวนชายแดนธนาคารออมสินอุปถัมภ์ (บ้านเทอคี)","ศูนย์การเรียนตำรวจตระเวนชายแดนธนาคารออมสินอุปถัมภ์ (บ้านเทอคี)","14/06/2564","2021-06-14","parsed","","","0","0","0","","0","0","0","0","0","0","0","0","0","0","0","0","0","0","0","0","0","0","0","0","0","0","0","0","0","0","0","0","0","0","0","0","0","0","0","0","0","0","0","0","0","0","0","0","0","0","0","0","0","0","0","0","0","0","0","0","0","0","0","0","0","0","0","0","0","0","0","0","0","0","0","0","0","0","0","0","0","A","ผ่าน"
"SCH_G3_0126","2567","2024","11. 2567 REP004-IMPROVEMENT 12 - ตารางสรุปรายงานมาตรฐานแต่ละด้าน พร้อมจำนวนข้อที่ต้องปรับปรุง และจำนวนเด็กที่ผ่านเกณฑ์.xls","100","Sheet1","2567|7263053402","สำนักงานตำรวจแห่งชาติ","กองบัญชาการตำรวจตระเวนชายแดน","กองบังคับการตำรวจตระเวนชายแดนภาค 3","กองกำกับการตำรวจตระเวนชายแดนที่ 34","","","","7263053402","รร.ตชด.จุฬา - ธรรมศาสตร์ 3","รร.ตชด.จุฬา - ธรรมศาสตร์ 3","07/09/2515","1972-09-07","parsed","","","0","0","0","","0","0","0","0","0","0","0","0","0","0","0","0","0","0","0","0","0","0","0","0","0","0","0","0","0","0","0","0","0","0","0","0","0","0","0","0","0","0","0","0","0","0","0","0","0","0","0","0","0","0","0","0","0","0","0","0","0","0","0","0","0","0","0","0","0","0","0","0","0","0","0","0","0","0","0","0","0","A","ผ่าน"
"SCH_G3_0127","2567","2024","11. 2567 REP004-IMPROVEMENT 12 - ตารางสรุปรายงานมาตรฐานแต่ละด้าน พร้อมจำนวนข้อที่ต้องปรับปรุง และจำนวนเด็กที่ผ่านเกณฑ์.xls","101","Sheet1","2567|7263053404","สำนักงานตำรวจแห่งชาติ","กองบัญชาการตำรวจตระเวนชายแดน","กองบังคับการตำรวจตระเวนชายแดนภาค 3","กองกำกับการตำรวจตระเวนชายแดนที่ 34","","","","7263053404","รร.ตชด.เทคนิคอาสา 1","รร.ตชด.เทคนิคอาสา 1","15/03/2528","1985-03-15","parsed","1.2.3","1.2.3","1","1","0","","0","0","0","0","0","0","1","0","0","0","0","0","0","0","0","0","0","0","0","0","0","0","0","0","0","0","0","0","0","0","0","0","0","0","0","0","0","0","0","0","0","0","0","0","0","0","0","0","0","0","0","0","0","0","0","0","0","0","0","0","0","0","0","0","0","0","0","0","0","0","0","0","0","0","0","0","1","B","ผ่าน"
"SCH_G3_0128","2567","2024","11. 2567 REP004-IMPROVEMENT 12 - ตารางสรุปรายงานมาตรฐานแต่ละด้าน พร้อมจำนวนข้อที่ต้องปรับปรุง และจำนวนเด็กที่ผ่านเกณฑ์.xls","102","Sheet1","2567|7263053409","สำนักงานตำรวจแห่งชาติ","กองบัญชาการตำรวจตระเวนชายแดน","กองบังคับการตำรวจตระเวนชายแดนภาค 3","กองกำกับการตำรวจตระเวนชายแดนที่ 34","","","","7263053409","รร.ตชด.บ้านกามาผาโด้","รร.ตชด.บ้านกามาผาโด้","16/05/2526","1983-05-16","parsed","","","0","0","0","","0","0","0","0","0","0","0","0","0","0","0","0","0","0","0","0","0","0","0","0","0","0","0","0","0","0","0","0","0","0","0","0","0","0","0","0","0","0","0","0","0","0","0","0","0","0","0","0","0","0","0","0","0","0","0","0","0","0","0","0","0","0","0","0","0","0","0","0","0","0","0","0","0","0","0","0","0","A","ผ่าน"
"SCH_G3_0131","2567","2024","11. 2567 REP004-IMPROVEMENT 12 - ตารางสรุปรายงานมาตรฐานแต่ละด้าน พร้อมจำนวนข้อที่ต้องปรับปรุง และจำนวนเด็กที่ผ่านเกณฑ์.xls","103","Sheet1","2567|7263053416","สำนักงานตำรวจแห่งชาติ","กองบัญชาการตำรวจตระเวนชายแดน","กองบังคับการตำรวจตระเวนชายแดนภาค 3","กองกำกับการตำรวจตระเวนชายแดนที่ 34","","","","7263053416","ศกร.ตชด.บ้านพอบือละคี *","ศกร.ตชด.บ้านพอบือละคี *","16/05/2545","2002-05-16","parsed","","","0","0","0","","0","0","0","0","0","0","0","0","0","0","0","0","0","0","0","0","0","0","0","0","0","0","0","0","0","0","0","0","0","0","0","0","0","0","0","0","0","0","0","0","0","0","0","0","0","0","0","0","0","0","0","0","0","0","0","0","0","0","0","0","0","0","0","0","0","0","0","0","0","0","0","0","0","0","0","0","0","A","ผ่าน"
"SCH_G3_0132","2567","2024","11. 2567 REP004-IMPROVEMENT 12 - ตารางสรุปรายงานมาตรฐานแต่ละด้าน พร้อมจำนวนข้อที่ต้องปรับปรุง และจำนวนเด็กที่ผ่านเกณฑ์.xls","104","Sheet1","2567|7263053417","สำนักงานตำรวจแห่งชาติ","กองบัญชาการตำรวจตระเวนชายแดน","กองบังคับการตำรวจตระเวนชายแดนภาค 3","กองกำกับการตำรวจตระเวนชายแดนที่ 34","","","","7263053417","ศกร.ตชด.บ้านแม่หละคี *","ศกร.ตชด.บ้านแม่หละคี *","08/02/2566","2023-02-08","parsed","","","0","0","0","","0","0","0","0","0","0","0","0","0","0","0","0","0","0","0","0","0","0","0","0","0","0","0","0","0","0","0","0","0","0","0","0","0","0","0","0","0","0","0","0","0","0","0","0","0","0","0","0","0","0","0","0","0","0","0","0","0","0","0","0","0","0","0","0","0","0","0","0","0","0","0","0","0","0","0","0","0","A","ผ่าน"
"SCH_G3_0134","2567","2024","11. 2567 REP004-IMPROVEMENT 12 - ตารางสรุปรายงานมาตรฐานแต่ละด้าน พร้อมจำนวนข้อที่ต้องปรับปรุง และจำนวนเด็กที่ผ่านเกณฑ์.xls","105","Sheet1","2567|7263053423","สำนักงานตำรวจแห่งชาติ","กองบัญชาการตำรวจตระเวนชายแดน","กองบังคับการตำรวจตระเวนชายแดนภาค 3","กองกำกับการตำรวจตระเวนชายแดนที่ 34","","","","7263053423","ศกร.ตชด.บ้านเลโพเด *","ศกร.ตชด.บ้านเลโพเด *","16/05/2545","2002-05-16","parsed","","","0","0","0","","0","0","0","0","0","0","0","0","0","0","0","0","0","0","0","0","0","0","0","0","0","0","0","0","0","0","0","0","0","0","0","0","0","0","0","0","0","0","0","0","0","0","0","0","0","0","0","0","0","0","0","0","0","0","0","0","0","0","0","0","0","0","0","0","0","0","0","0","0","0","0","0","0","0","0","0","0","A","ผ่าน"
"SCH_G3_0135","2567","2024","11. 2567 REP004-IMPROVEMENT 12 - ตารางสรุปรายงานมาตรฐานแต่ละด้าน พร้อมจำนวนข้อที่ต้องปรับปรุง และจำนวนเด็กที่ผ่านเกณฑ์.xls","106","Sheet1","2567|7263053424","สำนักงานตำรวจแห่งชาติ","กองบัญชาการตำรวจตระเวนชายแดน","กองบังคับการตำรวจตระเวนชายแดนภาค 3","กองกำกับการตำรวจตระเวนชายแดนที่ 34","","","","7263053424","ศกร.ตชด.บ้านตีนดอย *","ศกร.ตชด.บ้านตีนดอย *","30/01/2547","2004-01-30","parsed","","","0","0","0","","0","0","0","0","0","0","0","0","0","0","0","0","0","0","0","0","0","0","0","0","0","0","0","0","0","0","0","0","0","0","0","0","0","0","0","0","0","0","0","0","0","0","0","0","0","0","0","0","0","0","0","0","0","0","0","0","0","0","0","0","0","0","0","0","0","0","0","0","0","0","0","0","0","0","0","0","0","A","ผ่าน"
"SCH_G3_0136","2567","2024","11. 2567 REP004-IMPROVEMENT 12 - ตารางสรุปรายงานมาตรฐานแต่ละด้าน พร้อมจำนวนข้อที่ต้องปรับปรุง และจำนวนเด็กที่ผ่านเกณฑ์.xls","107","Sheet1","2567|7263063412","สำนักงานตำรวจแห่งชาติ","กองบัญชาการตำรวจตระเวนชายแดน","กองบังคับการตำรวจตระเวนชายแดนภาค 3","กองกำกับการตำรวจตระเวนชายแดนที่ 34","","","","7263063412","รร.ตชด.ท่านผู้หญิงทวี มณีนุตร","รร.ตชด.ท่านผู้หญิงทวี มณีนุตร","01/05/2541","1998-05-01","parsed","1.4.6","1.4.6","1","1","0","","0","0","0","0","0","0","0","0","0","0","0","0","0","0","0","0","0","0","0","0","0","1","0","0","0","0","0","0","0","0","0","0","0","0","0","0","0","0","0","0","0","0","0","0","0","0","0","0","0","0","0","0","0","0","0","0","0","0","0","0","0","0","0","0","0","0","0","0","0","0","0","0","0","0","0","0","1","B","ผ่าน"
"SCH_G3_0137","2567","2024","11. 2567 REP004-IMPROVEMENT 12 - ตารางสรุปรายงานมาตรฐานแต่ละด้าน พร้อมจำนวนข้อที่ต้องปรับปรุง และจำนวนเด็กที่ผ่านเกณฑ์.xls","108","Sheet1","2567|7263063425","สำนักงานตำรวจแห่งชาติ","กองบัญชาการตำรวจตระเวนชายแดน","กองบังคับการตำรวจตระเวนชายแดนภาค 3","กองกำกับการตำรวจตระเวนชายแดนที่ 34","","","","7263063425","รร.ตชด.ศาสตราจารย์สำเภา-ไพวรรณ วรางกูร","รร.ตชด.ศาสตราจารย์สำเภา-ไพวรรณ วรางกูร","16/05/2557","2014-05-16","parsed","1.2.3","1.2.3","1","1","0","","0","0","0","0","0","0","1","0","0","0","0","0","0","0","0","0","0","0","0","0","0","0","0","0","0","0","0","0","0","0","0","0","0","0","0","0","0","0","0","0","0","0","0","0","0","0","0","0","0","0","0","0","0","0","0","0","0","0","0","0","0","0","0","0","0","0","0","0","0","0","0","0","0","0","0","0","1","B","ผ่าน"
"SCH_G3_0140","2567","2024","11. 2567 REP004-IMPROVEMENT 12 - ตารางสรุปรายงานมาตรฐานแต่ละด้าน พร้อมจำนวนข้อที่ต้องปรับปรุง และจำนวนเด็กที่ผ่านเกณฑ์.xls","109","Sheet1","2567|7263083408","สำนักงานตำรวจแห่งชาติ","กองบัญชาการตำรวจตระเวนชายแดน","กองบังคับการตำรวจตระเวนชายแดนภาค 3","กองกำกับการตำรวจตระเวนชายแดนที่ 34","","","","7263083408","รร.ตชด.บ้านแม่จันทะ","รร.ตชด.บ้านแม่จันทะ","19/07/2539","1996-07-19","parsed","3.1.3ข,3.5.2ข","3.1.3ข,3.5.2ข","2","2","0","","0","0","0","0","0","0","0","0","0","0","0","0","0","0","0","0","0","0","0","0","0","0","0","0","0","0","0","0","0","0","0","0","0","0","0","0","0","0","0","0","0","0","0","0","0","0","0","0","0","0","0","0","0","0","0","0","1","0","0","0","0","0","0","0","1","0","0","0","0","0","0","0","0","0","0","0","2","B","ผ่าน"
"SCH_G3_0141","2567","2024","11. 2567 REP004-IMPROVEMENT 12 - ตารางสรุปรายงานมาตรฐานแต่ละด้าน พร้อมจำนวนข้อที่ต้องปรับปรุง และจำนวนเด็กที่ผ่านเกณฑ์.xls","110","Sheet1","2567|7263083411","สำนักงานตำรวจแห่งชาติ","กองบัญชาการตำรวจตระเวนชายแดน","กองบังคับการตำรวจตระเวนชายแดนภาค 3","กองกำกับการตำรวจตระเวนชายแดนที่ 34","","","","7263083411","รร.ตชด.เฉลิมพระเกียรติ 7 รอบฯ (บ้านหม่องกั๊วะ จังหวัดตาก)","รร.ตชด.เฉลิมพระเกียรติ 7 รอบฯ (บ้านหม่องกั๊วะ จังหวัดตาก)","13/04/2556","2013-04-13","parsed","","","0","0","0","","0","0","0","0","0","0","0","0","0","0","0","0","0","0","0","0","0","0","0","0","0","0","0","0","0","0","0","0","0","0","0","0","0","0","0","0","0","0","0","0","0","0","0","0","0","0","0","0","0","0","0","0","0","0","0","0","0","0","0","0","0","0","0","0","0","0","0","0","0","0","0","0","0","0","0","0","0","A","ผ่าน"
"SCH_G3_0143","2567","2024","11. 2567 REP004-IMPROVEMENT 12 - ตารางสรุปรายงานมาตรฐานแต่ละด้าน พร้อมจำนวนข้อที่ต้องปรับปรุง และจำนวนเด็กที่ผ่านเกณฑ์.xls","111","Sheet1","2567|7265023104","สำนักงานตำรวจแห่งชาติ","กองบัญชาการตำรวจตระเวนชายแดน","กองบังคับการตำรวจตระเวนชายแดนภาค 3","กองกำกับการตำรวจตระเวนชายแดนที่ 31","","","","7265023104","รร.ตชด.อาทรอุทิศ","รร.ตชด.อาทรอุทิศ","18/08/2522","1979-08-18","parsed","","","0","0","0","","0","0","0","0","0","0","0","0","0","0","0","0","0","0","0","0","0","0","0","0","0","0","0","0","0","0","0","0","0","0","0","0","0","0","0","0","0","0","0","0","0","0","0","0","0","0","0","0","0","0","0","0","0","0","0","0","0","0","0","0","0","0","0","0","0","0","0","0","0","0","0","0","0","0","0","0","0","A","ผ่าน"
"SCH_G3_0144","2567","2024","11. 2567 REP004-IMPROVEMENT 12 - ตารางสรุปรายงานมาตรฐานแต่ละด้าน พร้อมจำนวนข้อที่ต้องปรับปรุง และจำนวนเด็กที่ผ่านเกณฑ์.xls","112","Sheet1","2567|7265033102","สำนักงานตำรวจแห่งชาติ","กองบัญชาการตำรวจตระเวนชายแดน","กองบังคับการตำรวจตระเวนชายแดนภาค 3","กองกำกับการตำรวจตระเวนชายแดนที่ 31","","","","7265033102","รร.ตชด.บ้านลาดเรือ","รร.ตชด.บ้านลาดเรือ","22/07/2516","1973-07-22","parsed","","","0","0","0","","0","0","0","0","0","0","0","0","0","0","0","0","0","0","0","0","0","0","0","0","0","0","0","0","0","0","0","0","0","0","0","0","0","0","0","0","0","0","0","0","0","0","0","0","0","0","0","0","0","0","0","0","0","0","0","0","0","0","0","0","0","0","0","0","0","0","0","0","0","0","0","0","0","0","0","0","0","A","ผ่าน"
"SCH_G3_0145","2567","2024","11. 2567 REP004-IMPROVEMENT 12 - ตารางสรุปรายงานมาตรฐานแต่ละด้าน พร้อมจำนวนข้อที่ต้องปรับปรุง และจำนวนเด็กที่ผ่านเกณฑ์.xls","113","Sheet1","2567|7265033106","สำนักงานตำรวจแห่งชาติ","กองบัญชาการตำรวจตระเวนชายแดน","กองบังคับการตำรวจตระเวนชายแดนภาค 3","กองกำกับการตำรวจตระเวนชายแดนที่ 31","","","","7265033106","รร.ตชด.บ้านรักไทย","รร.ตชด.บ้านรักไทย","23/07/2534","1991-07-23","parsed","","","0","0","0","","0","0","0","0","0","0","0","0","0","0","0","0","0","0","0","0","0","0","0","0","0","0","0","0","0","0","0","0","0","0","0","0","0","0","0","0","0","0","0","0","0","0","0","0","0","0","0","0","0","0","0","0","0","0","0","0","0","0","0","0","0","0","0","0","0","0","0","0","0","0","0","0","0","0","0","0","0","A","ผ่าน"
"SCH_G3_0146","2567","2024","11. 2567 REP004-IMPROVEMENT 12 - ตารางสรุปรายงานมาตรฐานแต่ละด้าน พร้อมจำนวนข้อที่ต้องปรับปรุง และจำนวนเด็กที่ผ่านเกณฑ์.xls","114","Sheet1","2567|7265033107","สำนักงานตำรวจแห่งชาติ","กองบัญชาการตำรวจตระเวนชายแดน","กองบังคับการตำรวจตระเวนชายแดนภาค 3","กองกำกับการตำรวจตระเวนชายแดนที่ 31","","","","7265033107","รร.ตชด.บ้านนุชเทียน","รร.ตชด.บ้านนุชเทียน","15/07/2536","1993-07-15","parsed","1.2.2,1.2.3","1.2.2,1.2.3","2","2","0","","0","0","0","0","0","1","1","0","0","0","0","0","0","0","0","0","0","0","0","0","0","0","0","0","0","0","0","0","0","0","0","0","0","0","0","0","0","0","0","0","0","0","0","0","0","0","0","0","0","0","0","0","0","0","0","0","0","0","0","0","0","0","0","0","0","0","0","0","0","0","0","0","0","0","0","0","2","B","ผ่าน"
"SCH_G3_0147","2567","2024","11. 2567 REP004-IMPROVEMENT 12 - ตารางสรุปรายงานมาตรฐานแต่ละด้าน พร้อมจำนวนข้อที่ต้องปรับปรุง และจำนวนเด็กที่ผ่านเกณฑ์.xls","115","Sheet1","2567|7267023103","สำนักงานตำรวจแห่งชาติ","กองบัญชาการตำรวจตระเวนชายแดน","กองบังคับการตำรวจตระเวนชายแดนภาค 3","กองกำกับการตำรวจตระเวนชายแดนที่ 31","","","","7267023103","รร.ตชด.บ้านโป่งตะแบก","รร.ตชด.บ้านโป่งตะแบก","14/07/2564","2021-07-14","parsed","","","0","0","0","","0","0","0","0","0","0","0","0","0","0","0","0","0","0","0","0","0","0","0","0","0","0","0","0","0","0","0","0","0","0","0","0","0","0","0","0","0","0","0","0","0","0","0","0","0","0","0","0","0","0","0","0","0","0","0","0","0","0","0","0","0","0","0","0","0","0","0","0","0","0","0","0","0","0","0","0","0","A","ผ่าน"
"SCH_G3_0148","2567","2024","11. 2567 REP004-IMPROVEMENT 12 - ตารางสรุปรายงานมาตรฐานแต่ละด้าน พร้อมจำนวนข้อที่ต้องปรับปรุง และจำนวนเด็กที่ผ่านเกณฑ์.xls","116","Sheet1","2567|7270031306","สำนักงานตำรวจแห่งชาติ","กองบัญชาการตำรวจตระเวนชายแดน","กองบังคับการตำรวจตระเวนชายแดนภาค 1","กองกำกับการตำรวจตระเวนชายแดนที่ 13","","","","7270031306","รร.ตชด.ตะโกปิดทอง","รร.ตชด.ตะโกปิดทอง","01/07/2563","2020-07-01","parsed","","","0","0","0","","0","0","0","0","0","0","0","0","0","0","0","0","0","0","0","0","0","0","0","0","0","0","0","0","0","0","0","0","0","0","0","0","0","0","0","0","0","0","0","0","0","0","0","0","0","0","0","0","0","0","0","0","0","0","0","0","0","0","0","0","0","0","0","0","0","0","0","0","0","0","0","0","0","0","0","0","0","A","ผ่าน"
"SCH_G3_0149","2567","2024","11. 2567 REP004-IMPROVEMENT 12 - ตารางสรุปรายงานมาตรฐานแต่ละด้าน พร้อมจำนวนข้อที่ต้องปรับปรุง และจำนวนเด็กที่ผ่านเกณฑ์.xls","117","Sheet1","2567|7270031309","สำนักงานตำรวจแห่งชาติ","กองบัญชาการตำรวจตระเวนชายแดน","กองบังคับการตำรวจตระเวนชายแดนภาค 1","กองกำกับการตำรวจตระเวนชายแดนที่ 13","","","","7270031309","รร.ตชด.บ้านถ้ำหิน","รร.ตชด.บ้านถ้ำหิน","12/07/2564","2021-07-12","parsed","","","0","0","0","","0","0","0","0","0","0","0","0","0","0","0","0","0","0","0","0","0","0","0","0","0","0","0","0","0","0","0","0","0","0","0","0","0","0","0","0","0","0","0","0","0","0","0","0","0","0","0","0","0","0","0","0","0","0","0","0","0","0","0","0","0","0","0","0","0","0","0","0","0","0","0","0","0","0","0","0","0","A","ผ่าน"
"SCH_G3_0150","2567","2024","11. 2567 REP004-IMPROVEMENT 12 - ตารางสรุปรายงานมาตรฐานแต่ละด้าน พร้อมจำนวนข้อที่ต้องปรับปรุง และจำนวนเด็กที่ผ่านเกณฑ์.xls","118","Sheet1","2567|7271021305","สำนักงานตำรวจแห่งชาติ","กองบัญชาการตำรวจตระเวนชายแดน","กองบังคับการตำรวจตระเวนชายแดนภาค 1","กองกำกับการตำรวจตระเวนชายแดนที่ 13","","","","7271021305","รร.ตชด.บ้านแม่น้ำน้อย","รร.ตชด.บ้านแม่น้ำน้อย","26/01/2566","2023-01-26","parsed","","","0","0","0","","0","0","0","0","0","0","0","0","0","0","0","0","0","0","0","0","0","0","0","0","0","0","0","0","0","0","0","0","0","0","0","0","0","0","0","0","0","0","0","0","0","0","0","0","0","0","0","0","0","0","0","0","0","0","0","0","0","0","0","0","0","0","0","0","0","0","0","0","0","0","0","0","0","0","0","0","0","A","ผ่าน"
"SCH_G3_0151","2567","2024","11. 2567 REP004-IMPROVEMENT 12 - ตารางสรุปรายงานมาตรฐานแต่ละด้าน พร้อมจำนวนข้อที่ต้องปรับปรุง และจำนวนเด็กที่ผ่านเกณฑ์.xls","119","Sheet1","2567|7271021307","สำนักงานตำรวจแห่งชาติ","กองบัญชาการตำรวจตระเวนชายแดน","กองบังคับการตำรวจตระเวนชายแดนภาค 1","กองกำกับการตำรวจตระเวนชายแดนที่ 13","","","","7271021307","รร.ตชด.เฮงเค็ลไทย","รร.ตชด.เฮงเค็ลไทย","23/05/2526","1983-05-23","parsed","","","0","0","0","","0","0","0","0","0","0","0","0","0","0","0","0","0","0","0","0","0","0","0","0","0","0","0","0","0","0","0","0","0","0","0","0","0","0","0","0","0","0","0","0","0","0","0","0","0","0","0","0","0","0","0","0","0","0","0","0","0","0","0","0","0","0","0","0","0","0","0","0","0","0","0","0","0","0","0","0","0","A","ผ่าน"
"SCH_G3_0152","2567","2024","11. 2567 REP004-IMPROVEMENT 12 - ตารางสรุปรายงานมาตรฐานแต่ละด้าน พร้อมจำนวนข้อที่ต้องปรับปรุง และจำนวนเด็กที่ผ่านเกณฑ์.xls","120","Sheet1","2567|7271021308","สำนักงานตำรวจแห่งชาติ","กองบัญชาการตำรวจตระเวนชายแดน","กองบังคับการตำรวจตระเวนชายแดนภาค 1","กองกำกับการตำรวจตระเวนชายแดนที่ 13","","","","7271021308","รร.ตชด.ต้นมะม่วง","รร.ตชด.ต้นมะม่วง","13/03/2567","2024-03-13","parsed","","","0","0","0","","0","0","0","0","0","0","0","0","0","0","0","0","0","0","0","0","0","0","0","0","0","0","0","0","0","0","0","0","0","0","0","0","0","0","0","0","0","0","0","0","0","0","0","0","0","0","0","0","0","0","0","0","0","0","0","0","0","0","0","0","0","0","0","0","0","0","0","0","0","0","0","0","0","0","0","0","0","A","ผ่าน"
"SCH_G3_0153","2567","2024","11. 2567 REP004-IMPROVEMENT 12 - ตารางสรุปรายงานมาตรฐานแต่ละด้าน พร้อมจำนวนข้อที่ต้องปรับปรุง และจำนวนเด็กที่ผ่านเกณฑ์.xls","121","Sheet1","2567|7271021313","สำนักงานตำรวจแห่งชาติ","กองบัญชาการตำรวจตระเวนชายแดน","กองบังคับการตำรวจตระเวนชายแดนภาค 1","กองกำกับการตำรวจตระเวนชายแดนที่ 13","","","","7271021313","รร.ตชด.วัดสุธาสินี","รร.ตชด.วัดสุธาสินี","06/07/2564","2021-07-06","parsed","","","0","0","0","","0","0","0","0","0","0","0","0","0","0","0","0","0","0","0","0","0","0","0","0","0","0","0","0","0","0","0","0","0","0","0","0","0","0","0","0","0","0","0","0","0","0","0","0","0","0","0","0","0","0","0","0","0","0","0","0","0","0","0","0","0","0","0","0","0","0","0","0","0","0","0","0","0","0","0","0","0","A","ผ่าน"
"SCH_G3_0154","2567","2024","11. 2567 REP004-IMPROVEMENT 12 - ตารางสรุปรายงานมาตรฐานแต่ละด้าน พร้อมจำนวนข้อที่ต้องปรับปรุง และจำนวนเด็กที่ผ่านเกณฑ์.xls","122","Sheet1","2567|7271041303","สำนักงานตำรวจแห่งชาติ","กองบัญชาการตำรวจตระเวนชายแดน","กองบังคับการตำรวจตระเวนชายแดนภาค 1","กองกำกับการตำรวจตระเวนชายแดนที่ 13","","","","7271041303","รร.ตชด.มิตรมวลชน 2","รร.ตชด.มิตรมวลชน 2","17/05/2553","2010-05-17","parsed","","","0","0","0","","0","0","0","0","0","0","0","0","0","0","0","0","0","0","0","0","0","0","0","0","0","0","0","0","0","0","0","0","0","0","0","0","0","0","0","0","0","0","0","0","0","0","0","0","0","0","0","0","0","0","0","0","0","0","0","0","0","0","0","0","0","0","0","0","0","0","0","0","0","0","0","0","0","0","0","0","0","A","ผ่าน"
"SCH_G3_0155","2567","2024","11. 2567 REP004-IMPROVEMENT 12 - ตารางสรุปรายงานมาตรฐานแต่ละด้าน พร้อมจำนวนข้อที่ต้องปรับปรุง และจำนวนเด็กที่ผ่านเกณฑ์.xls","123","Sheet1","2567|7271041316","สำนักงานตำรวจแห่งชาติ","กองบัญชาการตำรวจตระเวนชายแดน","กองบังคับการตำรวจตระเวนชายแดนภาค 1","กองกำกับการตำรวจตระเวนชายแดนที่ 13","","","","7271041316","ศูนย์การเรียนตำรวจตระเวนชายแดนปูนอินทรี-มูลนิธิกรุงศรี(บ้านไกรเกรียง)","ศูนย์การเรียนตำรวจตระเวนชายแดนปูนอินทรี-มูลนิธิกรุงศรี(บ้านไกรเกรียง)","15/05/2560","2017-05-15","parsed","","","0","0","0","","0","0","0","0","0","0","0","0","0","0","0","0","0","0","0","0","0","0","0","0","0","0","0","0","0","0","0","0","0","0","0","0","0","0","0","0","0","0","0","0","0","0","0","0","0","0","0","0","0","0","0","0","0","0","0","0","0","0","0","0","0","0","0","0","0","0","0","0","0","0","0","0","0","0","0","0","0","A","ผ่าน"
"SCH_G3_0156","2567","2024","11. 2567 REP004-IMPROVEMENT 12 - ตารางสรุปรายงานมาตรฐานแต่ละด้าน พร้อมจำนวนข้อที่ต้องปรับปรุง และจำนวนเด็กที่ผ่านเกณฑ์.xls","124","Sheet1","2567|7271071304","สำนักงานตำรวจแห่งชาติ","กองบัญชาการตำรวจตระเวนชายแดน","กองบังคับการตำรวจตระเวนชายแดนภาค 1","กองกำกับการตำรวจตระเวนชายแดนที่ 13","","","","7271071304","รร.ตชด.วิจิตรวิทยาคาร","รร.ตชด.วิจิตรวิทยาคาร","11/04/2569","2026-04-11","parsed","","","0","0","0","","0","0","0","0","0","0","0","0","0","0","0","0","0","0","0","0","0","0","0","0","0","0","0","0","0","0","0","0","0","0","0","0","0","0","0","0","0","0","0","0","0","0","0","0","0","0","0","0","0","0","0","0","0","0","0","0","0","0","0","0","0","0","0","0","0","0","0","0","0","0","0","0","0","0","0","0","0","A","ผ่าน"
"SCH_G3_0157","2567","2024","11. 2567 REP004-IMPROVEMENT 12 - ตารางสรุปรายงานมาตรฐานแต่ละด้าน พร้อมจำนวนข้อที่ต้องปรับปรุง และจำนวนเด็กที่ผ่านเกณฑ์.xls","125","Sheet1","2567|7271071312","สำนักงานตำรวจแห่งชาติ","กองบัญชาการตำรวจตระเวนชายแดน","กองบังคับการตำรวจตระเวนชายแดนภาค 1","กองกำกับการตำรวจตระเวนชายแดนที่ 13","","","","7271071312","รร.ตชด.บ้านปิล๊อกคี่","รร.ตชด.บ้านปิล๊อกคี่","","","missing","","","0","0","0","","0","0","0","0","0","0","0","0","0","0","0","0","0","0","0","0","0","0","0","0","0","0","0","0","0","0","0","0","0","0","0","0","0","0","0","0","0","0","0","0","0","0","0","0","0","0","0","0","0","0","0","0","0","0","0","0","0","0","0","0","0","0","0","0","0","0","0","0","0","0","0","0","0","0","0","0","0","A","ผ่าน"
"SCH_G3_0158","2567","2024","11. 2567 REP004-IMPROVEMENT 12 - ตารางสรุปรายงานมาตรฐานแต่ละด้าน พร้อมจำนวนข้อที่ต้องปรับปรุง และจำนวนเด็กที่ผ่านเกณฑ์.xls","126","Sheet1","2567|7271071314","สำนักงานตำรวจแห่งชาติ","กองบัญชาการตำรวจตระเวนชายแดน","กองบังคับการตำรวจตระเวนชายแดนภาค 1","กองกำกับการตำรวจตระเวนชายแดนที่ 13","","","","7271071314","ศกร.ตชด.หลวงประกอบนิติสารและท่านผู้หญิงถวิล","ศกร.ตชด.หลวงประกอบนิติสารและท่านผู้หญิงถวิล","24/02/2557","2014-02-24","parsed","","","0","0","0","","0","0","0","0","0","0","0","0","0","0","0","0","0","0","0","0","0","0","0","0","0","0","0","0","0","0","0","0","0","0","0","0","0","0","0","0","0","0","0","0","0","0","0","0","0","0","0","0","0","0","0","0","0","0","0","0","0","0","0","0","0","0","0","0","0","0","0","0","0","0","0","0","0","0","0","0","0","A","ผ่าน"
"SCH_G3_0159","2567","2024","11. 2567 REP004-IMPROVEMENT 12 - ตารางสรุปรายงานมาตรฐานแต่ละด้าน พร้อมจำนวนข้อที่ต้องปรับปรุง และจำนวนเด็กที่ผ่านเกณฑ์.xls","127","Sheet1","2567|7271081301","สำนักงานตำรวจแห่งชาติ","กองบัญชาการตำรวจตระเวนชายแดน","กองบังคับการตำรวจตระเวนชายแดนภาค 1","กองกำกับการตำรวจตระเวนชายแดนที่ 13","","","","7271081301","รร.ตชด.สหธนาคารกรุงเทพ","รร.ตชด.สหธนาคารกรุงเทพ","26/08/2513","1970-08-26","parsed","","","0","0","0","","0","0","0","0","0","0","0","0","0","0","0","0","0","0","0","0","0","0","0","0","0","0","0","0","0","0","0","0","0","0","0","0","0","0","0","0","0","0","0","0","0","0","0","0","0","0","0","0","0","0","0","0","0","0","0","0","0","0","0","0","0","0","0","0","0","0","0","0","0","0","0","0","0","0","0","0","0","A","ผ่าน"
"SCH_G3_0160","2567","2024","11. 2567 REP004-IMPROVEMENT 12 - ตารางสรุปรายงานมาตรฐานแต่ละด้าน พร้อมจำนวนข้อที่ต้องปรับปรุง และจำนวนเด็กที่ผ่านเกณฑ์.xls","128","Sheet1","2567|7271081302","สำนักงานตำรวจแห่งชาติ","กองบัญชาการตำรวจตระเวนชายแดน","กองบังคับการตำรวจตระเวนชายแดนภาค 1","กองกำกับการตำรวจตระเวนชายแดนที่ 13","","","","7271081302","รร.ตชด.สุนทรเวช","รร.ตชด.สุนทรเวช","13/07/2564","2021-07-13","parsed","","","0","0","0","","0","0","0","0","0","0","0","0","0","0","0","0","0","0","0","0","0","0","0","0","0","0","0","0","0","0","0","0","0","0","0","0","0","0","0","0","0","0","0","0","0","0","0","0","0","0","0","0","0","0","0","0","0","0","0","0","0","0","0","0","0","0","0","0","0","0","0","0","0","0","0","0","0","0","0","0","0","A","ผ่าน"
"SCH_G3_0161","2567","2024","11. 2567 REP004-IMPROVEMENT 12 - ตารางสรุปรายงานมาตรฐานแต่ละด้าน พร้อมจำนวนข้อที่ต้องปรับปรุง และจำนวนเด็กที่ผ่านเกณฑ์.xls","129","Sheet1","2567|7271081310","สำนักงานตำรวจแห่งชาติ","กองบัญชาการตำรวจตระเวนชายแดน","กองบังคับการตำรวจตระเวนชายแดนภาค 1","กองกำกับการตำรวจตระเวนชายแดนที่ 13","","","","7271081310","รร.ตชด.บ้านเรดาร์ *","รร.ตชด.บ้านเรดาร์ *","15/07/2564","2021-07-15","parsed","","","0","0","0","","0","0","0","0","0","0","0","0","0","0","0","0","0","0","0","0","0","0","0","0","0","0","0","0","0","0","0","0","0","0","0","0","0","0","0","0","0","0","0","0","0","0","0","0","0","0","0","0","0","0","0","0","0","0","0","0","0","0","0","0","0","0","0","0","0","0","0","0","0","0","0","0","0","0","0","0","0","A","ผ่าน"
"SCH_G3_0162","2567","2024","11. 2567 REP004-IMPROVEMENT 12 - ตารางสรุปรายงานมาตรฐานแต่ละด้าน พร้อมจำนวนข้อที่ต้องปรับปรุง และจำนวนเด็กที่ผ่านเกณฑ์.xls","130","Sheet1","2567|7271081311","สำนักงานตำรวจแห่งชาติ","กองบัญชาการตำรวจตระเวนชายแดน","กองบังคับการตำรวจตระเวนชายแดนภาค 1","กองกำกับการตำรวจตระเวนชายแดนที่ 13","","","","7271081311","รร.ตชด.บ้านทิไล่ป้า","รร.ตชด.บ้านทิไล่ป้า","19/05/2540","1997-05-19","parsed","","","0","0","0","","0","0","0","0","0","0","0","0","0","0","0","0","0","0","0","0","0","0","0","0","0","0","0","0","0","0","0","0","0","0","0","0","0","0","0","0","0","0","0","0","0","0","0","0","0","0","0","0","0","0","0","0","0","0","0","0","0","0","0","0","0","0","0","0","0","0","0","0","0","0","0","0","0","0","0","0","0","A","ผ่าน"
"SCH_G3_0163","2567","2024","11. 2567 REP004-IMPROVEMENT 12 - ตารางสรุปรายงานมาตรฐานแต่ละด้าน พร้อมจำนวนข้อที่ต้องปรับปรุง และจำนวนเด็กที่ผ่านเกณฑ์.xls","131","Sheet1","2567|7271081315","สำนักงานตำรวจแห่งชาติ","กองบัญชาการตำรวจตระเวนชายแดน","กองบังคับการตำรวจตระเวนชายแดนภาค 1","กองกำกับการตำรวจตระเวนชายแดนที่ 13","","","","7271081315","ศกร.ตชด.ท่านผู้หญิงมณีรัตน์ บุนนาค","ศกร.ตชด.ท่านผู้หญิงมณีรัตน์ บุนนาค","","","missing","","","0","0","0","","0","0","0","0","0","0","0","0","0","0","0","0","0","0","0","0","0","0","0","0","0","0","0","0","0","0","0","0","0","0","0","0","0","0","0","0","0","0","0","0","0","0","0","0","0","0","0","0","0","0","0","0","0","0","0","0","0","0","0","0","0","0","0","0","0","0","0","0","0","0","0","0","0","0","0","0","0","A","ผ่าน"
"SCH_G3_0164","2567","2024","11. 2567 REP004-IMPROVEMENT 12 - ตารางสรุปรายงานมาตรฐานแต่ละด้าน พร้อมจำนวนข้อที่ต้องปรับปรุง และจำนวนเด็กที่ผ่านเกณฑ์.xls","132","Sheet1","2567|7276081405","สำนักงานตำรวจแห่งชาติ","กองบัญชาการตำรวจตระเวนชายแดน","กองบังคับการตำรวจตระเวนชายแดนภาค 1","กองกำกับการตำรวจตระเวนชายแดนที่ 14","","","","7276081405","รร.ตชด.นเรศวรบ้านห้วยโสก","รร.ตชด.นเรศวรบ้านห้วยโสก","01/01/2528","1985-01-01","parsed","","","0","0","0","","0","0","0","0","0","0","0","0","0","0","0","0","0","0","0","0","0","0","0","0","0","0","0","0","0","0","0","0","0","0","0","0","0","0","0","0","0","0","0","0","0","0","0","0","0","0","0","0","0","0","0","0","0","0","0","0","0","0","0","0","0","0","0","0","0","0","0","0","0","0","0","0","0","0","0","0","0","A","ผ่าน"
"SCH_G3_0165","2567","2024","11. 2567 REP004-IMPROVEMENT 12 - ตารางสรุปรายงานมาตรฐานแต่ละด้าน พร้อมจำนวนข้อที่ต้องปรับปรุง และจำนวนเด็กที่ผ่านเกณฑ์.xls","133","Sheet1","2567|7276081406","สำนักงานตำรวจแห่งชาติ","กองบัญชาการตำรวจตระเวนชายแดน","กองบังคับการตำรวจตระเวนชายแดนภาค 1","กองกำกับการตำรวจตระเวนชายแดนที่ 14","","","","7276081406","รร.ตชด.บ้านโป่งลึก *","รร.ตชด.บ้านโป่งลึก *","09/04/2564","2021-04-09","parsed","1.2.3","1.2.3","1","1","0","","0","0","0","0","0","0","1","0","0","0","0","0","0","0","0","0","0","0","0","0","0","0","0","0","0","0","0","0","0","0","0","0","0","0","0","0","0","0","0","0","0","0","0","0","0","0","0","0","0","0","0","0","0","0","0","0","0","0","0","0","0","0","0","0","0","0","0","0","0","0","0","0","0","0","0","0","1","B","ผ่าน"
"SCH_G3_0166","2567","2024","11. 2567 REP004-IMPROVEMENT 12 - ตารางสรุปรายงานมาตรฐานแต่ละด้าน พร้อมจำนวนข้อที่ต้องปรับปรุง และจำนวนเด็กที่ผ่านเกณฑ์.xls","134","Sheet1","2567|7276081412","สำนักงานตำรวจแห่งชาติ","กองบัญชาการตำรวจตระเวนชายแดน","กองบังคับการตำรวจตระเวนชายแดนภาค 1","กองกำกับการตำรวจตระเวนชายแดนที่ 14","","","","7276081412","ศกร.ตชด.อินทรีอาสา","ศกร.ตชด.อินทรีอาสา","01/07/2563","2020-07-01","parsed","","","0","0","0","","0","0","0","0","0","0","0","0","0","0","0","0","0","0","0","0","0","0","0","0","0","0","0","0","0","0","0","0","0","0","0","0","0","0","0","0","0","0","0","0","0","0","0","0","0","0","0","0","0","0","0","0","0","0","0","0","0","0","0","0","0","0","0","0","0","0","0","0","0","0","0","0","0","0","0","0","0","A","ผ่าน"
"SCH_G3_0167","2567","2024","11. 2567 REP004-IMPROVEMENT 12 - ตารางสรุปรายงานมาตรฐานแต่ละด้าน พร้อมจำนวนข้อที่ต้องปรับปรุง และจำนวนเด็กที่ผ่านเกณฑ์.xls","135","Sheet1","2567|7277021403","สำนักงานตำรวจแห่งชาติ","กองบัญชาการตำรวจตระเวนชายแดน","กองบังคับการตำรวจตระเวนชายแดนภาค 1","กองกำกับการตำรวจตระเวนชายแดนที่ 14","","","","7277021403","รร.ตชด.บ้านย่านซื่อ","รร.ตชด.บ้านย่านซื่อ","23/07/2524","1981-07-23","parsed","","","0","0","0","","0","0","0","0","0","0","0","0","0","0","0","0","0","0","0","0","0","0","0","0","0","0","0","0","0","0","0","0","0","0","0","0","0","0","0","0","0","0","0","0","0","0","0","0","0","0","0","0","0","0","0","0","0","0","0","0","0","0","0","0","0","0","0","0","0","0","0","0","0","0","0","0","0","0","0","0","0","A","ผ่าน"
"SCH_G3_0168","2567","2024","11. 2567 REP004-IMPROVEMENT 12 - ตารางสรุปรายงานมาตรฐานแต่ละด้าน พร้อมจำนวนข้อที่ต้องปรับปรุง และจำนวนเด็กที่ผ่านเกณฑ์.xls","136","Sheet1","2567|7277051411","สำนักงานตำรวจแห่งชาติ","กองบัญชาการตำรวจตระเวนชายแดน","กองบังคับการตำรวจตระเวนชายแดนภาค 1","กองกำกับการตำรวจตระเวนชายแดนที่ 14","","","","7277051411","ศกร.ตชด.บ้านคีรีล้อม","ศกร.ตชด.บ้านคีรีล้อม","16/05/2557","2014-05-16","parsed","","","0","0","0","","0","0","0","0","0","0","0","0","0","0","0","0","0","0","0","0","0","0","0","0","0","0","0","0","0","0","0","0","0","0","0","0","0","0","0","0","0","0","0","0","0","0","0","0","0","0","0","0","0","0","0","0","0","0","0","0","0","0","0","0","0","0","0","0","0","0","0","0","0","0","0","0","0","0","0","0","0","A","ผ่าน"
"SCH_G3_0169","2567","2024","11. 2567 REP004-IMPROVEMENT 12 - ตารางสรุปรายงานมาตรฐานแต่ละด้าน พร้อมจำนวนข้อที่ต้องปรับปรุง และจำนวนเด็กที่ผ่านเกณฑ์.xls","137","Sheet1","2567|7277061401","สำนักงานตำรวจแห่งชาติ","กองบัญชาการตำรวจตระเวนชายแดน","กองบังคับการตำรวจตระเวนชายแดนภาค 1","กองกำกับการตำรวจตระเวนชายแดนที่ 14","","","","7277061401","รร.ตชด.บ้านเขาจ้าว","รร.ตชด.บ้านเขาจ้าว","21/04/2521","1978-04-21","parsed","1.2.3","1.2.3","1","1","0","","0","0","0","0","0","0","1","0","0","0","0","0","0","0","0","0","0","0","0","0","0","0","0","0","0","0","0","0","0","0","0","0","0","0","0","0","0","0","0","0","0","0","0","0","0","0","0","0","0","0","0","0","0","0","0","0","0","0","0","0","0","0","0","0","0","0","0","0","0","0","0","0","0","0","0","0","1","B","ผ่าน"
"SCH_G3_0170","2567","2024","11. 2567 REP004-IMPROVEMENT 12 - ตารางสรุปรายงานมาตรฐานแต่ละด้าน พร้อมจำนวนข้อที่ต้องปรับปรุง และจำนวนเด็กที่ผ่านเกณฑ์.xls","138","Sheet1","2567|7277061407","สำนักงานตำรวจแห่งชาติ","กองบัญชาการตำรวจตระเวนชายแดน","กองบังคับการตำรวจตระเวนชายแดนภาค 1","กองกำกับการตำรวจตระเวนชายแดนที่ 14","","","","7277061407","รร.ตชด.บ้านท่าวังหิน","รร.ตชด.บ้านท่าวังหิน","22/05/2534","1991-05-22","parsed","1.2.3","1.2.3","1","1","0","","0","0","0","0","0","0","1","0","0","0","0","0","0","0","0","0","0","0","0","0","0","0","0","0","0","0","0","0","0","0","0","0","0","0","0","0","0","0","0","0","0","0","0","0","0","0","0","0","0","0","0","0","0","0","0","0","0","0","0","0","0","0","0","0","0","0","0","0","0","0","0","0","0","0","0","0","1","B","ผ่าน"
"SCH_G3_0171","2567","2024","11. 2567 REP004-IMPROVEMENT 12 - ตารางสรุปรายงานมาตรฐานแต่ละด้าน พร้อมจำนวนข้อที่ต้องปรับปรุง และจำนวนเด็กที่ผ่านเกณฑ์.xls","139","Sheet1","2567|7277071404","สำนักงานตำรวจแห่งชาติ","กองบัญชาการตำรวจตระเวนชายแดน","กองบังคับการตำรวจตระเวนชายแดนภาค 1","กองกำกับการตำรวจตระเวนชายแดนที่ 14","","","","7277071404","รร.ตชด.นเรศวรป่าละอู","รร.ตชด.นเรศวรป่าละอู","13/10/2525","1982-10-13","parsed","","","0","0","0","","0","0","0","0","0","0","0","0","0","0","0","0","0","0","0","0","0","0","0","0","0","0","0","0","0","0","0","0","0","0","0","0","0","0","0","0","0","0","0","0","0","0","0","0","0","0","0","0","0","0","0","0","0","0","0","0","0","0","0","0","0","0","0","0","0","0","0","0","0","0","0","0","0","0","0","0","0","A","ผ่าน"
"SCH_G3_0172","2567","2024","11. 2567 REP004-IMPROVEMENT 12 - ตารางสรุปรายงานมาตรฐานแต่ละด้าน พร้อมจำนวนข้อที่ต้องปรับปรุง และจำนวนเด็กที่ผ่านเกณฑ์.xls","140","Sheet1","2567|7277071408","สำนักงานตำรวจแห่งชาติ","กองบัญชาการตำรวจตระเวนชายแดน","กองบังคับการตำรวจตระเวนชายแดนภาค 1","กองกำกับการตำรวจตระเวนชายแดนที่ 14","","","","7277071408","รร.ตชด.บ้านแพรกตะคร้อ","รร.ตชด.บ้านแพรกตะคร้อ","06/08/2563","2020-08-06","parsed","","","0","0","0","","0","0","0","0","0","0","0","0","0","0","0","0","0","0","0","0","0","0","0","0","0","0","0","0","0","0","0","0","0","0","0","0","0","0","0","0","0","0","0","0","0","0","0","0","0","0","0","0","0","0","0","0","0","0","0","0","0","0","0","0","0","0","0","0","0","0","0","0","0","0","0","0","0","0","0","0","0","A","ผ่าน"
"SCH_G3_0173","2567","2024","11. 2567 REP004-IMPROVEMENT 12 - ตารางสรุปรายงานมาตรฐานแต่ละด้าน พร้อมจำนวนข้อที่ต้องปรับปรุง และจำนวนเด็กที่ผ่านเกณฑ์.xls","141","Sheet1","2567|7277071409","สำนักงานตำรวจแห่งชาติ","กองบัญชาการตำรวจตระเวนชายแดน","กองบังคับการตำรวจตระเวนชายแดนภาค 1","กองกำกับการตำรวจตระเวนชายแดนที่ 14","","","","7277071409","รร.ตชด.บ้านคลองน้อย","รร.ตชด.บ้านคลองน้อย","26/03/2568","2025-03-26","parsed","","","0","0","0","","0","0","0","0","0","0","0","0","0","0","0","0","0","0","0","0","0","0","0","0","0","0","0","0","0","0","0","0","0","0","0","0","0","0","0","0","0","0","0","0","0","0","0","0","0","0","0","0","0","0","0","0","0","0","0","0","0","0","0","0","0","0","0","0","0","0","0","0","0","0","0","0","0","0","0","0","0","A","ผ่าน"
"SCH_G3_0174","2567","2024","11. 2567 REP004-IMPROVEMENT 12 - ตารางสรุปรายงานมาตรฐานแต่ละด้าน พร้อมจำนวนข้อที่ต้องปรับปรุง และจำนวนเด็กที่ผ่านเกณฑ์.xls","142","Sheet1","2567|7277081410","สำนักงานตำรวจแห่งชาติ","กองบัญชาการตำรวจตระเวนชายแดน","กองบังคับการตำรวจตระเวนชายแดนภาค 1","กองกำกับการตำรวจตระเวนชายแดนที่ 14","","","","7277081410","รร.ตชด.บ้านป่าหมาก","รร.ตชด.บ้านป่าหมาก","01/11/2542","1999-11-01","parsed","","","0","0","0","","0","0","0","0","0","0","0","0","0","0","0","0","0","0","0","0","0","0","0","0","0","0","0","0","0","0","0","0","0","0","0","0","0","0","0","0","0","0","0","0","0","0","0","0","0","0","0","0","0","0","0","0","0","0","0","0","0","0","0","0","0","0","0","0","0","0","0","0","0","0","0","0","0","0","0","0","0","A","ผ่าน"
"SCH_G3_0175","2567","2024","11. 2567 REP004-IMPROVEMENT 12 - ตารางสรุปรายงานมาตรฐานแต่ละด้าน พร้อมจำนวนข้อที่ต้องปรับปรุง และจำนวนเด็กที่ผ่านเกณฑ์.xls","143","Sheet1","2567|7280074207","สำนักงานตำรวจแห่งชาติ","กองบัญชาการตำรวจตระเวนชายแดน","กองบังคับการตำรวจตระเวนชายแดนภาค 4","กองกำกับการตำรวจตระเวนชายแดนที่ 42","","","","7280074207","ศกร.ตชด.บ้านหลังอ้ายหมี","ศกร.ตชด.บ้านหลังอ้ายหมี","16/05/2557","2014-05-16","parsed","","","0","0","0","","0","0","0","0","0","0","0","0","0","0","0","0","0","0","0","0","0","0","0","0","0","0","0","0","0","0","0","0","0","0","0","0","0","0","0","0","0","0","0","0","0","0","0","0","0","0","0","0","0","0","0","0","0","0","0","0","0","0","0","0","0","0","0","0","0","0","0","0","0","0","0","0","0","0","0","0","0","A","ผ่าน"
"SCH_G3_0176","2567","2024","11. 2567 REP004-IMPROVEMENT 12 - ตารางสรุปรายงานมาตรฐานแต่ละด้าน พร้อมจำนวนข้อที่ต้องปรับปรุง และจำนวนเด็กที่ผ่านเกณฑ์.xls","144","Sheet1","2567|7280084205","สำนักงานตำรวจแห่งชาติ","กองบัญชาการตำรวจตระเวนชายแดน","กองบังคับการตำรวจตระเวนชายแดนภาค 4","กองกำกับการตำรวจตระเวนชายแดนที่ 42","","","","7280084205","ศกร.ตชด.บ้านห้วยตง","ศกร.ตชด.บ้านห้วยตง","16/05/2557","2014-05-16","parsed","","","0","0","0","","0","0","0","0","0","0","0","0","0","0","0","0","0","0","0","0","0","0","0","0","0","0","0","0","0","0","0","0","0","0","0","0","0","0","0","0","0","0","0","0","0","0","0","0","0","0","0","0","0","0","0","0","0","0","0","0","0","0","0","0","0","0","0","0","0","0","0","0","0","0","0","0","0","0","0","0","0","A","ผ่าน"
"SCH_G3_0177","2567","2024","11. 2567 REP004-IMPROVEMENT 12 - ตารางสรุปรายงานมาตรฐานแต่ละด้าน พร้อมจำนวนข้อที่ต้องปรับปรุง และจำนวนเด็กที่ผ่านเกณฑ์.xls","145","Sheet1","2567|7280134204","สำนักงานตำรวจแห่งชาติ","กองบัญชาการตำรวจตระเวนชายแดน","กองบังคับการตำรวจตระเวนชายแดนภาค 4","กองกำกับการตำรวจตระเวนชายแดนที่ 42","","","","7280134204","รร.ตชด.บ้านเขาวัง","รร.ตชด.บ้านเขาวัง","15/05/2566","2023-05-15","parsed","1.2.2,1.3.7,1.3.8,1.4.4,1.5.4,2.5.2","1.2.2,1.3.7,1.3.8,1.4.4,1.5.4,2.5.2","6","6","0","","0","0","0","0","0","1","0","0","0","0","0","0","0","0","1","1","0","0","0","1","0","0","0","0","0","0","1","0","0","0","0","0","0","0","0","0","0","0","0","0","0","0","0","0","0","0","1","0","0","0","0","0","0","0","0","0","0","0","0","0","0","0","0","0","0","0","0","0","0","0","0","0","0","0","0","0","6","B","ผ่าน"
"SCH_G3_0178","2567","2024","11. 2567 REP004-IMPROVEMENT 12 - ตารางสรุปรายงานมาตรฐานแต่ละด้าน พร้อมจำนวนข้อที่ต้องปรับปรุง และจำนวนเด็กที่ผ่านเกณฑ์.xls","146","Sheet1","2567|7281044206","สำนักงานตำรวจแห่งชาติ","กองบัญชาการตำรวจตระเวนชายแดน","กองบังคับการตำรวจตระเวนชายแดนภาค 4","กองกำกับการตำรวจตระเวนชายแดนที่ 42","","","","7281044206","ศกร.ตชด.บ้านแผ่นดินเสมอ","ศกร.ตชด.บ้านแผ่นดินเสมอ","16/05/2557","2014-05-16","parsed","","","0","0","0","","0","0","0","0","0","0","0","0","0","0","0","0","0","0","0","0","0","0","0","0","0","0","0","0","0","0","0","0","0","0","0","0","0","0","0","0","0","0","0","0","0","0","0","0","0","0","0","0","0","0","0","0","0","0","0","0","0","0","0","0","0","0","0","0","0","0","0","0","0","0","0","0","0","0","0","0","0","A","ผ่าน"
"SCH_G3_0179","2567","2024","11. 2567 REP004-IMPROVEMENT 12 - ตารางสรุปรายงานมาตรฐานแต่ละด้าน พร้อมจำนวนข้อที่ต้องปรับปรุง และจำนวนเด็กที่ผ่านเกณฑ์.xls","147","Sheet1","2567|7282194103","สำนักงานตำรวจแห่งชาติ","กองบัญชาการตำรวจตระเวนชายแดน","กองบังคับการตำรวจตระเวนชายแดนภาค 4","กองกำกับการตำรวจตระเวนชายแดนที่ 41","","","","7282194103","รร.ตชด.บ้านคลองวาย","รร.ตชด.บ้านคลองวาย","09/05/2531","1988-05-09","parsed","","","0","0","0","","0","0","0","0","0","0","0","0","0","0","0","0","0","0","0","0","0","0","0","0","0","0","0","0","0","0","0","0","0","0","0","0","0","0","0","0","0","0","0","0","0","0","0","0","0","0","0","0","0","0","0","0","0","0","0","0","0","0","0","0","0","0","0","0","0","0","0","0","0","0","0","0","0","0","0","0","0","A","ผ่าน"
"SCH_G3_0180","2567","2024","11. 2567 REP004-IMPROVEMENT 12 - ตารางสรุปรายงานมาตรฐานแต่ละด้าน พร้อมจำนวนข้อที่ต้องปรับปรุง และจำนวนเด็กที่ผ่านเกณฑ์.xls","148","Sheet1","2567|7284064111","สำนักงานตำรวจแห่งชาติ","กองบัญชาการตำรวจตระเวนชายแดน","กองบังคับการตำรวจตระเวนชายแดนภาค 4","กองกำกับการตำรวจตระเวนชายแดนที่ 41","","","","7284064111","รร.ตชด.บ้านยางโพรง","รร.ตชด.บ้านยางโพรง","","","missing","","","0","0","0","","0","0","0","0","0","0","0","0","0","0","0","0","0","0","0","0","0","0","0","0","0","0","0","0","0","0","0","0","0","0","0","0","0","0","0","0","0","0","0","0","0","0","0","0","0","0","0","0","0","0","0","0","0","0","0","0","0","0","0","0","0","0","0","0","0","0","0","0","0","0","0","0","0","0","0","0","0","A","ผ่าน"
"SCH_G3_0181","2567","2024","11. 2567 REP004-IMPROVEMENT 12 - ตารางสรุปรายงานมาตรฐานแต่ละด้าน พร้อมจำนวนข้อที่ต้องปรับปรุง และจำนวนเด็กที่ผ่านเกณฑ์.xls","149","Sheet1","2567|7284074110","สำนักงานตำรวจแห่งชาติ","กองบัญชาการตำรวจตระเวนชายแดน","กองบังคับการตำรวจตระเวนชายแดนภาค 4","กองกำกับการตำรวจตระเวนชายแดนที่ 41","","","","7284074110","รร.ตชด.บ้านกอเตย","รร.ตชด.บ้านกอเตย","16/05/2540","1997-05-16","parsed","1.2.3","1.2.3","1","1","0","","0","0","0","0","0","0","1","0","0","0","0","0","0","0","0","0","0","0","0","0","0","0","0","0","0","0","0","0","0","0","0","0","0","0","0","0","0","0","0","0","0","0","0","0","0","0","0","0","0","0","0","0","0","0","0","0","0","0","0","0","0","0","0","0","0","0","0","0","0","0","0","0","0","0","0","0","1","B","ผ่าน"
"SCH_G3_0182","2567","2024","11. 2567 REP004-IMPROVEMENT 12 - ตารางสรุปรายงานมาตรฐานแต่ละด้าน พร้อมจำนวนข้อที่ต้องปรับปรุง และจำนวนเด็กที่ผ่านเกณฑ์.xls","150","Sheet1","2567|7284164101","สำนักงานตำรวจแห่งชาติ","กองบัญชาการตำรวจตระเวนชายแดน","กองบังคับการตำรวจตระเวนชายแดนภาค 4","กองกำกับการตำรวจตระเวนชายแดนที่ 41","","","","7284164101","รร.ตชด.เทคนิคมีนบุรีอนุสรณ์ 1","รร.ตชด.เทคนิคมีนบุรีอนุสรณ์ 1","06/07/2530","1987-07-06","parsed","","","0","0","0","","0","0","0","0","0","0","0","0","0","0","0","0","0","0","0","0","0","0","0","0","0","0","0","0","0","0","0","0","0","0","0","0","0","0","0","0","0","0","0","0","0","0","0","0","0","0","0","0","0","0","0","0","0","0","0","0","0","0","0","0","0","0","0","0","0","0","0","0","0","0","0","0","0","0","0","0","0","A","ผ่าน"
"SCH_G3_0183","2567","2024","11. 2567 REP004-IMPROVEMENT 12 - ตารางสรุปรายงานมาตรฐานแต่ละด้าน พร้อมจำนวนข้อที่ต้องปรับปรุง และจำนวนเด็กที่ผ่านเกณฑ์.xls","151","Sheet1","2567|7284164109","สำนักงานตำรวจแห่งชาติ","กองบัญชาการตำรวจตระเวนชายแดน","กองบังคับการตำรวจตระเวนชายแดนภาค 4","กองกำกับการตำรวจตระเวนชายแดนที่ 41","","","","7284164109","รร.ตชด.บ้านควนสามัคคี","รร.ตชด.บ้านควนสามัคคี","01/07/2563","2020-07-01","parsed","","","0","0","0","","0","0","0","0","0","0","0","0","0","0","0","0","0","0","0","0","0","0","0","0","0","0","0","0","0","0","0","0","0","0","0","0","0","0","0","0","0","0","0","0","0","0","0","0","0","0","0","0","0","0","0","0","0","0","0","0","0","0","0","0","0","0","0","0","0","0","0","0","0","0","0","0","0","0","0","0","0","A","ผ่าน"
"SCH_G3_0184","2567","2024","11. 2567 REP004-IMPROVEMENT 12 - ตารางสรุปรายงานมาตรฐานแต่ละด้าน พร้อมจำนวนข้อที่ต้องปรับปรุง และจำนวนเด็กที่ผ่านเกณฑ์.xls","152","Sheet1","2567|7286024102","สำนักงานตำรวจแห่งชาติ","กองบัญชาการตำรวจตระเวนชายแดน","กองบังคับการตำรวจตระเวนชายแดนภาค 4","กองกำกับการตำรวจตระเวนชายแดนที่ 41","","","","7286024102","รร.ตชด.สันตินิมิตร","รร.ตชด.สันตินิมิตร","15/07/2546","2003-07-15","parsed","","","0","0","0","","0","0","0","0","0","0","0","0","0","0","0","0","0","0","0","0","0","0","0","0","0","0","0","0","0","0","0","0","0","0","0","0","0","0","0","0","0","0","0","0","0","0","0","0","0","0","0","0","0","0","0","0","0","0","0","0","0","0","0","0","0","0","0","0","0","0","0","0","0","0","0","0","0","0","0","0","0","A","ผ่าน"
"SCH_G3_0185","2567","2024","11. 2567 REP004-IMPROVEMENT 12 - ตารางสรุปรายงานมาตรฐานแต่ละด้าน พร้อมจำนวนข้อที่ต้องปรับปรุง และจำนวนเด็กที่ผ่านเกณฑ์.xls","153","Sheet1","2567|7286024107","สำนักงานตำรวจแห่งชาติ","กองบัญชาการตำรวจตระเวนชายแดน","กองบังคับการตำรวจตระเวนชายแดนภาค 4","กองกำกับการตำรวจตระเวนชายแดนที่ 41","","","","7286024107","รร.ตชด.บ้านพันวาล","รร.ตชด.บ้านพันวาล","17/05/2564","2021-05-17","parsed","","","0","0","0","","0","0","0","0","0","0","0","0","0","0","0","0","0","0","0","0","0","0","0","0","0","0","0","0","0","0","0","0","0","0","0","0","0","0","0","0","0","0","0","0","0","0","0","0","0","0","0","0","0","0","0","0","0","0","0","0","0","0","0","0","0","0","0","0","0","0","0","0","0","0","0","0","0","0","0","0","0","A","ผ่าน"
"SCH_G3_0186","2567","2024","11. 2567 REP004-IMPROVEMENT 12 - ตารางสรุปรายงานมาตรฐานแต่ละด้าน พร้อมจำนวนข้อที่ต้องปรับปรุง และจำนวนเด็กที่ผ่านเกณฑ์.xls","154","Sheet1","2567|7286044106","สำนักงานตำรวจแห่งชาติ","กองบัญชาการตำรวจตระเวนชายแดน","กองบังคับการตำรวจตระเวนชายแดนภาค 4","กองกำกับการตำรวจตระเวนชายแดนที่ 41","","","","7286044106","รร.ตชด.บ้านห้วยเหมือง","รร.ตชด.บ้านห้วยเหมือง","15/07/2531","1988-07-15","parsed","","","0","0","0","","0","0","0","0","0","0","0","0","0","0","0","0","0","0","0","0","0","0","0","0","0","0","0","0","0","0","0","0","0","0","0","0","0","0","0","0","0","0","0","0","0","0","0","0","0","0","0","0","0","0","0","0","0","0","0","0","0","0","0","0","0","0","0","0","0","0","0","0","0","0","0","0","0","0","0","0","0","A","ผ่าน"
"SCH_G3_0187","2567","2024","11. 2567 REP004-IMPROVEMENT 12 - ตารางสรุปรายงานมาตรฐานแต่ละด้าน พร้อมจำนวนข้อที่ต้องปรับปรุง และจำนวนเด็กที่ผ่านเกณฑ์.xls","155","Sheet1","2567|7286054105","สำนักงานตำรวจแห่งชาติ","กองบัญชาการตำรวจตระเวนชายแดน","กองบังคับการตำรวจตระเวนชายแดนภาค 4","กองกำกับการตำรวจตระเวนชายแดนที่ 41","","","","7286054105","รร.ตชด.สิริราษฎร์","รร.ตชด.สิริราษฎร์","01/02/2531","1988-02-01","parsed","","","0","0","0","","0","0","0","0","0","0","0","0","0","0","0","0","0","0","0","0","0","0","0","0","0","0","0","0","0","0","0","0","0","0","0","0","0","0","0","0","0","0","0","0","0","0","0","0","0","0","0","0","0","0","0","0","0","0","0","0","0","0","0","0","0","0","0","0","0","0","0","0","0","0","0","0","0","0","0","0","0","A","ผ่าน"
"SCH_G3_0188","2567","2024","11. 2567 REP004-IMPROVEMENT 12 - ตารางสรุปรายงานมาตรฐานแต่ละด้าน พร้อมจำนวนข้อที่ต้องปรับปรุง และจำนวนเด็กที่ผ่านเกณฑ์.xls","156","Sheet1","2567|7286054108","สำนักงานตำรวจแห่งชาติ","กองบัญชาการตำรวจตระเวนชายแดน","กองบังคับการตำรวจตระเวนชายแดนภาค 4","กองกำกับการตำรวจตระเวนชายแดนที่ 41","","","","7286054108","รร.ตชด.บ้านสวนเพชร","รร.ตชด.บ้านสวนเพชร","13/05/2532","1989-05-13","parsed","","","0","0","0","","0","0","0","0","0","0","0","0","0","0","0","0","0","0","0","0","0","0","0","0","0","0","0","0","0","0","0","0","0","0","0","0","0","0","0","0","0","0","0","0","0","0","0","0","0","0","0","0","0","0","0","0","0","0","0","0","0","0","0","0","0","0","0","0","0","0","0","0","0","0","0","0","0","0","0","0","0","A","ผ่าน"
"SCH_G3_0189","2567","2024","11. 2567 REP004-IMPROVEMENT 12 - ตารางสรุปรายงานมาตรฐานแต่ละด้าน พร้อมจำนวนข้อที่ต้องปรับปรุง และจำนวนเด็กที่ผ่านเกณฑ์.xls","157","Sheet1","2567|7286064112","สำนักงานตำรวจแห่งชาติ","กองบัญชาการตำรวจตระเวนชายแดน","กองบังคับการตำรวจตระเวนชายแดนภาค 4","กองกำกับการตำรวจตระเวนชายแดนที่ 41","","","","7286064112","รร.ตชด.บ้านตะแบกงาม (ตันตระเธียรอุปถัมป์)","รร.ตชด.บ้านตะแบกงาม (ตันตระเธียรอุปถัมป์)","14/03/2565","2022-03-14","parsed","3.1.3ข","3.1.3ข","1","1","0","","0","0","0","0","0","0","0","0","0","0","0","0","0","0","0","0","0","0","0","0","0","0","0","0","0","0","0","0","0","0","0","0","0","0","0","0","0","0","0","0","0","0","0","0","0","0","0","0","0","0","0","0","0","0","0","0","1","0","0","0","0","0","0","0","0","0","0","0","0","0","0","0","0","0","0","0","1","B","ผ่าน"
"SCH_G3_0190","2567","2024","11. 2567 REP004-IMPROVEMENT 12 - ตารางสรุปรายงานมาตรฐานแต่ละด้าน พร้อมจำนวนข้อที่ต้องปรับปรุง และจำนวนเด็กที่ผ่านเกณฑ์.xls","158","Sheet1","2567|7290044303","สำนักงานตำรวจแห่งชาติ","กองบัญชาการตำรวจตระเวนชายแดน","กองบังคับการตำรวจตระเวนชายแดนภาค 4","กองกำกับการตำรวจตระเวนชายแดนที่ 43","","","","7290044303","รร.ตชด.เชิญ  พิศลยบุตร","รร.ตชด.เชิญ  พิศลยบุตร","20/02/2568","2025-02-20","parsed","","","0","0","0","","0","0","0","0","0","0","0","0","0","0","0","0","0","0","0","0","0","0","0","0","0","0","0","0","0","0","0","0","0","0","0","0","0","0","0","0","0","0","0","0","0","0","0","0","0","0","0","0","0","0","0","0","0","0","0","0","0","0","0","0","0","0","0","0","0","0","0","0","0","0","0","0","0","0","0","0","0","A","ผ่าน"
"SCH_G3_0191","2567","2024","11. 2567 REP004-IMPROVEMENT 12 - ตารางสรุปรายงานมาตรฐานแต่ละด้าน พร้อมจำนวนข้อที่ต้องปรับปรุง และจำนวนเด็กที่ผ่านเกณฑ์.xls","159","Sheet1","2567|7290044310","สำนักงานตำรวจแห่งชาติ","กองบัญชาการตำรวจตระเวนชายแดน","กองบังคับการตำรวจตระเวนชายแดนภาค 4","กองกำกับการตำรวจตระเวนชายแดนที่ 43","","","","7290044310","รร.ตชด.บ้านประกอบออก","รร.ตชด.บ้านประกอบออก","29/06/2529","1986-06-29","parsed","","","0","0","0","","0","0","0","0","0","0","0","0","0","0","0","0","0","0","0","0","0","0","0","0","0","0","0","0","0","0","0","0","0","0","0","0","0","0","0","0","0","0","0","0","0","0","0","0","0","0","0","0","0","0","0","0","0","0","0","0","0","0","0","0","0","0","0","0","0","0","0","0","0","0","0","0","0","0","0","0","0","A","ผ่าน"
"SCH_G3_0192","2567","2024","11. 2567 REP004-IMPROVEMENT 12 - ตารางสรุปรายงานมาตรฐานแต่ละด้าน พร้อมจำนวนข้อที่ต้องปรับปรุง และจำนวนเด็กที่ผ่านเกณฑ์.xls","160","Sheet1","2567|7290064302","สำนักงานตำรวจแห่งชาติ","กองบัญชาการตำรวจตระเวนชายแดน","กองบังคับการตำรวจตระเวนชายแดนภาค 4","กองกำกับการตำรวจตระเวนชายแดนที่ 43","","","","7290064302","รร.ตชด.มหาราช 1","รร.ตชด.มหาราช 1","16/05/2566","2023-05-16","parsed","","","0","0","0","","0","0","0","0","0","0","0","0","0","0","0","0","0","0","0","0","0","0","0","0","0","0","0","0","0","0","0","0","0","0","0","0","0","0","0","0","0","0","0","0","0","0","0","0","0","0","0","0","0","0","0","0","0","0","0","0","0","0","0","0","0","0","0","0","0","0","0","0","0","0","0","0","0","0","0","0","0","A","ผ่าน"
"SCH_G3_0193","2567","2024","11. 2567 REP004-IMPROVEMENT 12 - ตารางสรุปรายงานมาตรฐานแต่ละด้าน พร้อมจำนวนข้อที่ต้องปรับปรุง และจำนวนเด็กที่ผ่านเกณฑ์.xls","161","Sheet1","2567|7290064304","สำนักงานตำรวจแห่งชาติ","กองบัญชาการตำรวจตระเวนชายแดน","กองบังคับการตำรวจตระเวนชายแดนภาค 4","กองกำกับการตำรวจตระเวนชายแดนที่ 43","","","","7290064304","รร.ตชด.บ้านสำนักเอาะ","รร.ตชด.บ้านสำนักเอาะ","18/06/2518","1975-06-18","parsed","","","0","0","0","","0","0","0","0","0","0","0","0","0","0","0","0","0","0","0","0","0","0","0","0","0","0","0","0","0","0","0","0","0","0","0","0","0","0","0","0","0","0","0","0","0","0","0","0","0","0","0","0","0","0","0","0","0","0","0","0","0","0","0","0","0","0","0","0","0","0","0","0","0","0","0","0","0","0","0","0","0","A","ผ่าน"
"SCH_G3_0194","2567","2024","11. 2567 REP004-IMPROVEMENT 12 - ตารางสรุปรายงานมาตรฐานแต่ละด้าน พร้อมจำนวนข้อที่ต้องปรับปรุง และจำนวนเด็กที่ผ่านเกณฑ์.xls","162","Sheet1","2567|7290064308","สำนักงานตำรวจแห่งชาติ","กองบัญชาการตำรวจตระเวนชายแดน","กองบังคับการตำรวจตระเวนชายแดนภาค 4","กองกำกับการตำรวจตระเวนชายแดนที่ 43","","","","7290064308","รร.ตชด.บ้านหาดทราย","รร.ตชด.บ้านหาดทราย","26/05/2526","1983-05-26","parsed","","","0","0","0","","0","0","0","0","0","0","0","0","0","0","0","0","0","0","0","0","0","0","0","0","0","0","0","0","0","0","0","0","0","0","0","0","0","0","0","0","0","0","0","0","0","0","0","0","0","0","0","0","0","0","0","0","0","0","0","0","0","0","0","0","0","0","0","0","0","0","0","0","0","0","0","0","0","0","0","0","0","A","ผ่าน"
"SCH_G3_0195","2567","2024","11. 2567 REP004-IMPROVEMENT 12 - ตารางสรุปรายงานมาตรฐานแต่ละด้าน พร้อมจำนวนข้อที่ต้องปรับปรุง และจำนวนเด็กที่ผ่านเกณฑ์.xls","163","Sheet1","2567|7290104301","สำนักงานตำรวจแห่งชาติ","กองบัญชาการตำรวจตระเวนชายแดน","กองบังคับการตำรวจตระเวนชายแดนภาค 4","กองกำกับการตำรวจตระเวนชายแดนที่ 43","","","","7290104301","รร.ตชด.สื่อมวลชนกีฬา","รร.ตชด.สื่อมวลชนกีฬา","12/10/2502","1959-10-12","parsed","","","0","0","0","","0","0","0","0","0","0","0","0","0","0","0","0","0","0","0","0","0","0","0","0","0","0","0","0","0","0","0","0","0","0","0","0","0","0","0","0","0","0","0","0","0","0","0","0","0","0","0","0","0","0","0","0","0","0","0","0","0","0","0","0","0","0","0","0","0","0","0","0","0","0","0","0","0","0","0","0","0","A","ผ่าน"
"SCH_G3_0196","2567","2024","11. 2567 REP004-IMPROVEMENT 12 - ตารางสรุปรายงานมาตรฐานแต่ละด้าน พร้อมจำนวนข้อที่ต้องปรับปรุง และจำนวนเด็กที่ผ่านเกณฑ์.xls","164","Sheet1","2567|7290104305","สำนักงานตำรวจแห่งชาติ","กองบัญชาการตำรวจตระเวนชายแดน","กองบังคับการตำรวจตระเวนชายแดนภาค 4","กองกำกับการตำรวจตระเวนชายแดนที่ 43","","","","7290104305","รร.ตชด.บ้านชายควน","รร.ตชด.บ้านชายควน","","","missing","","","0","0","0","","0","0","0","0","0","0","0","0","0","0","0","0","0","0","0","0","0","0","0","0","0","0","0","0","0","0","0","0","0","0","0","0","0","0","0","0","0","0","0","0","0","0","0","0","0","0","0","0","0","0","0","0","0","0","0","0","0","0","0","0","0","0","0","0","0","0","0","0","0","0","0","0","0","0","0","0","0","A","ผ่าน"
"SCH_G3_0197","2567","2024","11. 2567 REP004-IMPROVEMENT 12 - ตารางสรุปรายงานมาตรฐานแต่ละด้าน พร้อมจำนวนข้อที่ต้องปรับปรุง และจำนวนเด็กที่ผ่านเกณฑ์.xls","165","Sheet1","2567|7290104307","สำนักงานตำรวจแห่งชาติ","กองบัญชาการตำรวจตระเวนชายแดน","กองบังคับการตำรวจตระเวนชายแดนภาค 4","กองกำกับการตำรวจตระเวนชายแดนที่ 43","","","","7290104307","โรงเรียน ตชด.พลตำรวจเอกสมศักดิ์ แขวงโสภา(บ้านทุ่งสบายใจ)","โรงเรียน ตชด.พลตำรวจเอกสมศักดิ์ แขวงโสภา(บ้านทุ่งสบายใจ)","25/03/2568","2025-03-25","parsed","","","0","0","0","","0","0","0","0","0","0","0","0","0","0","0","0","0","0","0","0","0","0","0","0","0","0","0","0","0","0","0","0","0","0","0","0","0","0","0","0","0","0","0","0","0","0","0","0","0","0","0","0","0","0","0","0","0","0","0","0","0","0","0","0","0","0","0","0","0","0","0","0","0","0","0","0","0","0","0","0","0","A","ผ่าน"
"SCH_G3_0198","2567","2024","11. 2567 REP004-IMPROVEMENT 12 - ตารางสรุปรายงานมาตรฐานแต่ละด้าน พร้อมจำนวนข้อที่ต้องปรับปรุง และจำนวนเด็กที่ผ่านเกณฑ์.xls","166","Sheet1","2567|7290104315","สำนักงานตำรวจแห่งชาติ","กองบัญชาการตำรวจตระเวนชายแดน","กองบังคับการตำรวจตระเวนชายแดนภาค 4","กองกำกับการตำรวจตระเวนชายแดนที่ 43","","","","7290104315","รร.ตชด.บ้านบาโรย","รร.ตชด.บ้านบาโรย","09/11/2541","1998-11-09","parsed","","","0","0","0","","0","0","0","0","0","0","0","0","0","0","0","0","0","0","0","0","0","0","0","0","0","0","0","0","0","0","0","0","0","0","0","0","0","0","0","0","0","0","0","0","0","0","0","0","0","0","0","0","0","0","0","0","0","0","0","0","0","0","0","0","0","0","0","0","0","0","0","0","0","0","0","0","0","0","0","0","0","A","ผ่าน"
"SCH_G3_0199","2567","2024","11. 2567 REP004-IMPROVEMENT 12 - ตารางสรุปรายงานมาตรฐานแต่ละด้าน พร้อมจำนวนข้อที่ต้องปรับปรุง และจำนวนเด็กที่ผ่านเกณฑ์.xls","167","Sheet1","2567|7290104316","สำนักงานตำรวจแห่งชาติ","กองบัญชาการตำรวจตระเวนชายแดน","กองบังคับการตำรวจตระเวนชายแดนภาค 4","กองกำกับการตำรวจตระเวนชายแดนที่ 43","","","","7290104316","รร.ตชด.พลเอกนวล-คุณหญิงบานชื่น จันทร์ตรี","รร.ตชด.พลเอกนวล-คุณหญิงบานชื่น จันทร์ตรี","17/05/2553","2010-05-17","parsed","","","0","0","0","","0","0","0","0","0","0","0","0","0","0","0","0","0","0","0","0","0","0","0","0","0","0","0","0","0","0","0","0","0","0","0","0","0","0","0","0","0","0","0","0","0","0","0","0","0","0","0","0","0","0","0","0","0","0","0","0","0","0","0","0","0","0","0","0","0","0","0","0","0","0","0","0","0","0","0","0","0","A","ผ่าน"
"SCH_G3_0200","2567","2024","11. 2567 REP004-IMPROVEMENT 12 - ตารางสรุปรายงานมาตรฐานแต่ละด้าน พร้อมจำนวนข้อที่ต้องปรับปรุง และจำนวนเด็กที่ผ่านเกณฑ์.xls","168","Sheet1","2567|7291034311","สำนักงานตำรวจแห่งชาติ","กองบัญชาการตำรวจตระเวนชายแดน","กองบังคับการตำรวจตระเวนชายแดนภาค 4","กองกำกับการตำรวจตระเวนชายแดนที่ 43","","","","7291034311","รร.ตชด.ยูงทองรัฐประชาสรรค์","รร.ตชด.ยูงทองรัฐประชาสรรค์","16/05/2568","2025-05-16","parsed","","","0","0","0","","0","0","0","0","0","0","0","0","0","0","0","0","0","0","0","0","0","0","0","0","0","0","0","0","0","0","0","0","0","0","0","0","0","0","0","0","0","0","0","0","0","0","0","0","0","0","0","0","0","0","0","0","0","0","0","0","0","0","0","0","0","0","0","0","0","0","0","0","0","0","0","0","0","0","0","0","0","A","ผ่าน"
"SCH_G3_0201","2567","2024","11. 2567 REP004-IMPROVEMENT 12 - ตารางสรุปรายงานมาตรฐานแต่ละด้าน พร้อมจำนวนข้อที่ต้องปรับปรุง และจำนวนเด็กที่ผ่านเกณฑ์.xls","169","Sheet1","2567|7291034314","สำนักงานตำรวจแห่งชาติ","กองบัญชาการตำรวจตระเวนชายแดน","กองบังคับการตำรวจตระเวนชายแดนภาค 4","กองกำกับการตำรวจตระเวนชายแดนที่ 43","","","","7291034314","รร.ตชด.บ้านส้านแดง","รร.ตชด.บ้านส้านแดง","","","missing","","","0","0","0","","0","0","0","0","0","0","0","0","0","0","0","0","0","0","0","0","0","0","0","0","0","0","0","0","0","0","0","0","0","0","0","0","0","0","0","0","0","0","0","0","0","0","0","0","0","0","0","0","0","0","0","0","0","0","0","0","0","0","0","0","0","0","0","0","0","0","0","0","0","0","0","0","0","0","0","0","0","A","ผ่าน"
"SCH_G3_0202","2567","2024","11. 2567 REP004-IMPROVEMENT 12 - ตารางสรุปรายงานมาตรฐานแต่ละด้าน พร้อมจำนวนข้อที่ต้องปรับปรุง และจำนวนเด็กที่ผ่านเกณฑ์.xls","170","Sheet1","2567|7292044309","สำนักงานตำรวจแห่งชาติ","กองบัญชาการตำรวจตระเวนชายแดน","กองบังคับการตำรวจตระเวนชายแดนภาค 4","กองกำกับการตำรวจตระเวนชายแดนที่ 43","","","","7292044309","รร.ตชด.สันติราษฎร์ประชาบำรุง","รร.ตชด.สันติราษฎร์ประชาบำรุง","14/06/2528","1985-06-14","parsed","","","0","0","0","","0","0","0","0","0","0","0","0","0","0","0","0","0","0","0","0","0","0","0","0","0","0","0","0","0","0","0","0","0","0","0","0","0","0","0","0","0","0","0","0","0","0","0","0","0","0","0","0","0","0","0","0","0","0","0","0","0","0","0","0","0","0","0","0","0","0","0","0","0","0","0","0","0","0","0","0","0","A","ผ่าน"
"SCH_G3_0203","2567","2024","11. 2567 REP004-IMPROVEMENT 12 - ตารางสรุปรายงานมาตรฐานแต่ละด้าน พร้อมจำนวนข้อที่ต้องปรับปรุง และจำนวนเด็กที่ผ่านเกณฑ์.xls","171","Sheet1","2567|7292044312","สำนักงานตำรวจแห่งชาติ","กองบัญชาการตำรวจตระเวนชายแดน","กองบังคับการตำรวจตระเวนชายแดนภาค 4","กองกำกับการตำรวจตระเวนชายแดนที่ 43","","","","7292044312","รร.ตชด.บ้านหินจอก","รร.ตชด.บ้านหินจอก","05/05/2531","1988-05-05","parsed","","","0","0","0","","0","0","0","0","0","0","0","0","0","0","0","0","0","0","0","0","0","0","0","0","0","0","0","0","0","0","0","0","0","0","0","0","0","0","0","0","0","0","0","0","0","0","0","0","0","0","0","0","0","0","0","0","0","0","0","0","0","0","0","0","0","0","0","0","0","0","0","0","0","0","0","0","0","0","0","0","0","A","ผ่าน"
"SCH_G3_0204","2567","2024","11. 2567 REP004-IMPROVEMENT 12 - ตารางสรุปรายงานมาตรฐานแต่ละด้าน พร้อมจำนวนข้อที่ต้องปรับปรุง และจำนวนเด็กที่ผ่านเกณฑ์.xls","172","Sheet1","2567|7293104313","สำนักงานตำรวจแห่งชาติ","กองบัญชาการตำรวจตระเวนชายแดน","กองบังคับการตำรวจตระเวนชายแดนภาค 4","กองกำกับการตำรวจตระเวนชายแดนที่ 43","","","","7293104313","รร.ตชด.บ้านควนตะแบก","รร.ตชด.บ้านควนตะแบก","14/02/2533","1990-02-14","parsed","","","0","0","0","","0","0","0","0","0","0","0","0","0","0","0","0","0","0","0","0","0","0","0","0","0","0","0","0","0","0","0","0","0","0","0","0","0","0","0","0","0","0","0","0","0","0","0","0","0","0","0","0","0","0","0","0","0","0","0","0","0","0","0","0","0","0","0","0","0","0","0","0","0","0","0","0","0","0","0","0","0","A","ผ่าน"
"SCH_G3_0206","2567","2024","11. 2567 REP004-IMPROVEMENT 12 - ตารางสรุปรายงานมาตรฐานแต่ละด้าน พร้อมจำนวนข้อที่ต้องปรับปรุง และจำนวนเด็กที่ผ่านเกณฑ์.xls","173","Sheet1","2567|7295014412","สำนักงานตำรวจแห่งชาติ","กองบัญชาการตำรวจตระเวนชายแดน","กองบังคับการตำรวจตระเวนชายแดนภาค 4","กองกำกับการตำรวจตระเวนชายแดนที่ 44","","","","7295014412","รร.ตชด.เฉลิมพระเกียรติ 50 พรรษาฯ","รร.ตชด.เฉลิมพระเกียรติ 50 พรรษาฯ","14/06/2564","2021-06-14","parsed","1.2.3,3.1.3ข","1.2.3,3.1.3ข","2","2","0","","0","0","0","0","0","0","1","0","0","0","0","0","0","0","0","0","0","0","0","0","0","0","0","0","0","0","0","0","0","0","0","0","0","0","0","0","0","0","0","0","0","0","0","0","0","0","0","0","0","0","0","0","0","0","0","0","1","0","0","0","0","0","0","0","0","0","0","0","0","0","0","0","0","0","0","0","2","B","ผ่าน"
"SCH_G3_0207","2567","2024","11. 2567 REP004-IMPROVEMENT 12 - ตารางสรุปรายงานมาตรฐานแต่ละด้าน พร้อมจำนวนข้อที่ต้องปรับปรุง และจำนวนเด็กที่ผ่านเกณฑ์.xls","174","Sheet1","2567|7295034413","สำนักงานตำรวจแห่งชาติ","กองบัญชาการตำรวจตระเวนชายแดน","กองบังคับการตำรวจตระเวนชายแดนภาค 4","กองกำกับการตำรวจตระเวนชายแดนที่ 44","","","","7295034413","ศกร.ตชด.บ้านภักดี","ศกร.ตชด.บ้านภักดี","18/05/2558","2015-05-18","parsed","2.1.1,2.1.2,2.1.3,2.1.4,2.1.5,2.2.1,2.2.2,2.2.3,2.2.4,2.2.5,2.3.1,2.3.2,2.3.3,2.3.4,2.3.5,2.4.1,2.4.2,2.4.3,2.5.1,2.5.2,3.1.1ก,3.2.1ก,3.2.2ก,3.2.3ก,3.2.4ก,3.2.5ก,3.2.6ก,3.1.1ข,3.1.2ข,3.1.3ข,3.2.1ข,3.3.1ข,3.3.2ข,3.4.1ข,3.4.2ข,3.4.3ข,3.5.1ข,3.5.2ข,3.5.3ข,3.","2.1.1,2.1.2,2.1.3,2.1.4,2.1.5,2.2.1,2.2.2,2.2.3,2.2.4,2.2.5,2.3.1,2.3.2,2.3.3,2.3.4,2.3.5,2.4.1,2.4.2,2.4.3,2.5.1,2.5.2,3.1.1ก,3.2.1ก,3.2.2ก,3.2.3ก,3.2.4ก,3.2.5ก,3.2.6ก,3.1.1ข,3.1.2ข,3.1.3ข,3.2.1ข,3.3.1ข,3.3.2ข,3.4.1ข,3.4.2ข,3.4.3ข,3.5.1ข,3.5.2ข,3.5.3ข","40","39","1","3.","1","0","0","0","0","0","0","0","0","0","0","0","0","0","0","0","0","0","0","0","0","0","0","0","0","0","0","1","1","1","1","1","1","1","1","1","1","1","1","1","1","1","1","1","1","1","1","1","1","1","1","1","1","1","1","1","1","1","1","1","1","1","1","1","1","1","0","0","0","0","0","0","0","0","0","0","39","D","ไม่ผ่าน"
"SCH_G3_0208","2567","2024","11. 2567 REP004-IMPROVEMENT 12 - ตารางสรุปรายงานมาตรฐานแต่ละด้าน พร้อมจำนวนข้อที่ต้องปรับปรุง และจำนวนเด็กที่ผ่านเกณฑ์.xls","175","Sheet1","2567|7295044401","สำนักงานตำรวจแห่งชาติ","กองบัญชาการตำรวจตระเวนชายแดน","กองบังคับการตำรวจตระเวนชายแดนภาค 4","กองกำกับการตำรวจตระเวนชายแดนที่ 44","","","","7295044401","รร.ตชด.สังวาลย์วิท 4","รร.ตชด.สังวาลย์วิท 4","16/05/2510","1967-05-16","parsed","","","0","0","0","","0","0","0","0","0","0","0","0","0","0","0","0","0","0","0","0","0","0","0","0","0","0","0","0","0","0","0","0","0","0","0","0","0","0","0","0","0","0","0","0","0","0","0","0","0","0","0","0","0","0","0","0","0","0","0","0","0","0","0","0","0","0","0","0","0","0","0","0","0","0","0","0","0","0","0","0","0","A","ผ่าน"
"SCH_G3_0209","2567","2024","11. 2567 REP004-IMPROVEMENT 12 - ตารางสรุปรายงานมาตรฐานแต่ละด้าน พร้อมจำนวนข้อที่ต้องปรับปรุง และจำนวนเด็กที่ผ่านเกณฑ์.xls","176","Sheet1","2567|7295044403","สำนักงานตำรวจแห่งชาติ","กองบัญชาการตำรวจตระเวนชายแดน","กองบังคับการตำรวจตระเวนชายแดนภาค 4","กองกำกับการตำรวจตระเวนชายแดนที่ 44","","","","7295044403","รร.ตชด.นิคมพิทักษ์ราษฎร์","รร.ตชด.นิคมพิทักษ์ราษฎร์","08/07/2564","2021-07-08","parsed","","","0","0","0","","0","0","0","0","0","0","0","0","0","0","0","0","0","0","0","0","0","0","0","0","0","0","0","0","0","0","0","0","0","0","0","0","0","0","0","0","0","0","0","0","0","0","0","0","0","0","0","0","0","0","0","0","0","0","0","0","0","0","0","0","0","0","0","0","0","0","0","0","0","0","0","0","0","0","0","0","0","A","ผ่าน"
"SCH_G3_0210","2567","2024","11. 2567 REP004-IMPROVEMENT 12 - ตารางสรุปรายงานมาตรฐานแต่ละด้าน พร้อมจำนวนข้อที่ต้องปรับปรุง และจำนวนเด็กที่ผ่านเกณฑ์.xls","177","Sheet1","2567|7295044404","สำนักงานตำรวจแห่งชาติ","กองบัญชาการตำรวจตระเวนชายแดน","กองบังคับการตำรวจตระเวนชายแดนภาค 4","กองกำกับการตำรวจตระเวนชายแดนที่ 44","","","","7295044404","รร.ตชด.บ้านปาโจแมเราะ","รร.ตชด.บ้านปาโจแมเราะ","01/06/2531","1988-06-01","parsed","","","0","0","0","","0","0","0","0","0","0","0","0","0","0","0","0","0","0","0","0","0","0","0","0","0","0","0","0","0","0","0","0","0","0","0","0","0","0","0","0","0","0","0","0","0","0","0","0","0","0","0","0","0","0","0","0","0","0","0","0","0","0","0","0","0","0","0","0","0","0","0","0","0","0","0","0","0","0","0","0","0","A","ผ่าน"
"SCH_G3_0211","2567","2024","11. 2567 REP004-IMPROVEMENT 12 - ตารางสรุปรายงานมาตรฐานแต่ละด้าน พร้อมจำนวนข้อที่ต้องปรับปรุง และจำนวนเด็กที่ผ่านเกณฑ์.xls","178","Sheet1","2567|7295054402","สำนักงานตำรวจแห่งชาติ","กองบัญชาการตำรวจตระเวนชายแดน","กองบังคับการตำรวจตระเวนชายแดนภาค 4","กองกำกับการตำรวจตระเวนชายแดนที่ 44","","","","7295054402","รร.ตชด.โรงงานยาสูบ 2","รร.ตชด.โรงงานยาสูบ 2","17/07/2517","1974-07-17","parsed","","","0","0","0","","0","0","0","0","0","0","0","0","0","0","0","0","0","0","0","0","0","0","0","0","0","0","0","0","0","0","0","0","0","0","0","0","0","0","0","0","0","0","0","0","0","0","0","0","0","0","0","0","0","0","0","0","0","0","0","0","0","0","0","0","0","0","0","0","0","0","0","0","0","0","0","0","0","0","0","0","0","A","ผ่าน"
"SCH_G3_0212","2567","2024","11. 2567 REP004-IMPROVEMENT 12 - ตารางสรุปรายงานมาตรฐานแต่ละด้าน พร้อมจำนวนข้อที่ต้องปรับปรุง และจำนวนเด็กที่ผ่านเกณฑ์.xls","179","Sheet1","2567|7296064411","สำนักงานตำรวจแห่งชาติ","กองบัญชาการตำรวจตระเวนชายแดน","กองบังคับการตำรวจตระเวนชายแดนภาค 4","กองกำกับการตำรวจตระเวนชายแดนที่ 44","","","","7296064411","รร.ตชด.การท่าอากาศยานฯ","รร.ตชด.การท่าอากาศยานฯ","16/05/2543","2000-05-16","parsed","","","0","0","0","","0","0","0","0","0","0","0","0","0","0","0","0","0","0","0","0","0","0","0","0","0","0","0","0","0","0","0","0","0","0","0","0","0","0","0","0","0","0","0","0","0","0","0","0","0","0","0","0","0","0","0","0","0","0","0","0","0","0","0","0","0","0","0","0","0","0","0","0","0","0","0","0","0","0","0","0","0","A","ผ่าน"
"SCH_G3_0213","2567","2024","11. 2567 REP004-IMPROVEMENT 12 - ตารางสรุปรายงานมาตรฐานแต่ละด้าน พร้อมจำนวนข้อที่ต้องปรับปรุง และจำนวนเด็กที่ผ่านเกณฑ์.xls","180","Sheet1","2567|7296074407","สำนักงานตำรวจแห่งชาติ","กองบัญชาการตำรวจตระเวนชายแดน","กองบังคับการตำรวจตระเวนชายแดนภาค 4","กองกำกับการตำรวจตระเวนชายแดนที่ 44","","","","7296074407","รร.ตชด.บ้านตืองอช่างกลปทุมวันอนุสรณ์ 13","รร.ตชด.บ้านตืองอช่างกลปทุมวันอนุสรณ์ 13","15/07/2534","1991-07-15","parsed","","","0","0","0","","0","0","0","0","0","0","0","0","0","0","0","0","0","0","0","0","0","0","0","0","0","0","0","0","0","0","0","0","0","0","0","0","0","0","0","0","0","0","0","0","0","0","0","0","0","0","0","0","0","0","0","0","0","0","0","0","0","0","0","0","0","0","0","0","0","0","0","0","0","0","0","0","0","0","0","0","0","A","ผ่าน"
"SCH_G3_0214","2567","2024","11. 2567 REP004-IMPROVEMENT 12 - ตารางสรุปรายงานมาตรฐานแต่ละด้าน พร้อมจำนวนข้อที่ต้องปรับปรุง และจำนวนเด็กที่ผ่านเกณฑ์.xls","181","Sheet1","2567|7296074408","สำนักงานตำรวจแห่งชาติ","กองบัญชาการตำรวจตระเวนชายแดน","กองบังคับการตำรวจตระเวนชายแดนภาค 4","กองกำกับการตำรวจตระเวนชายแดนที่ 44","","","","7296074408","รร.ตชด.บ้านละโอ","รร.ตชด.บ้านละโอ","16/05/2536","1993-05-16","parsed","","","0","0","0","","0","0","0","0","0","0","0","0","0","0","0","0","0","0","0","0","0","0","0","0","0","0","0","0","0","0","0","0","0","0","0","0","0","0","0","0","0","0","0","0","0","0","0","0","0","0","0","0","0","0","0","0","0","0","0","0","0","0","0","0","0","0","0","0","0","0","0","0","0","0","0","0","0","0","0","0","0","A","ผ่าน"
"SCH_G3_0215","2567","2024","11. 2567 REP004-IMPROVEMENT 12 - ตารางสรุปรายงานมาตรฐานแต่ละด้าน พร้อมจำนวนข้อที่ต้องปรับปรุง และจำนวนเด็กที่ผ่านเกณฑ์.xls","182","Sheet1","2567|7296094409","สำนักงานตำรวจแห่งชาติ","กองบัญชาการตำรวจตระเวนชายแดน","กองบังคับการตำรวจตระเวนชายแดนภาค 4","กองกำกับการตำรวจตระเวนชายแดนที่ 44","","","","7296094409","รร.ตชด.บ้านลีนานนท์","รร.ตชด.บ้านลีนานนท์","18/06/2536","1993-06-18","parsed","","","0","0","0","","0","0","0","0","0","0","0","0","0","0","0","0","0","0","0","0","0","0","0","0","0","0","0","0","0","0","0","0","0","0","0","0","0","0","0","0","0","0","0","0","0","0","0","0","0","0","0","0","0","0","0","0","0","0","0","0","0","0","0","0","0","0","0","0","0","0","0","0","0","0","0","0","0","0","0","0","0","A","ผ่าน"
"SCH_G3_0216","2567","2024","11. 2567 REP004-IMPROVEMENT 12 - ตารางสรุปรายงานมาตรฐานแต่ละด้าน พร้อมจำนวนข้อที่ต้องปรับปรุง และจำนวนเด็กที่ผ่านเกณฑ์.xls","183","Sheet1","2567|7296124405","สำนักงานตำรวจแห่งชาติ","กองบัญชาการตำรวจตระเวนชายแดน","กองบังคับการตำรวจตระเวนชายแดนภาค 4","กองกำกับการตำรวจตระเวนชายแดนที่ 44","","","","7296124405","รร.ตชด.บ้านไอร์บือแต","รร.ตชด.บ้านไอร์บือแต","13/06/2533","1990-06-13","parsed","","","0","0","0","","0","0","0","0","0","0","0","0","0","0","0","0","0","0","0","0","0","0","0","0","0","0","0","0","0","0","0","0","0","0","0","0","0","0","0","0","0","0","0","0","0","0","0","0","0","0","0","0","0","0","0","0","0","0","0","0","0","0","0","0","0","0","0","0","0","0","0","0","0","0","0","0","0","0","0","0","0","A","ผ่าน"
"SCH_G3_0002","2568","2025","12. 2568 REP004-IMPROVEMENT 12 - ตารางสรุปรายงานมาตรฐานแต่ละด้าน พร้อมจำนวนข้อที่ต้องปรับปรุง และจำนวนเด็กที่ผ่านเกณฑ์.xls","3","Sheet1","2568|7222051102","สำนักงานตำรวจแห่งชาติ","กองบัญชาการตำรวจตระเวนชายแดน","กองบังคับการตำรวจตระเวนชายแดนภาค 1","กองกำกับการตำรวจตระเวนชายแดนที่ 11","","","","7222051102","รร.ตชด.บ้านคลองมะลิประเวศน์วิทยา","รร.ตชด.บ้านคลองมะลิประเวศน์วิทยา","30/07/2529","1986-07-30","parsed","","","0","0","0","","0","0","0","0","0","0","0","0","0","0","0","0","0","0","0","0","0","0","0","0","0","0","0","0","0","0","0","0","0","0","0","0","0","0","0","0","0","0","0","0","0","0","0","0","0","0","0","0","0","0","0","0","0","0","0","0","0","0","0","0","0","0","0","0","0","0","0","0","0","0","0","0","0","0","0","0","0","A","ผ่าน"
"SCH_G3_0003","2568","2025","12. 2568 REP004-IMPROVEMENT 12 - ตารางสรุปรายงานมาตรฐานแต่ละด้าน พร้อมจำนวนข้อที่ต้องปรับปรุง และจำนวนเด็กที่ผ่านเกณฑ์.xls","4","Sheet1","2568|7222071103","สำนักงานตำรวจแห่งชาติ","กองบัญชาการตำรวจตระเวนชายแดน","กองบังคับการตำรวจตระเวนชายแดนภาค 1","กองกำกับการตำรวจตระเวนชายแดนที่ 11","","","","7222071103","รร.ตชด.สิงคโปร์แอร์ไลน์สฯ","รร.ตชด.สิงคโปร์แอร์ไลน์สฯ","03/03/2530","1987-03-03","parsed","","","0","0","0","","0","0","0","0","0","0","0","0","0","0","0","0","0","0","0","0","0","0","0","0","0","0","0","0","0","0","0","0","0","0","0","0","0","0","0","0","0","0","0","0","0","0","0","0","0","0","0","0","0","0","0","0","0","0","0","0","0","0","0","0","0","0","0","0","0","0","0","0","0","0","0","0","0","0","0","0","0","A","ผ่าน"
"SCH_G3_0004","2568","2025","12. 2568 REP004-IMPROVEMENT 12 - ตารางสรุปรายงานมาตรฐานแต่ละด้าน พร้อมจำนวนข้อที่ต้องปรับปรุง และจำนวนเด็กที่ผ่านเกณฑ์.xls","5","Sheet1","2568|7222081104","สำนักงานตำรวจแห่งชาติ","กองบัญชาการตำรวจตระเวนชายแดน","กองบังคับการตำรวจตระเวนชายแดนภาค 1","กองกำกับการตำรวจตระเวนชายแดนที่ 11","","","","7222081104","รร.ตชด.บ้านบ่อชะอม","รร.ตชด.บ้านบ่อชะอม","16/05/2568","2025-05-16","parsed","1.2.3","1.2.3","1","1","0","","0","0","0","0","0","0","1","0","0","0","0","0","0","0","0","0","0","0","0","0","0","0","0","0","0","0","0","0","0","0","0","0","0","0","0","0","0","0","0","0","0","0","0","0","0","0","0","0","0","0","0","0","0","0","0","0","0","0","0","0","0","0","0","0","0","0","0","0","0","0","0","0","0","0","0","0","1","B","ผ่าน"
"SCH_G3_0005","2568","2025","12. 2568 REP004-IMPROVEMENT 12 - ตารางสรุปรายงานมาตรฐานแต่ละด้าน พร้อมจำนวนข้อที่ต้องปรับปรุง และจำนวนเด็กที่ผ่านเกณฑ์.xls","6","Sheet1","2568|7222081105","สำนักงานตำรวจแห่งชาติ","กองบัญชาการตำรวจตระเวนชายแดน","กองบังคับการตำรวจตระเวนชายแดนภาค 1","กองกำกับการตำรวจตระเวนชายแดนที่ 11","","","","7222081105","รร.ตชด.บ้านหางแมว","รร.ตชด.บ้านหางแมว","15/03/2534","1991-03-15","parsed","3.1.3ข,3.3.2ข","3.1.3ข,3.3.2ข","2","2","0","","0","0","0","0","0","0","0","0","0","0","0","0","0","0","0","0","0","0","0","0","0","0","0","0","0","0","0","0","0","0","0","0","0","0","0","0","0","0","0","0","0","0","0","0","0","0","0","0","0","0","0","0","0","0","0","0","1","0","0","1","0","0","0","0","0","0","0","0","0","0","0","0","0","0","0","0","2","B","ผ่าน"
"SCH_G3_0006","2568","2025","12. 2568 REP004-IMPROVEMENT 12 - ตารางสรุปรายงานมาตรฐานแต่ละด้าน พร้อมจำนวนข้อที่ต้องปรับปรุง และจำนวนเด็กที่ผ่านเกณฑ์.xls","7","Sheet1","2568|7222081108","สำนักงานตำรวจแห่งชาติ","กองบัญชาการตำรวจตระเวนชายแดน","กองบังคับการตำรวจตระเวนชายแดนภาค 1","กองกำกับการตำรวจตระเวนชายแดนที่ 11","","","","7222081108","รร.ตชด.บ้านคลองแดง","รร.ตชด.บ้านคลองแดง","16/05/2545","2002-05-16","parsed","","","0","0","0","","0","0","0","0","0","0","0","0","0","0","0","0","0","0","0","0","0","0","0","0","0","0","0","0","0","0","0","0","0","0","0","0","0","0","0","0","0","0","0","0","0","0","0","0","0","0","0","0","0","0","0","0","0","0","0","0","0","0","0","0","0","0","0","0","0","0","0","0","0","0","0","0","0","0","0","0","0","A","ผ่าน"
"SCH_G3_0007","2568","2025","12. 2568 REP004-IMPROVEMENT 12 - ตารางสรุปรายงานมาตรฐานแต่ละด้าน พร้อมจำนวนข้อที่ต้องปรับปรุง และจำนวนเด็กที่ผ่านเกณฑ์.xls","8","Sheet1","2568|7223011106","สำนักงานตำรวจแห่งชาติ","กองบัญชาการตำรวจตระเวนชายแดน","กองบังคับการตำรวจตระเวนชายแดนภาค 1","กองกำกับการตำรวจตระเวนชายแดนที่ 11","","","","7223011106","รร.ตชด.บ้านท่ากุ่ม","รร.ตชด.บ้านท่ากุ่ม","01/11/2536","1993-11-01","parsed","","","0","0","0","","0","0","0","0","0","0","0","0","0","0","0","0","0","0","0","0","0","0","0","0","0","0","0","0","0","0","0","0","0","0","0","0","0","0","0","0","0","0","0","0","0","0","0","0","0","0","0","0","0","0","0","0","0","0","0","0","0","0","0","0","0","0","0","0","0","0","0","0","0","0","0","0","0","0","0","0","0","A","ผ่าน"
"SCH_G3_0008","2568","2025","12. 2568 REP004-IMPROVEMENT 12 - ตารางสรุปรายงานมาตรฐานแต่ละด้าน พร้อมจำนวนข้อที่ต้องปรับปรุง และจำนวนเด็กที่ผ่านเกณฑ์.xls","9","Sheet1","2568|7223031107","สำนักงานตำรวจแห่งชาติ","กองบัญชาการตำรวจตระเวนชายแดน","กองบังคับการตำรวจตระเวนชายแดนภาค 1","กองกำกับการตำรวจตระเวนชายแดนที่ 11","","","","7223031107","รร.ตชด.บ้านเขาฉลาด","รร.ตชด.บ้านเขาฉลาด","16/05/2542","1999-05-16","parsed","3.1.3ข","3.1.3ข","1","1","0","","0","0","0","0","0","0","0","0","0","0","0","0","0","0","0","0","0","0","0","0","0","0","0","0","0","0","0","0","0","0","0","0","0","0","0","0","0","0","0","0","0","0","0","0","0","0","0","0","0","0","0","0","0","0","0","0","1","0","0","0","0","0","0","0","0","0","0","0","0","0","0","0","0","0","0","0","1","B","ผ่าน"
"SCH_G3_0009","2568","2025","12. 2568 REP004-IMPROVEMENT 12 - ตารางสรุปรายงานมาตรฐานแต่ละด้าน พร้อมจำนวนข้อที่ต้องปรับปรุง และจำนวนเด็กที่ผ่านเกณฑ์.xls","10","Sheet1","2568|7224081210","สำนักงานตำรวจแห่งชาติ","กองบัญชาการตำรวจตระเวนชายแดน","กองบังคับการตำรวจตระเวนชายแดนภาค 1","กองกำกับการตำรวจตระเวนชายแดนที่ 12","","","","7224081210","รร.ตชด.บ้านนายาว","รร.ตชด.บ้านนายาว","12/07/2564","2021-07-12","parsed","","","0","0","0","","0","0","0","0","0","0","0","0","0","0","0","0","0","0","0","0","0","0","0","0","0","0","0","0","0","0","0","0","0","0","0","0","0","0","0","0","0","0","0","0","0","0","0","0","0","0","0","0","0","0","0","0","0","0","0","0","0","0","0","0","0","0","0","0","0","0","0","0","0","0","0","0","0","0","0","0","0","A","ผ่าน"
"SCH_G3_0010","2568","2025","12. 2568 REP004-IMPROVEMENT 12 - ตารางสรุปรายงานมาตรฐานแต่ละด้าน พร้อมจำนวนข้อที่ต้องปรับปรุง และจำนวนเด็กที่ผ่านเกณฑ์.xls","11","Sheet1","2568|7224081211","สำนักงานตำรวจแห่งชาติ","กองบัญชาการตำรวจตระเวนชายแดน","กองบังคับการตำรวจตระเวนชายแดนภาค 1","กองกำกับการตำรวจตระเวนชายแดนที่ 12","","","","7224081211","รร.ตชด.บ้านนาอิสาน","รร.ตชด.บ้านนาอิสาน","16/05/2560","2017-05-16","parsed","1.2.3","1.2.3","1","1","0","","0","0","0","0","0","0","1","0","0","0","0","0","0","0","0","0","0","0","0","0","0","0","0","0","0","0","0","0","0","0","0","0","0","0","0","0","0","0","0","0","0","0","0","0","0","0","0","0","0","0","0","0","0","0","0","0","0","0","0","0","0","0","0","0","0","0","0","0","0","0","0","0","0","0","0","0","1","B","ผ่าน"
"SCH_G3_0011","2568","2025","12. 2568 REP004-IMPROVEMENT 12 - ตารางสรุปรายงานมาตรฐานแต่ละด้าน พร้อมจำนวนข้อที่ต้องปรับปรุง และจำนวนเด็กที่ผ่านเกณฑ์.xls","12","Sheet1","2568|7227021205","สำนักงานตำรวจแห่งชาติ","กองบัญชาการตำรวจตระเวนชายแดน","กองบังคับการตำรวจตระเวนชายแดนภาค 1","กองกำกับการตำรวจตระเวนชายแดนที่ 12","","","","7227021205","รร.ตชด.การบินไทย","รร.ตชด.การบินไทย","16/05/2560","2017-05-16","parsed","","","0","0","0","","0","0","0","0","0","0","0","0","0","0","0","0","0","0","0","0","0","0","0","0","0","0","0","0","0","0","0","0","0","0","0","0","0","0","0","0","0","0","0","0","0","0","0","0","0","0","0","0","0","0","0","0","0","0","0","0","0","0","0","0","0","0","0","0","0","0","0","0","0","0","0","0","0","0","0","0","0","A","ผ่าน"
"SCH_G3_0012","2568","2025","12. 2568 REP004-IMPROVEMENT 12 - ตารางสรุปรายงานมาตรฐานแต่ละด้าน พร้อมจำนวนข้อที่ต้องปรับปรุง และจำนวนเด็กที่ผ่านเกณฑ์.xls","13","Sheet1","2568|7227041208","สำนักงานตำรวจแห่งชาติ","กองบัญชาการตำรวจตระเวนชายแดน","กองบังคับการตำรวจตระเวนชายแดนภาค 1","กองกำกับการตำรวจตระเวนชายแดนที่ 12","","","","7227041208","รร.ตชด.บ้านคลองตะเคียนชัย","รร.ตชด.บ้านคลองตะเคียนชัย","","","missing","","","0","0","0","","0","0","0","0","0","0","0","0","0","0","0","0","0","0","0","0","0","0","0","0","0","0","0","0","0","0","0","0","0","0","0","0","0","0","0","0","0","0","0","0","0","0","0","0","0","0","0","0","0","0","0","0","0","0","0","0","0","0","0","0","0","0","0","0","0","0","0","0","0","0","0","0","0","0","0","0","0","A","ผ่าน"
"SCH_G3_0013","2568","2025","12. 2568 REP004-IMPROVEMENT 12 - ตารางสรุปรายงานมาตรฐานแต่ละด้าน พร้อมจำนวนข้อที่ต้องปรับปรุง และจำนวนเด็กที่ผ่านเกณฑ์.xls","14","Sheet1","2568|7227061201","สำนักงานตำรวจแห่งชาติ","กองบัญชาการตำรวจตระเวนชายแดน","กองบังคับการตำรวจตระเวนชายแดนภาค 1","กองกำกับการตำรวจตระเวนชายแดนที่ 12","","","","7227061201","รร.ตชด.บ้านเขาสารภี","รร.ตชด.บ้านเขาสารภี","27/10/2513","1970-10-27","parsed","","","0","0","0","","0","0","0","0","0","0","0","0","0","0","0","0","0","0","0","0","0","0","0","0","0","0","0","0","0","0","0","0","0","0","0","0","0","0","0","0","0","0","0","0","0","0","0","0","0","0","0","0","0","0","0","0","0","0","0","0","0","0","0","0","0","0","0","0","0","0","0","0","0","0","0","0","0","0","0","0","0","A","ผ่าน"
"SCH_G3_0014","2568","2025","12. 2568 REP004-IMPROVEMENT 12 - ตารางสรุปรายงานมาตรฐานแต่ละด้าน พร้อมจำนวนข้อที่ต้องปรับปรุง และจำนวนเด็กที่ผ่านเกณฑ์.xls","15","Sheet1","2568|7227061206","สำนักงานตำรวจแห่งชาติ","กองบัญชาการตำรวจตระเวนชายแดน","กองบังคับการตำรวจตระเวนชายแดนภาค 1","กองกำกับการตำรวจตระเวนชายแดนที่ 12","","","","7227061206","รร.ตชด.ประชารัฐบำรุง 1","รร.ตชด.ประชารัฐบำรุง 1","03/06/2568","2025-06-03","parsed","","","0","0","0","","0","0","0","0","0","0","0","0","0","0","0","0","0","0","0","0","0","0","0","0","0","0","0","0","0","0","0","0","0","0","0","0","0","0","0","0","0","0","0","0","0","0","0","0","0","0","0","0","0","0","0","0","0","0","0","0","0","0","0","0","0","0","0","0","0","0","0","0","0","0","0","0","0","0","0","0","0","A","ผ่าน"
"SCH_G3_0015","2568","2025","12. 2568 REP004-IMPROVEMENT 12 - ตารางสรุปรายงานมาตรฐานแต่ละด้าน พร้อมจำนวนข้อที่ต้องปรับปรุง และจำนวนเด็กที่ผ่านเกณฑ์.xls","16","Sheet1","2568|7227071209","สำนักงานตำรวจแห่งชาติ","กองบัญชาการตำรวจตระเวนชายแดน","กองบังคับการตำรวจตระเวนชายแดนภาค 1","กองกำกับการตำรวจตระเวนชายแดนที่ 12","","","","7227071209","รร.ตชด.บ้านน้ำอ้อม","รร.ตชด.บ้านน้ำอ้อม","09/02/2525","1982-02-09","parsed","","","0","0","0","","0","0","0","0","0","0","0","0","0","0","0","0","0","0","0","0","0","0","0","0","0","0","0","0","0","0","0","0","0","0","0","0","0","0","0","0","0","0","0","0","0","0","0","0","0","0","0","0","0","0","0","0","0","0","0","0","0","0","0","0","0","0","0","0","0","0","0","0","0","0","0","0","0","0","0","0","0","A","ผ่าน"
"SCH_G3_0016","2568","2025","12. 2568 REP004-IMPROVEMENT 12 - ตารางสรุปรายงานมาตรฐานแต่ละด้าน พร้อมจำนวนข้อที่ต้องปรับปรุง และจำนวนเด็กที่ผ่านเกณฑ์.xls","17","Sheet1","2568|7227091202","สำนักงานตำรวจแห่งชาติ","กองบัญชาการตำรวจตระเวนชายแดน","กองบังคับการตำรวจตระเวนชายแดนภาค 1","กองกำกับการตำรวจตระเวนชายแดนที่ 12","","","","7227091202","รร.ตชด.บ้านทุ่งกบินทร์","รร.ตชด.บ้านทุ่งกบินทร์","20/06/2520","1977-06-20","parsed","","","0","0","0","","0","0","0","0","0","0","0","0","0","0","0","0","0","0","0","0","0","0","0","0","0","0","0","0","0","0","0","0","0","0","0","0","0","0","0","0","0","0","0","0","0","0","0","0","0","0","0","0","0","0","0","0","0","0","0","0","0","0","0","0","0","0","0","0","0","0","0","0","0","0","0","0","0","0","0","0","0","A","ผ่าน"
"SCH_G3_0017","2568","2025","12. 2568 REP004-IMPROVEMENT 12 - ตารางสรุปรายงานมาตรฐานแต่ละด้าน พร้อมจำนวนข้อที่ต้องปรับปรุง และจำนวนเด็กที่ผ่านเกณฑ์.xls","18","Sheet1","2568|7227091203","สำนักงานตำรวจแห่งชาติ","กองบัญชาการตำรวจตระเวนชายแดน","กองบังคับการตำรวจตระเวนชายแดนภาค 1","กองกำกับการตำรวจตระเวนชายแดนที่ 12","","","","7227091203","รร.ตชด.วังศรีทอง","รร.ตชด.วังศรีทอง","","","missing","","","0","0","0","","0","0","0","0","0","0","0","0","0","0","0","0","0","0","0","0","0","0","0","0","0","0","0","0","0","0","0","0","0","0","0","0","0","0","0","0","0","0","0","0","0","0","0","0","0","0","0","0","0","0","0","0","0","0","0","0","0","0","0","0","0","0","0","0","0","0","0","0","0","0","0","0","0","0","0","0","0","A","ผ่าน"
"SCH_G3_0018","2568","2025","12. 2568 REP004-IMPROVEMENT 12 - ตารางสรุปรายงานมาตรฐานแต่ละด้าน พร้อมจำนวนข้อที่ต้องปรับปรุง และจำนวนเด็กที่ผ่านเกณฑ์.xls","19","Sheet1","2568|7227091212","สำนักงานตำรวจแห่งชาติ","กองบัญชาการตำรวจตระเวนชายแดน","กองบังคับการตำรวจตระเวนชายแดนภาค 1","กองกำกับการตำรวจตระเวนชายแดนที่ 12","","","","7227091212","รร.ตชด.พีระยานุเคราะห์ฯ 1","รร.ตชด.พีระยานุเคราะห์ฯ 1","01/06/2538","1995-06-01","parsed","","","0","0","0","","0","0","0","0","0","0","0","0","0","0","0","0","0","0","0","0","0","0","0","0","0","0","0","0","0","0","0","0","0","0","0","0","0","0","0","0","0","0","0","0","0","0","0","0","0","0","0","0","0","0","0","0","0","0","0","0","0","0","0","0","0","0","0","0","0","0","0","0","0","0","0","0","0","0","0","0","0","A","ผ่าน"
"SCH_G3_0020","2568","2025","12. 2568 REP004-IMPROVEMENT 12 - ตารางสรุปรายงานมาตรฐานแต่ละด้าน พร้อมจำนวนข้อที่ต้องปรับปรุง และจำนวนเด็กที่ผ่านเกณฑ์.xls","20","Sheet1","2568|7232052103","สำนักงานตำรวจแห่งชาติ","กองบัญชาการตำรวจตระเวนชายแดน","กองบังคับการตำรวจตระเวนชายแดนภาค 2","กองกำกับการตำรวจตระเวนชายแดนที่ 21","","","","7232052103","รร.ตชด.พีระยานุเคราะห์ฯ 2","รร.ตชด.พีระยานุเคราะห์ฯ 2","","","missing","","","0","0","0","","0","0","0","0","0","0","0","0","0","0","0","0","0","0","0","0","0","0","0","0","0","0","0","0","0","0","0","0","0","0","0","0","0","0","0","0","0","0","0","0","0","0","0","0","0","0","0","0","0","0","0","0","0","0","0","0","0","0","0","0","0","0","0","0","0","0","0","0","0","0","0","0","0","0","0","0","0","A","ผ่าน"
"SCH_G3_0021","2568","2025","12. 2568 REP004-IMPROVEMENT 12 - ตารางสรุปรายงานมาตรฐานแต่ละด้าน พร้อมจำนวนข้อที่ต้องปรับปรุง และจำนวนเด็กที่ผ่านเกณฑ์.xls","21","Sheet1","2568|7232062108","สำนักงานตำรวจแห่งชาติ","กองบัญชาการตำรวจตระเวนชายแดน","กองบังคับการตำรวจตระเวนชายแดนภาค 2","กองกำกับการตำรวจตระเวนชายแดนที่ 21","","","","7232062108","รร.ตชด.ท่านผู้หญิงสุประภาดา  เกษมสันต์","รร.ตชด.ท่านผู้หญิงสุประภาดา  เกษมสันต์","25/01/2535","1992-01-25","parsed","","","0","0","0","","0","0","0","0","0","0","0","0","0","0","0","0","0","0","0","0","0","0","0","0","0","0","0","0","0","0","0","0","0","0","0","0","0","0","0","0","0","0","0","0","0","0","0","0","0","0","0","0","0","0","0","0","0","0","0","0","0","0","0","0","0","0","0","0","0","0","0","0","0","0","0","0","0","0","0","0","0","A","ผ่าน"
"SCH_G3_0022","2568","2025","12. 2568 REP004-IMPROVEMENT 12 - ตารางสรุปรายงานมาตรฐานแต่ละด้าน พร้อมจำนวนข้อที่ต้องปรับปรุง และจำนวนเด็กที่ผ่านเกณฑ์.xls","22","Sheet1","2568|7232102105","สำนักงานตำรวจแห่งชาติ","กองบัญชาการตำรวจตระเวนชายแดน","กองบังคับการตำรวจตระเวนชายแดนภาค 2","กองกำกับการตำรวจตระเวนชายแดนที่ 21","","","","7232102105","รร.ตชด.บ้านตาตุม","รร.ตชด.บ้านตาตุม","","","missing","","","0","0","0","","0","0","0","0","0","0","0","0","0","0","0","0","0","0","0","0","0","0","0","0","0","0","0","0","0","0","0","0","0","0","0","0","0","0","0","0","0","0","0","0","0","0","0","0","0","0","0","0","0","0","0","0","0","0","0","0","0","0","0","0","0","0","0","0","0","0","0","0","0","0","0","0","0","0","0","0","0","A","ผ่าน"
"SCH_G3_0023","2568","2025","12. 2568 REP004-IMPROVEMENT 12 - ตารางสรุปรายงานมาตรฐานแต่ละด้าน พร้อมจำนวนข้อที่ต้องปรับปรุง และจำนวนเด็กที่ผ่านเกณฑ์.xls","23","Sheet1","2568|7232102106","สำนักงานตำรวจแห่งชาติ","กองบัญชาการตำรวจตระเวนชายแดน","กองบังคับการตำรวจตระเวนชายแดนภาค 2","กองกำกับการตำรวจตระเวนชายแดนที่ 21","","","","7232102106","รร.ตชด.บ้านตาแตรว","รร.ตชด.บ้านตาแตรว","30/03/2540","1997-03-30","parsed","","","0","0","0","","0","0","0","0","0","0","0","0","0","0","0","0","0","0","0","0","0","0","0","0","0","0","0","0","0","0","0","0","0","0","0","0","0","0","0","0","0","0","0","0","0","0","0","0","0","0","0","0","0","0","0","0","0","0","0","0","0","0","0","0","0","0","0","0","0","0","0","0","0","0","0","0","0","0","0","0","0","A","ผ่าน"
"SCH_G3_0024","2568","2025","12. 2568 REP004-IMPROVEMENT 12 - ตารางสรุปรายงานมาตรฐานแต่ละด้าน พร้อมจำนวนข้อที่ต้องปรับปรุง และจำนวนเด็กที่ผ่านเกณฑ์.xls","24","Sheet1","2568|7232132102","สำนักงานตำรวจแห่งชาติ","กองบัญชาการตำรวจตระเวนชายแดน","กองบังคับการตำรวจตระเวนชายแดนภาค 2","กองกำกับการตำรวจตระเวนชายแดนที่ 21","","","","7232132102","รร.ตชด.บ้านซำปะโต","รร.ตชด.บ้านซำปะโต","16/05/2568","2025-05-16","parsed","","","0","0","0","","0","0","0","0","0","0","0","0","0","0","0","0","0","0","0","0","0","0","0","0","0","0","0","0","0","0","0","0","0","0","0","0","0","0","0","0","0","0","0","0","0","0","0","0","0","0","0","0","0","0","0","0","0","0","0","0","0","0","0","0","0","0","0","0","0","0","0","0","0","0","0","0","0","0","0","0","0","A","ผ่าน"
"SCH_G3_0025","2568","2025","12. 2568 REP004-IMPROVEMENT 12 - ตารางสรุปรายงานมาตรฐานแต่ละด้าน พร้อมจำนวนข้อที่ต้องปรับปรุง และจำนวนเด็กที่ผ่านเกณฑ์.xls","25","Sheet1","2568|7232132104","สำนักงานตำรวจแห่งชาติ","กองบัญชาการตำรวจตระเวนชายแดน","กองบังคับการตำรวจตระเวนชายแดนภาค 2","กองกำกับการตำรวจตระเวนชายแดนที่ 21","","","","7232132104","รร.ตชด.บ้านรุน","รร.ตชด.บ้านรุน","24/04/2568","2025-04-24","parsed","1.2.3","1.2.3","1","1","0","","0","0","0","0","0","0","1","0","0","0","0","0","0","0","0","0","0","0","0","0","0","0","0","0","0","0","0","0","0","0","0","0","0","0","0","0","0","0","0","0","0","0","0","0","0","0","0","0","0","0","0","0","0","0","0","0","0","0","0","0","0","0","0","0","0","0","0","0","0","0","0","0","0","0","0","0","1","B","ผ่าน"
"SCH_G3_0026","2568","2025","12. 2568 REP004-IMPROVEMENT 12 - ตารางสรุปรายงานมาตรฐานแต่ละด้าน พร้อมจำนวนข้อที่ต้องปรับปรุง และจำนวนเด็กที่ผ่านเกณฑ์.xls","26","Sheet1","2568|7232142101","สำนักงานตำรวจแห่งชาติ","กองบัญชาการตำรวจตระเวนชายแดน","กองบังคับการตำรวจตระเวนชายแดนภาค 2","กองกำกับการตำรวจตระเวนชายแดนที่ 21","","","","7232142101","รร.ตชด.บ้านโคกแสลง","รร.ตชด.บ้านโคกแสลง","29/04/2566","2023-04-29","parsed","","","0","0","0","","0","0","0","0","0","0","0","0","0","0","0","0","0","0","0","0","0","0","0","0","0","0","0","0","0","0","0","0","0","0","0","0","0","0","0","0","0","0","0","0","0","0","0","0","0","0","0","0","0","0","0","0","0","0","0","0","0","0","0","0","0","0","0","0","0","0","0","0","0","0","0","0","0","0","0","0","0","A","ผ่าน"
"SCH_G3_0029","2568","2025","12. 2568 REP004-IMPROVEMENT 12 - ตารางสรุปรายงานมาตรฐานแต่ละด้าน พร้อมจำนวนข้อที่ต้องปรับปรุง และจำนวนเด็กที่ผ่านเกณฑ์.xls","27","Sheet1","2568|7234092203","สำนักงานตำรวจแห่งชาติ","กองบัญชาการตำรวจตระเวนชายแดน","กองบังคับการตำรวจตระเวนชายแดนภาค 2","กองกำกับการตำรวจตระเวนชายแดนที่ 22","","","","7234092203","รร.ตชด.บ้านคำสะอาด","รร.ตชด.บ้านคำสะอาด","25/03/2525","1982-03-25","parsed","1.2.3","1.2.3","1","1","0","","0","0","0","0","0","0","1","0","0","0","0","0","0","0","0","0","0","0","0","0","0","0","0","0","0","0","0","0","0","0","0","0","0","0","0","0","0","0","0","0","0","0","0","0","0","0","0","0","0","0","0","0","0","0","0","0","0","0","0","0","0","0","0","0","0","0","0","0","0","0","0","0","0","0","0","0","1","B","ผ่าน"
"SCH_G3_0030","2568","2025","12. 2568 REP004-IMPROVEMENT 12 - ตารางสรุปรายงานมาตรฐานแต่ละด้าน พร้อมจำนวนข้อที่ต้องปรับปรุง และจำนวนเด็กที่ผ่านเกณฑ์.xls","28","Sheet1","2568|7234092204","สำนักงานตำรวจแห่งชาติ","กองบัญชาการตำรวจตระเวนชายแดน","กองบังคับการตำรวจตระเวนชายแดนภาค 2","กองกำกับการตำรวจตระเวนชายแดนที่ 22","","","","7234092204","รร.ตชด.บ้านท่าแสนคูณ","รร.ตชด.บ้านท่าแสนคูณ","27/08/2567","2024-08-27","parsed","","","0","0","0","","0","0","0","0","0","0","0","0","0","0","0","0","0","0","0","0","0","0","0","0","0","0","0","0","0","0","0","0","0","0","0","0","0","0","0","0","0","0","0","0","0","0","0","0","0","0","0","0","0","0","0","0","0","0","0","0","0","0","0","0","0","0","0","0","0","0","0","0","0","0","0","0","0","0","0","0","0","A","ผ่าน"
"SCH_G3_0031","2568","2025","12. 2568 REP004-IMPROVEMENT 12 - ตารางสรุปรายงานมาตรฐานแต่ละด้าน พร้อมจำนวนข้อที่ต้องปรับปรุง และจำนวนเด็กที่ผ่านเกณฑ์.xls","29","Sheet1","2568|7234092212","สำนักงานตำรวจแห่งชาติ","กองบัญชาการตำรวจตระเวนชายแดน","กองบังคับการตำรวจตระเวนชายแดนภาค 2","กองกำกับการตำรวจตระเวนชายแดนที่ 22","","","","7234092212","ศกร.ตชด.บ้านหนองบัวพัฒนา","ศกร.ตชด.บ้านหนองบัวพัฒนา","16/05/2557","2014-05-16","parsed","","","0","0","0","","0","0","0","0","0","0","0","0","0","0","0","0","0","0","0","0","0","0","0","0","0","0","0","0","0","0","0","0","0","0","0","0","0","0","0","0","0","0","0","0","0","0","0","0","0","0","0","0","0","0","0","0","0","0","0","0","0","0","0","0","0","0","0","0","0","0","0","0","0","0","0","0","0","0","0","0","0","A","ผ่าน"
"SCH_G3_0032","2568","2025","12. 2568 REP004-IMPROVEMENT 12 - ตารางสรุปรายงานมาตรฐานแต่ละด้าน พร้อมจำนวนข้อที่ต้องปรับปรุง และจำนวนเด็กที่ผ่านเกณฑ์.xls","30","Sheet1","2568|7234102209","สำนักงานตำรวจแห่งชาติ","กองบัญชาการตำรวจตระเวนชายแดน","กองบังคับการตำรวจตระเวนชายแดนภาค 2","กองกำกับการตำรวจตระเวนชายแดนที่ 22","","","","7234102209","รร.ตชด.ศาสตราจารย์ ดอกเตอร์เนวิน สคริมชอว์","รร.ตชด.ศาสตราจารย์ ดอกเตอร์เนวิน สคริมชอว์","23/04/2567","2024-04-23","parsed","","","0","0","0","","0","0","0","0","0","0","0","0","0","0","0","0","0","0","0","0","0","0","0","0","0","0","0","0","0","0","0","0","0","0","0","0","0","0","0","0","0","0","0","0","0","0","0","0","0","0","0","0","0","0","0","0","0","0","0","0","0","0","0","0","0","0","0","0","0","0","0","0","0","0","0","0","0","0","0","0","0","A","ผ่าน"
"SCH_G3_0038","2568","2025","12. 2568 REP004-IMPROVEMENT 12 - ตารางสรุปรายงานมาตรฐานแต่ละด้าน พร้อมจำนวนข้อที่ต้องปรับปรุง และจำนวนเด็กที่ผ่านเกณฑ์.xls","31","Sheet1","2568|7237022207","สำนักงานตำรวจแห่งชาติ","กองบัญชาการตำรวจตระเวนชายแดน","กองบังคับการตำรวจตระเวนชายแดนภาค 2","กองกำกับการตำรวจตระเวนชายแดนที่ 22","","","","7237022207","รร.ตชด.บ้านห้วยฆ้อง","รร.ตชด.บ้านห้วยฆ้อง","11/08/2529","1986-08-11","parsed","3.5.2ข,3.6.1ข,3.6.2ข,3.6.3ข","3.5.2ข,3.6.1ข,3.6.2ข,3.6.3ข","4","4","0","","0","0","0","0","0","0","0","0","0","0","0","0","0","0","0","0","0","0","0","0","0","0","0","0","0","0","0","0","0","0","0","0","0","0","0","0","0","0","0","0","0","0","0","0","0","0","0","0","0","0","0","0","0","0","0","0","0","0","0","0","0","0","0","0","1","0","0","0","1","1","1","0","0","0","0","0","4","B","ผ่าน"
"SCH_G3_0040","2568","2025","12. 2568 REP004-IMPROVEMENT 12 - ตารางสรุปรายงานมาตรฐานแต่ละด้าน พร้อมจำนวนข้อที่ต้องปรับปรุง และจำนวนเด็กที่ผ่านเกณฑ์.xls","32","Sheet1","2568|7237112213","สำนักงานตำรวจแห่งชาติ","กองบัญชาการตำรวจตระเวนชายแดน","กองบังคับการตำรวจตระเวนชายแดนภาค 2","กองกำกับการตำรวจตระเวนชายแดนที่ 22","","","","7237112213","ศกร.ตชด.บ้านภูดานกอย","ศกร.ตชด.บ้านภูดานกอย","18/05/2558","2015-05-18","parsed","","","0","0","0","","0","0","0","0","0","0","0","0","0","0","0","0","0","0","0","0","0","0","0","0","0","0","0","0","0","0","0","0","0","0","0","0","0","0","0","0","0","0","0","0","0","0","0","0","0","0","0","0","0","0","0","0","0","0","0","0","0","0","0","0","0","0","0","0","0","0","0","0","0","0","0","0","0","0","0","0","0","A","ผ่าน"
"SCH_G3_0042","2568","2025","12. 2568 REP004-IMPROVEMENT 12 - ตารางสรุปรายงานมาตรฐานแต่ละด้าน พร้อมจำนวนข้อที่ต้องปรับปรุง และจำนวนเด็กที่ผ่านเกณฑ์.xls","33","Sheet1","2568|7238012411","สำนักงานตำรวจแห่งชาติ","กองบัญชาการตำรวจตระเวนชายแดน","กองบังคับการตำรวจตระเวนชายแดนภาค 2","กองกำกับการตำรวจตระเวนชายแดนที่ 24","","","","7238012411","รร.ตชด.บ้านหนองตะไก้","รร.ตชด.บ้านหนองตะไก้","10/06/2538","1995-06-10","parsed","","","0","0","0","","0","0","0","0","0","0","0","0","0","0","0","0","0","0","0","0","0","0","0","0","0","0","0","0","0","0","0","0","0","0","0","0","0","0","0","0","0","0","0","0","0","0","0","0","0","0","0","0","0","0","0","0","0","0","0","0","0","0","0","0","0","0","0","0","0","0","0","0","0","0","0","0","0","0","0","0","0","A","ผ่าน"
"SCH_G3_0043","2568","2025","12. 2568 REP004-IMPROVEMENT 12 - ตารางสรุปรายงานมาตรฐานแต่ละด้าน พร้อมจำนวนข้อที่ต้องปรับปรุง และจำนวนเด็กที่ผ่านเกณฑ์.xls","34","Sheet1","2568|7238012412","สำนักงานตำรวจแห่งชาติ","กองบัญชาการตำรวจตระเวนชายแดน","กองบังคับการตำรวจตระเวนชายแดนภาค 2","กองกำกับการตำรวจตระเวนชายแดนที่ 24","","","","7238012412","รร.ตชด.บ้านนาแวง","รร.ตชด.บ้านนาแวง","22/07/2564","2021-07-22","parsed","","","0","0","0","","0","0","0","0","0","0","0","0","0","0","0","0","0","0","0","0","0","0","0","0","0","0","0","0","0","0","0","0","0","0","0","0","0","0","0","0","0","0","0","0","0","0","0","0","0","0","0","0","0","0","0","0","0","0","0","0","0","0","0","0","0","0","0","0","0","0","0","0","0","0","0","0","0","0","0","0","0","A","ผ่าน"
"SCH_G3_0046","2568","2025","12. 2568 REP004-IMPROVEMENT 12 - ตารางสรุปรายงานมาตรฐานแต่ละด้าน พร้อมจำนวนข้อที่ต้องปรับปรุง และจำนวนเด็กที่ผ่านเกณฑ์.xls","35","Sheet1","2568|7241182415","สำนักงานตำรวจแห่งชาติ","กองบัญชาการตำรวจตระเวนชายแดน","กองบังคับการตำรวจตระเวนชายแดนภาค 2","กองกำกับการตำรวจตระเวนชายแดนที่ 24","","","","7241182415","รร.ตชด.บ้านเทพภูเงิน","รร.ตชด.บ้านเทพภูเงิน","07/11/2548","2005-11-07","parsed","","","0","0","0","","0","0","0","0","0","0","0","0","0","0","0","0","0","0","0","0","0","0","0","0","0","0","0","0","0","0","0","0","0","0","0","0","0","0","0","0","0","0","0","0","0","0","0","0","0","0","0","0","0","0","0","0","0","0","0","0","0","0","0","0","0","0","0","0","0","0","0","0","0","0","0","0","0","0","0","0","0","A","ผ่าน"
"SCH_G3_0049","2568","2025","12. 2568 REP004-IMPROVEMENT 12 - ตารางสรุปรายงานมาตรฐานแต่ละด้าน พร้อมจำนวนข้อที่ต้องปรับปรุง และจำนวนเด็กที่ผ่านเกณฑ์.xls","36","Sheet1","2568|7241222413","สำนักงานตำรวจแห่งชาติ","กองบัญชาการตำรวจตระเวนชายแดน","กองบังคับการตำรวจตระเวนชายแดนภาค 2","กองกำกับการตำรวจตระเวนชายแดนที่ 24","","","","7241222413","รร.ตชด.บ้านนาชมภู","รร.ตชด.บ้านนาชมภู","22/07/2564","2021-07-22","parsed","","","0","0","0","","0","0","0","0","0","0","0","0","0","0","0","0","0","0","0","0","0","0","0","0","0","0","0","0","0","0","0","0","0","0","0","0","0","0","0","0","0","0","0","0","0","0","0","0","0","0","0","0","0","0","0","0","0","0","0","0","0","0","0","0","0","0","0","0","0","0","0","0","0","0","0","0","0","0","0","0","0","A","ผ่าน"
"SCH_G3_0051","2568","2025","12. 2568 REP004-IMPROVEMENT 12 - ตารางสรุปรายงานมาตรฐานแต่ละด้าน พร้อมจำนวนข้อที่ต้องปรับปรุง และจำนวนเด็กที่ผ่านเกณฑ์.xls","37","Sheet1","2568|7242042402","สำนักงานตำรวจแห่งชาติ","กองบัญชาการตำรวจตระเวนชายแดน","กองบังคับการตำรวจตระเวนชายแดนภาค 2","กองกำกับการตำรวจตระเวนชายแดนที่ 24","","","","7242042402","รร.ตชด.บ้านห้วยเป้า","รร.ตชด.บ้านห้วยเป้า","20/09/2520","1977-09-20","parsed","","","0","0","0","","0","0","0","0","0","0","0","0","0","0","0","0","0","0","0","0","0","0","0","0","0","0","0","0","0","0","0","0","0","0","0","0","0","0","0","0","0","0","0","0","0","0","0","0","0","0","0","0","0","0","0","0","0","0","0","0","0","0","0","0","0","0","0","0","0","0","0","0","0","0","0","0","0","0","0","0","0","A","ผ่าน"
"SCH_G3_0052","2568","2025","12. 2568 REP004-IMPROVEMENT 12 - ตารางสรุปรายงานมาตรฐานแต่ละด้าน พร้อมจำนวนข้อที่ต้องปรับปรุง และจำนวนเด็กที่ผ่านเกณฑ์.xls","38","Sheet1","2568|7242042405","สำนักงานตำรวจแห่งชาติ","กองบัญชาการตำรวจตระเวนชายแดน","กองบังคับการตำรวจตระเวนชายแดนภาค 2","กองกำกับการตำรวจตระเวนชายแดนที่ 24","","","","7242042405","รร.ตชด.ฮิลมาร์พาเบิล","รร.ตชด.ฮิลมาร์พาเบิล","23/12/2523","1980-12-23","parsed","","","0","0","0","","0","0","0","0","0","0","0","0","0","0","0","0","0","0","0","0","0","0","0","0","0","0","0","0","0","0","0","0","0","0","0","0","0","0","0","0","0","0","0","0","0","0","0","0","0","0","0","0","0","0","0","0","0","0","0","0","0","0","0","0","0","0","0","0","0","0","0","0","0","0","0","0","0","0","0","0","0","A","ผ่าน"
"SCH_G3_0053","2568","2025","12. 2568 REP004-IMPROVEMENT 12 - ตารางสรุปรายงานมาตรฐานแต่ละด้าน พร้อมจำนวนข้อที่ต้องปรับปรุง และจำนวนเด็กที่ผ่านเกณฑ์.xls","39","Sheet1","2568|7242042407","สำนักงานตำรวจแห่งชาติ","กองบัญชาการตำรวจตระเวนชายแดน","กองบังคับการตำรวจตระเวนชายแดนภาค 2","กองกำกับการตำรวจตระเวนชายแดนที่ 24","","","","7242042407","รร.ตชด.บ้านนานกปีด","รร.ตชด.บ้านนานกปีด","05/05/2529","1986-05-05","parsed","","","0","0","0","","0","0","0","0","0","0","0","0","0","0","0","0","0","0","0","0","0","0","0","0","0","0","0","0","0","0","0","0","0","0","0","0","0","0","0","0","0","0","0","0","0","0","0","0","0","0","0","0","0","0","0","0","0","0","0","0","0","0","0","0","0","0","0","0","0","0","0","0","0","0","0","0","0","0","0","0","0","A","ผ่าน"
"SCH_G3_0056","2568","2025","12. 2568 REP004-IMPROVEMENT 12 - ตารางสรุปรายงานมาตรฐานแต่ละด้าน พร้อมจำนวนข้อที่ต้องปรับปรุง และจำนวนเด็กที่ผ่านเกณฑ์.xls","40","Sheet1","2568|7242132410","สำนักงานตำรวจแห่งชาติ","กองบัญชาการตำรวจตระเวนชายแดน","กองบังคับการตำรวจตระเวนชายแดนภาค 2","กองกำกับการตำรวจตระเวนชายแดนที่ 24","","","","7242132410","รร.ตชด.บ้านวังชมภู","รร.ตชด.บ้านวังชมภู","14/06/2538","1995-06-14","parsed","","","0","0","0","","0","0","0","0","0","0","0","0","0","0","0","0","0","0","0","0","0","0","0","0","0","0","0","0","0","0","0","0","0","0","0","0","0","0","0","0","0","0","0","0","0","0","0","0","0","0","0","0","0","0","0","0","0","0","0","0","0","0","0","0","0","0","0","0","0","0","0","0","0","0","0","0","0","0","0","0","0","A","ผ่าน"
"SCH_G3_0057","2568","2025","12. 2568 REP004-IMPROVEMENT 12 - ตารางสรุปรายงานมาตรฐานแต่ละด้าน พร้อมจำนวนข้อที่ต้องปรับปรุง และจำนวนเด็กที่ผ่านเกณฑ์.xls","41","Sheet1","2568|7247152307","สำนักงานตำรวจแห่งชาติ","กองบัญชาการตำรวจตระเวนชายแดน","กองบังคับการตำรวจตระเวนชายแดนภาค 2","กองกำกับการตำรวจตระเวนชายแดนที่ 23","","","","7247152307","รร.ตชด.ค็อกนิสไทยฯ","รร.ตชด.ค็อกนิสไทยฯ","15/05/2568","2025-05-15","parsed","","","0","0","0","","0","0","0","0","0","0","0","0","0","0","0","0","0","0","0","0","0","0","0","0","0","0","0","0","0","0","0","0","0","0","0","0","0","0","0","0","0","0","0","0","0","0","0","0","0","0","0","0","0","0","0","0","0","0","0","0","0","0","0","0","0","0","0","0","0","0","0","0","0","0","0","0","0","0","0","0","0","A","ผ่าน"
"SCH_G3_0061","2568","2025","12. 2568 REP004-IMPROVEMENT 12 - ตารางสรุปรายงานมาตรฐานแต่ละด้าน พร้อมจำนวนข้อที่ต้องปรับปรุง และจำนวนเด็กที่ผ่านเกณฑ์.xls","42","Sheet1","2568|7248042310","สำนักงานตำรวจแห่งชาติ","กองบัญชาการตำรวจตระเวนชายแดน","กองบังคับการตำรวจตระเวนชายแดนภาค 2","กองกำกับการตำรวจตระเวนชายแดนที่ 23","","","","7248042310","ศกร.ตชด.บ้านปากห้วยม่วง","ศกร.ตชด.บ้านปากห้วยม่วง","16/05/2557","2014-05-16","parsed","","","0","0","0","","0","0","0","0","0","0","0","0","0","0","0","0","0","0","0","0","0","0","0","0","0","0","0","0","0","0","0","0","0","0","0","0","0","0","0","0","0","0","0","0","0","0","0","0","0","0","0","0","0","0","0","0","0","0","0","0","0","0","0","0","0","0","0","0","0","0","0","0","0","0","0","0","0","0","0","0","0","A","ผ่าน"
"SCH_G3_0063","2568","2025","12. 2568 REP004-IMPROVEMENT 12 - ตารางสรุปรายงานมาตรฐานแต่ละด้าน พร้อมจำนวนข้อที่ต้องปรับปรุง และจำนวนเด็กที่ผ่านเกณฑ์.xls","43","Sheet1","2568|7248112302","สำนักงานตำรวจแห่งชาติ","กองบัญชาการตำรวจตระเวนชายแดน","กองบังคับการตำรวจตระเวนชายแดนภาค 2","กองกำกับการตำรวจตระเวนชายแดนที่ 23","","","","7248112302","รร.ตชด.ช่างกลปทุมวันอนุสรณ์ 8","รร.ตชด.ช่างกลปทุมวันอนุสรณ์ 8","01/06/2519","1976-06-01","parsed","","","0","0","0","","0","0","0","0","0","0","0","0","0","0","0","0","0","0","0","0","0","0","0","0","0","0","0","0","0","0","0","0","0","0","0","0","0","0","0","0","0","0","0","0","0","0","0","0","0","0","0","0","0","0","0","0","0","0","0","0","0","0","0","0","0","0","0","0","0","0","0","0","0","0","0","0","0","0","0","0","0","A","ผ่าน"
"SCH_G3_0065","2568","2025","12. 2568 REP004-IMPROVEMENT 12 - ตารางสรุปรายงานมาตรฐานแต่ละด้าน พร้อมจำนวนข้อที่ต้องปรับปรุง และจำนวนเด็กที่ผ่านเกณฑ์.xls","44","Sheet1","2568|7249042308","สำนักงานตำรวจแห่งชาติ","กองบัญชาการตำรวจตระเวนชายแดน","กองบังคับการตำรวจตระเวนชายแดนภาค 2","กองกำกับการตำรวจตระเวนชายแดนที่ 23","","","","7249042308","รร.ตชด.การท่าอากาศยานฯ (ขยายโอกาส)","รร.ตชด.การท่าอากาศยานฯ (ขยายโอกาส)","16/02/2543","2000-02-16","parsed","","","0","0","0","","0","0","0","0","0","0","0","0","0","0","0","0","0","0","0","0","0","0","0","0","0","0","0","0","0","0","0","0","0","0","0","0","0","0","0","0","0","0","0","0","0","0","0","0","0","0","0","0","0","0","0","0","0","0","0","0","0","0","0","0","0","0","0","0","0","0","0","0","0","0","0","0","0","0","0","0","0","A","ผ่าน"
"SCH_G3_0066","2568","2025","12. 2568 REP004-IMPROVEMENT 12 - ตารางสรุปรายงานมาตรฐานแต่ละด้าน พร้อมจำนวนข้อที่ต้องปรับปรุง และจำนวนเด็กที่ผ่านเกณฑ์.xls","45","Sheet1","2568|7249052311","สำนักงานตำรวจแห่งชาติ","กองบัญชาการตำรวจตระเวนชายแดน","กองบังคับการตำรวจตระเวนชายแดนภาค 2","กองกำกับการตำรวจตระเวนชายแดนที่ 23","","","","7249052311","ศกร.ตชด.ใต้ร่มพระบารมี (ธนาคารอาคารสงเคราะห์อุปถัมภ์)","ศกร.ตชด.ใต้ร่มพระบารมี (ธนาคารอาคารสงเคราะห์อุปถัมภ์)","12/05/2558","2015-05-12","parsed","1.3.8","1.3.8","1","1","0","","0","0","0","0","0","0","0","0","0","0","0","0","0","0","0","1","0","0","0","0","0","0","0","0","0","0","0","0","0","0","0","0","0","0","0","0","0","0","0","0","0","0","0","0","0","0","0","0","0","0","0","0","0","0","0","0","0","0","0","0","0","0","0","0","0","0","0","0","0","0","0","0","0","0","0","0","1","B","ผ่าน"
"SCH_G3_0068","2568","2025","12. 2568 REP004-IMPROVEMENT 12 - ตารางสรุปรายงานมาตรฐานแต่ละด้าน พร้อมจำนวนข้อที่ต้องปรับปรุง และจำนวนเด็กที่ผ่านเกณฑ์.xls","46","Sheet1","2568|7250033310","สำนักงานตำรวจแห่งชาติ","กองบัญชาการตำรวจตระเวนชายแดน","กองบังคับการตำรวจตระเวนชายแดนภาค 3","กองกำกับการตำรวจตระเวนชายแดนที่ 33","","","","7250033310","รร.ตชด.บ้านแม่ลอง","รร.ตชด.บ้านแม่ลอง","08/07/2564","2021-07-08","parsed","1.2.3","1.2.3","1","1","0","","0","0","0","0","0","0","1","0","0","0","0","0","0","0","0","0","0","0","0","0","0","0","0","0","0","0","0","0","0","0","0","0","0","0","0","0","0","0","0","0","0","0","0","0","0","0","0","0","0","0","0","0","0","0","0","0","0","0","0","0","0","0","0","0","0","0","0","0","0","0","0","0","0","0","0","0","1","B","ผ่าน"
"SCH_G3_0069","2568","2025","12. 2568 REP004-IMPROVEMENT 12 - ตารางสรุปรายงานมาตรฐานแต่ละด้าน พร้อมจำนวนข้อที่ต้องปรับปรุง และจำนวนเด็กที่ผ่านเกณฑ์.xls","47","Sheet1","2568|7250033314","สำนักงานตำรวจแห่งชาติ","กองบัญชาการตำรวจตระเวนชายแดน","กองบังคับการตำรวจตระเวนชายแดนภาค 3","กองกำกับการตำรวจตระเวนชายแดนที่ 33","","","","7250033314","รร.ตชด.บ้านใหม่พัฒนาสันติ","รร.ตชด.บ้านใหม่พัฒนาสันติ","20/03/2568","2025-03-20","parsed","","","0","0","0","","0","0","0","0","0","0","0","0","0","0","0","0","0","0","0","0","0","0","0","0","0","0","0","0","0","0","0","0","0","0","0","0","0","0","0","0","0","0","0","0","0","0","0","0","0","0","0","0","0","0","0","0","0","0","0","0","0","0","0","0","0","0","0","0","0","0","0","0","0","0","0","0","0","0","0","0","0","A","ผ่าน"
"SCH_G3_0070","2568","2025","12. 2568 REP004-IMPROVEMENT 12 - ตารางสรุปรายงานมาตรฐานแต่ละด้าน พร้อมจำนวนข้อที่ต้องปรับปรุง และจำนวนเด็กที่ผ่านเกณฑ์.xls","48","Sheet1","2568|7250033332","สำนักงานตำรวจแห่งชาติ","กองบัญชาการตำรวจตระเวนชายแดน","กองบังคับการตำรวจตระเวนชายแดนภาค 3","กองกำกับการตำรวจตระเวนชายแดนที่ 33","","","","7250033332","รร.ตชด.บางกอก เชฟ แชร์ริตี้ บ้านแม่ขอ","รร.ตชด.บางกอก เชฟ แชร์ริตี้ บ้านแม่ขอ","16/05/2560","2017-05-16","parsed","1.2.3,3.1.3ข","1.2.3,3.1.3ข","2","2","0","","0","0","0","0","0","0","1","0","0","0","0","0","0","0","0","0","0","0","0","0","0","0","0","0","0","0","0","0","0","0","0","0","0","0","0","0","0","0","0","0","0","0","0","0","0","0","0","0","0","0","0","0","0","0","0","0","1","0","0","0","0","0","0","0","0","0","0","0","0","0","0","0","0","0","0","0","2","B","ผ่าน"
"SCH_G3_0071","2568","2025","12. 2568 REP004-IMPROVEMENT 12 - ตารางสรุปรายงานมาตรฐานแต่ละด้าน พร้อมจำนวนข้อที่ต้องปรับปรุง และจำนวนเด็กที่ผ่านเกณฑ์.xls","49","Sheet1","2568|7250033333","สำนักงานตำรวจแห่งชาติ","กองบัญชาการตำรวจตระเวนชายแดน","กองบังคับการตำรวจตระเวนชายแดนภาค 3","กองกำกับการตำรวจตระเวนชายแดนที่ 33","","","","7250033333","ศกร.ตชด.บ้านแม่มุใน (บริษัท ซี เค พาวเวอร์ จำกัด (มหาชน)อุปถัมภ์)","ศกร.ตชด.บ้านแม่มุใน (บริษัท ซี เค พาวเวอร์ จำกัด (มหาชน)อุปถัมภ์)","16/05/2561","2018-05-16","parsed","","","0","0","0","","0","0","0","0","0","0","0","0","0","0","0","0","0","0","0","0","0","0","0","0","0","0","0","0","0","0","0","0","0","0","0","0","0","0","0","0","0","0","0","0","0","0","0","0","0","0","0","0","0","0","0","0","0","0","0","0","0","0","0","0","0","0","0","0","0","0","0","0","0","0","0","0","0","0","0","0","0","A","ผ่าน"
"SCH_G3_0072","2568","2025","12. 2568 REP004-IMPROVEMENT 12 - ตารางสรุปรายงานมาตรฐานแต่ละด้าน พร้อมจำนวนข้อที่ต้องปรับปรุง และจำนวนเด็กที่ผ่านเกณฑ์.xls","50","Sheet1","2568|7250043311","สำนักงานตำรวจแห่งชาติ","กองบัญชาการตำรวจตระเวนชายแดน","กองบังคับการตำรวจตระเวนชายแดนภาค 3","กองกำกับการตำรวจตระเวนชายแดนที่ 33","","","","7250043311","รร.ตชด.เฉลิมพระเกียรติฯ","รร.ตชด.เฉลิมพระเกียรติฯ","09/07/2564","2021-07-09","parsed","1.2.3","1.2.3","1","1","0","","0","0","0","0","0","0","1","0","0","0","0","0","0","0","0","0","0","0","0","0","0","0","0","0","0","0","0","0","0","0","0","0","0","0","0","0","0","0","0","0","0","0","0","0","0","0","0","0","0","0","0","0","0","0","0","0","0","0","0","0","0","0","0","0","0","0","0","0","0","0","0","0","0","0","0","0","1","B","ผ่าน"
"SCH_G3_0074","2568","2025","12. 2568 REP004-IMPROVEMENT 12 - ตารางสรุปรายงานมาตรฐานแต่ละด้าน พร้อมจำนวนข้อที่ต้องปรับปรุง และจำนวนเด็กที่ผ่านเกณฑ์.xls","51","Sheet1","2568|7250063315","สำนักงานตำรวจแห่งชาติ","กองบัญชาการตำรวจตระเวนชายแดน","กองบังคับการตำรวจตระเวนชายแดนภาค 3","กองกำกับการตำรวจตระเวนชายแดนที่ 33","","","","7250063315","รร.ตชด.ไลออนส์มหาจักร 9","รร.ตชด.ไลออนส์มหาจักร 9","27/06/2535","1992-06-27","parsed","1.2.3","1.2.3","1","1","0","","0","0","0","0","0","0","1","0","0","0","0","0","0","0","0","0","0","0","0","0","0","0","0","0","0","0","0","0","0","0","0","0","0","0","0","0","0","0","0","0","0","0","0","0","0","0","0","0","0","0","0","0","0","0","0","0","0","0","0","0","0","0","0","0","0","0","0","0","0","0","0","0","0","0","0","0","1","B","ผ่าน"
"SCH_G3_0075","2568","2025","12. 2568 REP004-IMPROVEMENT 12 - ตารางสรุปรายงานมาตรฐานแต่ละด้าน พร้อมจำนวนข้อที่ต้องปรับปรุง และจำนวนเด็กที่ผ่านเกณฑ์.xls","52","Sheet1","2568|7250093302","สำนักงานตำรวจแห่งชาติ","กองบัญชาการตำรวจตระเวนชายแดน","กองบังคับการตำรวจตระเวนชายแดนภาค 3","กองกำกับการตำรวจตระเวนชายแดนที่ 33","","","","7250093302","รร.ตชด.อาโอยาม่า","รร.ตชด.อาโอยาม่า","10/01/2510","1967-01-10","parsed","","","0","0","0","","0","0","0","0","0","0","0","0","0","0","0","0","0","0","0","0","0","0","0","0","0","0","0","0","0","0","0","0","0","0","0","0","0","0","0","0","0","0","0","0","0","0","0","0","0","0","0","0","0","0","0","0","0","0","0","0","0","0","0","0","0","0","0","0","0","0","0","0","0","0","0","0","0","0","0","0","0","A","ผ่าน"
"SCH_G3_0076","2568","2025","12. 2568 REP004-IMPROVEMENT 12 - ตารางสรุปรายงานมาตรฐานแต่ละด้าน พร้อมจำนวนข้อที่ต้องปรับปรุง และจำนวนเด็กที่ผ่านเกณฑ์.xls","53","Sheet1","2568|7250103301","สำนักงานตำรวจแห่งชาติ","กองบัญชาการตำรวจตระเวนชายแดน","กองบังคับการตำรวจตระเวนชายแดนภาค 3","กองกำกับการตำรวจตระเวนชายแดนที่ 33","","","","7250103301","รร.ตชด.เฮียงไทยธำรงค์","รร.ตชด.เฮียงไทยธำรงค์","11/01/2505","1962-01-11","parsed","3.1.1ข,3.1.2ข,3.1.3ข,3.2.1ข,3.3.1ข,3.3.2ข,3.4.1ข,3.4.2ข,3.4.3ข,3.5.1ข,3.5.2ข,3.5.3ข,3.5.4ข,3.5.5ข,3.6.1ข,3.6.2ข,3.6.3ข,3.6.4ข,3.7.1ข,3.7.2ข,3.7.3ข,3.7.4ข","3.1.1ข,3.1.2ข,3.1.3ข,3.2.1ข,3.3.1ข,3.3.2ข,3.4.1ข,3.4.2ข,3.4.3ข,3.5.1ข,3.5.2ข,3.5.3ข,3.5.4ข,3.5.5ข,3.6.1ข,3.6.2ข,3.6.3ข,3.6.4ข,3.7.1ข,3.7.2ข,3.7.3ข,3.7.4ข","22","22","0","","0","0","0","0","0","0","0","0","0","0","0","0","0","0","0","0","0","0","0","0","0","0","0","0","0","0","0","0","0","0","0","0","0","0","0","0","0","0","0","0","0","0","0","0","0","0","0","0","0","0","0","0","0","0","1","1","1","1","1","1","1","1","1","1","1","1","1","1","1","1","1","1","1","1","1","1","22","D","ไม่ผ่าน"
"SCH_G3_0077","2568","2025","12. 2568 REP004-IMPROVEMENT 12 - ตารางสรุปรายงานมาตรฐานแต่ละด้าน พร้อมจำนวนข้อที่ต้องปรับปรุง และจำนวนเด็กที่ผ่านเกณฑ์.xls","54","Sheet1","2568|7250103307","สำนักงานตำรวจแห่งชาติ","กองบัญชาการตำรวจตระเวนชายแดน","กองบังคับการตำรวจตระเวนชายแดนภาค 3","กองกำกับการตำรวจตระเวนชายแดนที่ 33","","","","7250103307","รร.ตชด.ทุติยะโพธิ์อนุสรณ์","รร.ตชด.ทุติยะโพธิ์อนุสรณ์","14/06/2514","1971-06-14","parsed","1.2.3,3.1.1ข,3.1.2ข,3.1.3ข,3.2.1ข,3.3.1ข,3.3.2ข,3.4.1ข,3.4.2ข,3.4.3ข,3.5.1ข,3.5.2ข,3.5.3ข,3.5.4ข,3.5.5ข,3.6.1ข,3.6.2ข,3.6.3ข,3.6.4ข,3.7.1ข,3.7.2ข,3.7.3ข,3.7.4ข","1.2.3,3.1.1ข,3.1.2ข,3.1.3ข,3.2.1ข,3.3.1ข,3.3.2ข,3.4.1ข,3.4.2ข,3.4.3ข,3.5.1ข,3.5.2ข,3.5.3ข,3.5.4ข,3.5.5ข,3.6.1ข,3.6.2ข,3.6.3ข,3.6.4ข,3.7.1ข,3.7.2ข,3.7.3ข,3.7.4ข","23","23","0","","0","0","0","0","0","0","1","0","0","0","0","0","0","0","0","0","0","0","0","0","0","0","0","0","0","0","0","0","0","0","0","0","0","0","0","0","0","0","0","0","0","0","0","0","0","0","0","0","0","0","0","0","0","0","1","1","1","1","1","1","1","1","1","1","1","1","1","1","1","1","1","1","1","1","1","1","23","D","ไม่ผ่าน"
"SCH_G3_0078","2568","2025","12. 2568 REP004-IMPROVEMENT 12 - ตารางสรุปรายงานมาตรฐานแต่ละด้าน พร้อมจำนวนข้อที่ต้องปรับปรุง และจำนวนเด็กที่ผ่านเกณฑ์.xls","55","Sheet1","2568|7250113304","สำนักงานตำรวจแห่งชาติ","กองบัญชาการตำรวจตระเวนชายแดน","กองบังคับการตำรวจตระเวนชายแดนภาค 3","กองกำกับการตำรวจตระเวนชายแดนที่ 33","","","","7250113304","รร.ตชด.เจ้าพ่อหลวงอุปถัมภ์ 2","รร.ตชด.เจ้าพ่อหลวงอุปถัมภ์ 2","01/12/2508","1965-12-01","parsed","3.2.1ข,3.5.1ข,3.5.2ข,3.5.3ข,3.5.4ข,3.5.5ข","3.2.1ข,3.5.1ข,3.5.2ข,3.5.3ข,3.5.4ข,3.5.5ข","6","6","0","","0","0","0","0","0","0","0","0","0","0","0","0","0","0","0","0","0","0","0","0","0","0","0","0","0","0","0","0","0","0","0","0","0","0","0","0","0","0","0","0","0","0","0","0","0","0","0","0","0","0","0","0","0","0","0","0","0","1","0","0","0","0","0","1","1","1","1","1","0","0","0","0","0","0","0","0","6","B","ผ่าน"
"SCH_G3_0079","2568","2025","12. 2568 REP004-IMPROVEMENT 12 - ตารางสรุปรายงานมาตรฐานแต่ละด้าน พร้อมจำนวนข้อที่ต้องปรับปรุง และจำนวนเด็กที่ผ่านเกณฑ์.xls","56","Sheet1","2568|7250183318","สำนักงานตำรวจแห่งชาติ","กองบัญชาการตำรวจตระเวนชายแดน","กองบังคับการตำรวจตระเวนชายแดนภาค 3","กองกำกับการตำรวจตระเวนชายแดนที่ 33","","","","7250183318","รร.ตชด.รางวัลอินทิรา  คานธี","รร.ตชด.รางวัลอินทิรา  คานธี","20/04/2555","2012-04-20","parsed","","","0","0","0","","0","0","0","0","0","0","0","0","0","0","0","0","0","0","0","0","0","0","0","0","0","0","0","0","0","0","0","0","0","0","0","0","0","0","0","0","0","0","0","0","0","0","0","0","0","0","0","0","0","0","0","0","0","0","0","0","0","0","0","0","0","0","0","0","0","0","0","0","0","0","0","0","0","0","0","0","0","A","ผ่าน"
"SCH_G3_0081","2568","2025","12. 2568 REP004-IMPROVEMENT 12 - ตารางสรุปรายงานมาตรฐานแต่ละด้าน พร้อมจำนวนข้อที่ต้องปรับปรุง และจำนวนเด็กที่ผ่านเกณฑ์.xls","57","Sheet1","2568|7250183326","สำนักงานตำรวจแห่งชาติ","กองบัญชาการตำรวจตระเวนชายแดน","กองบังคับการตำรวจตระเวนชายแดนภาค 3","กองกำกับการตำรวจตระเวนชายแดนที่ 33","","","","7250183326","รร.ตชด.บางกอก เชฟ แชร์ริตี้","รร.ตชด.บางกอก เชฟ แชร์ริตี้","18/05/2558","2015-05-18","parsed","","","0","0","0","","0","0","0","0","0","0","0","0","0","0","0","0","0","0","0","0","0","0","0","0","0","0","0","0","0","0","0","0","0","0","0","0","0","0","0","0","0","0","0","0","0","0","0","0","0","0","0","0","0","0","0","0","0","0","0","0","0","0","0","0","0","0","0","0","0","0","0","0","0","0","0","0","0","0","0","0","0","A","ผ่าน"
"SCH_G3_0082","2568","2025","12. 2568 REP004-IMPROVEMENT 12 - ตารางสรุปรายงานมาตรฐานแต่ละด้าน พร้อมจำนวนข้อที่ต้องปรับปรุง และจำนวนเด็กที่ผ่านเกณฑ์.xls","58","Sheet1","2568|7250183336","สำนักงานตำรวจแห่งชาติ","กองบัญชาการตำรวจตระเวนชายแดน","","","","","","7250183336","ศูนย์การเรียนตำรวจตระเวนชายแดนพระยาประสาทธาตุการย์และคุณหญิงวาส (ประนิช)","ศูนย์การเรียนตำรวจตระเวนชายแดนพระยาประสาทธาตุการย์และคุณหญิงวาส (ประนิช)","","","missing","","","0","0","0","","0","0","0","0","0","0","0","0","0","0","0","0","0","0","0","0","0","0","0","0","0","0","0","0","0","0","0","0","0","0","0","0","0","0","0","0","0","0","0","0","0","0","0","0","0","0","0","0","0","0","0","0","0","0","0","0","0","0","0","0","0","0","0","0","0","0","0","0","0","0","0","0","0","0","0","0","0","A","ผ่าน"
"SCH_G3_0083","2568","2025","12. 2568 REP004-IMPROVEMENT 12 - ตารางสรุปรายงานมาตรฐานแต่ละด้าน พร้อมจำนวนข้อที่ต้องปรับปรุง และจำนวนเด็กที่ผ่านเกณฑ์.xls","59","Sheet1","2568|7250203303","สำนักงานตำรวจแห่งชาติ","กองบัญชาการตำรวจตระเวนชายแดน","กองบังคับการตำรวจตระเวนชายแดนภาค 3","กองกำกับการตำรวจตระเวนชายแดนที่ 33","","","","7250203303","รร.ตชด.เบญจมะ 1","รร.ตชด.เบญจมะ 1","01/06/2508","1965-06-01","parsed","1.1.1,1.1.2,1.1.3,1.2.1,1.2.2,1.2.3,1.2.4,1.3.1,1.3.2,1.3.3,1.3.4,1.3.5,1.3.6,1.3.7,1.3.8,1.4.1,1.4.2,1.4.3,1.4.4,1.4.5,1.4.6,1.4.7,1.5.1,1.5.2,1.5.3,1.5.4,2.1.1,2.1.2,2.1.3,2.1.4,2.1.5,2.2.1,2.2.2,2.2.3,2.2.4,2.2.5,2.3.1,2.3.2,2.3.3,2.3.4,2.3.5,2.4.1,2.4","1.1.1,1.1.2,1.1.3,1.2.1,1.2.2,1.2.3,1.2.4,1.3.1,1.3.2,1.3.3,1.3.4,1.3.5,1.3.6,1.3.7,1.3.8,1.4.1,1.4.2,1.4.3,1.4.4,1.4.5,1.4.6,1.4.7,1.5.1,1.5.2,1.5.3,1.5.4,2.1.1,2.1.2,2.1.3,2.1.4,2.1.5,2.2.1,2.2.2,2.2.3,2.2.4,2.2.5,2.3.1,2.3.2,2.3.3,2.3.4,2.3.5,2.4.1","43","42","1","2.4","1","1","1","1","1","1","1","1","1","1","1","1","1","1","1","1","1","1","1","1","1","1","1","1","1","1","1","1","1","1","1","1","1","1","1","1","1","1","1","1","1","1","1","0","0","0","0","0","0","0","0","0","0","0","0","0","0","0","0","0","0","0","0","0","0","0","0","0","0","0","0","0","0","0","0","0","42","D","ไม่ผ่าน"
"SCH_G3_0085","2568","2025","12. 2568 REP004-IMPROVEMENT 12 - ตารางสรุปรายงานมาตรฐานแต่ละด้าน พร้อมจำนวนข้อที่ต้องปรับปรุง และจำนวนเด็กที่ผ่านเกณฑ์.xls","60","Sheet1","2568|7253063101","สำนักงานตำรวจแห่งชาติ","กองบัญชาการตำรวจตระเวนชายแดน","กองบังคับการตำรวจตระเวนชายแดนภาค 3","กองกำกับการตำรวจตระเวนชายแดนที่ 31","","","","7253063101","รร.ตชด.บุญธรรม-บุญพรั้ง","รร.ตชด.บุญธรรม-บุญพรั้ง","01/05/2501","1958-05-01","parsed","","","0","0","0","","0","0","0","0","0","0","0","0","0","0","0","0","0","0","0","0","0","0","0","0","0","0","0","0","0","0","0","0","0","0","0","0","0","0","0","0","0","0","0","0","0","0","0","0","0","0","0","0","0","0","0","0","0","0","0","0","0","0","0","0","0","0","0","0","0","0","0","0","0","0","0","0","0","0","0","0","0","A","ผ่าน"
"SCH_G3_0086","2568","2025","12. 2568 REP004-IMPROVEMENT 12 - ตารางสรุปรายงานมาตรฐานแต่ละด้าน พร้อมจำนวนข้อที่ต้องปรับปรุง และจำนวนเด็กที่ผ่านเกณฑ์.xls","61","Sheet1","2568|7253063105","สำนักงานตำรวจแห่งชาติ","กองบัญชาการตำรวจตระเวนชายแดน","กองบังคับการตำรวจตระเวนชายแดนภาค 3","กองกำกับการตำรวจตระเวนชายแดนที่ 31","","","","7253063105","รร.ตชด.ยอดโพธิ์ทอง 1","รร.ตชด.ยอดโพธิ์ทอง 1","01/08/2529","1986-08-01","parsed","","","0","0","0","","0","0","0","0","0","0","0","0","0","0","0","0","0","0","0","0","0","0","0","0","0","0","0","0","0","0","0","0","0","0","0","0","0","0","0","0","0","0","0","0","0","0","0","0","0","0","0","0","0","0","0","0","0","0","0","0","0","0","0","0","0","0","0","0","0","0","0","0","0","0","0","0","0","0","0","0","0","A","ผ่าน"
"SCH_G3_0087","2568","2025","12. 2568 REP004-IMPROVEMENT 12 - ตารางสรุปรายงานมาตรฐานแต่ละด้าน พร้อมจำนวนข้อที่ต้องปรับปรุง และจำนวนเด็กที่ผ่านเกณฑ์.xls","62","Sheet1","2568|7255013224","สำนักงานตำรวจแห่งชาติ","กองบัญชาการตำรวจตระเวนชายแดน","กองบังคับการตำรวจตระเวนชายแดนภาค 3","กองกำกับการตำรวจตระเวนชายแดนที่ 32","","","","7255013224","ศกร.ตชด.บ้านห้วยลู่","ศกร.ตชด.บ้านห้วยลู่","24/01/2563","2020-01-24","parsed","","","0","0","0","","0","0","0","0","0","0","0","0","0","0","0","0","0","0","0","0","0","0","0","0","0","0","0","0","0","0","0","0","0","0","0","0","0","0","0","0","0","0","0","0","0","0","0","0","0","0","0","0","0","0","0","0","0","0","0","0","0","0","0","0","0","0","0","0","0","0","0","0","0","0","0","0","0","0","0","0","0","A","ผ่าน"
"SCH_G3_0088","2568","2025","12. 2568 REP004-IMPROVEMENT 12 - ตารางสรุปรายงานมาตรฐานแต่ละด้าน พร้อมจำนวนข้อที่ต้องปรับปรุง และจำนวนเด็กที่ผ่านเกณฑ์.xls","63","Sheet1","2568|7255023216","สำนักงานตำรวจแห่งชาติ","กองบัญชาการตำรวจตระเวนชายแดน","กองบังคับการตำรวจตระเวนชายแดนภาค 3","กองกำกับการตำรวจตระเวนชายแดนที่ 32","","","","7255023216","รร.ตชด.พีระยานุเคราะห์ฯ 3","รร.ตชด.พีระยานุเคราะห์ฯ 3","26/01/2538","1995-01-26","parsed","1.2.3","1.2.3","1","1","0","","0","0","0","0","0","0","1","0","0","0","0","0","0","0","0","0","0","0","0","0","0","0","0","0","0","0","0","0","0","0","0","0","0","0","0","0","0","0","0","0","0","0","0","0","0","0","0","0","0","0","0","0","0","0","0","0","0","0","0","0","0","0","0","0","0","0","0","0","0","0","0","0","0","0","0","0","1","B","ผ่าน"
"SCH_G3_0089","2568","2025","12. 2568 REP004-IMPROVEMENT 12 - ตารางสรุปรายงานมาตรฐานแต่ละด้าน พร้อมจำนวนข้อที่ต้องปรับปรุง และจำนวนเด็กที่ผ่านเกณฑ์.xls","64","Sheet1","2568|7255123217","สำนักงานตำรวจแห่งชาติ","กองบัญชาการตำรวจตระเวนชายแดน","กองบังคับการตำรวจตระเวนชายแดนภาค 3","กองกำกับการตำรวจตระเวนชายแดนที่ 32","","","","7255123217","รร.ตชด.เฉลิมฉลอง 100 ปีฯ","รร.ตชด.เฉลิมฉลอง 100 ปีฯ","","","missing","","","0","0","0","","0","0","0","0","0","0","0","0","0","0","0","0","0","0","0","0","0","0","0","0","0","0","0","0","0","0","0","0","0","0","0","0","0","0","0","0","0","0","0","0","0","0","0","0","0","0","0","0","0","0","0","0","0","0","0","0","0","0","0","0","0","0","0","0","0","0","0","0","0","0","0","0","0","0","0","0","0","A","ผ่าน"
"SCH_G3_0090","2568","2025","12. 2568 REP004-IMPROVEMENT 12 - ตารางสรุปรายงานมาตรฐานแต่ละด้าน พร้อมจำนวนข้อที่ต้องปรับปรุง และจำนวนเด็กที่ผ่านเกณฑ์.xls","65","Sheet1","2568|7256033223","สำนักงานตำรวจแห่งชาติ","กองบัญชาการตำรวจตระเวนชายแดน","กองบังคับการตำรวจตระเวนชายแดนภาค 3","กองกำกับการตำรวจตระเวนชายแดนที่ 32","","","","7256033223","ศูนย์การเรียนตำรวจตระเวนชายแดนอินทรีอาสา (บ้านห้วยปุ้ม)","ศูนย์การเรียนตำรวจตระเวนชายแดนอินทรีอาสา (บ้านห้วยปุ้ม)","10/02/2561","2018-02-10","parsed","1.3.3,1.3.4,1.3.5,1.4.5","1.3.3,1.3.4,1.3.5,1.4.5","4","4","0","","0","0","0","0","0","0","0","0","0","0","1","1","1","0","0","0","0","0","0","0","1","0","0","0","0","0","0","0","0","0","0","0","0","0","0","0","0","0","0","0","0","0","0","0","0","0","0","0","0","0","0","0","0","0","0","0","0","0","0","0","0","0","0","0","0","0","0","0","0","0","0","0","0","0","0","0","4","B","ผ่าน"
"SCH_G3_0091","2568","2025","12. 2568 REP004-IMPROVEMENT 12 - ตารางสรุปรายงานมาตรฐานแต่ละด้าน พร้อมจำนวนข้อที่ต้องปรับปรุง และจำนวนเด็กที่ผ่านเกณฑ์.xls","66","Sheet1","2568|7256063211","สำนักงานตำรวจแห่งชาติ","กองบัญชาการตำรวจตระเวนชายแดน","กองบังคับการตำรวจตระเวนชายแดนภาค 3","กองกำกับการตำรวจตระเวนชายแดนที่ 32","","","","7256063211","รร.ตชด.เบ็ตตี้ดูเมน","รร.ตชด.เบ็ตตี้ดูเมน","12/01/2528","1985-01-12","parsed","","","0","0","0","","0","0","0","0","0","0","0","0","0","0","0","0","0","0","0","0","0","0","0","0","0","0","0","0","0","0","0","0","0","0","0","0","0","0","0","0","0","0","0","0","0","0","0","0","0","0","0","0","0","0","0","0","0","0","0","0","0","0","0","0","0","0","0","0","0","0","0","0","0","0","0","0","0","0","0","0","0","A","ผ่าน"
"SCH_G3_0093","2568","2025","12. 2568 REP004-IMPROVEMENT 12 - ตารางสรุปรายงานมาตรฐานแต่ละด้าน พร้อมจำนวนข้อที่ต้องปรับปรุง และจำนวนเด็กที่ผ่านเกณฑ์.xls","67","Sheet1","2568|7257013213","สำนักงานตำรวจแห่งชาติ","กองบัญชาการตำรวจตระเวนชายแดน","กองบังคับการตำรวจตระเวนชายแดนภาค 3","กองกำกับการตำรวจตระเวนชายแดนที่ 32","","","","7257013213","รร.ตชด.เทคนิคดุสิต","รร.ตชด.เทคนิคดุสิต","14/06/2564","2021-06-14","parsed","1.2.3,3.1.3ข","1.2.3,3.1.3ข","2","2","0","","0","0","0","0","0","0","1","0","0","0","0","0","0","0","0","0","0","0","0","0","0","0","0","0","0","0","0","0","0","0","0","0","0","0","0","0","0","0","0","0","0","0","0","0","0","0","0","0","0","0","0","0","0","0","0","0","1","0","0","0","0","0","0","0","0","0","0","0","0","0","0","0","0","0","0","0","2","B","ผ่าน"
"SCH_G3_0094","2568","2025","12. 2568 REP004-IMPROVEMENT 12 - ตารางสรุปรายงานมาตรฐานแต่ละด้าน พร้อมจำนวนข้อที่ต้องปรับปรุง และจำนวนเด็กที่ผ่านเกณฑ์.xls","68","Sheet1","2568|7257013222","สำนักงานตำรวจแห่งชาติ","กองบัญชาการตำรวจตระเวนชายแดน","กองบังคับการตำรวจตระเวนชายแดนภาค 3","กองกำกับการตำรวจตระเวนชายแดนที่ 32","","","","7257013222","ศกร.ตชด.บ้านจะนู (จิราธิวัฒน์อุปถัมภ์)","ศกร.ตชด.บ้านจะนู (จิราธิวัฒน์อุปถัมภ์)","17/02/2568","2025-02-17","parsed","","","0","0","0","","0","0","0","0","0","0","0","0","0","0","0","0","0","0","0","0","0","0","0","0","0","0","0","0","0","0","0","0","0","0","0","0","0","0","0","0","0","0","0","0","0","0","0","0","0","0","0","0","0","0","0","0","0","0","0","0","0","0","0","0","0","0","0","0","0","0","0","0","0","0","0","0","0","0","0","0","0","A","ผ่าน"
"SCH_G3_0095","2568","2025","12. 2568 REP004-IMPROVEMENT 12 - ตารางสรุปรายงานมาตรฐานแต่ละด้าน พร้อมจำนวนข้อที่ต้องปรับปรุง และจำนวนเด็กที่ผ่านเกณฑ์.xls","69","Sheet1","2568|7257033203","สำนักงานตำรวจแห่งชาติ","กองบัญชาการตำรวจตระเวนชายแดน","กองบังคับการตำรวจตระเวนชายแดนภาค 3","กองกำกับการตำรวจตระเวนชายแดนที่ 32","","","","7257033203","รร.ตชด.อาชีวศึกษา เชียงราย-พะเยา","รร.ตชด.อาชีวศึกษา เชียงราย-พะเยา","08/05/2508","1965-05-08","parsed","","","0","0","0","","0","0","0","0","0","0","0","0","0","0","0","0","0","0","0","0","0","0","0","0","0","0","0","0","0","0","0","0","0","0","0","0","0","0","0","0","0","0","0","0","0","0","0","0","0","0","0","0","0","0","0","0","0","0","0","0","0","0","0","0","0","0","0","0","0","0","0","0","0","0","0","0","0","0","0","0","0","A","ผ่าน"
"SCH_G3_0096","2568","2025","12. 2568 REP004-IMPROVEMENT 12 - ตารางสรุปรายงานมาตรฐานแต่ละด้าน พร้อมจำนวนข้อที่ต้องปรับปรุง และจำนวนเด็กที่ผ่านเกณฑ์.xls","70","Sheet1","2568|7257103201","สำนักงานตำรวจแห่งชาติ","กองบัญชาการตำรวจตระเวนชายแดน","กองบังคับการตำรวจตระเวนชายแดนภาค 3","กองกำกับการตำรวจตระเวนชายแดนที่ 32","","","","7257103201","รร.ตชด.บ้านดอยล้าน *","รร.ตชด.บ้านดอยล้าน *","01/10/2503","1960-10-01","parsed","","","0","0","0","","0","0","0","0","0","0","0","0","0","0","0","0","0","0","0","0","0","0","0","0","0","0","0","0","0","0","0","0","0","0","0","0","0","0","0","0","0","0","0","0","0","0","0","0","0","0","0","0","0","0","0","0","0","0","0","0","0","0","0","0","0","0","0","0","0","0","0","0","0","0","0","0","0","0","0","0","0","A","ผ่าน"
"SCH_G3_0098","2568","2025","12. 2568 REP004-IMPROVEMENT 12 - ตารางสรุปรายงานมาตรฐานแต่ละด้าน พร้อมจำนวนข้อที่ต้องปรับปรุง และจำนวนเด็กที่ผ่านเกณฑ์.xls","71","Sheet1","2568|7257133206","สำนักงานตำรวจแห่งชาติ","กองบัญชาการตำรวจตระเวนชายแดน","กองบังคับการตำรวจตระเวนชายแดนภาค 3","กองกำกับการตำรวจตระเวนชายแดนที่ 32","","","","7257133206","รร.ตชด.ชนัตถ์ปิยะอุย","รร.ตชด.ชนัตถ์ปิยะอุย","09/01/2517","1974-01-09","parsed","","","0","0","0","","0","0","0","0","0","0","0","0","0","0","0","0","0","0","0","0","0","0","0","0","0","0","0","0","0","0","0","0","0","0","0","0","0","0","0","0","0","0","0","0","0","0","0","0","0","0","0","0","0","0","0","0","0","0","0","0","0","0","0","0","0","0","0","0","0","0","0","0","0","0","0","0","0","0","0","0","0","A","ผ่าน"
"SCH_G3_0099","2568","2025","12. 2568 REP004-IMPROVEMENT 12 - ตารางสรุปรายงานมาตรฐานแต่ละด้าน พร้อมจำนวนข้อที่ต้องปรับปรุง และจำนวนเด็กที่ผ่านเกณฑ์.xls","72","Sheet1","2568|7257133219","สำนักงานตำรวจแห่งชาติ","กองบัญชาการตำรวจตระเวนชายแดน","กองบังคับการตำรวจตระเวนชายแดนภาค 3","กองกำกับการตำรวจตระเวนชายแดนที่ 32","","","","7257133219","ศกร.ตชด.บ้านฟ้าไทยงาม","ศกร.ตชด.บ้านฟ้าไทยงาม","16/05/2557","2014-05-16","parsed","","","0","0","0","","0","0","0","0","0","0","0","0","0","0","0","0","0","0","0","0","0","0","0","0","0","0","0","0","0","0","0","0","0","0","0","0","0","0","0","0","0","0","0","0","0","0","0","0","0","0","0","0","0","0","0","0","0","0","0","0","0","0","0","0","0","0","0","0","0","0","0","0","0","0","0","0","0","0","0","0","0","A","ผ่าน"
"SCH_G3_0100","2568","2025","12. 2568 REP004-IMPROVEMENT 12 - ตารางสรุปรายงานมาตรฐานแต่ละด้าน พร้อมจำนวนข้อที่ต้องปรับปรุง และจำนวนเด็กที่ผ่านเกณฑ์.xls","73","Sheet1","2568|7257133220","สำนักงานตำรวจแห่งชาติ","กองบัญชาการตำรวจตระเวนชายแดน","กองบังคับการตำรวจตระเวนชายแดนภาค 3","กองกำกับการตำรวจตระเวนชายแดนที่ 32","","","","7257133220","ศกร.ตชด.บ้านห้วยกุ๊ก","ศกร.ตชด.บ้านห้วยกุ๊ก","28/07/2564","2021-07-28","parsed","","","0","0","0","","0","0","0","0","0","0","0","0","0","0","0","0","0","0","0","0","0","0","0","0","0","0","0","0","0","0","0","0","0","0","0","0","0","0","0","0","0","0","0","0","0","0","0","0","0","0","0","0","0","0","0","0","0","0","0","0","0","0","0","0","0","0","0","0","0","0","0","0","0","0","0","0","0","0","0","0","0","A","ผ่าน"
"SCH_G3_0101","2568","2025","12. 2568 REP004-IMPROVEMENT 12 - ตารางสรุปรายงานมาตรฐานแต่ละด้าน พร้อมจำนวนข้อที่ต้องปรับปรุง และจำนวนเด็กที่ผ่านเกณฑ์.xls","74","Sheet1","2568|7257153208","สำนักงานตำรวจแห่งชาติ","กองบัญชาการตำรวจตระเวนชายแดน","กองบังคับการตำรวจตระเวนชายแดนภาค 3","กองกำกับการตำรวจตระเวนชายแดนที่ 32","","","","7257153208","รร.ตชด.เจ้าพ่อหลวงอุปถัมภ์ 4 *","รร.ตชด.เจ้าพ่อหลวงอุปถัมภ์ 4 *","01/01/2508","1965-01-01","parsed","","","0","0","0","","0","0","0","0","0","0","0","0","0","0","0","0","0","0","0","0","0","0","0","0","0","0","0","0","0","0","0","0","0","0","0","0","0","0","0","0","0","0","0","0","0","0","0","0","0","0","0","0","0","0","0","0","0","0","0","0","0","0","0","0","0","0","0","0","0","0","0","0","0","0","0","0","0","0","0","0","0","A","ผ่าน"
"SCH_G3_0103","2568","2025","12. 2568 REP004-IMPROVEMENT 12 - ตารางสรุปรายงานมาตรฐานแต่ละด้าน พร้อมจำนวนข้อที่ต้องปรับปรุง และจำนวนเด็กที่ผ่านเกณฑ์.xls","75","Sheet1","2568|7257153214","สำนักงานตำรวจแห่งชาติ","กองบัญชาการตำรวจตระเวนชายแดน","กองบังคับการตำรวจตระเวนชายแดนภาค 3","กองกำกับการตำรวจตระเวนชายแดนที่ 32","","","","7257153214","รร.ตชด.สังวาลย์วิท 8 *","รร.ตชด.สังวาลย์วิท 8 *","17/05/2566","2023-05-17","parsed","","","0","0","0","","0","0","0","0","0","0","0","0","0","0","0","0","0","0","0","0","0","0","0","0","0","0","0","0","0","0","0","0","0","0","0","0","0","0","0","0","0","0","0","0","0","0","0","0","0","0","0","0","0","0","0","0","0","0","0","0","0","0","0","0","0","0","0","0","0","0","0","0","0","0","0","0","0","0","0","0","0","A","ผ่าน"
"SCH_G3_0104","2568","2025","12. 2568 REP004-IMPROVEMENT 12 - ตารางสรุปรายงานมาตรฐานแต่ละด้าน พร้อมจำนวนข้อที่ต้องปรับปรุง และจำนวนเด็กที่ผ่านเกณฑ์.xls","76","Sheet1","2568|7258013323","สำนักงานตำรวจแห่งชาติ","กองบัญชาการตำรวจตระเวนชายแดน","กองบังคับการตำรวจตระเวนชายแดนภาค 3","กองกำกับการตำรวจตระเวนชายแดนที่ 33","","","","7258013323","ศกร.ตชด.บ้านดอยแสง","ศกร.ตชด.บ้านดอยแสง","16/05/2558","2015-05-16","parsed","","","0","0","0","","0","0","0","0","0","0","0","0","0","0","0","0","0","0","0","0","0","0","0","0","0","0","0","0","0","0","0","0","0","0","0","0","0","0","0","0","0","0","0","0","0","0","0","0","0","0","0","0","0","0","0","0","0","0","0","0","0","0","0","0","0","0","0","0","0","0","0","0","0","0","0","0","0","0","0","0","0","A","ผ่าน"
"SCH_G3_0105","2568","2025","12. 2568 REP004-IMPROVEMENT 12 - ตารางสรุปรายงานมาตรฐานแต่ละด้าน พร้อมจำนวนข้อที่ต้องปรับปรุง และจำนวนเด็กที่ผ่านเกณฑ์.xls","77","Sheet1","2568|7258023328","สำนักงานตำรวจแห่งชาติ","กองบัญชาการตำรวจตระเวนชายแดน","กองบังคับการตำรวจตระเวนชายแดนภาค 3","กองกำกับการตำรวจตระเวนชายแดนที่ 33","","","","7258023328","ศกร.ตชด.บ้านห้วยโปงเลา","ศกร.ตชด.บ้านห้วยโปงเลา","24/11/2559","2016-11-24","parsed","1.2.3,2.1.2,2.1.3,2.1.4,2.1.5,2.3.2","1.2.3,2.1.2,2.1.3,2.1.4,2.1.5,2.3.2","6","6","0","","0","0","0","0","0","0","1","0","0","0","0","0","0","0","0","0","0","0","0","0","0","0","0","0","0","0","0","0","1","1","1","1","0","0","0","0","0","0","1","0","0","0","0","0","0","0","0","0","0","0","0","0","0","0","0","0","0","0","0","0","0","0","0","0","0","0","0","0","0","0","0","0","0","0","0","0","6","B","ผ่าน"
"SCH_G3_0106","2568","2025","12. 2568 REP004-IMPROVEMENT 12 - ตารางสรุปรายงานมาตรฐานแต่ละด้าน พร้อมจำนวนข้อที่ต้องปรับปรุง และจำนวนเด็กที่ผ่านเกณฑ์.xls","78","Sheet1","2568|7258033331","สำนักงานตำรวจแห่งชาติ","กองบัญชาการตำรวจตระเวนชายแดน","กองบังคับการตำรวจตระเวนชายแดนภาค 3","กองกำกับการตำรวจตระเวนชายแดนที่ 33","","","","7258033331","ศูนย์การเรียนตำรวจตระเวนชายแดนบำรุงที่ 114","ศูนย์การเรียนตำรวจตระเวนชายแดนบำรุงที่ 114","16/05/2559","2016-05-16","parsed","","","0","0","0","","0","0","0","0","0","0","0","0","0","0","0","0","0","0","0","0","0","0","0","0","0","0","0","0","0","0","0","0","0","0","0","0","0","0","0","0","0","0","0","0","0","0","0","0","0","0","0","0","0","0","0","0","0","0","0","0","0","0","0","0","0","0","0","0","0","0","0","0","0","0","0","0","0","0","0","0","0","A","ผ่าน"
"SCH_G3_0107","2568","2025","12. 2568 REP004-IMPROVEMENT 12 - ตารางสรุปรายงานมาตรฐานแต่ละด้าน พร้อมจำนวนข้อที่ต้องปรับปรุง และจำนวนเด็กที่ผ่านเกณฑ์.xls","79","Sheet1","2568|7258043320","สำนักงานตำรวจแห่งชาติ","กองบัญชาการตำรวจตระเวนชายแดน","กองบังคับการตำรวจตระเวนชายแดนภาค 3","กองกำกับการตำรวจตระเวนชายแดนที่ 33","","","","7258043320","ศกร.ตชด.บ้านโกแประ","ศกร.ตชด.บ้านโกแประ","15/05/2551","2008-05-15","parsed","","","0","0","0","","0","0","0","0","0","0","0","0","0","0","0","0","0","0","0","0","0","0","0","0","0","0","0","0","0","0","0","0","0","0","0","0","0","0","0","0","0","0","0","0","0","0","0","0","0","0","0","0","0","0","0","0","0","0","0","0","0","0","0","0","0","0","0","0","0","0","0","0","0","0","0","0","0","0","0","0","0","A","ผ่าน"
"SCH_G3_0108","2568","2025","12. 2568 REP004-IMPROVEMENT 12 - ตารางสรุปรายงานมาตรฐานแต่ละด้าน พร้อมจำนวนข้อที่ต้องปรับปรุง และจำนวนเด็กที่ผ่านเกณฑ์.xls","80","Sheet1","2568|7258043321","สำนักงานตำรวจแห่งชาติ","กองบัญชาการตำรวจตระเวนชายแดน","กองบังคับการตำรวจตระเวนชายแดนภาค 3","กองกำกับการตำรวจตระเวนชายแดนที่ 33","","","","7258043321","ศกร.ตชด.บ้านปอหมื้อ","ศกร.ตชด.บ้านปอหมื้อ","17/05/2565","2022-05-17","parsed","1.4.6","1.4.6","1","1","0","","0","0","0","0","0","0","0","0","0","0","0","0","0","0","0","0","0","0","0","0","0","1","0","0","0","0","0","0","0","0","0","0","0","0","0","0","0","0","0","0","0","0","0","0","0","0","0","0","0","0","0","0","0","0","0","0","0","0","0","0","0","0","0","0","0","0","0","0","0","0","0","0","0","0","0","0","1","B","ผ่าน"
"SCH_G3_0109","2568","2025","12. 2568 REP004-IMPROVEMENT 12 - ตารางสรุปรายงานมาตรฐานแต่ละด้าน พร้อมจำนวนข้อที่ต้องปรับปรุง และจำนวนเด็กที่ผ่านเกณฑ์.xls","81","Sheet1","2568|7258043322","สำนักงานตำรวจแห่งชาติ","กองบัญชาการตำรวจตระเวนชายแดน","กองบังคับการตำรวจตระเวนชายแดนภาค 3","กองกำกับการตำรวจตระเวนชายแดนที่ 33","","","","7258043322","รร.ตชด.๙๐๕","รร.ตชด.๙๐๕","16/05/2569","2026-05-16","parsed","","","0","0","0","","0","0","0","0","0","0","0","0","0","0","0","0","0","0","0","0","0","0","0","0","0","0","0","0","0","0","0","0","0","0","0","0","0","0","0","0","0","0","0","0","0","0","0","0","0","0","0","0","0","0","0","0","0","0","0","0","0","0","0","0","0","0","0","0","0","0","0","0","0","0","0","0","0","0","0","0","0","A","ผ่าน"
"SCH_G3_0110","2568","2025","12. 2568 REP004-IMPROVEMENT 12 - ตารางสรุปรายงานมาตรฐานแต่ละด้าน พร้อมจำนวนข้อที่ต้องปรับปรุง และจำนวนเด็กที่ผ่านเกณฑ์.xls","82","Sheet1","2568|7258043327","สำนักงานตำรวจแห่งชาติ","กองบัญชาการตำรวจตระเวนชายแดน","กองบังคับการตำรวจตระเวนชายแดนภาค 3","กองกำกับการตำรวจตระเวนชายแดนที่ 33","","","","7258043327","ศกร.ตชด.บ้านแม่เหลอ","ศกร.ตชด.บ้านแม่เหลอ","30/07/2564","2021-07-30","parsed","1.2.3","1.2.3","1","1","0","","0","0","0","0","0","0","1","0","0","0","0","0","0","0","0","0","0","0","0","0","0","0","0","0","0","0","0","0","0","0","0","0","0","0","0","0","0","0","0","0","0","0","0","0","0","0","0","0","0","0","0","0","0","0","0","0","0","0","0","0","0","0","0","0","0","0","0","0","0","0","0","0","0","0","0","0","1","B","ผ่าน"
"SCH_G3_0112","2568","2025","12. 2568 REP004-IMPROVEMENT 12 - ตารางสรุปรายงานมาตรฐานแต่ละด้าน พร้อมจำนวนข้อที่ต้องปรับปรุง และจำนวนเด็กที่ผ่านเกณฑ์.xls","83","Sheet1","2568|7258053309","สำนักงานตำรวจแห่งชาติ","กองบัญชาการตำรวจตระเวนชายแดน","กองบังคับการตำรวจตระเวนชายแดนภาค 3","กองกำกับการตำรวจตระเวนชายแดนที่ 33","","","","7258053309","รร.ตชด.บ้านตุน","รร.ตชด.บ้านตุน","30/07/2564","2021-07-30","parsed","1.3.8,1.5.4,3.1.3ข,3.5.2ข,3.5.3ข","1.3.8,1.5.4,3.1.3ข,3.5.2ข,3.5.3ข","5","5","0","","0","0","0","0","0","0","0","0","0","0","0","0","0","0","0","1","0","0","0","0","0","0","0","0","0","0","1","0","0","0","0","0","0","0","0","0","0","0","0","0","0","0","0","0","0","0","0","0","0","0","0","0","0","0","0","0","1","0","0","0","0","0","0","0","1","1","0","0","0","0","0","0","0","0","0","0","5","B","ผ่าน"
"SCH_G3_0113","2568","2025","12. 2568 REP004-IMPROVEMENT 12 - ตารางสรุปรายงานมาตรฐานแต่ละด้าน พร้อมจำนวนข้อที่ต้องปรับปรุง และจำนวนเด็กที่ผ่านเกณฑ์.xls","84","Sheet1","2568|7258063329","สำนักงานตำรวจแห่งชาติ","กองบัญชาการตำรวจตระเวนชายแดน","กองบังคับการตำรวจตระเวนชายแดนภาค 3","กองกำกับการตำรวจตระเวนชายแดนที่ 33","","","","7258063329","ศกร.ตชด.บ้านห้วยมะโอ","ศกร.ตชด.บ้านห้วยมะโอ","","","missing","1.2.3","1.2.3","1","1","0","","0","0","0","0","0","0","1","0","0","0","0","0","0","0","0","0","0","0","0","0","0","0","0","0","0","0","0","0","0","0","0","0","0","0","0","0","0","0","0","0","0","0","0","0","0","0","0","0","0","0","0","0","0","0","0","0","0","0","0","0","0","0","0","0","0","0","0","0","0","0","0","0","0","0","0","0","1","B","ผ่าน"
"SCH_G3_0114","2568","2025","12. 2568 REP004-IMPROVEMENT 12 - ตารางสรุปรายงานมาตรฐานแต่ละด้าน พร้อมจำนวนข้อที่ต้องปรับปรุง และจำนวนเด็กที่ผ่านเกณฑ์.xls","85","Sheet1","2568|7258073305","สำนักงานตำรวจแห่งชาติ","กองบัญชาการตำรวจตระเวนชายแดน","กองบังคับการตำรวจตระเวนชายแดนภาค 3","กองกำกับการตำรวจตระเวนชายแดนที่ 33","","","","7258073305","รร.ตชด.ชมรมอนุรักษ์พุทธศิลปไทยอนุสรณ์","รร.ตชด.ชมรมอนุรักษ์พุทธศิลปไทยอนุสรณ์","","","missing","","","0","0","0","","0","0","0","0","0","0","0","0","0","0","0","0","0","0","0","0","0","0","0","0","0","0","0","0","0","0","0","0","0","0","0","0","0","0","0","0","0","0","0","0","0","0","0","0","0","0","0","0","0","0","0","0","0","0","0","0","0","0","0","0","0","0","0","0","0","0","0","0","0","0","0","0","0","0","0","0","0","A","ผ่าน"
"SCH_G3_0115","2568","2025","12. 2568 REP004-IMPROVEMENT 12 - ตารางสรุปรายงานมาตรฐานแต่ละด้าน พร้อมจำนวนข้อที่ต้องปรับปรุง และจำนวนเด็กที่ผ่านเกณฑ์.xls","86","Sheet1","2568|7258073313","สำนักงานตำรวจแห่งชาติ","กองบัญชาการตำรวจตระเวนชายแดน","กองบังคับการตำรวจตระเวนชายแดนภาค 3","กองกำกับการตำรวจตระเวนชายแดนที่ 33","","","","7258073313","รร.ตชด.ชมรมอนุรักษ์พุทธศิลปไทยอนุสรณ์ 2","รร.ตชด.ชมรมอนุรักษ์พุทธศิลปไทยอนุสรณ์ 2","04/04/2534","1991-04-04","parsed","","","0","0","0","","0","0","0","0","0","0","0","0","0","0","0","0","0","0","0","0","0","0","0","0","0","0","0","0","0","0","0","0","0","0","0","0","0","0","0","0","0","0","0","0","0","0","0","0","0","0","0","0","0","0","0","0","0","0","0","0","0","0","0","0","0","0","0","0","0","0","0","0","0","0","0","0","0","0","0","0","0","A","ผ่าน"
"SCH_G3_0117","2568","2025","12. 2568 REP004-IMPROVEMENT 12 - ตารางสรุปรายงานมาตรฐานแต่ละด้าน พร้อมจำนวนข้อที่ต้องปรับปรุง และจำนวนเด็กที่ผ่านเกณฑ์.xls","87","Sheet1","2568|7258133330","สำนักงานตำรวจแห่งชาติ","กองบัญชาการตำรวจตระเวนชายแดน","กองบังคับการตำรวจตระเวนชายแดนภาค 3","กองกำกับการตำรวจตระเวนชายแดนที่ 33","","","","7258133330","ศกร.ตชด.พลเอก อรชุน พิบูลนครินทร์","ศกร.ตชด.พลเอก อรชุน พิบูลนครินทร์","01/05/2559","2016-05-01","parsed","","","0","0","0","","0","0","0","0","0","0","0","0","0","0","0","0","0","0","0","0","0","0","0","0","0","0","0","0","0","0","0","0","0","0","0","0","0","0","0","0","0","0","0","0","0","0","0","0","0","0","0","0","0","0","0","0","0","0","0","0","0","0","0","0","0","0","0","0","0","0","0","0","0","0","0","0","0","0","0","0","0","A","ผ่าน"
"SCH_G3_0120","2568","2025","12. 2568 REP004-IMPROVEMENT 12 - ตารางสรุปรายงานมาตรฐานแต่ละด้าน พร้อมจำนวนข้อที่ต้องปรับปรุง และจำนวนเด็กที่ผ่านเกณฑ์.xls","88","Sheet1","2568|7263043419","สำนักงานตำรวจแห่งชาติ","กองบัญชาการตำรวจตระเวนชายแดน","กองบังคับการตำรวจตระเวนชายแดนภาค 3","กองกำกับการตำรวจตระเวนชายแดนที่ 34","","","","7263043419","รร.ตชด.หม่อมราชวงศ์เฉลิมลักษณ์ จันทรเสน (ขยายโอกาส)","รร.ตชด.หม่อมราชวงศ์เฉลิมลักษณ์ จันทรเสน (ขยายโอกาส)","07/02/2545","2002-02-07","parsed","1.2.3,3.1.3ข","1.2.3,3.1.3ข","2","2","0","","0","0","0","0","0","0","1","0","0","0","0","0","0","0","0","0","0","0","0","0","0","0","0","0","0","0","0","0","0","0","0","0","0","0","0","0","0","0","0","0","0","0","0","0","0","0","0","0","0","0","0","0","0","0","0","0","1","0","0","0","0","0","0","0","0","0","0","0","0","0","0","0","0","0","0","0","2","B","ผ่าน"
"SCH_G3_0121","2568","2025","12. 2568 REP004-IMPROVEMENT 12 - ตารางสรุปรายงานมาตรฐานแต่ละด้าน พร้อมจำนวนข้อที่ต้องปรับปรุง และจำนวนเด็กที่ผ่านเกณฑ์.xls","89","Sheet1","2568|7263043420","สำนักงานตำรวจแห่งชาติ","กองบัญชาการตำรวจตระเวนชายแดน","กองบังคับการตำรวจตระเวนชายแดนภาค 3","กองกำกับการตำรวจตระเวนชายแดนที่ 34","","","","7263043420","ศกร.ตชด.บ้านทีวะเบยทะ *","ศกร.ตชด.บ้านทีวะเบยทะ *","16/05/2545","2002-05-16","parsed","","","0","0","0","","0","0","0","0","0","0","0","0","0","0","0","0","0","0","0","0","0","0","0","0","0","0","0","0","0","0","0","0","0","0","0","0","0","0","0","0","0","0","0","0","0","0","0","0","0","0","0","0","0","0","0","0","0","0","0","0","0","0","0","0","0","0","0","0","0","0","0","0","0","0","0","0","0","0","0","0","0","A","ผ่าน"
"SCH_G3_0122","2568","2025","12. 2568 REP004-IMPROVEMENT 12 - ตารางสรุปรายงานมาตรฐานแต่ละด้าน พร้อมจำนวนข้อที่ต้องปรับปรุง และจำนวนเด็กที่ผ่านเกณฑ์.xls","90","Sheet1","2568|7263043421","สำนักงานตำรวจแห่งชาติ","กองบัญชาการตำรวจตระเวนชายแดน","กองบังคับการตำรวจตระเวนชายแดนภาค 3","กองกำกับการตำรวจตระเวนชายแดนที่ 34","","","","7263043421","ศกร.ตชด.บ้านวะกะเลโค๊ะ *(เอ็ม เอส ไอ จี อุปถัมภ์)","ศกร.ตชด.บ้านวะกะเลโค๊ะ *(เอ็ม เอส ไอ จี อุปถัมภ์)","16/05/2546","2003-05-16","parsed","1.4.6","1.4.6","1","1","0","","0","0","0","0","0","0","0","0","0","0","0","0","0","0","0","0","0","0","0","0","0","1","0","0","0","0","0","0","0","0","0","0","0","0","0","0","0","0","0","0","0","0","0","0","0","0","0","0","0","0","0","0","0","0","0","0","0","0","0","0","0","0","0","0","0","0","0","0","0","0","0","0","0","0","0","0","1","B","ผ่าน"
"SCH_G3_0123","2568","2025","12. 2568 REP004-IMPROVEMENT 12 - ตารางสรุปรายงานมาตรฐานแต่ละด้าน พร้อมจำนวนข้อที่ต้องปรับปรุง และจำนวนเด็กที่ผ่านเกณฑ์.xls","91","Sheet1","2568|7263043422","สำนักงานตำรวจแห่งชาติ","กองบัญชาการตำรวจตระเวนชายแดน","กองบังคับการตำรวจตระเวนชายแดนภาค 3","กองกำกับการตำรวจตระเวนชายแดนที่ 34","","","","7263043422","ศกร.ตชด.บ้านเลผะสุคี *","ศกร.ตชด.บ้านเลผะสุคี *","16/05/2546","2003-05-16","parsed","","","0","0","0","","0","0","0","0","0","0","0","0","0","0","0","0","0","0","0","0","0","0","0","0","0","0","0","0","0","0","0","0","0","0","0","0","0","0","0","0","0","0","0","0","0","0","0","0","0","0","0","0","0","0","0","0","0","0","0","0","0","0","0","0","0","0","0","0","0","0","0","0","0","0","0","0","0","0","0","0","0","A","ผ่าน"
"SCH_G3_0124","2568","2025","12. 2568 REP004-IMPROVEMENT 12 - ตารางสรุปรายงานมาตรฐานแต่ละด้าน พร้อมจำนวนข้อที่ต้องปรับปรุง และจำนวนเด็กที่ผ่านเกณฑ์.xls","92","Sheet1","2568|7263043427","สำนักงานตำรวจแห่งชาติ","กองบัญชาการตำรวจตระเวนชายแดน","กองบังคับการตำรวจตระเวนชายแดนภาค 3","กองกำกับการตำรวจตระเวนชายแดนที่ 34","","","","7263043427","ศกร.ตชด.บ้านห้วยสลุง","ศกร.ตชด.บ้านห้วยสลุง","16/05/2560","2017-05-16","parsed","","","0","0","0","","0","0","0","0","0","0","0","0","0","0","0","0","0","0","0","0","0","0","0","0","0","0","0","0","0","0","0","0","0","0","0","0","0","0","0","0","0","0","0","0","0","0","0","0","0","0","0","0","0","0","0","0","0","0","0","0","0","0","0","0","0","0","0","0","0","0","0","0","0","0","0","0","0","0","0","0","0","A","ผ่าน"
"SCH_G3_0125","2568","2025","12. 2568 REP004-IMPROVEMENT 12 - ตารางสรุปรายงานมาตรฐานแต่ละด้าน พร้อมจำนวนข้อที่ต้องปรับปรุง และจำนวนเด็กที่ผ่านเกณฑ์.xls","93","Sheet1","2568|7263043428","สำนักงานตำรวจแห่งชาติ","กองบัญชาการตำรวจตระเวนชายแดน","กองบังคับการตำรวจตระเวนชายแดนภาค 3","กองกำกับการตำรวจตระเวนชายแดนที่ 34","","","","7263043428","ศูนย์การเรียนตำรวจตระเวนชายแดนธนาคารออมสินอุปถัมภ์ (บ้านเทอคี)","ศูนย์การเรียนตำรวจตระเวนชายแดนธนาคารออมสินอุปถัมภ์ (บ้านเทอคี)","14/06/2564","2021-06-14","parsed","","","0","0","0","","0","0","0","0","0","0","0","0","0","0","0","0","0","0","0","0","0","0","0","0","0","0","0","0","0","0","0","0","0","0","0","0","0","0","0","0","0","0","0","0","0","0","0","0","0","0","0","0","0","0","0","0","0","0","0","0","0","0","0","0","0","0","0","0","0","0","0","0","0","0","0","0","0","0","0","0","0","A","ผ่าน"
"SCH_G3_0126","2568","2025","12. 2568 REP004-IMPROVEMENT 12 - ตารางสรุปรายงานมาตรฐานแต่ละด้าน พร้อมจำนวนข้อที่ต้องปรับปรุง และจำนวนเด็กที่ผ่านเกณฑ์.xls","94","Sheet1","2568|7263053402","สำนักงานตำรวจแห่งชาติ","กองบัญชาการตำรวจตระเวนชายแดน","กองบังคับการตำรวจตระเวนชายแดนภาค 3","กองกำกับการตำรวจตระเวนชายแดนที่ 34","","","","7263053402","รร.ตชด.จุฬา - ธรรมศาสตร์ 3","รร.ตชด.จุฬา - ธรรมศาสตร์ 3","07/09/2515","1972-09-07","parsed","","","0","0","0","","0","0","0","0","0","0","0","0","0","0","0","0","0","0","0","0","0","0","0","0","0","0","0","0","0","0","0","0","0","0","0","0","0","0","0","0","0","0","0","0","0","0","0","0","0","0","0","0","0","0","0","0","0","0","0","0","0","0","0","0","0","0","0","0","0","0","0","0","0","0","0","0","0","0","0","0","0","A","ผ่าน"
"SCH_G3_0128","2568","2025","12. 2568 REP004-IMPROVEMENT 12 - ตารางสรุปรายงานมาตรฐานแต่ละด้าน พร้อมจำนวนข้อที่ต้องปรับปรุง และจำนวนเด็กที่ผ่านเกณฑ์.xls","95","Sheet1","2568|7263053409","สำนักงานตำรวจแห่งชาติ","กองบัญชาการตำรวจตระเวนชายแดน","กองบังคับการตำรวจตระเวนชายแดนภาค 3","กองกำกับการตำรวจตระเวนชายแดนที่ 34","","","","7263053409","รร.ตชด.บ้านกามาผาโด้","รร.ตชด.บ้านกามาผาโด้","16/05/2526","1983-05-16","parsed","","","0","0","0","","0","0","0","0","0","0","0","0","0","0","0","0","0","0","0","0","0","0","0","0","0","0","0","0","0","0","0","0","0","0","0","0","0","0","0","0","0","0","0","0","0","0","0","0","0","0","0","0","0","0","0","0","0","0","0","0","0","0","0","0","0","0","0","0","0","0","0","0","0","0","0","0","0","0","0","0","0","A","ผ่าน"
"SCH_G3_0131","2568","2025","12. 2568 REP004-IMPROVEMENT 12 - ตารางสรุปรายงานมาตรฐานแต่ละด้าน พร้อมจำนวนข้อที่ต้องปรับปรุง และจำนวนเด็กที่ผ่านเกณฑ์.xls","96","Sheet1","2568|7263053416","สำนักงานตำรวจแห่งชาติ","กองบัญชาการตำรวจตระเวนชายแดน","กองบังคับการตำรวจตระเวนชายแดนภาค 3","กองกำกับการตำรวจตระเวนชายแดนที่ 34","","","","7263053416","ศกร.ตชด.บ้านพอบือละคี *","ศกร.ตชด.บ้านพอบือละคี *","16/05/2545","2002-05-16","parsed","","","0","0","0","","0","0","0","0","0","0","0","0","0","0","0","0","0","0","0","0","0","0","0","0","0","0","0","0","0","0","0","0","0","0","0","0","0","0","0","0","0","0","0","0","0","0","0","0","0","0","0","0","0","0","0","0","0","0","0","0","0","0","0","0","0","0","0","0","0","0","0","0","0","0","0","0","0","0","0","0","0","A","ผ่าน"
"SCH_G3_0132","2568","2025","12. 2568 REP004-IMPROVEMENT 12 - ตารางสรุปรายงานมาตรฐานแต่ละด้าน พร้อมจำนวนข้อที่ต้องปรับปรุง และจำนวนเด็กที่ผ่านเกณฑ์.xls","97","Sheet1","2568|7263053417","สำนักงานตำรวจแห่งชาติ","กองบัญชาการตำรวจตระเวนชายแดน","กองบังคับการตำรวจตระเวนชายแดนภาค 3","กองกำกับการตำรวจตระเวนชายแดนที่ 34","","","","7263053417","ศกร.ตชด.บ้านแม่หละคี *","ศกร.ตชด.บ้านแม่หละคี *","08/02/2566","2023-02-08","parsed","","","0","0","0","","0","0","0","0","0","0","0","0","0","0","0","0","0","0","0","0","0","0","0","0","0","0","0","0","0","0","0","0","0","0","0","0","0","0","0","0","0","0","0","0","0","0","0","0","0","0","0","0","0","0","0","0","0","0","0","0","0","0","0","0","0","0","0","0","0","0","0","0","0","0","0","0","0","0","0","0","0","A","ผ่าน"
"SCH_G3_0134","2568","2025","12. 2568 REP004-IMPROVEMENT 12 - ตารางสรุปรายงานมาตรฐานแต่ละด้าน พร้อมจำนวนข้อที่ต้องปรับปรุง และจำนวนเด็กที่ผ่านเกณฑ์.xls","98","Sheet1","2568|7263053423","สำนักงานตำรวจแห่งชาติ","กองบัญชาการตำรวจตระเวนชายแดน","กองบังคับการตำรวจตระเวนชายแดนภาค 3","กองกำกับการตำรวจตระเวนชายแดนที่ 34","","","","7263053423","ศกร.ตชด.บ้านเลโพเด *","ศกร.ตชด.บ้านเลโพเด *","16/05/2545","2002-05-16","parsed","","","0","0","0","","0","0","0","0","0","0","0","0","0","0","0","0","0","0","0","0","0","0","0","0","0","0","0","0","0","0","0","0","0","0","0","0","0","0","0","0","0","0","0","0","0","0","0","0","0","0","0","0","0","0","0","0","0","0","0","0","0","0","0","0","0","0","0","0","0","0","0","0","0","0","0","0","0","0","0","0","0","A","ผ่าน"
"SCH_G3_0135","2568","2025","12. 2568 REP004-IMPROVEMENT 12 - ตารางสรุปรายงานมาตรฐานแต่ละด้าน พร้อมจำนวนข้อที่ต้องปรับปรุง และจำนวนเด็กที่ผ่านเกณฑ์.xls","99","Sheet1","2568|7263053424","สำนักงานตำรวจแห่งชาติ","กองบัญชาการตำรวจตระเวนชายแดน","กองบังคับการตำรวจตระเวนชายแดนภาค 3","กองกำกับการตำรวจตระเวนชายแดนที่ 34","","","","7263053424","ศกร.ตชด.บ้านตีนดอย *","ศกร.ตชด.บ้านตีนดอย *","30/01/2547","2004-01-30","parsed","","","0","0","0","","0","0","0","0","0","0","0","0","0","0","0","0","0","0","0","0","0","0","0","0","0","0","0","0","0","0","0","0","0","0","0","0","0","0","0","0","0","0","0","0","0","0","0","0","0","0","0","0","0","0","0","0","0","0","0","0","0","0","0","0","0","0","0","0","0","0","0","0","0","0","0","0","0","0","0","0","0","A","ผ่าน"
"SCH_G3_0136","2568","2025","12. 2568 REP004-IMPROVEMENT 12 - ตารางสรุปรายงานมาตรฐานแต่ละด้าน พร้อมจำนวนข้อที่ต้องปรับปรุง และจำนวนเด็กที่ผ่านเกณฑ์.xls","100","Sheet1","2568|7263063412","สำนักงานตำรวจแห่งชาติ","กองบัญชาการตำรวจตระเวนชายแดน","กองบังคับการตำรวจตระเวนชายแดนภาค 3","กองกำกับการตำรวจตระเวนชายแดนที่ 34","","","","7263063412","รร.ตชด.ท่านผู้หญิงทวี มณีนุตร","รร.ตชด.ท่านผู้หญิงทวี มณีนุตร","01/05/2541","1998-05-01","parsed","1.4.6","1.4.6","1","1","0","","0","0","0","0","0","0","0","0","0","0","0","0","0","0","0","0","0","0","0","0","0","1","0","0","0","0","0","0","0","0","0","0","0","0","0","0","0","0","0","0","0","0","0","0","0","0","0","0","0","0","0","0","0","0","0","0","0","0","0","0","0","0","0","0","0","0","0","0","0","0","0","0","0","0","0","0","1","B","ผ่าน"
"SCH_G3_0137","2568","2025","12. 2568 REP004-IMPROVEMENT 12 - ตารางสรุปรายงานมาตรฐานแต่ละด้าน พร้อมจำนวนข้อที่ต้องปรับปรุง และจำนวนเด็กที่ผ่านเกณฑ์.xls","101","Sheet1","2568|7263063425","สำนักงานตำรวจแห่งชาติ","กองบัญชาการตำรวจตระเวนชายแดน","กองบังคับการตำรวจตระเวนชายแดนภาค 3","กองกำกับการตำรวจตระเวนชายแดนที่ 34","","","","7263063425","รร.ตชด.ศาสตราจารย์สำเภา-ไพวรรณ วรางกูร","รร.ตชด.ศาสตราจารย์สำเภา-ไพวรรณ วรางกูร","16/05/2557","2014-05-16","parsed","","","0","0","0","","0","0","0","0","0","0","0","0","0","0","0","0","0","0","0","0","0","0","0","0","0","0","0","0","0","0","0","0","0","0","0","0","0","0","0","0","0","0","0","0","0","0","0","0","0","0","0","0","0","0","0","0","0","0","0","0","0","0","0","0","0","0","0","0","0","0","0","0","0","0","0","0","0","0","0","0","0","A","ผ่าน"
"SCH_G3_0140","2568","2025","12. 2568 REP004-IMPROVEMENT 12 - ตารางสรุปรายงานมาตรฐานแต่ละด้าน พร้อมจำนวนข้อที่ต้องปรับปรุง และจำนวนเด็กที่ผ่านเกณฑ์.xls","102","Sheet1","2568|7263083408","สำนักงานตำรวจแห่งชาติ","กองบัญชาการตำรวจตระเวนชายแดน","กองบังคับการตำรวจตระเวนชายแดนภาค 3","กองกำกับการตำรวจตระเวนชายแดนที่ 34","","","","7263083408","รร.ตชด.บ้านแม่จันทะ","รร.ตชด.บ้านแม่จันทะ","19/07/2539","1996-07-19","parsed","1.2.3,3.1.2ข,3.6.4ข","1.2.3,3.1.2ข,3.6.4ข","3","3","0","","0","0","0","0","0","0","1","0","0","0","0","0","0","0","0","0","0","0","0","0","0","0","0","0","0","0","0","0","0","0","0","0","0","0","0","0","0","0","0","0","0","0","0","0","0","0","0","0","0","0","0","0","0","0","0","1","0","0","0","0","0","0","0","0","0","0","0","0","0","0","0","1","0","0","0","0","3","B","ผ่าน"
"SCH_G3_0141","2568","2025","12. 2568 REP004-IMPROVEMENT 12 - ตารางสรุปรายงานมาตรฐานแต่ละด้าน พร้อมจำนวนข้อที่ต้องปรับปรุง และจำนวนเด็กที่ผ่านเกณฑ์.xls","103","Sheet1","2568|7263083411","สำนักงานตำรวจแห่งชาติ","กองบัญชาการตำรวจตระเวนชายแดน","กองบังคับการตำรวจตระเวนชายแดนภาค 3","กองกำกับการตำรวจตระเวนชายแดนที่ 34","","","","7263083411","รร.ตชด.เฉลิมพระเกียรติ 7 รอบฯ (บ้านหม่องกั๊วะ จังหวัดตาก)","รร.ตชด.เฉลิมพระเกียรติ 7 รอบฯ (บ้านหม่องกั๊วะ จังหวัดตาก)","13/04/2556","2013-04-13","parsed","","","0","0","0","","0","0","0","0","0","0","0","0","0","0","0","0","0","0","0","0","0","0","0","0","0","0","0","0","0","0","0","0","0","0","0","0","0","0","0","0","0","0","0","0","0","0","0","0","0","0","0","0","0","0","0","0","0","0","0","0","0","0","0","0","0","0","0","0","0","0","0","0","0","0","0","0","0","0","0","0","0","A","ผ่าน"
"SCH_G3_0143","2568","2025","12. 2568 REP004-IMPROVEMENT 12 - ตารางสรุปรายงานมาตรฐานแต่ละด้าน พร้อมจำนวนข้อที่ต้องปรับปรุง และจำนวนเด็กที่ผ่านเกณฑ์.xls","104","Sheet1","2568|7265023104","สำนักงานตำรวจแห่งชาติ","กองบัญชาการตำรวจตระเวนชายแดน","กองบังคับการตำรวจตระเวนชายแดนภาค 3","กองกำกับการตำรวจตระเวนชายแดนที่ 31","","","","7265023104","รร.ตชด.อาทรอุทิศ","รร.ตชด.อาทรอุทิศ","18/08/2522","1979-08-18","parsed","","","0","0","0","","0","0","0","0","0","0","0","0","0","0","0","0","0","0","0","0","0","0","0","0","0","0","0","0","0","0","0","0","0","0","0","0","0","0","0","0","0","0","0","0","0","0","0","0","0","0","0","0","0","0","0","0","0","0","0","0","0","0","0","0","0","0","0","0","0","0","0","0","0","0","0","0","0","0","0","0","0","A","ผ่าน"
"SCH_G3_0144","2568","2025","12. 2568 REP004-IMPROVEMENT 12 - ตารางสรุปรายงานมาตรฐานแต่ละด้าน พร้อมจำนวนข้อที่ต้องปรับปรุง และจำนวนเด็กที่ผ่านเกณฑ์.xls","105","Sheet1","2568|7265033102","สำนักงานตำรวจแห่งชาติ","กองบัญชาการตำรวจตระเวนชายแดน","กองบังคับการตำรวจตระเวนชายแดนภาค 3","กองกำกับการตำรวจตระเวนชายแดนที่ 31","","","","7265033102","รร.ตชด.บ้านลาดเรือ","รร.ตชด.บ้านลาดเรือ","22/07/2516","1973-07-22","parsed","","","0","0","0","","0","0","0","0","0","0","0","0","0","0","0","0","0","0","0","0","0","0","0","0","0","0","0","0","0","0","0","0","0","0","0","0","0","0","0","0","0","0","0","0","0","0","0","0","0","0","0","0","0","0","0","0","0","0","0","0","0","0","0","0","0","0","0","0","0","0","0","0","0","0","0","0","0","0","0","0","0","A","ผ่าน"
"SCH_G3_0145","2568","2025","12. 2568 REP004-IMPROVEMENT 12 - ตารางสรุปรายงานมาตรฐานแต่ละด้าน พร้อมจำนวนข้อที่ต้องปรับปรุง และจำนวนเด็กที่ผ่านเกณฑ์.xls","106","Sheet1","2568|7265033106","สำนักงานตำรวจแห่งชาติ","กองบัญชาการตำรวจตระเวนชายแดน","กองบังคับการตำรวจตระเวนชายแดนภาค 3","กองกำกับการตำรวจตระเวนชายแดนที่ 31","","","","7265033106","รร.ตชด.บ้านรักไทย","รร.ตชด.บ้านรักไทย","23/07/2534","1991-07-23","parsed","","","0","0","0","","0","0","0","0","0","0","0","0","0","0","0","0","0","0","0","0","0","0","0","0","0","0","0","0","0","0","0","0","0","0","0","0","0","0","0","0","0","0","0","0","0","0","0","0","0","0","0","0","0","0","0","0","0","0","0","0","0","0","0","0","0","0","0","0","0","0","0","0","0","0","0","0","0","0","0","0","0","A","ผ่าน"
"SCH_G3_0146","2568","2025","12. 2568 REP004-IMPROVEMENT 12 - ตารางสรุปรายงานมาตรฐานแต่ละด้าน พร้อมจำนวนข้อที่ต้องปรับปรุง และจำนวนเด็กที่ผ่านเกณฑ์.xls","107","Sheet1","2568|7265033107","สำนักงานตำรวจแห่งชาติ","กองบัญชาการตำรวจตระเวนชายแดน","กองบังคับการตำรวจตระเวนชายแดนภาค 3","กองกำกับการตำรวจตระเวนชายแดนที่ 31","","","","7265033107","รร.ตชด.บ้านนุชเทียน","รร.ตชด.บ้านนุชเทียน","15/07/2536","1993-07-15","parsed","1.3.3","1.3.3","1","1","0","","0","0","0","0","0","0","0","0","0","0","1","0","0","0","0","0","0","0","0","0","0","0","0","0","0","0","0","0","0","0","0","0","0","0","0","0","0","0","0","0","0","0","0","0","0","0","0","0","0","0","0","0","0","0","0","0","0","0","0","0","0","0","0","0","0","0","0","0","0","0","0","0","0","0","0","0","1","B","ผ่าน"
"SCH_G3_0147","2568","2025","12. 2568 REP004-IMPROVEMENT 12 - ตารางสรุปรายงานมาตรฐานแต่ละด้าน พร้อมจำนวนข้อที่ต้องปรับปรุง และจำนวนเด็กที่ผ่านเกณฑ์.xls","108","Sheet1","2568|7267023103","สำนักงานตำรวจแห่งชาติ","กองบัญชาการตำรวจตระเวนชายแดน","กองบังคับการตำรวจตระเวนชายแดนภาค 3","กองกำกับการตำรวจตระเวนชายแดนที่ 31","","","","7267023103","รร.ตชด.บ้านโป่งตะแบก","รร.ตชด.บ้านโป่งตะแบก","14/07/2564","2021-07-14","parsed","","","0","0","0","","0","0","0","0","0","0","0","0","0","0","0","0","0","0","0","0","0","0","0","0","0","0","0","0","0","0","0","0","0","0","0","0","0","0","0","0","0","0","0","0","0","0","0","0","0","0","0","0","0","0","0","0","0","0","0","0","0","0","0","0","0","0","0","0","0","0","0","0","0","0","0","0","0","0","0","0","0","A","ผ่าน"
"SCH_G3_0148","2568","2025","12. 2568 REP004-IMPROVEMENT 12 - ตารางสรุปรายงานมาตรฐานแต่ละด้าน พร้อมจำนวนข้อที่ต้องปรับปรุง และจำนวนเด็กที่ผ่านเกณฑ์.xls","109","Sheet1","2568|7270031306","สำนักงานตำรวจแห่งชาติ","กองบัญชาการตำรวจตระเวนชายแดน","กองบังคับการตำรวจตระเวนชายแดนภาค 1","กองกำกับการตำรวจตระเวนชายแดนที่ 13","","","","7270031306","รร.ตชด.ตะโกปิดทอง","รร.ตชด.ตะโกปิดทอง","01/07/2563","2020-07-01","parsed","","","0","0","0","","0","0","0","0","0","0","0","0","0","0","0","0","0","0","0","0","0","0","0","0","0","0","0","0","0","0","0","0","0","0","0","0","0","0","0","0","0","0","0","0","0","0","0","0","0","0","0","0","0","0","0","0","0","0","0","0","0","0","0","0","0","0","0","0","0","0","0","0","0","0","0","0","0","0","0","0","0","A","ผ่าน"
"SCH_G3_0149","2568","2025","12. 2568 REP004-IMPROVEMENT 12 - ตารางสรุปรายงานมาตรฐานแต่ละด้าน พร้อมจำนวนข้อที่ต้องปรับปรุง และจำนวนเด็กที่ผ่านเกณฑ์.xls","110","Sheet1","2568|7270031309","สำนักงานตำรวจแห่งชาติ","กองบัญชาการตำรวจตระเวนชายแดน","กองบังคับการตำรวจตระเวนชายแดนภาค 1","กองกำกับการตำรวจตระเวนชายแดนที่ 13","","","","7270031309","รร.ตชด.บ้านถ้ำหิน","รร.ตชด.บ้านถ้ำหิน","12/07/2564","2021-07-12","parsed","","","0","0","0","","0","0","0","0","0","0","0","0","0","0","0","0","0","0","0","0","0","0","0","0","0","0","0","0","0","0","0","0","0","0","0","0","0","0","0","0","0","0","0","0","0","0","0","0","0","0","0","0","0","0","0","0","0","0","0","0","0","0","0","0","0","0","0","0","0","0","0","0","0","0","0","0","0","0","0","0","0","A","ผ่าน"
"SCH_G3_0150","2568","2025","12. 2568 REP004-IMPROVEMENT 12 - ตารางสรุปรายงานมาตรฐานแต่ละด้าน พร้อมจำนวนข้อที่ต้องปรับปรุง และจำนวนเด็กที่ผ่านเกณฑ์.xls","111","Sheet1","2568|7271021305","สำนักงานตำรวจแห่งชาติ","กองบัญชาการตำรวจตระเวนชายแดน","กองบังคับการตำรวจตระเวนชายแดนภาค 1","กองกำกับการตำรวจตระเวนชายแดนที่ 13","","","","7271021305","รร.ตชด.บ้านแม่น้ำน้อย","รร.ตชด.บ้านแม่น้ำน้อย","26/01/2566","2023-01-26","parsed","","","0","0","0","","0","0","0","0","0","0","0","0","0","0","0","0","0","0","0","0","0","0","0","0","0","0","0","0","0","0","0","0","0","0","0","0","0","0","0","0","0","0","0","0","0","0","0","0","0","0","0","0","0","0","0","0","0","0","0","0","0","0","0","0","0","0","0","0","0","0","0","0","0","0","0","0","0","0","0","0","0","A","ผ่าน"
"SCH_G3_0151","2568","2025","12. 2568 REP004-IMPROVEMENT 12 - ตารางสรุปรายงานมาตรฐานแต่ละด้าน พร้อมจำนวนข้อที่ต้องปรับปรุง และจำนวนเด็กที่ผ่านเกณฑ์.xls","112","Sheet1","2568|7271021307","สำนักงานตำรวจแห่งชาติ","กองบัญชาการตำรวจตระเวนชายแดน","กองบังคับการตำรวจตระเวนชายแดนภาค 1","กองกำกับการตำรวจตระเวนชายแดนที่ 13","","","","7271021307","รร.ตชด.เฮงเค็ลไทย","รร.ตชด.เฮงเค็ลไทย","23/05/2526","1983-05-23","parsed","","","0","0","0","","0","0","0","0","0","0","0","0","0","0","0","0","0","0","0","0","0","0","0","0","0","0","0","0","0","0","0","0","0","0","0","0","0","0","0","0","0","0","0","0","0","0","0","0","0","0","0","0","0","0","0","0","0","0","0","0","0","0","0","0","0","0","0","0","0","0","0","0","0","0","0","0","0","0","0","0","0","A","ผ่าน"
"SCH_G3_0152","2568","2025","12. 2568 REP004-IMPROVEMENT 12 - ตารางสรุปรายงานมาตรฐานแต่ละด้าน พร้อมจำนวนข้อที่ต้องปรับปรุง และจำนวนเด็กที่ผ่านเกณฑ์.xls","113","Sheet1","2568|7271021308","สำนักงานตำรวจแห่งชาติ","กองบัญชาการตำรวจตระเวนชายแดน","กองบังคับการตำรวจตระเวนชายแดนภาค 1","กองกำกับการตำรวจตระเวนชายแดนที่ 13","","","","7271021308","รร.ตชด.ต้นมะม่วง","รร.ตชด.ต้นมะม่วง","13/03/2567","2024-03-13","parsed","","","0","0","0","","0","0","0","0","0","0","0","0","0","0","0","0","0","0","0","0","0","0","0","0","0","0","0","0","0","0","0","0","0","0","0","0","0","0","0","0","0","0","0","0","0","0","0","0","0","0","0","0","0","0","0","0","0","0","0","0","0","0","0","0","0","0","0","0","0","0","0","0","0","0","0","0","0","0","0","0","0","A","ผ่าน"
"SCH_G3_0153","2568","2025","12. 2568 REP004-IMPROVEMENT 12 - ตารางสรุปรายงานมาตรฐานแต่ละด้าน พร้อมจำนวนข้อที่ต้องปรับปรุง และจำนวนเด็กที่ผ่านเกณฑ์.xls","114","Sheet1","2568|7271021313","สำนักงานตำรวจแห่งชาติ","กองบัญชาการตำรวจตระเวนชายแดน","กองบังคับการตำรวจตระเวนชายแดนภาค 1","กองกำกับการตำรวจตระเวนชายแดนที่ 13","","","","7271021313","รร.ตชด.วัดสุธาสินี","รร.ตชด.วัดสุธาสินี","06/07/2564","2021-07-06","parsed","","","0","0","0","","0","0","0","0","0","0","0","0","0","0","0","0","0","0","0","0","0","0","0","0","0","0","0","0","0","0","0","0","0","0","0","0","0","0","0","0","0","0","0","0","0","0","0","0","0","0","0","0","0","0","0","0","0","0","0","0","0","0","0","0","0","0","0","0","0","0","0","0","0","0","0","0","0","0","0","0","0","A","ผ่าน"
"SCH_G3_0154","2568","2025","12. 2568 REP004-IMPROVEMENT 12 - ตารางสรุปรายงานมาตรฐานแต่ละด้าน พร้อมจำนวนข้อที่ต้องปรับปรุง และจำนวนเด็กที่ผ่านเกณฑ์.xls","115","Sheet1","2568|7271041303","สำนักงานตำรวจแห่งชาติ","กองบัญชาการตำรวจตระเวนชายแดน","กองบังคับการตำรวจตระเวนชายแดนภาค 1","กองกำกับการตำรวจตระเวนชายแดนที่ 13","","","","7271041303","รร.ตชด.มิตรมวลชน 2","รร.ตชด.มิตรมวลชน 2","17/05/2553","2010-05-17","parsed","1.2.3","1.2.3","1","1","0","","0","0","0","0","0","0","1","0","0","0","0","0","0","0","0","0","0","0","0","0","0","0","0","0","0","0","0","0","0","0","0","0","0","0","0","0","0","0","0","0","0","0","0","0","0","0","0","0","0","0","0","0","0","0","0","0","0","0","0","0","0","0","0","0","0","0","0","0","0","0","0","0","0","0","0","0","1","B","ผ่าน"
"SCH_G3_0155","2568","2025","12. 2568 REP004-IMPROVEMENT 12 - ตารางสรุปรายงานมาตรฐานแต่ละด้าน พร้อมจำนวนข้อที่ต้องปรับปรุง และจำนวนเด็กที่ผ่านเกณฑ์.xls","116","Sheet1","2568|7271041316","สำนักงานตำรวจแห่งชาติ","กองบัญชาการตำรวจตระเวนชายแดน","กองบังคับการตำรวจตระเวนชายแดนภาค 1","กองกำกับการตำรวจตระเวนชายแดนที่ 13","","","","7271041316","ศูนย์การเรียนตำรวจตระเวนชายแดนปูนอินทรี-มูลนิธิกรุงศรี(บ้านไกรเกรียง)","ศูนย์การเรียนตำรวจตระเวนชายแดนปูนอินทรี-มูลนิธิกรุงศรี(บ้านไกรเกรียง)","15/05/2560","2017-05-15","parsed","","","0","0","0","","0","0","0","0","0","0","0","0","0","0","0","0","0","0","0","0","0","0","0","0","0","0","0","0","0","0","0","0","0","0","0","0","0","0","0","0","0","0","0","0","0","0","0","0","0","0","0","0","0","0","0","0","0","0","0","0","0","0","0","0","0","0","0","0","0","0","0","0","0","0","0","0","0","0","0","0","0","A","ผ่าน"
"SCH_G3_0156","2568","2025","12. 2568 REP004-IMPROVEMENT 12 - ตารางสรุปรายงานมาตรฐานแต่ละด้าน พร้อมจำนวนข้อที่ต้องปรับปรุง และจำนวนเด็กที่ผ่านเกณฑ์.xls","117","Sheet1","2568|7271071304","สำนักงานตำรวจแห่งชาติ","กองบัญชาการตำรวจตระเวนชายแดน","กองบังคับการตำรวจตระเวนชายแดนภาค 1","กองกำกับการตำรวจตระเวนชายแดนที่ 13","","","","7271071304","รร.ตชด.วิจิตรวิทยาคาร","รร.ตชด.วิจิตรวิทยาคาร","11/04/2569","2026-04-11","parsed","","","0","0","0","","0","0","0","0","0","0","0","0","0","0","0","0","0","0","0","0","0","0","0","0","0","0","0","0","0","0","0","0","0","0","0","0","0","0","0","0","0","0","0","0","0","0","0","0","0","0","0","0","0","0","0","0","0","0","0","0","0","0","0","0","0","0","0","0","0","0","0","0","0","0","0","0","0","0","0","0","0","A","ผ่าน"
"SCH_G3_0157","2568","2025","12. 2568 REP004-IMPROVEMENT 12 - ตารางสรุปรายงานมาตรฐานแต่ละด้าน พร้อมจำนวนข้อที่ต้องปรับปรุง และจำนวนเด็กที่ผ่านเกณฑ์.xls","118","Sheet1","2568|7271071312","สำนักงานตำรวจแห่งชาติ","กองบัญชาการตำรวจตระเวนชายแดน","กองบังคับการตำรวจตระเวนชายแดนภาค 1","กองกำกับการตำรวจตระเวนชายแดนที่ 13","","","","7271071312","รร.ตชด.บ้านปิล๊อกคี่","รร.ตชด.บ้านปิล๊อกคี่","","","missing","","","0","0","0","","0","0","0","0","0","0","0","0","0","0","0","0","0","0","0","0","0","0","0","0","0","0","0","0","0","0","0","0","0","0","0","0","0","0","0","0","0","0","0","0","0","0","0","0","0","0","0","0","0","0","0","0","0","0","0","0","0","0","0","0","0","0","0","0","0","0","0","0","0","0","0","0","0","0","0","0","0","A","ผ่าน"
"SCH_G3_0158","2568","2025","12. 2568 REP004-IMPROVEMENT 12 - ตารางสรุปรายงานมาตรฐานแต่ละด้าน พร้อมจำนวนข้อที่ต้องปรับปรุง และจำนวนเด็กที่ผ่านเกณฑ์.xls","119","Sheet1","2568|7271071314","สำนักงานตำรวจแห่งชาติ","กองบัญชาการตำรวจตระเวนชายแดน","กองบังคับการตำรวจตระเวนชายแดนภาค 1","กองกำกับการตำรวจตระเวนชายแดนที่ 13","","","","7271071314","ศกร.ตชด.หลวงประกอบนิติสารและท่านผู้หญิงถวิล","ศกร.ตชด.หลวงประกอบนิติสารและท่านผู้หญิงถวิล","24/02/2557","2014-02-24","parsed","","","0","0","0","","0","0","0","0","0","0","0","0","0","0","0","0","0","0","0","0","0","0","0","0","0","0","0","0","0","0","0","0","0","0","0","0","0","0","0","0","0","0","0","0","0","0","0","0","0","0","0","0","0","0","0","0","0","0","0","0","0","0","0","0","0","0","0","0","0","0","0","0","0","0","0","0","0","0","0","0","0","A","ผ่าน"
"SCH_G3_0159","2568","2025","12. 2568 REP004-IMPROVEMENT 12 - ตารางสรุปรายงานมาตรฐานแต่ละด้าน พร้อมจำนวนข้อที่ต้องปรับปรุง และจำนวนเด็กที่ผ่านเกณฑ์.xls","120","Sheet1","2568|7271081301","สำนักงานตำรวจแห่งชาติ","กองบัญชาการตำรวจตระเวนชายแดน","กองบังคับการตำรวจตระเวนชายแดนภาค 1","กองกำกับการตำรวจตระเวนชายแดนที่ 13","","","","7271081301","รร.ตชด.สหธนาคารกรุงเทพ","รร.ตชด.สหธนาคารกรุงเทพ","26/08/2513","1970-08-26","parsed","","","0","0","0","","0","0","0","0","0","0","0","0","0","0","0","0","0","0","0","0","0","0","0","0","0","0","0","0","0","0","0","0","0","0","0","0","0","0","0","0","0","0","0","0","0","0","0","0","0","0","0","0","0","0","0","0","0","0","0","0","0","0","0","0","0","0","0","0","0","0","0","0","0","0","0","0","0","0","0","0","0","A","ผ่าน"
"SCH_G3_0160","2568","2025","12. 2568 REP004-IMPROVEMENT 12 - ตารางสรุปรายงานมาตรฐานแต่ละด้าน พร้อมจำนวนข้อที่ต้องปรับปรุง และจำนวนเด็กที่ผ่านเกณฑ์.xls","121","Sheet1","2568|7271081302","สำนักงานตำรวจแห่งชาติ","กองบัญชาการตำรวจตระเวนชายแดน","กองบังคับการตำรวจตระเวนชายแดนภาค 1","กองกำกับการตำรวจตระเวนชายแดนที่ 13","","","","7271081302","รร.ตชด.สุนทรเวช","รร.ตชด.สุนทรเวช","13/07/2564","2021-07-13","parsed","","","0","0","0","","0","0","0","0","0","0","0","0","0","0","0","0","0","0","0","0","0","0","0","0","0","0","0","0","0","0","0","0","0","0","0","0","0","0","0","0","0","0","0","0","0","0","0","0","0","0","0","0","0","0","0","0","0","0","0","0","0","0","0","0","0","0","0","0","0","0","0","0","0","0","0","0","0","0","0","0","0","A","ผ่าน"
"SCH_G3_0161","2568","2025","12. 2568 REP004-IMPROVEMENT 12 - ตารางสรุปรายงานมาตรฐานแต่ละด้าน พร้อมจำนวนข้อที่ต้องปรับปรุง และจำนวนเด็กที่ผ่านเกณฑ์.xls","122","Sheet1","2568|7271081310","สำนักงานตำรวจแห่งชาติ","กองบัญชาการตำรวจตระเวนชายแดน","กองบังคับการตำรวจตระเวนชายแดนภาค 1","กองกำกับการตำรวจตระเวนชายแดนที่ 13","","","","7271081310","รร.ตชด.บ้านเรดาร์ *","รร.ตชด.บ้านเรดาร์ *","15/07/2564","2021-07-15","parsed","","","0","0","0","","0","0","0","0","0","0","0","0","0","0","0","0","0","0","0","0","0","0","0","0","0","0","0","0","0","0","0","0","0","0","0","0","0","0","0","0","0","0","0","0","0","0","0","0","0","0","0","0","0","0","0","0","0","0","0","0","0","0","0","0","0","0","0","0","0","0","0","0","0","0","0","0","0","0","0","0","0","A","ผ่าน"
"SCH_G3_0162","2568","2025","12. 2568 REP004-IMPROVEMENT 12 - ตารางสรุปรายงานมาตรฐานแต่ละด้าน พร้อมจำนวนข้อที่ต้องปรับปรุง และจำนวนเด็กที่ผ่านเกณฑ์.xls","123","Sheet1","2568|7271081311","สำนักงานตำรวจแห่งชาติ","กองบัญชาการตำรวจตระเวนชายแดน","กองบังคับการตำรวจตระเวนชายแดนภาค 1","กองกำกับการตำรวจตระเวนชายแดนที่ 13","","","","7271081311","รร.ตชด.บ้านทิไล่ป้า","รร.ตชด.บ้านทิไล่ป้า","19/05/2540","1997-05-19","parsed","","","0","0","0","","0","0","0","0","0","0","0","0","0","0","0","0","0","0","0","0","0","0","0","0","0","0","0","0","0","0","0","0","0","0","0","0","0","0","0","0","0","0","0","0","0","0","0","0","0","0","0","0","0","0","0","0","0","0","0","0","0","0","0","0","0","0","0","0","0","0","0","0","0","0","0","0","0","0","0","0","0","A","ผ่าน"
"SCH_G3_0163","2568","2025","12. 2568 REP004-IMPROVEMENT 12 - ตารางสรุปรายงานมาตรฐานแต่ละด้าน พร้อมจำนวนข้อที่ต้องปรับปรุง และจำนวนเด็กที่ผ่านเกณฑ์.xls","124","Sheet1","2568|7271081315","สำนักงานตำรวจแห่งชาติ","กองบัญชาการตำรวจตระเวนชายแดน","กองบังคับการตำรวจตระเวนชายแดนภาค 1","กองกำกับการตำรวจตระเวนชายแดนที่ 13","","","","7271081315","ศกร.ตชด.ท่านผู้หญิงมณีรัตน์ บุนนาค","ศกร.ตชด.ท่านผู้หญิงมณีรัตน์ บุนนาค","","","missing","","","0","0","0","","0","0","0","0","0","0","0","0","0","0","0","0","0","0","0","0","0","0","0","0","0","0","0","0","0","0","0","0","0","0","0","0","0","0","0","0","0","0","0","0","0","0","0","0","0","0","0","0","0","0","0","0","0","0","0","0","0","0","0","0","0","0","0","0","0","0","0","0","0","0","0","0","0","0","0","0","0","A","ผ่าน"
"SCH_G3_0164","2568","2025","12. 2568 REP004-IMPROVEMENT 12 - ตารางสรุปรายงานมาตรฐานแต่ละด้าน พร้อมจำนวนข้อที่ต้องปรับปรุง และจำนวนเด็กที่ผ่านเกณฑ์.xls","125","Sheet1","2568|7276081405","สำนักงานตำรวจแห่งชาติ","กองบัญชาการตำรวจตระเวนชายแดน","กองบังคับการตำรวจตระเวนชายแดนภาค 1","กองกำกับการตำรวจตระเวนชายแดนที่ 14","","","","7276081405","รร.ตชด.นเรศวรบ้านห้วยโสก","รร.ตชด.นเรศวรบ้านห้วยโสก","01/01/2528","1985-01-01","parsed","","","0","0","0","","0","0","0","0","0","0","0","0","0","0","0","0","0","0","0","0","0","0","0","0","0","0","0","0","0","0","0","0","0","0","0","0","0","0","0","0","0","0","0","0","0","0","0","0","0","0","0","0","0","0","0","0","0","0","0","0","0","0","0","0","0","0","0","0","0","0","0","0","0","0","0","0","0","0","0","0","0","A","ผ่าน"
"SCH_G3_0165","2568","2025","12. 2568 REP004-IMPROVEMENT 12 - ตารางสรุปรายงานมาตรฐานแต่ละด้าน พร้อมจำนวนข้อที่ต้องปรับปรุง และจำนวนเด็กที่ผ่านเกณฑ์.xls","126","Sheet1","2568|7276081406","สำนักงานตำรวจแห่งชาติ","กองบัญชาการตำรวจตระเวนชายแดน","กองบังคับการตำรวจตระเวนชายแดนภาค 1","กองกำกับการตำรวจตระเวนชายแดนที่ 14","","","","7276081406","รร.ตชด.บ้านโป่งลึก *","รร.ตชด.บ้านโป่งลึก *","09/04/2564","2021-04-09","parsed","1.2.3","1.2.3","1","1","0","","0","0","0","0","0","0","1","0","0","0","0","0","0","0","0","0","0","0","0","0","0","0","0","0","0","0","0","0","0","0","0","0","0","0","0","0","0","0","0","0","0","0","0","0","0","0","0","0","0","0","0","0","0","0","0","0","0","0","0","0","0","0","0","0","0","0","0","0","0","0","0","0","0","0","0","0","1","B","ผ่าน"
"SCH_G3_0166","2568","2025","12. 2568 REP004-IMPROVEMENT 12 - ตารางสรุปรายงานมาตรฐานแต่ละด้าน พร้อมจำนวนข้อที่ต้องปรับปรุง และจำนวนเด็กที่ผ่านเกณฑ์.xls","127","Sheet1","2568|7276081412","สำนักงานตำรวจแห่งชาติ","กองบัญชาการตำรวจตระเวนชายแดน","กองบังคับการตำรวจตระเวนชายแดนภาค 1","กองกำกับการตำรวจตระเวนชายแดนที่ 14","","","","7276081412","ศกร.ตชด.อินทรีอาสา","ศกร.ตชด.อินทรีอาสา","01/07/2563","2020-07-01","parsed","","","0","0","0","","0","0","0","0","0","0","0","0","0","0","0","0","0","0","0","0","0","0","0","0","0","0","0","0","0","0","0","0","0","0","0","0","0","0","0","0","0","0","0","0","0","0","0","0","0","0","0","0","0","0","0","0","0","0","0","0","0","0","0","0","0","0","0","0","0","0","0","0","0","0","0","0","0","0","0","0","0","A","ผ่าน"
"SCH_G3_0167","2568","2025","12. 2568 REP004-IMPROVEMENT 12 - ตารางสรุปรายงานมาตรฐานแต่ละด้าน พร้อมจำนวนข้อที่ต้องปรับปรุง และจำนวนเด็กที่ผ่านเกณฑ์.xls","128","Sheet1","2568|7277021403","สำนักงานตำรวจแห่งชาติ","กองบัญชาการตำรวจตระเวนชายแดน","กองบังคับการตำรวจตระเวนชายแดนภาค 1","กองกำกับการตำรวจตระเวนชายแดนที่ 14","","","","7277021403","รร.ตชด.บ้านย่านซื่อ","รร.ตชด.บ้านย่านซื่อ","23/07/2524","1981-07-23","parsed","","","0","0","0","","0","0","0","0","0","0","0","0","0","0","0","0","0","0","0","0","0","0","0","0","0","0","0","0","0","0","0","0","0","0","0","0","0","0","0","0","0","0","0","0","0","0","0","0","0","0","0","0","0","0","0","0","0","0","0","0","0","0","0","0","0","0","0","0","0","0","0","0","0","0","0","0","0","0","0","0","0","A","ผ่าน"
"SCH_G3_0168","2568","2025","12. 2568 REP004-IMPROVEMENT 12 - ตารางสรุปรายงานมาตรฐานแต่ละด้าน พร้อมจำนวนข้อที่ต้องปรับปรุง และจำนวนเด็กที่ผ่านเกณฑ์.xls","129","Sheet1","2568|7277051411","สำนักงานตำรวจแห่งชาติ","กองบัญชาการตำรวจตระเวนชายแดน","กองบังคับการตำรวจตระเวนชายแดนภาค 1","กองกำกับการตำรวจตระเวนชายแดนที่ 14","","","","7277051411","ศกร.ตชด.บ้านคีรีล้อม","ศกร.ตชด.บ้านคีรีล้อม","16/05/2557","2014-05-16","parsed","","","0","0","0","","0","0","0","0","0","0","0","0","0","0","0","0","0","0","0","0","0","0","0","0","0","0","0","0","0","0","0","0","0","0","0","0","0","0","0","0","0","0","0","0","0","0","0","0","0","0","0","0","0","0","0","0","0","0","0","0","0","0","0","0","0","0","0","0","0","0","0","0","0","0","0","0","0","0","0","0","0","A","ผ่าน"
"SCH_G3_0169","2568","2025","12. 2568 REP004-IMPROVEMENT 12 - ตารางสรุปรายงานมาตรฐานแต่ละด้าน พร้อมจำนวนข้อที่ต้องปรับปรุง และจำนวนเด็กที่ผ่านเกณฑ์.xls","130","Sheet1","2568|7277061401","สำนักงานตำรวจแห่งชาติ","กองบัญชาการตำรวจตระเวนชายแดน","กองบังคับการตำรวจตระเวนชายแดนภาค 1","กองกำกับการตำรวจตระเวนชายแดนที่ 14","","","","7277061401","รร.ตชด.บ้านเขาจ้าว","รร.ตชด.บ้านเขาจ้าว","21/04/2521","1978-04-21","parsed","1.2.3,3.6.2ข","1.2.3,3.6.2ข","2","2","0","","0","0","0","0","0","0","1","0","0","0","0","0","0","0","0","0","0","0","0","0","0","0","0","0","0","0","0","0","0","0","0","0","0","0","0","0","0","0","0","0","0","0","0","0","0","0","0","0","0","0","0","0","0","0","0","0","0","0","0","0","0","0","0","0","0","0","0","0","0","1","0","0","0","0","0","0","2","B","ผ่าน"
"SCH_G3_0170","2568","2025","12. 2568 REP004-IMPROVEMENT 12 - ตารางสรุปรายงานมาตรฐานแต่ละด้าน พร้อมจำนวนข้อที่ต้องปรับปรุง และจำนวนเด็กที่ผ่านเกณฑ์.xls","131","Sheet1","2568|7277061407","สำนักงานตำรวจแห่งชาติ","กองบัญชาการตำรวจตระเวนชายแดน","กองบังคับการตำรวจตระเวนชายแดนภาค 1","กองกำกับการตำรวจตระเวนชายแดนที่ 14","","","","7277061407","รร.ตชด.บ้านท่าวังหิน","รร.ตชด.บ้านท่าวังหิน","22/05/2534","1991-05-22","parsed","","","0","0","0","","0","0","0","0","0","0","0","0","0","0","0","0","0","0","0","0","0","0","0","0","0","0","0","0","0","0","0","0","0","0","0","0","0","0","0","0","0","0","0","0","0","0","0","0","0","0","0","0","0","0","0","0","0","0","0","0","0","0","0","0","0","0","0","0","0","0","0","0","0","0","0","0","0","0","0","0","0","A","ผ่าน"
"SCH_G3_0171","2568","2025","12. 2568 REP004-IMPROVEMENT 12 - ตารางสรุปรายงานมาตรฐานแต่ละด้าน พร้อมจำนวนข้อที่ต้องปรับปรุง และจำนวนเด็กที่ผ่านเกณฑ์.xls","132","Sheet1","2568|7277071404","สำนักงานตำรวจแห่งชาติ","กองบัญชาการตำรวจตระเวนชายแดน","กองบังคับการตำรวจตระเวนชายแดนภาค 1","กองกำกับการตำรวจตระเวนชายแดนที่ 14","","","","7277071404","รร.ตชด.นเรศวรป่าละอู","รร.ตชด.นเรศวรป่าละอู","13/10/2525","1982-10-13","parsed","","","0","0","0","","0","0","0","0","0","0","0","0","0","0","0","0","0","0","0","0","0","0","0","0","0","0","0","0","0","0","0","0","0","0","0","0","0","0","0","0","0","0","0","0","0","0","0","0","0","0","0","0","0","0","0","0","0","0","0","0","0","0","0","0","0","0","0","0","0","0","0","0","0","0","0","0","0","0","0","0","0","A","ผ่าน"
"SCH_G3_0172","2568","2025","12. 2568 REP004-IMPROVEMENT 12 - ตารางสรุปรายงานมาตรฐานแต่ละด้าน พร้อมจำนวนข้อที่ต้องปรับปรุง และจำนวนเด็กที่ผ่านเกณฑ์.xls","133","Sheet1","2568|7277071408","สำนักงานตำรวจแห่งชาติ","กองบัญชาการตำรวจตระเวนชายแดน","กองบังคับการตำรวจตระเวนชายแดนภาค 1","กองกำกับการตำรวจตระเวนชายแดนที่ 14","","","","7277071408","รร.ตชด.บ้านแพรกตะคร้อ","รร.ตชด.บ้านแพรกตะคร้อ","06/08/2563","2020-08-06","parsed","","","0","0","0","","0","0","0","0","0","0","0","0","0","0","0","0","0","0","0","0","0","0","0","0","0","0","0","0","0","0","0","0","0","0","0","0","0","0","0","0","0","0","0","0","0","0","0","0","0","0","0","0","0","0","0","0","0","0","0","0","0","0","0","0","0","0","0","0","0","0","0","0","0","0","0","0","0","0","0","0","0","A","ผ่าน"
"SCH_G3_0173","2568","2025","12. 2568 REP004-IMPROVEMENT 12 - ตารางสรุปรายงานมาตรฐานแต่ละด้าน พร้อมจำนวนข้อที่ต้องปรับปรุง และจำนวนเด็กที่ผ่านเกณฑ์.xls","134","Sheet1","2568|7277071409","สำนักงานตำรวจแห่งชาติ","กองบัญชาการตำรวจตระเวนชายแดน","กองบังคับการตำรวจตระเวนชายแดนภาค 1","กองกำกับการตำรวจตระเวนชายแดนที่ 14","","","","7277071409","รร.ตชด.บ้านคลองน้อย","รร.ตชด.บ้านคลองน้อย","26/03/2568","2025-03-26","parsed","","","0","0","0","","0","0","0","0","0","0","0","0","0","0","0","0","0","0","0","0","0","0","0","0","0","0","0","0","0","0","0","0","0","0","0","0","0","0","0","0","0","0","0","0","0","0","0","0","0","0","0","0","0","0","0","0","0","0","0","0","0","0","0","0","0","0","0","0","0","0","0","0","0","0","0","0","0","0","0","0","0","A","ผ่าน"
"SCH_G3_0174","2568","2025","12. 2568 REP004-IMPROVEMENT 12 - ตารางสรุปรายงานมาตรฐานแต่ละด้าน พร้อมจำนวนข้อที่ต้องปรับปรุง และจำนวนเด็กที่ผ่านเกณฑ์.xls","135","Sheet1","2568|7277081410","สำนักงานตำรวจแห่งชาติ","กองบัญชาการตำรวจตระเวนชายแดน","กองบังคับการตำรวจตระเวนชายแดนภาค 1","กองกำกับการตำรวจตระเวนชายแดนที่ 14","","","","7277081410","รร.ตชด.บ้านป่าหมาก","รร.ตชด.บ้านป่าหมาก","01/11/2542","1999-11-01","parsed","","","0","0","0","","0","0","0","0","0","0","0","0","0","0","0","0","0","0","0","0","0","0","0","0","0","0","0","0","0","0","0","0","0","0","0","0","0","0","0","0","0","0","0","0","0","0","0","0","0","0","0","0","0","0","0","0","0","0","0","0","0","0","0","0","0","0","0","0","0","0","0","0","0","0","0","0","0","0","0","0","0","A","ผ่าน"
"SCH_G3_0175","2568","2025","12. 2568 REP004-IMPROVEMENT 12 - ตารางสรุปรายงานมาตรฐานแต่ละด้าน พร้อมจำนวนข้อที่ต้องปรับปรุง และจำนวนเด็กที่ผ่านเกณฑ์.xls","136","Sheet1","2568|7280074207","สำนักงานตำรวจแห่งชาติ","กองบัญชาการตำรวจตระเวนชายแดน","กองบังคับการตำรวจตระเวนชายแดนภาค 4","กองกำกับการตำรวจตระเวนชายแดนที่ 42","","","","7280074207","ศกร.ตชด.บ้านหลังอ้ายหมี","ศกร.ตชด.บ้านหลังอ้ายหมี","16/05/2557","2014-05-16","parsed","","","0","0","0","","0","0","0","0","0","0","0","0","0","0","0","0","0","0","0","0","0","0","0","0","0","0","0","0","0","0","0","0","0","0","0","0","0","0","0","0","0","0","0","0","0","0","0","0","0","0","0","0","0","0","0","0","0","0","0","0","0","0","0","0","0","0","0","0","0","0","0","0","0","0","0","0","0","0","0","0","0","A","ผ่าน"
"SCH_G3_0176","2568","2025","12. 2568 REP004-IMPROVEMENT 12 - ตารางสรุปรายงานมาตรฐานแต่ละด้าน พร้อมจำนวนข้อที่ต้องปรับปรุง และจำนวนเด็กที่ผ่านเกณฑ์.xls","137","Sheet1","2568|7280084205","สำนักงานตำรวจแห่งชาติ","กองบัญชาการตำรวจตระเวนชายแดน","กองบังคับการตำรวจตระเวนชายแดนภาค 4","กองกำกับการตำรวจตระเวนชายแดนที่ 42","","","","7280084205","ศกร.ตชด.บ้านห้วยตง","ศกร.ตชด.บ้านห้วยตง","16/05/2557","2014-05-16","parsed","","","0","0","0","","0","0","0","0","0","0","0","0","0","0","0","0","0","0","0","0","0","0","0","0","0","0","0","0","0","0","0","0","0","0","0","0","0","0","0","0","0","0","0","0","0","0","0","0","0","0","0","0","0","0","0","0","0","0","0","0","0","0","0","0","0","0","0","0","0","0","0","0","0","0","0","0","0","0","0","0","0","A","ผ่าน"
"SCH_G3_0177","2568","2025","12. 2568 REP004-IMPROVEMENT 12 - ตารางสรุปรายงานมาตรฐานแต่ละด้าน พร้อมจำนวนข้อที่ต้องปรับปรุง และจำนวนเด็กที่ผ่านเกณฑ์.xls","138","Sheet1","2568|7280134204","สำนักงานตำรวจแห่งชาติ","กองบัญชาการตำรวจตระเวนชายแดน","กองบังคับการตำรวจตระเวนชายแดนภาค 4","กองกำกับการตำรวจตระเวนชายแดนที่ 42","","","","7280134204","รร.ตชด.บ้านเขาวัง","รร.ตชด.บ้านเขาวัง","15/05/2566","2023-05-15","parsed","","","0","0","0","","0","0","0","0","0","0","0","0","0","0","0","0","0","0","0","0","0","0","0","0","0","0","0","0","0","0","0","0","0","0","0","0","0","0","0","0","0","0","0","0","0","0","0","0","0","0","0","0","0","0","0","0","0","0","0","0","0","0","0","0","0","0","0","0","0","0","0","0","0","0","0","0","0","0","0","0","0","A","ผ่าน"
"SCH_G3_0178","2568","2025","12. 2568 REP004-IMPROVEMENT 12 - ตารางสรุปรายงานมาตรฐานแต่ละด้าน พร้อมจำนวนข้อที่ต้องปรับปรุง และจำนวนเด็กที่ผ่านเกณฑ์.xls","139","Sheet1","2568|7281044206","สำนักงานตำรวจแห่งชาติ","กองบัญชาการตำรวจตระเวนชายแดน","กองบังคับการตำรวจตระเวนชายแดนภาค 4","กองกำกับการตำรวจตระเวนชายแดนที่ 42","","","","7281044206","ศกร.ตชด.บ้านแผ่นดินเสมอ","ศกร.ตชด.บ้านแผ่นดินเสมอ","16/05/2557","2014-05-16","parsed","","","0","0","0","","0","0","0","0","0","0","0","0","0","0","0","0","0","0","0","0","0","0","0","0","0","0","0","0","0","0","0","0","0","0","0","0","0","0","0","0","0","0","0","0","0","0","0","0","0","0","0","0","0","0","0","0","0","0","0","0","0","0","0","0","0","0","0","0","0","0","0","0","0","0","0","0","0","0","0","0","0","A","ผ่าน"
"SCH_G3_0179","2568","2025","12. 2568 REP004-IMPROVEMENT 12 - ตารางสรุปรายงานมาตรฐานแต่ละด้าน พร้อมจำนวนข้อที่ต้องปรับปรุง และจำนวนเด็กที่ผ่านเกณฑ์.xls","140","Sheet1","2568|7282194103","สำนักงานตำรวจแห่งชาติ","กองบัญชาการตำรวจตระเวนชายแดน","กองบังคับการตำรวจตระเวนชายแดนภาค 4","กองกำกับการตำรวจตระเวนชายแดนที่ 41","","","","7282194103","รร.ตชด.บ้านคลองวาย","รร.ตชด.บ้านคลองวาย","09/05/2531","1988-05-09","parsed","","","0","0","0","","0","0","0","0","0","0","0","0","0","0","0","0","0","0","0","0","0","0","0","0","0","0","0","0","0","0","0","0","0","0","0","0","0","0","0","0","0","0","0","0","0","0","0","0","0","0","0","0","0","0","0","0","0","0","0","0","0","0","0","0","0","0","0","0","0","0","0","0","0","0","0","0","0","0","0","0","0","A","ผ่าน"
"SCH_G3_0180","2568","2025","12. 2568 REP004-IMPROVEMENT 12 - ตารางสรุปรายงานมาตรฐานแต่ละด้าน พร้อมจำนวนข้อที่ต้องปรับปรุง และจำนวนเด็กที่ผ่านเกณฑ์.xls","141","Sheet1","2568|7284064111","สำนักงานตำรวจแห่งชาติ","กองบัญชาการตำรวจตระเวนชายแดน","กองบังคับการตำรวจตระเวนชายแดนภาค 4","กองกำกับการตำรวจตระเวนชายแดนที่ 41","","","","7284064111","รร.ตชด.บ้านยางโพรง","รร.ตชด.บ้านยางโพรง","","","missing","","","0","0","0","","0","0","0","0","0","0","0","0","0","0","0","0","0","0","0","0","0","0","0","0","0","0","0","0","0","0","0","0","0","0","0","0","0","0","0","0","0","0","0","0","0","0","0","0","0","0","0","0","0","0","0","0","0","0","0","0","0","0","0","0","0","0","0","0","0","0","0","0","0","0","0","0","0","0","0","0","0","A","ผ่าน"
"SCH_G3_0181","2568","2025","12. 2568 REP004-IMPROVEMENT 12 - ตารางสรุปรายงานมาตรฐานแต่ละด้าน พร้อมจำนวนข้อที่ต้องปรับปรุง และจำนวนเด็กที่ผ่านเกณฑ์.xls","142","Sheet1","2568|7284074110","สำนักงานตำรวจแห่งชาติ","กองบัญชาการตำรวจตระเวนชายแดน","กองบังคับการตำรวจตระเวนชายแดนภาค 4","กองกำกับการตำรวจตระเวนชายแดนที่ 41","","","","7284074110","รร.ตชด.บ้านกอเตย","รร.ตชด.บ้านกอเตย","16/05/2540","1997-05-16","parsed","","","0","0","0","","0","0","0","0","0","0","0","0","0","0","0","0","0","0","0","0","0","0","0","0","0","0","0","0","0","0","0","0","0","0","0","0","0","0","0","0","0","0","0","0","0","0","0","0","0","0","0","0","0","0","0","0","0","0","0","0","0","0","0","0","0","0","0","0","0","0","0","0","0","0","0","0","0","0","0","0","0","A","ผ่าน"
"SCH_G3_0182","2568","2025","12. 2568 REP004-IMPROVEMENT 12 - ตารางสรุปรายงานมาตรฐานแต่ละด้าน พร้อมจำนวนข้อที่ต้องปรับปรุง และจำนวนเด็กที่ผ่านเกณฑ์.xls","143","Sheet1","2568|7284164101","สำนักงานตำรวจแห่งชาติ","กองบัญชาการตำรวจตระเวนชายแดน","กองบังคับการตำรวจตระเวนชายแดนภาค 4","กองกำกับการตำรวจตระเวนชายแดนที่ 41","","","","7284164101","รร.ตชด.เทคนิคมีนบุรีอนุสรณ์ 1","รร.ตชด.เทคนิคมีนบุรีอนุสรณ์ 1","06/07/2530","1987-07-06","parsed","","","0","0","0","","0","0","0","0","0","0","0","0","0","0","0","0","0","0","0","0","0","0","0","0","0","0","0","0","0","0","0","0","0","0","0","0","0","0","0","0","0","0","0","0","0","0","0","0","0","0","0","0","0","0","0","0","0","0","0","0","0","0","0","0","0","0","0","0","0","0","0","0","0","0","0","0","0","0","0","0","0","A","ผ่าน"
"SCH_G3_0183","2568","2025","12. 2568 REP004-IMPROVEMENT 12 - ตารางสรุปรายงานมาตรฐานแต่ละด้าน พร้อมจำนวนข้อที่ต้องปรับปรุง และจำนวนเด็กที่ผ่านเกณฑ์.xls","144","Sheet1","2568|7284164109","สำนักงานตำรวจแห่งชาติ","กองบัญชาการตำรวจตระเวนชายแดน","กองบังคับการตำรวจตระเวนชายแดนภาค 4","กองกำกับการตำรวจตระเวนชายแดนที่ 41","","","","7284164109","รร.ตชด.บ้านควนสามัคคี","รร.ตชด.บ้านควนสามัคคี","01/07/2563","2020-07-01","parsed","","","0","0","0","","0","0","0","0","0","0","0","0","0","0","0","0","0","0","0","0","0","0","0","0","0","0","0","0","0","0","0","0","0","0","0","0","0","0","0","0","0","0","0","0","0","0","0","0","0","0","0","0","0","0","0","0","0","0","0","0","0","0","0","0","0","0","0","0","0","0","0","0","0","0","0","0","0","0","0","0","0","A","ผ่าน"
"SCH_G3_0184","2568","2025","12. 2568 REP004-IMPROVEMENT 12 - ตารางสรุปรายงานมาตรฐานแต่ละด้าน พร้อมจำนวนข้อที่ต้องปรับปรุง และจำนวนเด็กที่ผ่านเกณฑ์.xls","145","Sheet1","2568|7286024102","สำนักงานตำรวจแห่งชาติ","กองบัญชาการตำรวจตระเวนชายแดน","กองบังคับการตำรวจตระเวนชายแดนภาค 4","กองกำกับการตำรวจตระเวนชายแดนที่ 41","","","","7286024102","รร.ตชด.สันตินิมิตร","รร.ตชด.สันตินิมิตร","15/07/2546","2003-07-15","parsed","1.2.3","1.2.3","1","1","0","","0","0","0","0","0","0","1","0","0","0","0","0","0","0","0","0","0","0","0","0","0","0","0","0","0","0","0","0","0","0","0","0","0","0","0","0","0","0","0","0","0","0","0","0","0","0","0","0","0","0","0","0","0","0","0","0","0","0","0","0","0","0","0","0","0","0","0","0","0","0","0","0","0","0","0","0","1","B","ผ่าน"
"SCH_G3_0185","2568","2025","12. 2568 REP004-IMPROVEMENT 12 - ตารางสรุปรายงานมาตรฐานแต่ละด้าน พร้อมจำนวนข้อที่ต้องปรับปรุง และจำนวนเด็กที่ผ่านเกณฑ์.xls","146","Sheet1","2568|7286024107","สำนักงานตำรวจแห่งชาติ","กองบัญชาการตำรวจตระเวนชายแดน","กองบังคับการตำรวจตระเวนชายแดนภาค 4","กองกำกับการตำรวจตระเวนชายแดนที่ 41","","","","7286024107","รร.ตชด.บ้านพันวาล","รร.ตชด.บ้านพันวาล","17/05/2564","2021-05-17","parsed","","","0","0","0","","0","0","0","0","0","0","0","0","0","0","0","0","0","0","0","0","0","0","0","0","0","0","0","0","0","0","0","0","0","0","0","0","0","0","0","0","0","0","0","0","0","0","0","0","0","0","0","0","0","0","0","0","0","0","0","0","0","0","0","0","0","0","0","0","0","0","0","0","0","0","0","0","0","0","0","0","0","A","ผ่าน"
"SCH_G3_0186","2568","2025","12. 2568 REP004-IMPROVEMENT 12 - ตารางสรุปรายงานมาตรฐานแต่ละด้าน พร้อมจำนวนข้อที่ต้องปรับปรุง และจำนวนเด็กที่ผ่านเกณฑ์.xls","147","Sheet1","2568|7286044106","สำนักงานตำรวจแห่งชาติ","กองบัญชาการตำรวจตระเวนชายแดน","กองบังคับการตำรวจตระเวนชายแดนภาค 4","กองกำกับการตำรวจตระเวนชายแดนที่ 41","","","","7286044106","รร.ตชด.บ้านห้วยเหมือง","รร.ตชด.บ้านห้วยเหมือง","15/07/2531","1988-07-15","parsed","","","0","0","0","","0","0","0","0","0","0","0","0","0","0","0","0","0","0","0","0","0","0","0","0","0","0","0","0","0","0","0","0","0","0","0","0","0","0","0","0","0","0","0","0","0","0","0","0","0","0","0","0","0","0","0","0","0","0","0","0","0","0","0","0","0","0","0","0","0","0","0","0","0","0","0","0","0","0","0","0","0","A","ผ่าน"
"SCH_G3_0187","2568","2025","12. 2568 REP004-IMPROVEMENT 12 - ตารางสรุปรายงานมาตรฐานแต่ละด้าน พร้อมจำนวนข้อที่ต้องปรับปรุง และจำนวนเด็กที่ผ่านเกณฑ์.xls","148","Sheet1","2568|7286054105","สำนักงานตำรวจแห่งชาติ","กองบัญชาการตำรวจตระเวนชายแดน","กองบังคับการตำรวจตระเวนชายแดนภาค 4","กองกำกับการตำรวจตระเวนชายแดนที่ 41","","","","7286054105","รร.ตชด.สิริราษฎร์","รร.ตชด.สิริราษฎร์","01/02/2531","1988-02-01","parsed","","","0","0","0","","0","0","0","0","0","0","0","0","0","0","0","0","0","0","0","0","0","0","0","0","0","0","0","0","0","0","0","0","0","0","0","0","0","0","0","0","0","0","0","0","0","0","0","0","0","0","0","0","0","0","0","0","0","0","0","0","0","0","0","0","0","0","0","0","0","0","0","0","0","0","0","0","0","0","0","0","0","A","ผ่าน"
"SCH_G3_0188","2568","2025","12. 2568 REP004-IMPROVEMENT 12 - ตารางสรุปรายงานมาตรฐานแต่ละด้าน พร้อมจำนวนข้อที่ต้องปรับปรุง และจำนวนเด็กที่ผ่านเกณฑ์.xls","149","Sheet1","2568|7286054108","สำนักงานตำรวจแห่งชาติ","กองบัญชาการตำรวจตระเวนชายแดน","กองบังคับการตำรวจตระเวนชายแดนภาค 4","กองกำกับการตำรวจตระเวนชายแดนที่ 41","","","","7286054108","รร.ตชด.บ้านสวนเพชร","รร.ตชด.บ้านสวนเพชร","13/05/2532","1989-05-13","parsed","","","0","0","0","","0","0","0","0","0","0","0","0","0","0","0","0","0","0","0","0","0","0","0","0","0","0","0","0","0","0","0","0","0","0","0","0","0","0","0","0","0","0","0","0","0","0","0","0","0","0","0","0","0","0","0","0","0","0","0","0","0","0","0","0","0","0","0","0","0","0","0","0","0","0","0","0","0","0","0","0","0","A","ผ่าน"
"SCH_G3_0189","2568","2025","12. 2568 REP004-IMPROVEMENT 12 - ตารางสรุปรายงานมาตรฐานแต่ละด้าน พร้อมจำนวนข้อที่ต้องปรับปรุง และจำนวนเด็กที่ผ่านเกณฑ์.xls","150","Sheet1","2568|7286064112","สำนักงานตำรวจแห่งชาติ","กองบัญชาการตำรวจตระเวนชายแดน","กองบังคับการตำรวจตระเวนชายแดนภาค 4","กองกำกับการตำรวจตระเวนชายแดนที่ 41","","","","7286064112","รร.ตชด.บ้านตะแบกงาม (ตันตระเธียรอุปถัมป์)","รร.ตชด.บ้านตะแบกงาม (ตันตระเธียรอุปถัมป์)","14/03/2565","2022-03-14","parsed","","","0","0","0","","0","0","0","0","0","0","0","0","0","0","0","0","0","0","0","0","0","0","0","0","0","0","0","0","0","0","0","0","0","0","0","0","0","0","0","0","0","0","0","0","0","0","0","0","0","0","0","0","0","0","0","0","0","0","0","0","0","0","0","0","0","0","0","0","0","0","0","0","0","0","0","0","0","0","0","0","0","A","ผ่าน"
"SCH_G3_0190","2568","2025","12. 2568 REP004-IMPROVEMENT 12 - ตารางสรุปรายงานมาตรฐานแต่ละด้าน พร้อมจำนวนข้อที่ต้องปรับปรุง และจำนวนเด็กที่ผ่านเกณฑ์.xls","151","Sheet1","2568|7290044303","สำนักงานตำรวจแห่งชาติ","กองบัญชาการตำรวจตระเวนชายแดน","กองบังคับการตำรวจตระเวนชายแดนภาค 4","กองกำกับการตำรวจตระเวนชายแดนที่ 43","","","","7290044303","รร.ตชด.เชิญ  พิศลยบุตร","รร.ตชด.เชิญ  พิศลยบุตร","20/02/2568","2025-02-20","parsed","","","0","0","0","","0","0","0","0","0","0","0","0","0","0","0","0","0","0","0","0","0","0","0","0","0","0","0","0","0","0","0","0","0","0","0","0","0","0","0","0","0","0","0","0","0","0","0","0","0","0","0","0","0","0","0","0","0","0","0","0","0","0","0","0","0","0","0","0","0","0","0","0","0","0","0","0","0","0","0","0","0","A","ผ่าน"
"SCH_G3_0191","2568","2025","12. 2568 REP004-IMPROVEMENT 12 - ตารางสรุปรายงานมาตรฐานแต่ละด้าน พร้อมจำนวนข้อที่ต้องปรับปรุง และจำนวนเด็กที่ผ่านเกณฑ์.xls","152","Sheet1","2568|7290044310","สำนักงานตำรวจแห่งชาติ","กองบัญชาการตำรวจตระเวนชายแดน","กองบังคับการตำรวจตระเวนชายแดนภาค 4","กองกำกับการตำรวจตระเวนชายแดนที่ 43","","","","7290044310","รร.ตชด.บ้านประกอบออก","รร.ตชด.บ้านประกอบออก","29/06/2529","1986-06-29","parsed","","","0","0","0","","0","0","0","0","0","0","0","0","0","0","0","0","0","0","0","0","0","0","0","0","0","0","0","0","0","0","0","0","0","0","0","0","0","0","0","0","0","0","0","0","0","0","0","0","0","0","0","0","0","0","0","0","0","0","0","0","0","0","0","0","0","0","0","0","0","0","0","0","0","0","0","0","0","0","0","0","0","A","ผ่าน"
"SCH_G3_0192","2568","2025","12. 2568 REP004-IMPROVEMENT 12 - ตารางสรุปรายงานมาตรฐานแต่ละด้าน พร้อมจำนวนข้อที่ต้องปรับปรุง และจำนวนเด็กที่ผ่านเกณฑ์.xls","153","Sheet1","2568|7290064302","สำนักงานตำรวจแห่งชาติ","กองบัญชาการตำรวจตระเวนชายแดน","กองบังคับการตำรวจตระเวนชายแดนภาค 4","กองกำกับการตำรวจตระเวนชายแดนที่ 43","","","","7290064302","รร.ตชด.มหาราช 1","รร.ตชด.มหาราช 1","16/05/2566","2023-05-16","parsed","","","0","0","0","","0","0","0","0","0","0","0","0","0","0","0","0","0","0","0","0","0","0","0","0","0","0","0","0","0","0","0","0","0","0","0","0","0","0","0","0","0","0","0","0","0","0","0","0","0","0","0","0","0","0","0","0","0","0","0","0","0","0","0","0","0","0","0","0","0","0","0","0","0","0","0","0","0","0","0","0","0","A","ผ่าน"
"SCH_G3_0193","2568","2025","12. 2568 REP004-IMPROVEMENT 12 - ตารางสรุปรายงานมาตรฐานแต่ละด้าน พร้อมจำนวนข้อที่ต้องปรับปรุง และจำนวนเด็กที่ผ่านเกณฑ์.xls","154","Sheet1","2568|7290064304","สำนักงานตำรวจแห่งชาติ","กองบัญชาการตำรวจตระเวนชายแดน","กองบังคับการตำรวจตระเวนชายแดนภาค 4","กองกำกับการตำรวจตระเวนชายแดนที่ 43","","","","7290064304","รร.ตชด.บ้านสำนักเอาะ","รร.ตชด.บ้านสำนักเอาะ","18/06/2518","1975-06-18","parsed","","","0","0","0","","0","0","0","0","0","0","0","0","0","0","0","0","0","0","0","0","0","0","0","0","0","0","0","0","0","0","0","0","0","0","0","0","0","0","0","0","0","0","0","0","0","0","0","0","0","0","0","0","0","0","0","0","0","0","0","0","0","0","0","0","0","0","0","0","0","0","0","0","0","0","0","0","0","0","0","0","0","A","ผ่าน"
"SCH_G3_0194","2568","2025","12. 2568 REP004-IMPROVEMENT 12 - ตารางสรุปรายงานมาตรฐานแต่ละด้าน พร้อมจำนวนข้อที่ต้องปรับปรุง และจำนวนเด็กที่ผ่านเกณฑ์.xls","155","Sheet1","2568|7290064308","สำนักงานตำรวจแห่งชาติ","กองบัญชาการตำรวจตระเวนชายแดน","กองบังคับการตำรวจตระเวนชายแดนภาค 4","กองกำกับการตำรวจตระเวนชายแดนที่ 43","","","","7290064308","รร.ตชด.บ้านหาดทราย","รร.ตชด.บ้านหาดทราย","26/05/2526","1983-05-26","parsed","","","0","0","0","","0","0","0","0","0","0","0","0","0","0","0","0","0","0","0","0","0","0","0","0","0","0","0","0","0","0","0","0","0","0","0","0","0","0","0","0","0","0","0","0","0","0","0","0","0","0","0","0","0","0","0","0","0","0","0","0","0","0","0","0","0","0","0","0","0","0","0","0","0","0","0","0","0","0","0","0","0","A","ผ่าน"
"SCH_G3_0195","2568","2025","12. 2568 REP004-IMPROVEMENT 12 - ตารางสรุปรายงานมาตรฐานแต่ละด้าน พร้อมจำนวนข้อที่ต้องปรับปรุง และจำนวนเด็กที่ผ่านเกณฑ์.xls","156","Sheet1","2568|7290104301","สำนักงานตำรวจแห่งชาติ","กองบัญชาการตำรวจตระเวนชายแดน","กองบังคับการตำรวจตระเวนชายแดนภาค 4","กองกำกับการตำรวจตระเวนชายแดนที่ 43","","","","7290104301","รร.ตชด.สื่อมวลชนกีฬา","รร.ตชด.สื่อมวลชนกีฬา","12/10/2502","1959-10-12","parsed","","","0","0","0","","0","0","0","0","0","0","0","0","0","0","0","0","0","0","0","0","0","0","0","0","0","0","0","0","0","0","0","0","0","0","0","0","0","0","0","0","0","0","0","0","0","0","0","0","0","0","0","0","0","0","0","0","0","0","0","0","0","0","0","0","0","0","0","0","0","0","0","0","0","0","0","0","0","0","0","0","0","A","ผ่าน"
"SCH_G3_0196","2568","2025","12. 2568 REP004-IMPROVEMENT 12 - ตารางสรุปรายงานมาตรฐานแต่ละด้าน พร้อมจำนวนข้อที่ต้องปรับปรุง และจำนวนเด็กที่ผ่านเกณฑ์.xls","157","Sheet1","2568|7290104305","สำนักงานตำรวจแห่งชาติ","กองบัญชาการตำรวจตระเวนชายแดน","กองบังคับการตำรวจตระเวนชายแดนภาค 4","กองกำกับการตำรวจตระเวนชายแดนที่ 43","","","","7290104305","รร.ตชด.บ้านชายควน","รร.ตชด.บ้านชายควน","","","missing","","","0","0","0","","0","0","0","0","0","0","0","0","0","0","0","0","0","0","0","0","0","0","0","0","0","0","0","0","0","0","0","0","0","0","0","0","0","0","0","0","0","0","0","0","0","0","0","0","0","0","0","0","0","0","0","0","0","0","0","0","0","0","0","0","0","0","0","0","0","0","0","0","0","0","0","0","0","0","0","0","0","A","ผ่าน"
"SCH_G3_0197","2568","2025","12. 2568 REP004-IMPROVEMENT 12 - ตารางสรุปรายงานมาตรฐานแต่ละด้าน พร้อมจำนวนข้อที่ต้องปรับปรุง และจำนวนเด็กที่ผ่านเกณฑ์.xls","158","Sheet1","2568|7290104307","สำนักงานตำรวจแห่งชาติ","กองบัญชาการตำรวจตระเวนชายแดน","กองบังคับการตำรวจตระเวนชายแดนภาค 4","กองกำกับการตำรวจตระเวนชายแดนที่ 43","","","","7290104307","โรงเรียน ตชด.พลตำรวจเอกสมศักดิ์ แขวงโสภา(บ้านทุ่งสบายใจ)","โรงเรียน ตชด.พลตำรวจเอกสมศักดิ์ แขวงโสภา(บ้านทุ่งสบายใจ)","25/03/2568","2025-03-25","parsed","","","0","0","0","","0","0","0","0","0","0","0","0","0","0","0","0","0","0","0","0","0","0","0","0","0","0","0","0","0","0","0","0","0","0","0","0","0","0","0","0","0","0","0","0","0","0","0","0","0","0","0","0","0","0","0","0","0","0","0","0","0","0","0","0","0","0","0","0","0","0","0","0","0","0","0","0","0","0","0","0","0","A","ผ่าน"
"SCH_G3_0198","2568","2025","12. 2568 REP004-IMPROVEMENT 12 - ตารางสรุปรายงานมาตรฐานแต่ละด้าน พร้อมจำนวนข้อที่ต้องปรับปรุง และจำนวนเด็กที่ผ่านเกณฑ์.xls","159","Sheet1","2568|7290104315","สำนักงานตำรวจแห่งชาติ","กองบัญชาการตำรวจตระเวนชายแดน","กองบังคับการตำรวจตระเวนชายแดนภาค 4","กองกำกับการตำรวจตระเวนชายแดนที่ 43","","","","7290104315","รร.ตชด.บ้านบาโรย","รร.ตชด.บ้านบาโรย","09/11/2541","1998-11-09","parsed","","","0","0","0","","0","0","0","0","0","0","0","0","0","0","0","0","0","0","0","0","0","0","0","0","0","0","0","0","0","0","0","0","0","0","0","0","0","0","0","0","0","0","0","0","0","0","0","0","0","0","0","0","0","0","0","0","0","0","0","0","0","0","0","0","0","0","0","0","0","0","0","0","0","0","0","0","0","0","0","0","0","A","ผ่าน"
"SCH_G3_0199","2568","2025","12. 2568 REP004-IMPROVEMENT 12 - ตารางสรุปรายงานมาตรฐานแต่ละด้าน พร้อมจำนวนข้อที่ต้องปรับปรุง และจำนวนเด็กที่ผ่านเกณฑ์.xls","160","Sheet1","2568|7290104316","สำนักงานตำรวจแห่งชาติ","กองบัญชาการตำรวจตระเวนชายแดน","กองบังคับการตำรวจตระเวนชายแดนภาค 4","กองกำกับการตำรวจตระเวนชายแดนที่ 43","","","","7290104316","รร.ตชด.พลเอกนวล-คุณหญิงบานชื่น จันทร์ตรี","รร.ตชด.พลเอกนวล-คุณหญิงบานชื่น จันทร์ตรี","17/05/2553","2010-05-17","parsed","","","0","0","0","","0","0","0","0","0","0","0","0","0","0","0","0","0","0","0","0","0","0","0","0","0","0","0","0","0","0","0","0","0","0","0","0","0","0","0","0","0","0","0","0","0","0","0","0","0","0","0","0","0","0","0","0","0","0","0","0","0","0","0","0","0","0","0","0","0","0","0","0","0","0","0","0","0","0","0","0","0","A","ผ่าน"
"SCH_G3_0200","2568","2025","12. 2568 REP004-IMPROVEMENT 12 - ตารางสรุปรายงานมาตรฐานแต่ละด้าน พร้อมจำนวนข้อที่ต้องปรับปรุง และจำนวนเด็กที่ผ่านเกณฑ์.xls","161","Sheet1","2568|7291034311","สำนักงานตำรวจแห่งชาติ","กองบัญชาการตำรวจตระเวนชายแดน","กองบังคับการตำรวจตระเวนชายแดนภาค 4","กองกำกับการตำรวจตระเวนชายแดนที่ 43","","","","7291034311","รร.ตชด.ยูงทองรัฐประชาสรรค์","รร.ตชด.ยูงทองรัฐประชาสรรค์","16/05/2568","2025-05-16","parsed","","","0","0","0","","0","0","0","0","0","0","0","0","0","0","0","0","0","0","0","0","0","0","0","0","0","0","0","0","0","0","0","0","0","0","0","0","0","0","0","0","0","0","0","0","0","0","0","0","0","0","0","0","0","0","0","0","0","0","0","0","0","0","0","0","0","0","0","0","0","0","0","0","0","0","0","0","0","0","0","0","0","A","ผ่าน"
"SCH_G3_0201","2568","2025","12. 2568 REP004-IMPROVEMENT 12 - ตารางสรุปรายงานมาตรฐานแต่ละด้าน พร้อมจำนวนข้อที่ต้องปรับปรุง และจำนวนเด็กที่ผ่านเกณฑ์.xls","162","Sheet1","2568|7291034314","สำนักงานตำรวจแห่งชาติ","กองบัญชาการตำรวจตระเวนชายแดน","กองบังคับการตำรวจตระเวนชายแดนภาค 4","กองกำกับการตำรวจตระเวนชายแดนที่ 43","","","","7291034314","รร.ตชด.บ้านส้านแดง","รร.ตชด.บ้านส้านแดง","","","missing","","","0","0","0","","0","0","0","0","0","0","0","0","0","0","0","0","0","0","0","0","0","0","0","0","0","0","0","0","0","0","0","0","0","0","0","0","0","0","0","0","0","0","0","0","0","0","0","0","0","0","0","0","0","0","0","0","0","0","0","0","0","0","0","0","0","0","0","0","0","0","0","0","0","0","0","0","0","0","0","0","0","A","ผ่าน"
"SCH_G3_0202","2568","2025","12. 2568 REP004-IMPROVEMENT 12 - ตารางสรุปรายงานมาตรฐานแต่ละด้าน พร้อมจำนวนข้อที่ต้องปรับปรุง และจำนวนเด็กที่ผ่านเกณฑ์.xls","163","Sheet1","2568|7292044309","สำนักงานตำรวจแห่งชาติ","กองบัญชาการตำรวจตระเวนชายแดน","กองบังคับการตำรวจตระเวนชายแดนภาค 4","กองกำกับการตำรวจตระเวนชายแดนที่ 43","","","","7292044309","รร.ตชด.สันติราษฎร์ประชาบำรุง","รร.ตชด.สันติราษฎร์ประชาบำรุง","14/06/2528","1985-06-14","parsed","","","0","0","0","","0","0","0","0","0","0","0","0","0","0","0","0","0","0","0","0","0","0","0","0","0","0","0","0","0","0","0","0","0","0","0","0","0","0","0","0","0","0","0","0","0","0","0","0","0","0","0","0","0","0","0","0","0","0","0","0","0","0","0","0","0","0","0","0","0","0","0","0","0","0","0","0","0","0","0","0","0","A","ผ่าน"
"SCH_G3_0203","2568","2025","12. 2568 REP004-IMPROVEMENT 12 - ตารางสรุปรายงานมาตรฐานแต่ละด้าน พร้อมจำนวนข้อที่ต้องปรับปรุง และจำนวนเด็กที่ผ่านเกณฑ์.xls","164","Sheet1","2568|7292044312","สำนักงานตำรวจแห่งชาติ","กองบัญชาการตำรวจตระเวนชายแดน","กองบังคับการตำรวจตระเวนชายแดนภาค 4","กองกำกับการตำรวจตระเวนชายแดนที่ 43","","","","7292044312","รร.ตชด.บ้านหินจอก","รร.ตชด.บ้านหินจอก","05/05/2531","1988-05-05","parsed","1.2.3,3.1.2ข","1.2.3,3.1.2ข","2","2","0","","0","0","0","0","0","0","1","0","0","0","0","0","0","0","0","0","0","0","0","0","0","0","0","0","0","0","0","0","0","0","0","0","0","0","0","0","0","0","0","0","0","0","0","0","0","0","0","0","0","0","0","0","0","0","0","1","0","0","0","0","0","0","0","0","0","0","0","0","0","0","0","0","0","0","0","0","2","B","ผ่าน"
"SCH_G3_0204","2568","2025","12. 2568 REP004-IMPROVEMENT 12 - ตารางสรุปรายงานมาตรฐานแต่ละด้าน พร้อมจำนวนข้อที่ต้องปรับปรุง และจำนวนเด็กที่ผ่านเกณฑ์.xls","165","Sheet1","2568|7293104313","สำนักงานตำรวจแห่งชาติ","กองบัญชาการตำรวจตระเวนชายแดน","กองบังคับการตำรวจตระเวนชายแดนภาค 4","กองกำกับการตำรวจตระเวนชายแดนที่ 43","","","","7293104313","รร.ตชด.บ้านควนตะแบก","รร.ตชด.บ้านควนตะแบก","14/02/2533","1990-02-14","parsed","","","0","0","0","","0","0","0","0","0","0","0","0","0","0","0","0","0","0","0","0","0","0","0","0","0","0","0","0","0","0","0","0","0","0","0","0","0","0","0","0","0","0","0","0","0","0","0","0","0","0","0","0","0","0","0","0","0","0","0","0","0","0","0","0","0","0","0","0","0","0","0","0","0","0","0","0","0","0","0","0","0","A","ผ่าน"
"SCH_G3_0206","2568","2025","12. 2568 REP004-IMPROVEMENT 12 - ตารางสรุปรายงานมาตรฐานแต่ละด้าน พร้อมจำนวนข้อที่ต้องปรับปรุง และจำนวนเด็กที่ผ่านเกณฑ์.xls","166","Sheet1","2568|7295014412","สำนักงานตำรวจแห่งชาติ","กองบัญชาการตำรวจตระเวนชายแดน","กองบังคับการตำรวจตระเวนชายแดนภาค 4","กองกำกับการตำรวจตระเวนชายแดนที่ 44","","","","7295014412","รร.ตชด.เฉลิมพระเกียรติ 50 พรรษาฯ","รร.ตชด.เฉลิมพระเกียรติ 50 พรรษาฯ","14/06/2564","2021-06-14","parsed","1.2.3","1.2.3","1","1","0","","0","0","0","0","0","0","1","0","0","0","0","0","0","0","0","0","0","0","0","0","0","0","0","0","0","0","0","0","0","0","0","0","0","0","0","0","0","0","0","0","0","0","0","0","0","0","0","0","0","0","0","0","0","0","0","0","0","0","0","0","0","0","0","0","0","0","0","0","0","0","0","0","0","0","0","0","1","B","ผ่าน"
"SCH_G3_0207","2568","2025","12. 2568 REP004-IMPROVEMENT 12 - ตารางสรุปรายงานมาตรฐานแต่ละด้าน พร้อมจำนวนข้อที่ต้องปรับปรุง และจำนวนเด็กที่ผ่านเกณฑ์.xls","167","Sheet1","2568|7295034413","สำนักงานตำรวจแห่งชาติ","กองบัญชาการตำรวจตระเวนชายแดน","กองบังคับการตำรวจตระเวนชายแดนภาค 4","กองกำกับการตำรวจตระเวนชายแดนที่ 44","","","","7295034413","ศกร.ตชด.บ้านภักดี","ศกร.ตชด.บ้านภักดี","18/05/2558","2015-05-18","parsed","","","0","0","0","","0","0","0","0","0","0","0","0","0","0","0","0","0","0","0","0","0","0","0","0","0","0","0","0","0","0","0","0","0","0","0","0","0","0","0","0","0","0","0","0","0","0","0","0","0","0","0","0","0","0","0","0","0","0","0","0","0","0","0","0","0","0","0","0","0","0","0","0","0","0","0","0","0","0","0","0","0","A","ผ่าน"
"SCH_G3_0208","2568","2025","12. 2568 REP004-IMPROVEMENT 12 - ตารางสรุปรายงานมาตรฐานแต่ละด้าน พร้อมจำนวนข้อที่ต้องปรับปรุง และจำนวนเด็กที่ผ่านเกณฑ์.xls","168","Sheet1","2568|7295044401","สำนักงานตำรวจแห่งชาติ","กองบัญชาการตำรวจตระเวนชายแดน","กองบังคับการตำรวจตระเวนชายแดนภาค 4","กองกำกับการตำรวจตระเวนชายแดนที่ 44","","","","7295044401","รร.ตชด.สังวาลย์วิท 4","รร.ตชด.สังวาลย์วิท 4","16/05/2510","1967-05-16","parsed","","","0","0","0","","0","0","0","0","0","0","0","0","0","0","0","0","0","0","0","0","0","0","0","0","0","0","0","0","0","0","0","0","0","0","0","0","0","0","0","0","0","0","0","0","0","0","0","0","0","0","0","0","0","0","0","0","0","0","0","0","0","0","0","0","0","0","0","0","0","0","0","0","0","0","0","0","0","0","0","0","0","A","ผ่าน"
"SCH_G3_0209","2568","2025","12. 2568 REP004-IMPROVEMENT 12 - ตารางสรุปรายงานมาตรฐานแต่ละด้าน พร้อมจำนวนข้อที่ต้องปรับปรุง และจำนวนเด็กที่ผ่านเกณฑ์.xls","169","Sheet1","2568|7295044403","สำนักงานตำรวจแห่งชาติ","กองบัญชาการตำรวจตระเวนชายแดน","กองบังคับการตำรวจตระเวนชายแดนภาค 4","กองกำกับการตำรวจตระเวนชายแดนที่ 44","","","","7295044403","รร.ตชด.นิคมพิทักษ์ราษฎร์","รร.ตชด.นิคมพิทักษ์ราษฎร์","08/07/2564","2021-07-08","parsed","","","0","0","0","","0","0","0","0","0","0","0","0","0","0","0","0","0","0","0","0","0","0","0","0","0","0","0","0","0","0","0","0","0","0","0","0","0","0","0","0","0","0","0","0","0","0","0","0","0","0","0","0","0","0","0","0","0","0","0","0","0","0","0","0","0","0","0","0","0","0","0","0","0","0","0","0","0","0","0","0","0","A","ผ่าน"
"SCH_G3_0210","2568","2025","12. 2568 REP004-IMPROVEMENT 12 - ตารางสรุปรายงานมาตรฐานแต่ละด้าน พร้อมจำนวนข้อที่ต้องปรับปรุง และจำนวนเด็กที่ผ่านเกณฑ์.xls","170","Sheet1","2568|7295044404","สำนักงานตำรวจแห่งชาติ","กองบัญชาการตำรวจตระเวนชายแดน","กองบังคับการตำรวจตระเวนชายแดนภาค 4","กองกำกับการตำรวจตระเวนชายแดนที่ 44","","","","7295044404","รร.ตชด.บ้านปาโจแมเราะ","รร.ตชด.บ้านปาโจแมเราะ","01/06/2531","1988-06-01","parsed","","","0","0","0","","0","0","0","0","0","0","0","0","0","0","0","0","0","0","0","0","0","0","0","0","0","0","0","0","0","0","0","0","0","0","0","0","0","0","0","0","0","0","0","0","0","0","0","0","0","0","0","0","0","0","0","0","0","0","0","0","0","0","0","0","0","0","0","0","0","0","0","0","0","0","0","0","0","0","0","0","0","A","ผ่าน"
"SCH_G3_0211","2568","2025","12. 2568 REP004-IMPROVEMENT 12 - ตารางสรุปรายงานมาตรฐานแต่ละด้าน พร้อมจำนวนข้อที่ต้องปรับปรุง และจำนวนเด็กที่ผ่านเกณฑ์.xls","171","Sheet1","2568|7295054402","สำนักงานตำรวจแห่งชาติ","กองบัญชาการตำรวจตระเวนชายแดน","กองบังคับการตำรวจตระเวนชายแดนภาค 4","กองกำกับการตำรวจตระเวนชายแดนที่ 44","","","","7295054402","รร.ตชด.โรงงานยาสูบ 2","รร.ตชด.โรงงานยาสูบ 2","17/07/2517","1974-07-17","parsed","","","0","0","0","","0","0","0","0","0","0","0","0","0","0","0","0","0","0","0","0","0","0","0","0","0","0","0","0","0","0","0","0","0","0","0","0","0","0","0","0","0","0","0","0","0","0","0","0","0","0","0","0","0","0","0","0","0","0","0","0","0","0","0","0","0","0","0","0","0","0","0","0","0","0","0","0","0","0","0","0","0","A","ผ่าน"
"SCH_G3_0212","2568","2025","12. 2568 REP004-IMPROVEMENT 12 - ตารางสรุปรายงานมาตรฐานแต่ละด้าน พร้อมจำนวนข้อที่ต้องปรับปรุง และจำนวนเด็กที่ผ่านเกณฑ์.xls","172","Sheet1","2568|7296064411","สำนักงานตำรวจแห่งชาติ","กองบัญชาการตำรวจตระเวนชายแดน","กองบังคับการตำรวจตระเวนชายแดนภาค 4","กองกำกับการตำรวจตระเวนชายแดนที่ 44","","","","7296064411","รร.ตชด.การท่าอากาศยานฯ","รร.ตชด.การท่าอากาศยานฯ","16/05/2543","2000-05-16","parsed","","","0","0","0","","0","0","0","0","0","0","0","0","0","0","0","0","0","0","0","0","0","0","0","0","0","0","0","0","0","0","0","0","0","0","0","0","0","0","0","0","0","0","0","0","0","0","0","0","0","0","0","0","0","0","0","0","0","0","0","0","0","0","0","0","0","0","0","0","0","0","0","0","0","0","0","0","0","0","0","0","0","A","ผ่าน"
"SCH_G3_0213","2568","2025","12. 2568 REP004-IMPROVEMENT 12 - ตารางสรุปรายงานมาตรฐานแต่ละด้าน พร้อมจำนวนข้อที่ต้องปรับปรุง และจำนวนเด็กที่ผ่านเกณฑ์.xls","173","Sheet1","2568|7296074407","สำนักงานตำรวจแห่งชาติ","กองบัญชาการตำรวจตระเวนชายแดน","กองบังคับการตำรวจตระเวนชายแดนภาค 4","กองกำกับการตำรวจตระเวนชายแดนที่ 44","","","","7296074407","รร.ตชด.บ้านตืองอช่างกลปทุมวันอนุสรณ์ 13","รร.ตชด.บ้านตืองอช่างกลปทุมวันอนุสรณ์ 13","15/07/2534","1991-07-15","parsed","3.1.3ข,3.5.2ข","3.1.3ข,3.5.2ข","2","2","0","","0","0","0","0","0","0","0","0","0","0","0","0","0","0","0","0","0","0","0","0","0","0","0","0","0","0","0","0","0","0","0","0","0","0","0","0","0","0","0","0","0","0","0","0","0","0","0","0","0","0","0","0","0","0","0","0","1","0","0","0","0","0","0","0","1","0","0","0","0","0","0","0","0","0","0","0","2","B","ผ่าน"
"SCH_G3_0214","2568","2025","12. 2568 REP004-IMPROVEMENT 12 - ตารางสรุปรายงานมาตรฐานแต่ละด้าน พร้อมจำนวนข้อที่ต้องปรับปรุง และจำนวนเด็กที่ผ่านเกณฑ์.xls","174","Sheet1","2568|7296074408","สำนักงานตำรวจแห่งชาติ","กองบัญชาการตำรวจตระเวนชายแดน","กองบังคับการตำรวจตระเวนชายแดนภาค 4","กองกำกับการตำรวจตระเวนชายแดนที่ 44","","","","7296074408","รร.ตชด.บ้านละโอ","รร.ตชด.บ้านละโอ","16/05/2536","1993-05-16","parsed","","","0","0","0","","0","0","0","0","0","0","0","0","0","0","0","0","0","0","0","0","0","0","0","0","0","0","0","0","0","0","0","0","0","0","0","0","0","0","0","0","0","0","0","0","0","0","0","0","0","0","0","0","0","0","0","0","0","0","0","0","0","0","0","0","0","0","0","0","0","0","0","0","0","0","0","0","0","0","0","0","0","A","ผ่าน"
"SCH_G3_0215","2568","2025","12. 2568 REP004-IMPROVEMENT 12 - ตารางสรุปรายงานมาตรฐานแต่ละด้าน พร้อมจำนวนข้อที่ต้องปรับปรุง และจำนวนเด็กที่ผ่านเกณฑ์.xls","175","Sheet1","2568|7296094409","สำนักงานตำรวจแห่งชาติ","กองบัญชาการตำรวจตระเวนชายแดน","กองบังคับการตำรวจตระเวนชายแดนภาค 4","กองกำกับการตำรวจตระเวนชายแดนที่ 44","","","","7296094409","รร.ตชด.บ้านลีนานนท์","รร.ตชด.บ้านลีนานนท์","18/06/2536","1993-06-18","parsed","1.3.8,1.4.2,2.2.1,3.5.2ข","1.3.8,1.4.2,2.2.1,3.5.2ข","4","4","0","","0","0","0","0","0","0","0","0","0","0","0","0","0","0","0","1","0","1","0","0","0","0","0","0","0","0","0","0","0","0","0","0","1","0","0","0","0","0","0","0","0","0","0","0","0","0","0","0","0","0","0","0","0","0","0","0","0","0","0","0","0","0","0","0","1","0","0","0","0","0","0","0","0","0","0","0","4","B","ผ่าน"
"SCH_G3_0216","2568","2025","12. 2568 REP004-IMPROVEMENT 12 - ตารางสรุปรายงานมาตรฐานแต่ละด้าน พร้อมจำนวนข้อที่ต้องปรับปรุง และจำนวนเด็กที่ผ่านเกณฑ์.xls","176","Sheet1","2568|7296124405","สำนักงานตำรวจแห่งชาติ","กองบัญชาการตำรวจตระเวนชายแดน","กองบังคับการตำรวจตระเวนชายแดนภาค 4","กองกำกับการตำรวจตระเวนชายแดนที่ 44","","","","7296124405","รร.ตชด.บ้านไอร์บือแต","รร.ตชด.บ้านไอร์บือแต","13/06/2533","1990-06-13","parsed","","","0","0","0","","0","0","0","0","0","0","0","0","0","0","0","0","0","0","0","0","0","0","0","0","0","0","0","0","0","0","0","0","0","0","0","0","0","0","0","0","0","0","0","0","0","0","0","0","0","0","0","0","0","0","0","0","0","0","0","0","0","0","0","0","0","0","0","0","0","0","0","0","0","0","0","0","0","0","0","0","0","A","ผ่าน"
