"no","ministry","affiliation_1","affiliation_2","affiliation_3","center_code_anon","opening_date_iso","opening_date_raw","indicator_1_1_1","indicator_1_1_2","indicator_1_1_3","indicator_1_2_1","indicator_1_2_2","indicator_1_2_3","indicator_1_2_4","indicator_1_3_1","indicator_1_3_2","indicator_1_3_3","indicator_1_3_4","indicator_1_3_5","indicator_1_3_6","indicator_1_3_7","indicator_1_3_8","indicator_1_4_1","indicator_1_4_2","indicator_1_4_3","indicator_1_4_4","indicator_1_4_5","indicator_1_4_6","indicator_1_4_7","indicator_1_5_1","indicator_1_5_2","indicator_1_5_3","indicator_1_5_4","indicator_2_1_1","indicator_2_1_2","indicator_2_1_3","indicator_2_1_4","indicator_2_1_5","indicator_2_2_1","indicator_2_2_2","indicator_2_2_3","indicator_2_2_4","indicator_2_2_5","indicator_2_3_1","indicator_2_3_2","indicator_2_3_3","indicator_2_3_4","indicator_2_3_5","indicator_2_4_1","indicator_2_4_2","indicator_2_4_3","indicator_2_5_1","indicator_2_5_2","indicator_3_1_1ก","indicator_3_2_1ก","indicator_3_2_2ก","indicator_3_2_3ก","indicator_3_2_4ก","indicator_3_2_5ก","indicator_3_2_6ก","indicator_3_1_1ข","indicator_3_1_2ข","indicator_3_1_3ข","indicator_3_2_1ข","indicator_3_3_1ข","indicator_3_3_2ข","indicator_3_4_1ข","indicator_3_4_2ข","indicator_3_4_3ข","indicator_3_5_1ข","indicator_3_5_2ข","indicator_3_5_3ข","indicator_3_5_4ข","indicator_3_5_5ข","indicator_3_6_1ข","indicator_3_6_2ข","indicator_3_6_3ข","indicator_3_6_4ข","indicator_3_7_1ข","indicator_3_7_2ข","indicator_3_7_3ข","indicator_3_7_4ข","ImproveScore","Quality_level","target_label"
"1","สำนักงานตำรวจแห่งชาติ","กองบัญชาการตำรวจตระเวนชายแดน","กองบังคับการตำรวจตระเวนชายแดนภาค 1","กองกำกับการตำรวจตระเวนชายแดนที่ 11","SCH_G3_0001","1985-02-27","27/02/2528","0","0","0","0","0","0","0","0","0","0","0","0","0","0","0","0","0","0","0","0","0","0","0","0","0","0","0","0","0","0","0","0","0","0","0","0","0","0","0","0","0","0","0","0","0","0","0","0","0","0","0","0","0","0","0","0","0","0","0","0","0","0","0","0","0","0","0","0","0","0","0","0","0","0","0","0","A","ผ่าน"
"2","สำนักงานตำรวจแห่งชาติ","กองบัญชาการตำรวจตระเวนชายแดน","กองบังคับการตำรวจตระเวนชายแดนภาค 1","กองกำกับการตำรวจตระเวนชายแดนที่ 11","SCH_G3_0002","1986-07-30","30/07/2529","0","0","0","0","0","0","0","0","0","0","0","0","0","0","0","0","0","0","0","0","0","0","0","0","0","0","0","0","0","0","0","0","0","0","0","0","0","0","0","0","0","0","0","0","0","0","0","0","0","0","0","0","0","0","0","0","0","0","0","0","0","0","0","0","0","0","0","0","0","0","0","0","0","0","0","0","A","ผ่าน"
"3","สำนักงานตำรวจแห่งชาติ","กองบัญชาการตำรวจตระเวนชายแดน","กองบังคับการตำรวจตระเวนชายแดนภาค 1","กองกำกับการตำรวจตระเวนชายแดนที่ 11","SCH_G3_0003","1987-03-03","03/03/2530","0","0","0","0","0","1","0","0","0","0","0","0","0","0","0","0","0","0","0","0","0","0","0","0","0","0","0","0","0","0","0","0","0","0","0","0","0","0","0","0","0","0","0","0","0","0","0","0","0","0","0","0","0","1","0","1","1","0","0","0","0","0","0","0","0","0","0","0","0","0","0","0","0","0","0","4","B","ผ่าน"
"4","สำนักงานตำรวจแห่งชาติ","กองบัญชาการตำรวจตระเวนชายแดน","กองบังคับการตำรวจตระเวนชายแดนภาค 1","กองกำกับการตำรวจตระเวนชายแดนที่ 11","SCH_G3_0004","2025-05-16","16/05/2568","0","0","0","0","1","1","0","0","0","0","0","0","0","0","0","0","0","0","0","0","0","0","0","0","0","0","0","0","0","0","0","0","0","0","0","0","0","0","0","0","0","0","0","0","0","0","0","0","0","0","0","0","0","0","0","1","0","0","0","0","1","1","1","1","1","0","0","1","1","0","0","0","0","0","0","10","C","ผ่าน"
"5","สำนักงานตำรวจแห่งชาติ","กองบัญชาการตำรวจตระเวนชายแดน","กองบังคับการตำรวจตระเวนชายแดนภาค 1","กองกำกับการตำรวจตระเวนชายแดนที่ 11","SCH_G3_0005","1991-03-15","15/03/2534","0","0","0","0","0","0","0","0","0","0","0","0","0","0","0","0","0","0","0","0","0","0","0","0","0","0","0","0","0","0","0","0","0","0","0","0","0","0","0","0","0","0","0","0","0","0","0","0","0","0","0","0","0","0","0","0","0","0","0","0","0","0","0","0","0","0","0","0","0","0","0","0","0","0","0","0","A","ผ่าน"
"6","สำนักงานตำรวจแห่งชาติ","กองบัญชาการตำรวจตระเวนชายแดน","กองบังคับการตำรวจตระเวนชายแดนภาค 1","กองกำกับการตำรวจตระเวนชายแดนที่ 11","SCH_G3_0006","2002-05-16","16/05/2545","0","0","0","0","0","0","0","0","0","0","0","0","0","0","0","0","0","0","0","0","0","0","0","0","0","0","0","0","0","0","0","0","0","0","0","0","0","0","0","0","0","0","0","0","0","0","0","0","0","0","0","0","0","0","0","0","0","0","0","0","0","0","0","0","0","0","0","0","0","0","0","0","0","0","0","0","A","ผ่าน"
"7","สำนักงานตำรวจแห่งชาติ","กองบัญชาการตำรวจตระเวนชายแดน","กองบังคับการตำรวจตระเวนชายแดนภาค 1","กองกำกับการตำรวจตระเวนชายแดนที่ 11","SCH_G3_0007","1993-11-01","01/11/2536","0","0","0","0","0","0","0","0","0","0","0","0","0","0","0","0","0","0","0","0","0","0","0","0","0","0","0","0","0","0","0","0","0","0","0","0","0","0","0","0","0","0","0","0","0","0","0","0","0","0","0","0","0","0","0","0","0","0","0","0","0","0","0","0","0","0","0","0","0","0","0","0","0","0","0","0","A","ผ่าน"
"8","สำนักงานตำรวจแห่งชาติ","กองบัญชาการตำรวจตระเวนชายแดน","กองบังคับการตำรวจตระเวนชายแดนภาค 1","กองกำกับการตำรวจตระเวนชายแดนที่ 11","SCH_G3_0008","1999-05-16","16/05/2542","0","0","0","0","0","0","0","0","0","0","0","0","0","0","0","0","0","0","0","0","0","0","0","0","0","0","0","0","0","0","0","0","0","0","0","0","0","0","0","0","0","0","0","0","0","0","0","0","0","0","0","0","0","0","0","0","0","0","0","0","0","0","0","0","0","0","0","0","0","0","0","0","0","0","0","0","A","ผ่าน"
"9","สำนักงานตำรวจแห่งชาติ","กองบัญชาการตำรวจตระเวนชายแดน","กองบังคับการตำรวจตระเวนชายแดนภาค 1","กองกำกับการตำรวจตระเวนชายแดนที่ 12","SCH_G3_0009","2021-07-12","12/07/2564","0","0","0","0","0","1","0","0","0","0","0","0","0","0","0","0","0","0","0","0","0","0","0","0","0","0","0","0","0","0","0","0","0","0","0","0","0","0","0","0","0","0","0","0","0","0","0","0","0","0","0","0","0","0","0","0","0","0","0","0","0","0","0","1","0","0","0","0","0","0","0","0","0","0","0","2","B","ผ่าน"
"10","สำนักงานตำรวจแห่งชาติ","กองบัญชาการตำรวจตระเวนชายแดน","กองบังคับการตำรวจตระเวนชายแดนภาค 1","กองกำกับการตำรวจตระเวนชายแดนที่ 12","SCH_G3_0011","2017-05-16","16/05/2560","0","0","0","0","0","1","0","0","0","0","0","0","0","0","0","0","0","0","0","0","0","0","0","0","0","0","0","0","0","0","0","0","0","0","0","0","0","0","0","0","0","0","0","0","0","0","0","0","0","0","0","0","0","0","0","0","0","0","0","0","0","0","0","0","0","0","0","0","0","0","0","0","0","0","0","1","B","ผ่าน"
"11","สำนักงานตำรวจแห่งชาติ","กองบัญชาการตำรวจตระเวนชายแดน","กองบังคับการตำรวจตระเวนชายแดนภาค 1","กองกำกับการตำรวจตระเวนชายแดนที่ 12","SCH_G3_0014","2025-06-03","03/06/2568","0","0","0","0","0","0","0","0","0","0","0","0","0","0","0","0","0","0","0","0","0","0","0","0","0","0","0","0","0","0","0","0","0","0","0","0","0","0","0","0","0","0","0","0","0","0","0","0","0","0","0","0","0","0","0","0","0","0","0","0","0","0","0","0","0","0","0","0","0","0","0","0","0","0","0","0","A","ผ่าน"
"12","สำนักงานตำรวจแห่งชาติ","กองบัญชาการตำรวจตระเวนชายแดน","กองบังคับการตำรวจตระเวนชายแดนภาค 1","กองกำกับการตำรวจตระเวนชายแดนที่ 12","SCH_G3_0015","1982-02-09","09/02/2525","0","0","0","0","0","0","0","0","0","0","0","0","0","0","0","0","0","0","0","0","0","0","0","0","0","0","0","0","0","0","0","0","0","0","0","0","0","0","0","0","0","0","0","0","0","0","0","0","0","0","0","0","0","0","0","0","0","0","0","0","0","0","0","0","0","0","0","0","0","0","0","0","0","0","0","0","A","ผ่าน"
"13","สำนักงานตำรวจแห่งชาติ","กองบัญชาการตำรวจตระเวนชายแดน","กองบังคับการตำรวจตระเวนชายแดนภาค 1","กองกำกับการตำรวจตระเวนชายแดนที่ 12","SCH_G3_0016","1977-06-20","20/06/2520","0","0","0","0","0","1","0","0","0","0","0","1","0","0","0","0","1","0","1","0","0","0","0","0","0","0","0","0","0","0","0","0","0","0","0","0","0","0","0","0","0","0","0","0","0","0","0","0","0","0","0","0","0","0","0","0","0","0","0","0","0","0","0","0","0","0","0","0","1","0","0","0","0","0","0","5","B","ผ่าน"
"14","สำนักงานตำรวจแห่งชาติ","กองบัญชาการตำรวจตระเวนชายแดน","กองบังคับการตำรวจตระเวนชายแดนภาค 1","กองกำกับการตำรวจตระเวนชายแดนที่ 12","SCH_G3_0017","","","0","0","0","0","0","1","0","0","0","0","0","0","0","0","0","0","0","0","0","0","0","0","0","0","0","0","0","0","0","0","0","0","0","0","0","0","0","0","0","0","0","0","0","0","0","0","0","0","0","0","0","0","0","0","0","0","0","0","0","0","0","0","0","0","0","0","0","0","0","0","0","0","0","0","0","1","B","ผ่าน"
"15","สำนักงานตำรวจแห่งชาติ","กองบัญชาการตำรวจตระเวนชายแดน","กองบังคับการตำรวจตระเวนชายแดนภาค 1","กองกำกับการตำรวจตระเวนชายแดนที่ 12","SCH_G3_0018","1995-06-01","01/06/2538","0","0","0","0","0","0","0","0","0","0","0","0","0","0","0","0","0","0","0","0","0","0","0","0","0","0","0","0","0","0","0","0","0","0","0","0","0","0","0","0","0","0","0","0","0","0","0","0","0","0","0","0","0","0","0","0","0","0","0","0","0","0","0","0","0","0","0","0","0","0","0","0","0","0","0","0","A","ผ่าน"
"16","สำนักงานตำรวจแห่งชาติ","กองบัญชาการตำรวจตระเวนชายแดน","กองบังคับการตำรวจตระเวนชายแดนภาค 2","กองกำกับการตำรวจตระเวนชายแดนที่ 21","SCH_G3_0020","","","0","0","0","1","0","0","0","0","0","0","0","0","1","0","1","0","0","0","0","0","0","0","0","0","0","0","0","0","0","0","0","0","0","0","0","0","0","0","0","0","0","0","0","0","0","0","0","0","0","0","0","0","0","0","0","0","0","0","0","0","0","0","0","0","0","0","0","0","0","0","0","0","0","0","0","3","B","ผ่าน"
"17","สำนักงานตำรวจแห่งชาติ","กองบัญชาการตำรวจตระเวนชายแดน","กองบังคับการตำรวจตระเวนชายแดนภาค 2","กองกำกับการตำรวจตระเวนชายแดนที่ 21","SCH_G3_0022","","","0","0","0","0","0","0","0","0","0","0","0","0","0","0","0","0","0","0","0","0","0","0","0","0","0","0","0","0","0","0","0","0","0","0","0","0","0","0","0","0","0","0","0","0","0","0","0","0","0","0","0","0","0","0","0","0","0","0","0","0","0","0","0","1","1","0","0","0","0","0","0","0","0","0","0","2","B","ผ่าน"
"18","สำนักงานตำรวจแห่งชาติ","กองบัญชาการตำรวจตระเวนชายแดน","กองบังคับการตำรวจตระเวนชายแดนภาค 2","กองกำกับการตำรวจตระเวนชายแดนที่ 21","SCH_G3_0023","1997-03-30","30/03/2540","0","0","0","0","0","0","0","0","0","0","0","0","0","0","0","0","0","0","0","0","0","0","0","0","0","0","0","0","0","0","0","0","0","0","0","0","0","0","0","0","0","0","0","0","0","0","0","0","0","0","0","0","0","0","0","0","0","0","0","0","0","0","0","0","0","0","0","0","0","0","0","0","0","0","0","0","A","ผ่าน"
"19","สำนักงานตำรวจแห่งชาติ","กองบัญชาการตำรวจตระเวนชายแดน","กองบังคับการตำรวจตระเวนชายแดนภาค 2","กองกำกับการตำรวจตระเวนชายแดนที่ 21","SCH_G3_0026","2023-04-29","29/04/2566","0","0","0","0","0","0","0","0","0","0","0","0","0","0","0","0","0","0","0","0","0","0","0","0","0","0","0","0","0","0","0","0","0","0","0","0","0","0","0","0","0","0","0","0","0","0","0","0","0","0","0","0","0","0","0","0","0","0","0","0","0","0","0","0","0","0","0","0","0","0","0","0","0","0","0","0","A","ผ่าน"
"20","สำนักงานตำรวจแห่งชาติ","กองบัญชาการตำรวจตระเวนชายแดน","กองบังคับการตำรวจตระเวนชายแดนภาค 2","กองกำกับการตำรวจตระเวนชายแดนที่ 22","SCH_G3_0027","1995-05-01","01/05/2538","0","0","0","0","0","0","0","0","0","0","0","0","0","0","0","0","0","0","0","0","0","0","0","0","0","0","0","0","0","0","0","0","0","0","0","0","0","0","0","0","0","0","0","0","0","0","0","0","0","0","0","0","0","0","0","0","0","0","0","0","0","0","0","0","0","0","0","0","0","0","0","0","0","0","0","0","A","ผ่าน"
"21","สำนักงานตำรวจแห่งชาติ","กองบัญชาการตำรวจตระเวนชายแดน","กองบังคับการตำรวจตระเวนชายแดนภาค 2","กองกำกับการตำรวจตระเวนชายแดนที่ 22","SCH_G3_0030","2024-08-27","27/08/2567","0","0","0","0","0","0","0","0","0","0","1","0","0","0","0","0","0","0","0","0","0","0","0","0","0","0","0","0","0","0","0","0","0","0","0","0","0","0","0","0","0","0","0","0","0","0","0","0","0","0","0","0","0","0","0","1","0","0","0","0","0","0","0","0","1","0","0","0","0","1","1","0","0","0","0","5","B","ผ่าน"
"22","สำนักงานตำรวจแห่งชาติ","กองบัญชาการตำรวจตระเวนชายแดน","กองบังคับการตำรวจตระเวนชายแดนภาค 2","กองกำกับการตำรวจตระเวนชายแดนที่ 22","SCH_G3_0031","2014-05-16","16/05/2557","0","0","0","0","0","0","0","0","0","0","0","0","0","0","0","0","0","0","0","0","0","0","0","0","0","0","0","0","0","0","0","0","0","0","0","0","0","0","0","0","0","0","0","0","0","0","0","0","0","0","0","0","0","0","0","0","0","0","0","0","0","0","0","0","0","0","0","1","0","0","0","0","0","0","0","1","B","ผ่าน"
"23","สำนักงานตำรวจแห่งชาติ","กองบัญชาการตำรวจตระเวนชายแดน","กองบังคับการตำรวจตระเวนชายแดนภาค 2","กองกำกับการตำรวจตระเวนชายแดนที่ 22","SCH_G3_0033","2018-05-16","16/05/2561","0","0","0","0","0","1","0","0","0","0","0","0","0","0","0","0","0","0","0","0","0","0","0","0","0","0","0","0","0","0","0","0","0","0","0","0","0","0","0","0","0","0","0","0","0","0","0","0","0","0","0","0","0","0","0","0","0","0","0","0","0","0","0","0","0","0","0","0","1","0","1","0","1","0","0","4","B","ผ่าน"
"24","สำนักงานตำรวจแห่งชาติ","กองบัญชาการตำรวจตระเวนชายแดน","กองบังคับการตำรวจตระเวนชายแดนภาค 2","กองกำกับการตำรวจตระเวนชายแดนที่ 22","SCH_G3_0035","2002-08-27","27/08/2545","0","0","0","0","0","0","0","0","0","0","0","0","0","0","1","0","0","0","0","0","0","0","0","0","0","0","0","0","0","0","0","0","0","0","0","0","0","0","0","0","0","0","0","0","0","0","0","0","0","0","0","0","0","0","0","0","0","0","0","0","0","0","0","0","0","0","0","0","0","0","0","0","0","0","0","1","B","ผ่าน"
"25","สำนักงานตำรวจแห่งชาติ","กองบัญชาการตำรวจตระเวนชายแดน","กองบังคับการตำรวจตระเวนชายแดนภาค 2","กองกำกับการตำรวจตระเวนชายแดนที่ 22","SCH_G3_0036","2018-05-16","16/05/2561","0","0","0","0","0","0","0","0","0","0","0","0","0","0","0","0","0","0","0","0","0","0","0","0","0","0","0","0","0","0","0","0","0","0","0","0","0","0","0","0","0","0","0","0","0","0","0","0","0","0","0","0","0","0","0","0","0","0","0","0","0","0","0","0","0","0","0","0","0","0","0","0","0","0","0","0","A","ผ่าน"
"26","สำนักงานตำรวจแห่งชาติ","กองบัญชาการตำรวจตระเวนชายแดน","กองบังคับการตำรวจตระเวนชายแดนภาค 2","กองกำกับการตำรวจตระเวนชายแดนที่ 22","SCH_G3_0038","1986-08-11","11/08/2529","0","0","0","0","0","0","0","0","0","0","0","0","0","0","0","0","0","0","0","0","0","0","0","0","0","0","0","0","0","0","0","0","0","0","0","0","0","0","0","0","0","0","0","0","0","0","0","0","0","0","0","0","0","0","0","0","0","0","0","0","0","0","0","0","0","0","0","0","0","0","0","0","0","0","0","0","A","ผ่าน"
"27","สำนักงานตำรวจแห่งชาติ","กองบัญชาการตำรวจตระเวนชายแดน","กองบังคับการตำรวจตระเวนชายแดนภาค 2","กองกำกับการตำรวจตระเวนชายแดนที่ 22","SCH_G3_0039","2021-08-18","18/08/2564","0","0","0","0","0","0","0","0","0","0","0","0","0","0","0","0","0","1","0","0","0","0","0","0","0","0","0","0","0","0","0","0","0","0","0","0","0","0","0","0","0","0","0","0","0","0","0","0","0","0","0","0","0","0","0","0","0","0","0","0","0","0","0","0","0","0","0","0","0","0","0","0","0","0","0","1","B","ผ่าน"
"28","สำนักงานตำรวจแห่งชาติ","กองบัญชาการตำรวจตระเวนชายแดน","กองบังคับการตำรวจตระเวนชายแดนภาค 2","กองกำกับการตำรวจตระเวนชายแดนที่ 22","SCH_G3_0040","2015-05-18","18/05/2558","0","0","0","0","0","1","0","0","0","0","0","0","0","0","1","0","0","0","0","0","0","0","0","0","0","0","0","0","0","0","0","0","0","0","0","0","0","0","0","0","0","0","0","0","0","0","0","0","0","0","0","0","0","0","0","0","0","0","0","0","0","0","0","0","0","0","0","0","0","0","0","0","0","0","0","2","B","ผ่าน"
"29","สำนักงานตำรวจแห่งชาติ","กองบัญชาการตำรวจตระเวนชายแดน","กองบังคับการตำรวจตระเวนชายแดนภาค 2","กองกำกับการตำรวจตระเวนชายแดนที่ 24","SCH_G3_0041","2022-02-25","25/02/2565","0","0","0","0","0","0","0","0","0","0","0","0","0","0","1","0","0","0","0","0","0","0","0","0","0","0","0","0","0","0","0","0","0","0","0","0","0","0","0","0","0","0","0","0","0","0","0","0","0","0","0","0","0","0","0","0","0","0","0","0","0","0","0","0","0","0","0","0","0","0","0","0","0","0","0","1","B","ผ่าน"
"30","สำนักงานตำรวจแห่งชาติ","กองบัญชาการตำรวจตระเวนชายแดน","กองบังคับการตำรวจตระเวนชายแดนภาค 2","กองกำกับการตำรวจตระเวนชายแดนที่ 24","SCH_G3_0042","1995-06-10","10/06/2538","0","0","0","0","0","0","0","0","0","0","0","0","0","0","0","0","0","0","0","0","0","0","0","0","0","0","0","0","0","0","0","0","0","0","0","0","0","0","0","0","0","0","0","0","0","0","0","0","0","0","0","0","0","0","0","0","0","0","0","0","0","0","0","0","0","0","0","0","0","0","0","0","0","0","0","0","A","ผ่าน"
"31","สำนักงานตำรวจแห่งชาติ","กองบัญชาการตำรวจตระเวนชายแดน","กองบังคับการตำรวจตระเวนชายแดนภาค 2","กองกำกับการตำรวจตระเวนชายแดนที่ 24","SCH_G3_0043","2021-07-22","22/07/2564","0","0","0","0","0","0","0","0","0","0","0","0","0","0","0","0","0","0","0","0","0","0","0","0","0","0","0","0","0","0","0","0","0","0","0","0","0","0","0","0","0","0","0","0","0","0","0","0","0","0","0","0","0","0","0","0","0","0","0","0","0","0","0","0","0","0","0","0","0","0","0","0","0","0","0","0","A","ผ่าน"
"32","สำนักงานตำรวจแห่งชาติ","กองบัญชาการตำรวจตระเวนชายแดน","กองบังคับการตำรวจตระเวนชายแดนภาค 2","กองกำกับการตำรวจตระเวนชายแดนที่ 24","SCH_G3_0044","2015-05-18","18/05/2558","0","0","0","0","0","0","0","0","0","0","0","0","0","0","1","1","0","0","0","0","0","0","0","0","0","0","0","0","0","0","0","0","0","0","0","0","0","0","0","0","0","0","0","0","0","1","0","0","0","0","0","0","0","0","0","0","0","0","0","0","0","0","0","0","0","0","0","0","0","0","0","0","0","0","0","3","B","ผ่าน"
"33","สำนักงานตำรวจแห่งชาติ","กองบัญชาการตำรวจตระเวนชายแดน","กองบังคับการตำรวจตระเวนชายแดนภาค 2","กองกำกับการตำรวจตระเวนชายแดนที่ 24","SCH_G3_0045","2017-05-16","16/05/2560","0","0","0","0","0","1","0","0","0","0","0","0","0","0","0","0","0","0","0","0","0","0","0","0","0","0","0","0","0","0","0","0","0","0","0","0","0","0","0","0","0","0","0","0","0","0","0","0","0","0","0","0","0","0","0","0","0","0","0","0","0","0","0","0","0","0","0","0","0","0","0","0","0","0","0","1","B","ผ่าน"
"34","สำนักงานตำรวจแห่งชาติ","กองบัญชาการตำรวจตระเวนชายแดน","กองบังคับการตำรวจตระเวนชายแดนภาค 2","กองกำกับการตำรวจตระเวนชายแดนที่ 24","SCH_G3_0046","2005-11-07","07/11/2548","0","0","0","0","0","1","0","0","0","0","0","0","0","0","0","0","0","0","0","0","0","0","0","0","0","0","0","0","0","0","0","0","0","0","0","0","0","0","0","0","0","0","0","0","0","0","0","0","0","0","0","0","0","0","0","0","0","0","0","0","0","0","0","0","0","0","0","0","0","0","0","0","0","0","0","1","B","ผ่าน"
"35","สำนักงานตำรวจแห่งชาติ","กองบัญชาการตำรวจตระเวนชายแดน","กองบังคับการตำรวจตระเวนชายแดนภาค 2","กองกำกับการตำรวจตระเวนชายแดนที่ 24","SCH_G3_0047","1980-10-22","22/10/2523","0","0","0","0","0","0","0","0","0","0","0","0","0","0","0","0","0","0","0","0","0","0","0","0","0","0","0","0","0","0","0","0","0","0","0","0","0","0","0","0","0","0","0","0","0","0","0","0","0","0","0","0","0","0","0","0","0","0","0","0","0","0","0","0","0","0","0","0","0","0","0","0","0","0","0","0","A","ผ่าน"
"36","สำนักงานตำรวจแห่งชาติ","กองบัญชาการตำรวจตระเวนชายแดน","กองบังคับการตำรวจตระเวนชายแดนภาค 2","กองกำกับการตำรวจตระเวนชายแดนที่ 24","SCH_G3_0048","2021-07-26","26/07/2564","0","0","0","0","0","0","0","0","0","0","0","0","0","0","0","0","0","0","0","0","0","0","0","0","0","0","0","0","0","0","0","0","0","0","0","0","0","0","0","0","0","0","0","0","0","0","0","0","0","0","0","0","0","0","0","0","0","0","0","0","0","0","0","0","1","0","0","0","0","0","0","0","0","0","0","1","B","ผ่าน"
"37","สำนักงานตำรวจแห่งชาติ","กองบัญชาการตำรวจตระเวนชายแดน","กองบังคับการตำรวจตระเวนชายแดนภาค 2","กองกำกับการตำรวจตระเวนชายแดนที่ 24","SCH_G3_0049","2021-07-22","22/07/2564","0","0","0","0","0","0","0","0","0","0","0","0","0","0","0","0","0","0","0","0","0","0","0","0","0","0","0","0","0","0","0","0","0","0","0","0","0","0","0","0","0","0","0","0","0","0","0","0","0","0","0","0","0","0","0","1","0","0","0","0","0","0","0","0","0","0","0","0","0","0","0","0","0","0","0","1","B","ผ่าน"
"38","สำนักงานตำรวจแห่งชาติ","กองบัญชาการตำรวจตระเวนชายแดน","กองบังคับการตำรวจตระเวนชายแดนภาค 2","กองกำกับการตำรวจตระเวนชายแดนที่ 24","SCH_G3_0050","1989-08-24","24/08/2532","0","0","0","0","0","0","0","0","0","0","0","0","0","0","0","0","0","0","0","0","0","0","0","0","0","0","0","0","0","0","0","0","0","0","0","0","0","0","0","0","0","0","0","0","0","0","0","0","0","0","0","0","0","0","0","0","0","0","0","0","0","0","0","0","0","0","0","0","0","0","0","0","0","0","0","0","A","ผ่าน"
"39","สำนักงานตำรวจแห่งชาติ","กองบัญชาการตำรวจตระเวนชายแดน","กองบังคับการตำรวจตระเวนชายแดนภาค 2","กองกำกับการตำรวจตระเวนชายแดนที่ 24","SCH_G3_0051","1977-09-20","20/09/2520","0","0","0","0","0","1","0","0","0","0","0","0","0","0","0","0","0","0","0","0","0","0","0","0","0","0","0","0","0","0","0","0","0","0","0","0","0","0","0","0","0","0","0","0","0","0","0","0","0","0","0","0","0","0","0","1","0","0","0","0","0","0","0","0","0","0","0","0","0","0","0","0","0","0","0","2","B","ผ่าน"
"40","สำนักงานตำรวจแห่งชาติ","กองบัญชาการตำรวจตระเวนชายแดน","กองบังคับการตำรวจตระเวนชายแดนภาค 2","กองกำกับการตำรวจตระเวนชายแดนที่ 24","SCH_G3_0052","1980-12-23","23/12/2523","0","0","0","0","0","0","0","0","0","0","0","0","0","0","0","0","0","0","0","0","0","0","0","0","0","0","0","0","0","0","0","0","0","0","0","0","0","0","0","0","0","0","0","0","0","0","0","0","0","0","0","0","0","0","0","0","0","0","0","0","0","0","0","0","0","0","0","0","0","0","0","0","0","0","0","0","A","ผ่าน"
"41","สำนักงานตำรวจแห่งชาติ","กองบัญชาการตำรวจตระเวนชายแดน","กองบังคับการตำรวจตระเวนชายแดนภาค 2","กองกำกับการตำรวจตระเวนชายแดนที่ 24","SCH_G3_0053","1986-05-05","05/05/2529","0","0","0","0","0","0","0","0","0","0","0","0","0","0","0","0","0","0","0","0","0","0","0","0","0","0","0","0","0","0","0","0","0","0","0","0","0","0","0","0","0","0","0","0","0","0","0","0","0","0","0","0","0","0","0","0","0","0","0","0","0","0","0","0","0","0","0","0","0","0","0","0","0","0","0","0","A","ผ่าน"
"42","สำนักงานตำรวจแห่งชาติ","กองบัญชาการตำรวจตระเวนชายแดน","กองบังคับการตำรวจตระเวนชายแดนภาค 2","กองกำกับการตำรวจตระเวนชายแดนที่ 24","SCH_G3_0054","","","0","0","0","0","0","0","0","0","0","0","0","0","0","0","0","0","0","0","0","0","0","0","0","0","0","0","0","0","0","0","0","0","0","0","0","0","0","0","0","0","0","0","0","0","0","0","0","0","0","0","0","0","0","0","0","0","0","0","0","0","0","0","0","0","0","0","0","0","0","0","0","0","0","0","0","0","A","ผ่าน"
"43","สำนักงานตำรวจแห่งชาติ","กองบัญชาการตำรวจตระเวนชายแดน","กองบังคับการตำรวจตระเวนชายแดนภาค 2","กองกำกับการตำรวจตระเวนชายแดนที่ 24","SCH_G3_0055","2024-05-16","16/05/2567","0","0","0","0","0","0","0","0","0","0","0","0","0","0","0","0","0","0","0","0","0","0","0","0","0","0","0","0","0","0","0","0","0","0","0","0","0","0","0","0","0","0","0","0","0","0","0","0","0","0","0","0","0","0","0","0","0","0","0","0","0","0","0","0","0","0","0","0","0","0","0","0","0","0","0","0","A","ผ่าน"
"44","สำนักงานตำรวจแห่งชาติ","กองบัญชาการตำรวจตระเวนชายแดน","กองบังคับการตำรวจตระเวนชายแดนภาค 2","กองกำกับการตำรวจตระเวนชายแดนที่ 24","SCH_G3_0056","1995-06-14","14/06/2538","0","0","0","0","1","1","0","0","0","0","0","0","0","0","0","0","0","0","0","0","0","0","0","0","0","0","0","0","0","0","0","0","0","0","0","0","0","0","0","0","0","0","0","0","0","0","0","0","0","0","0","0","0","0","0","0","0","0","0","0","0","0","0","0","0","0","0","0","0","0","0","0","0","0","0","2","B","ผ่าน"
"45","สำนักงานตำรวจแห่งชาติ","กองบัญชาการตำรวจตระเวนชายแดน","กองบังคับการตำรวจตระเวนชายแดนภาค 2","กองกำกับการตำรวจตระเวนชายแดนที่ 23","SCH_G3_0057","2025-05-15","15/05/2568","0","0","0","0","0","1","0","0","0","0","0","0","0","0","0","0","0","0","0","0","0","0","0","0","0","0","0","0","0","0","0","0","0","0","0","0","0","0","0","0","0","0","0","0","0","0","0","0","0","0","0","0","0","0","0","0","0","0","0","0","0","0","0","0","0","0","0","0","0","0","0","0","0","0","0","1","B","ผ่าน"
"46","สำนักงานตำรวจแห่งชาติ","กองบัญชาการตำรวจตระเวนชายแดน","กองบังคับการตำรวจตระเวนชายแดนภาค 2","กองกำกับการตำรวจตระเวนชายแดนที่ 23","SCH_G3_0058","2021-06-14","14/06/2564","0","0","0","0","0","1","0","0","0","0","0","0","0","0","0","0","0","0","0","0","0","0","0","0","0","0","0","0","0","0","0","0","0","0","0","0","0","0","0","0","0","0","0","0","0","0","0","0","0","0","0","0","0","0","0","0","0","0","0","0","0","0","0","0","0","0","0","0","0","0","0","0","0","0","0","1","B","ผ่าน"
"47","สำนักงานตำรวจแห่งชาติ","กองบัญชาการตำรวจตระเวนชายแดน","กองบังคับการตำรวจตระเวนชายแดนภาค 2","กองกำกับการตำรวจตระเวนชายแดนที่ 23","SCH_G3_0059","1977-10-01","01/10/2520","0","0","0","0","0","1","0","0","0","0","0","1","0","0","0","0","0","0","0","0","0","0","0","0","0","0","0","0","0","0","0","0","0","0","0","0","0","0","0","0","0","0","0","0","0","0","0","0","0","0","0","0","0","0","0","0","0","0","0","0","0","0","0","1","1","0","0","0","1","1","0","0","1","0","0","7","B","ผ่าน"
"48","สำนักงานตำรวจแห่งชาติ","กองบัญชาการตำรวจตระเวนชายแดน","กองบังคับการตำรวจตระเวนชายแดนภาค 2","กองกำกับการตำรวจตระเวนชายแดนที่ 23","SCH_G3_0060","2014-01-07","07/01/2557","0","0","0","0","0","0","0","0","0","0","0","0","0","0","0","0","0","0","0","0","0","0","0","0","0","0","0","0","0","0","0","0","0","0","0","0","0","0","0","0","0","0","0","0","0","0","0","0","0","0","0","0","0","0","0","0","0","0","0","0","0","0","0","0","0","0","0","0","0","0","0","0","0","0","0","0","A","ผ่าน"
"49","สำนักงานตำรวจแห่งชาติ","กองบัญชาการตำรวจตระเวนชายแดน","กองบังคับการตำรวจตระเวนชายแดนภาค 2","กองกำกับการตำรวจตระเวนชายแดนที่ 23","SCH_G3_0061","2014-05-16","16/05/2557","0","0","0","0","0","0","0","0","0","0","0","0","0","0","0","0","0","0","0","0","0","0","0","0","0","0","0","0","0","0","0","0","0","0","0","0","0","0","0","0","0","0","0","0","0","0","0","0","0","0","0","0","0","0","0","0","0","0","0","0","0","0","0","0","0","0","0","0","0","0","0","0","0","0","0","0","A","ผ่าน"
"50","สำนักงานตำรวจแห่งชาติ","กองบัญชาการตำรวจตระเวนชายแดน","กองบังคับการตำรวจตระเวนชายแดนภาค 2","กองกำกับการตำรวจตระเวนชายแดนที่ 23","SCH_G3_0062","","","0","0","0","0","0","0","0","0","0","0","0","0","0","0","0","0","0","0","0","0","0","0","0","0","0","0","0","0","0","0","0","0","0","0","0","0","0","0","0","0","0","0","0","0","0","0","0","0","0","0","0","0","0","0","0","0","0","0","0","0","0","0","0","0","0","0","0","0","0","0","0","0","0","0","0","0","A","ผ่าน"
"51","สำนักงานตำรวจแห่งชาติ","กองบัญชาการตำรวจตระเวนชายแดน","กองบังคับการตำรวจตระเวนชายแดนภาค 2","กองกำกับการตำรวจตระเวนชายแดนที่ 23","SCH_G3_0063","1976-06-01","01/06/2519","0","0","0","0","0","0","0","0","0","0","0","0","0","0","0","0","0","0","0","0","0","0","0","0","0","0","0","0","0","0","0","0","0","0","0","0","0","0","0","0","0","0","0","0","0","0","0","0","0","0","0","0","0","0","0","0","0","0","0","0","0","0","0","0","0","0","0","0","0","0","0","0","0","0","0","0","A","ผ่าน"
"52","สำนักงานตำรวจแห่งชาติ","กองบัญชาการตำรวจตระเวนชายแดน","กองบังคับการตำรวจตระเวนชายแดนภาค 2","กองกำกับการตำรวจตระเวนชายแดนที่ 23","SCH_G3_0064","1985-05-10","10/05/2528","0","0","0","0","0","0","0","0","0","0","0","0","0","0","0","0","0","0","0","0","0","0","0","0","0","0","0","0","0","0","0","0","0","0","0","0","0","0","0","0","0","0","0","0","0","0","0","0","0","0","0","0","0","0","0","0","0","0","0","0","0","0","0","0","0","0","0","0","0","0","0","0","0","0","0","0","A","ผ่าน"
"53","สำนักงานตำรวจแห่งชาติ","กองบัญชาการตำรวจตระเวนชายแดน","กองบังคับการตำรวจตระเวนชายแดนภาค 2","กองกำกับการตำรวจตระเวนชายแดนที่ 23","SCH_G3_0066","2015-05-12","12/05/2558","0","0","0","0","0","1","0","0","0","0","0","0","0","0","0","0","0","0","0","0","0","0","0","0","0","0","0","0","0","0","0","0","0","0","0","0","0","0","0","0","0","0","0","0","0","0","0","0","0","0","0","0","0","0","0","0","0","0","0","0","0","0","0","0","0","0","0","0","0","0","0","0","0","0","0","1","B","ผ่าน"
"54","สำนักงานตำรวจแห่งชาติ","กองบัญชาการตำรวจตระเวนชายแดน","กองบังคับการตำรวจตระเวนชายแดนภาค 3","กองกำกับการตำรวจตระเวนชายแดนที่ 33","SCH_G3_0068","2021-07-08","08/07/2564","0","0","0","0","0","0","0","0","0","0","0","0","0","0","0","0","0","0","0","0","0","0","0","0","0","0","0","0","0","0","0","0","0","0","0","0","0","0","0","0","0","0","0","0","0","0","0","0","0","0","0","0","0","0","0","0","0","0","0","0","0","0","0","0","0","0","0","0","0","0","0","0","0","0","0","0","A","ผ่าน"
"55","สำนักงานตำรวจแห่งชาติ","กองบัญชาการตำรวจตระเวนชายแดน","กองบังคับการตำรวจตระเวนชายแดนภาค 3","กองกำกับการตำรวจตระเวนชายแดนที่ 33","SCH_G3_0069","2025-03-20","20/03/2568","0","0","0","0","0","0","0","0","0","0","0","0","0","0","0","0","0","0","0","0","0","0","0","0","0","0","0","0","0","0","1","0","0","0","0","0","0","0","0","0","0","0","0","0","0","0","0","0","0","0","0","0","0","0","0","0","0","0","0","0","0","0","0","0","1","0","0","0","0","0","0","0","0","0","0","2","B","ผ่าน"
"56","สำนักงานตำรวจแห่งชาติ","กองบัญชาการตำรวจตระเวนชายแดน","กองบังคับการตำรวจตระเวนชายแดนภาค 3","กองกำกับการตำรวจตระเวนชายแดนที่ 33","SCH_G3_0070","2017-05-16","16/05/2560","0","0","0","0","0","0","0","0","0","0","0","0","0","0","0","0","0","0","0","0","0","0","0","0","0","0","0","0","0","0","0","0","0","0","0","0","0","0","0","0","0","0","0","0","0","0","0","0","0","0","0","0","0","0","0","0","0","0","0","0","0","0","0","0","0","0","0","0","0","0","0","0","0","0","0","0","A","ผ่าน"
"57","สำนักงานตำรวจแห่งชาติ","กองบัญชาการตำรวจตระเวนชายแดน","กองบังคับการตำรวจตระเวนชายแดนภาค 3","กองกำกับการตำรวจตระเวนชายแดนที่ 33","SCH_G3_0071","2018-05-16","16/05/2561","0","0","0","0","0","0","0","0","0","0","0","0","0","0","0","0","0","0","0","0","0","0","0","0","0","0","0","0","0","0","0","0","0","0","0","0","0","0","0","0","0","0","0","0","0","0","0","0","0","0","0","0","0","0","0","0","0","0","0","0","0","0","0","0","0","0","0","0","0","0","0","0","0","0","0","0","A","ผ่าน"
"58","สำนักงานตำรวจแห่งชาติ","กองบัญชาการตำรวจตระเวนชายแดน","กองบังคับการตำรวจตระเวนชายแดนภาค 3","กองกำกับการตำรวจตระเวนชายแดนที่ 33","SCH_G3_0072","2021-07-09","09/07/2564","0","0","0","0","0","0","0","0","0","0","0","0","0","0","1","0","0","0","0","0","0","0","0","0","0","0","0","0","0","0","0","0","0","0","0","0","0","0","0","0","0","0","0","0","0","0","0","0","0","0","0","0","0","0","0","0","0","0","0","0","0","0","0","0","0","0","0","0","0","0","0","0","0","0","0","1","B","ผ่าน"
"59","สำนักงานตำรวจแห่งชาติ","กองบัญชาการตำรวจตระเวนชายแดน","กองบังคับการตำรวจตระเวนชายแดนภาค 3","กองกำกับการตำรวจตระเวนชายแดนที่ 33","SCH_G3_0073","1998-07-25","25/07/2541","0","0","0","0","0","0","0","0","0","0","0","0","0","0","0","0","0","0","0","0","0","0","0","0","0","0","0","0","0","0","0","0","0","0","0","0","0","0","0","0","0","0","0","0","0","0","0","0","0","0","0","0","0","0","0","0","0","0","0","0","0","0","0","0","0","0","0","0","0","0","0","0","0","0","0","0","A","ผ่าน"
"60","สำนักงานตำรวจแห่งชาติ","กองบัญชาการตำรวจตระเวนชายแดน","กองบังคับการตำรวจตระเวนชายแดนภาค 3","กองกำกับการตำรวจตระเวนชายแดนที่ 33","SCH_G3_0074","1992-06-27","27/06/2535","0","0","0","0","0","1","0","0","0","0","0","0","0","0","0","0","0","0","0","0","0","0","0","0","0","0","0","0","0","0","0","0","0","0","0","0","0","0","0","0","0","0","0","0","0","0","0","0","0","0","0","0","0","0","0","1","0","0","0","0","0","0","0","1","0","0","0","0","0","0","0","0","0","0","0","3","B","ผ่าน"
"61","สำนักงานตำรวจแห่งชาติ","กองบัญชาการตำรวจตระเวนชายแดน","กองบังคับการตำรวจตระเวนชายแดนภาค 3","กองกำกับการตำรวจตระเวนชายแดนที่ 33","SCH_G3_0075","1967-01-10","10/01/2510","0","0","0","0","0","1","0","0","0","0","0","0","0","0","0","0","0","0","0","0","0","0","0","0","0","0","0","0","0","0","0","0","0","0","0","0","0","0","0","0","0","0","0","0","0","0","0","0","0","0","0","0","0","0","0","1","0","0","0","0","0","0","0","0","0","0","0","0","0","0","0","0","0","0","0","2","B","ผ่าน"
"62","สำนักงานตำรวจแห่งชาติ","กองบัญชาการตำรวจตระเวนชายแดน","กองบังคับการตำรวจตระเวนชายแดนภาค 3","กองกำกับการตำรวจตระเวนชายแดนที่ 33","SCH_G3_0076","1962-01-11","11/01/2505","0","0","0","0","0","1","0","0","0","1","0","1","1","1","0","0","0","1","0","0","0","0","0","0","0","0","0","0","0","0","0","0","0","0","0","0","0","0","0","0","0","0","0","0","0","0","0","0","0","0","0","0","0","0","0","0","0","0","0","0","0","0","0","0","0","0","0","1","0","0","0","0","0","0","0","7","B","ผ่าน"
"63","สำนักงานตำรวจแห่งชาติ","กองบัญชาการตำรวจตระเวนชายแดน","กองบังคับการตำรวจตระเวนชายแดนภาค 3","กองกำกับการตำรวจตระเวนชายแดนที่ 33","SCH_G3_0077","1971-06-14","14/06/2514","0","0","0","0","1","0","0","0","0","0","0","0","0","0","0","0","0","0","0","0","0","0","0","0","0","0","0","0","0","0","0","0","0","0","0","0","0","0","0","0","0","0","0","0","0","0","0","0","0","0","0","0","0","0","0","0","0","0","0","0","0","0","0","0","0","0","0","0","0","0","0","1","0","0","0","2","B","ผ่าน"
"64","สำนักงานตำรวจแห่งชาติ","กองบัญชาการตำรวจตระเวนชายแดน","กองบังคับการตำรวจตระเวนชายแดนภาค 3","กองกำกับการตำรวจตระเวนชายแดนที่ 33","SCH_G3_0078","1965-12-01","01/12/2508","0","0","0","0","0","0","0","0","0","0","0","0","0","0","0","0","0","0","0","0","0","0","0","0","0","0","0","0","0","0","0","0","0","0","0","0","0","0","0","0","0","0","0","0","0","0","0","0","0","0","0","0","0","0","0","0","0","0","0","0","0","0","0","0","0","0","0","0","0","0","0","0","0","0","0","0","A","ผ่าน"
"65","สำนักงานตำรวจแห่งชาติ","กองบัญชาการตำรวจตระเวนชายแดน","กองบังคับการตำรวจตระเวนชายแดนภาค 3","กองกำกับการตำรวจตระเวนชายแดนที่ 33","SCH_G3_0079","2012-04-20","20/04/2555","0","0","0","0","0","0","0","0","0","0","0","0","0","0","0","0","0","0","0","0","0","0","0","0","0","0","0","0","0","0","0","0","0","0","0","0","0","0","0","0","0","0","0","0","0","0","0","0","0","0","0","0","0","0","0","0","0","0","0","0","0","0","0","0","0","0","0","0","0","0","0","0","0","0","0","0","A","ผ่าน"
"66","สำนักงานตำรวจแห่งชาติ","กองบัญชาการตำรวจตระเวนชายแดน","กองบังคับการตำรวจตระเวนชายแดนภาค 3","กองกำกับการตำรวจตระเวนชายแดนที่ 33","SCH_G3_0080","2007-12-01","01/12/2550","0","0","0","0","0","0","0","0","0","0","0","0","0","0","0","0","0","0","0","0","0","0","0","0","0","0","0","0","0","0","0","0","0","0","0","0","0","0","0","0","0","0","0","0","0","0","0","0","0","0","0","0","0","0","0","0","0","0","0","0","0","0","0","0","0","0","0","0","0","0","0","0","0","0","0","0","A","ผ่าน"
"67","สำนักงานตำรวจแห่งชาติ","กองบัญชาการตำรวจตระเวนชายแดน","กองบังคับการตำรวจตระเวนชายแดนภาค 3","กองกำกับการตำรวจตระเวนชายแดนที่ 33","SCH_G3_0081","2015-05-18","18/05/2558","0","0","0","0","0","0","0","0","0","0","0","0","0","0","0","0","0","0","0","0","0","0","0","0","0","0","0","0","0","0","0","0","0","0","0","0","0","0","0","0","0","0","0","0","0","0","0","0","0","0","0","0","0","0","0","0","0","0","0","0","0","0","0","0","0","0","0","0","0","0","0","0","0","0","0","0","A","ผ่าน"
"68","สำนักงานตำรวจแห่งชาติ","กองบัญชาการตำรวจตระเวนชายแดน","กองบังคับการตำรวจตระเวนชายแดนภาค 3","กองกำกับการตำรวจตระเวนชายแดนที่ 33","SCH_G3_0084","2019-05-16","16/05/2562","0","0","0","0","0","0","0","0","0","0","0","0","0","0","0","0","0","0","0","0","0","0","0","0","0","0","0","0","0","0","0","0","0","0","0","0","0","0","0","0","0","0","0","0","0","0","0","0","0","0","0","0","0","0","0","0","0","0","0","0","0","0","0","0","0","0","0","0","0","0","0","0","0","0","0","0","A","ผ่าน"
"69","สำนักงานตำรวจแห่งชาติ","กองบัญชาการตำรวจตระเวนชายแดน","กองบังคับการตำรวจตระเวนชายแดนภาค 3","กองกำกับการตำรวจตระเวนชายแดนที่ 31","SCH_G3_0085","1958-05-01","01/05/2501","0","0","0","0","0","0","0","0","0","0","0","0","0","0","0","0","0","0","0","0","0","0","0","0","0","0","0","0","0","0","0","0","0","0","0","0","0","0","0","0","0","0","0","0","0","0","0","0","0","0","0","0","0","0","0","0","0","0","0","0","0","0","0","0","0","0","0","0","0","0","0","0","0","0","0","0","A","ผ่าน"
"70","สำนักงานตำรวจแห่งชาติ","กองบัญชาการตำรวจตระเวนชายแดน","กองบังคับการตำรวจตระเวนชายแดนภาค 3","กองกำกับการตำรวจตระเวนชายแดนที่ 31","SCH_G3_0086","1986-08-01","01/08/2529","0","0","0","0","0","0","0","0","0","0","0","0","0","0","0","0","0","0","0","0","0","0","0","0","0","0","0","0","0","0","0","0","0","0","0","0","0","0","0","0","0","0","0","0","0","0","0","0","0","0","0","0","0","0","0","0","0","0","0","0","0","0","0","0","0","0","0","0","0","0","0","0","0","0","0","0","A","ผ่าน"
"71","สำนักงานตำรวจแห่งชาติ","กองบัญชาการตำรวจตระเวนชายแดน","กองบังคับการตำรวจตระเวนชายแดนภาค 3","กองกำกับการตำรวจตระเวนชายแดนที่ 32","SCH_G3_0087","2020-01-24","24/01/2563","0","0","0","0","0","0","0","0","0","0","0","0","0","0","0","0","0","0","0","0","1","0","0","0","0","0","0","0","0","0","0","0","0","0","0","0","0","0","0","0","0","0","0","0","0","0","0","0","0","0","0","0","0","0","0","0","0","0","0","0","0","0","0","0","0","0","0","0","0","0","0","0","0","0","0","1","B","ผ่าน"
"72","สำนักงานตำรวจแห่งชาติ","กองบัญชาการตำรวจตระเวนชายแดน","กองบังคับการตำรวจตระเวนชายแดนภาค 3","กองกำกับการตำรวจตระเวนชายแดนที่ 32","SCH_G3_0088","1995-01-26","26/01/2538","0","0","0","0","0","1","0","0","0","0","0","0","0","0","0","0","0","0","0","0","0","0","0","0","0","0","0","0","0","0","0","0","0","0","0","0","0","0","0","0","0","0","0","0","0","0","0","0","0","0","0","0","0","1","0","1","0","0","0","0","0","0","0","0","0","0","0","0","0","0","0","0","0","0","0","3","B","ผ่าน"
"73","สำนักงานตำรวจแห่งชาติ","กองบัญชาการตำรวจตระเวนชายแดน","กองบังคับการตำรวจตระเวนชายแดนภาค 3","กองกำกับการตำรวจตระเวนชายแดนที่ 32","SCH_G3_0089","","","0","0","0","0","0","0","0","0","0","0","0","0","0","0","0","0","0","0","0","0","0","0","0","0","0","0","0","0","0","0","0","0","0","0","0","0","0","0","0","0","0","0","0","0","0","0","0","0","0","0","0","0","0","0","0","0","0","0","0","0","0","0","0","0","0","0","0","0","0","0","0","0","0","0","0","0","A","ผ่าน"
"74","สำนักงานตำรวจแห่งชาติ","กองบัญชาการตำรวจตระเวนชายแดน","กองบังคับการตำรวจตระเวนชายแดนภาค 3","กองกำกับการตำรวจตระเวนชายแดนที่ 32","SCH_G3_0091","1985-01-12","12/01/2528","0","0","0","0","0","0","0","0","0","0","0","0","0","0","0","0","0","0","0","0","0","0","0","0","0","0","0","0","0","0","0","0","0","0","0","0","0","0","0","0","0","0","0","0","0","0","0","0","0","0","0","0","0","0","0","0","0","0","0","0","0","0","0","0","0","0","0","0","0","0","0","0","0","0","0","0","A","ผ่าน"
"75","สำนักงานตำรวจแห่งชาติ","กองบัญชาการตำรวจตระเวนชายแดน","กองบังคับการตำรวจตระเวนชายแดนภาค 3","กองกำกับการตำรวจตระเวนชายแดนที่ 32","SCH_G3_0092","2018-02-10","10/02/2561","0","0","0","0","0","1","0","0","0","0","0","0","0","0","0","0","0","0","0","0","0","0","0","0","0","0","0","0","0","0","0","0","0","0","0","0","0","0","0","0","0","0","0","0","0","0","0","0","0","0","0","0","0","0","0","0","0","0","1","0","0","0","0","0","1","0","0","1","0","0","1","0","0","1","0","6","B","ผ่าน"
"76","สำนักงานตำรวจแห่งชาติ","กองบัญชาการตำรวจตระเวนชายแดน","กองบังคับการตำรวจตระเวนชายแดนภาค 3","กองกำกับการตำรวจตระเวนชายแดนที่ 32","SCH_G3_0093","2021-06-14","14/06/2564","0","0","0","0","0","0","0","0","0","0","0","0","0","0","0","0","0","0","0","0","0","0","0","0","0","0","0","0","0","0","0","0","0","0","0","0","0","0","0","0","0","0","0","0","0","0","0","0","0","0","0","0","0","0","0","0","0","0","0","0","0","0","0","0","0","0","0","0","0","0","0","0","0","0","0","0","A","ผ่าน"
"77","สำนักงานตำรวจแห่งชาติ","กองบัญชาการตำรวจตระเวนชายแดน","กองบังคับการตำรวจตระเวนชายแดนภาค 3","กองกำกับการตำรวจตระเวนชายแดนที่ 32","SCH_G3_0094","2025-02-17","17/02/2568","0","0","0","0","0","1","0","0","0","0","0","0","0","0","0","0","0","0","0","0","0","0","0","0","0","0","0","0","0","0","0","0","0","0","0","0","0","0","0","0","0","0","0","0","0","0","0","0","0","0","0","0","0","0","0","0","0","0","0","0","0","0","0","1","1","0","0","1","0","1","1","0","0","0","0","6","B","ผ่าน"
"78","สำนักงานตำรวจแห่งชาติ","กองบัญชาการตำรวจตระเวนชายแดน","กองบังคับการตำรวจตระเวนชายแดนภาค 3","กองกำกับการตำรวจตระเวนชายแดนที่ 32","SCH_G3_0095","1965-05-08","08/05/2508","0","0","0","0","0","0","0","0","0","0","0","0","0","0","0","0","0","0","0","0","0","0","0","0","0","0","0","0","0","0","0","0","0","0","0","0","0","0","0","0","0","0","0","0","0","0","0","0","0","0","0","0","0","0","0","1","0","0","0","0","0","0","0","0","0","0","0","0","0","0","0","0","0","0","0","1","B","ผ่าน"
"79","สำนักงานตำรวจแห่งชาติ","กองบัญชาการตำรวจตระเวนชายแดน","กองบังคับการตำรวจตระเวนชายแดนภาค 3","กองกำกับการตำรวจตระเวนชายแดนที่ 32","SCH_G3_0096","1960-10-01","01/10/2503","0","0","0","0","0","0","0","0","0","0","0","0","0","0","0","0","0","0","0","0","0","0","0","0","0","0","0","0","0","0","0","0","0","0","0","0","0","0","0","0","0","0","0","0","0","0","0","0","0","0","0","0","0","0","0","0","0","0","0","0","0","0","0","1","0","0","0","1","0","0","0","0","0","0","0","2","B","ผ่าน"
"80","สำนักงานตำรวจแห่งชาติ","กองบัญชาการตำรวจตระเวนชายแดน","กองบังคับการตำรวจตระเวนชายแดนภาค 3","กองกำกับการตำรวจตระเวนชายแดนที่ 32","SCH_G3_0097","2024-05-16","16/05/2567","0","0","0","0","0","0","0","0","0","0","0","0","0","0","1","0","0","0","0","0","0","0","0","0","0","0","0","0","0","0","0","0","0","0","0","0","0","0","0","0","0","0","0","0","0","0","0","0","0","0","0","0","0","0","0","0","0","0","0","0","0","0","0","1","1","0","1","1","0","1","0","0","0","0","0","6","B","ผ่าน"
"81","สำนักงานตำรวจแห่งชาติ","กองบัญชาการตำรวจตระเวนชายแดน","กองบังคับการตำรวจตระเวนชายแดนภาค 3","กองกำกับการตำรวจตระเวนชายแดนที่ 32","SCH_G3_0098","1974-01-09","09/01/2517","0","0","1","1","0","1","0","1","0","1","1","0","1","0","0","0","0","0","1","0","0","0","0","0","0","0","0","0","0","0","0","0","0","0","0","0","0","0","0","0","0","0","0","0","1","0","0","0","0","0","0","0","0","1","0","0","0","0","1","0","0","0","0","0","1","1","0","0","1","1","0","0","0","0","0","15","C","ผ่าน"
"82","สำนักงานตำรวจแห่งชาติ","กองบัญชาการตำรวจตระเวนชายแดน","กองบังคับการตำรวจตระเวนชายแดนภาค 3","กองกำกับการตำรวจตระเวนชายแดนที่ 32","SCH_G3_0099","2014-05-16","16/05/2557","0","0","0","0","0","0","0","0","0","0","0","0","0","0","0","0","0","0","0","0","0","0","0","0","0","0","0","0","0","0","0","0","0","0","0","0","0","0","0","0","0","0","0","0","0","0","0","0","0","0","0","0","0","0","0","0","0","0","0","0","0","0","0","0","0","0","0","0","0","0","0","0","0","0","0","0","A","ผ่าน"
"83","สำนักงานตำรวจแห่งชาติ","กองบัญชาการตำรวจตระเวนชายแดน","กองบังคับการตำรวจตระเวนชายแดนภาค 3","กองกำกับการตำรวจตระเวนชายแดนที่ 32","SCH_G3_0100","2021-07-28","28/07/2564","0","0","0","0","0","0","0","0","0","0","0","0","0","0","0","0","0","0","0","0","0","0","0","0","0","0","0","0","0","0","0","0","0","0","0","0","0","0","0","0","0","0","0","0","0","0","0","0","0","0","0","0","0","0","0","1","0","0","0","0","0","0","1","1","1","0","1","1","1","0","1","0","1","1","0","10","C","ผ่าน"
"84","สำนักงานตำรวจแห่งชาติ","กองบัญชาการตำรวจตระเวนชายแดน","กองบังคับการตำรวจตระเวนชายแดนภาค 3","กองกำกับการตำรวจตระเวนชายแดนที่ 32","SCH_G3_0101","1965-01-01","01/01/2508","0","0","0","0","0","0","0","0","0","0","0","0","0","0","0","0","0","0","0","0","0","0","0","0","0","0","0","0","0","0","0","0","0","0","0","0","0","0","0","0","0","0","0","0","0","0","0","0","0","0","0","0","0","0","0","0","0","0","0","0","0","0","0","0","0","0","0","0","0","0","0","0","0","0","0","0","A","ผ่าน"
"85","สำนักงานตำรวจแห่งชาติ","กองบัญชาการตำรวจตระเวนชายแดน","กองบังคับการตำรวจตระเวนชายแดนภาค 3","กองกำกับการตำรวจตระเวนชายแดนที่ 32","SCH_G3_0102","2021-07-07","07/07/2564","0","0","0","0","0","1","0","0","0","0","0","0","0","0","0","0","0","0","0","0","0","0","0","0","0","0","0","0","0","0","0","0","0","0","0","0","0","0","0","0","0","0","0","0","0","0","0","0","0","0","0","0","0","1","0","0","0","0","0","0","0","0","0","0","0","0","0","0","0","0","0","0","0","0","0","2","B","ผ่าน"
"86","สำนักงานตำรวจแห่งชาติ","กองบัญชาการตำรวจตระเวนชายแดน","กองบังคับการตำรวจตระเวนชายแดนภาค 3","กองกำกับการตำรวจตระเวนชายแดนที่ 32","SCH_G3_0103","2023-05-17","17/05/2566","0","0","0","0","0","1","0","0","0","0","0","0","0","0","0","0","0","0","0","0","0","0","0","0","0","0","0","0","0","0","0","0","0","0","0","0","0","0","0","0","0","0","0","0","0","0","0","0","0","0","0","0","0","0","0","0","0","0","0","0","0","0","0","0","0","0","0","0","0","0","0","0","0","0","0","1","B","ผ่าน"
"87","สำนักงานตำรวจแห่งชาติ","กองบัญชาการตำรวจตระเวนชายแดน","กองบังคับการตำรวจตระเวนชายแดนภาค 3","กองกำกับการตำรวจตระเวนชายแดนที่ 33","SCH_G3_0104","2015-05-16","16/05/2558","0","0","0","0","0","0","0","0","0","0","0","0","0","0","0","0","0","0","0","0","0","0","0","0","0","0","0","0","0","0","0","0","0","0","0","0","0","0","0","0","0","0","0","0","0","0","0","0","0","0","0","0","0","0","0","0","0","0","0","0","0","0","0","0","0","0","0","0","0","0","0","0","0","0","0","0","A","ผ่าน"
"88","สำนักงานตำรวจแห่งชาติ","กองบัญชาการตำรวจตระเวนชายแดน","กองบังคับการตำรวจตระเวนชายแดนภาค 3","กองกำกับการตำรวจตระเวนชายแดนที่ 33","SCH_G3_0105","2016-11-24","24/11/2559","0","0","0","0","0","0","0","0","0","0","0","0","0","0","0","0","0","0","0","0","0","0","0","0","0","0","0","0","0","0","0","0","0","0","0","0","0","0","0","0","0","0","0","0","0","0","0","0","0","0","0","0","0","0","0","0","0","0","0","0","0","0","0","0","0","0","0","0","0","0","0","0","0","0","0","0","A","ผ่าน"
"89","สำนักงานตำรวจแห่งชาติ","กองบัญชาการตำรวจตระเวนชายแดน","กองบังคับการตำรวจตระเวนชายแดนภาค 3","กองกำกับการตำรวจตระเวนชายแดนที่ 33","SCH_G3_0107","2008-05-15","15/05/2551","0","0","0","0","0","1","0","0","0","0","0","0","0","0","0","0","0","0","0","0","0","0","0","0","0","0","0","0","0","0","0","0","0","0","0","0","0","0","0","0","0","0","0","0","0","0","0","0","0","0","0","0","0","0","0","0","0","0","0","0","0","0","0","0","0","0","0","0","0","0","0","0","0","0","0","1","B","ผ่าน"
"90","สำนักงานตำรวจแห่งชาติ","กองบัญชาการตำรวจตระเวนชายแดน","กองบังคับการตำรวจตระเวนชายแดนภาค 3","กองกำกับการตำรวจตระเวนชายแดนที่ 33","SCH_G3_0108","2022-05-17","17/05/2565","0","0","0","0","0","0","0","0","0","0","0","0","0","0","0","0","0","0","0","0","0","0","0","0","0","0","0","0","0","0","0","0","0","0","0","0","0","0","0","0","0","0","0","0","0","0","0","0","0","0","0","0","0","0","0","0","0","0","0","0","0","0","0","0","0","0","0","0","0","0","0","0","0","0","0","0","A","ผ่าน"
"91","สำนักงานตำรวจแห่งชาติ","กองบัญชาการตำรวจตระเวนชายแดน","กองบังคับการตำรวจตระเวนชายแดนภาค 3","กองกำกับการตำรวจตระเวนชายแดนที่ 33","SCH_G3_0109","2026-05-16","16/05/2569","0","0","0","0","0","0","0","0","0","0","0","0","0","0","0","0","0","0","0","0","0","0","0","0","0","0","0","0","0","0","0","0","0","0","0","0","0","0","0","0","0","0","0","0","0","0","0","0","0","0","0","0","0","0","0","0","0","0","0","0","0","0","0","0","0","0","0","0","0","0","0","0","0","0","0","0","A","ผ่าน"
"92","สำนักงานตำรวจแห่งชาติ","กองบัญชาการตำรวจตระเวนชายแดน","กองบังคับการตำรวจตระเวนชายแดนภาค 3","กองกำกับการตำรวจตระเวนชายแดนที่ 33","SCH_G3_0110","2021-07-30","30/07/2564","0","0","0","0","0","1","0","0","0","0","0","0","0","0","0","0","0","0","0","0","0","0","0","0","0","0","0","0","0","0","0","0","0","0","0","0","0","0","0","0","0","0","0","0","0","0","0","0","0","0","0","0","0","0","0","0","0","0","0","0","0","0","0","0","0","0","0","0","0","0","0","0","0","0","0","1","B","ผ่าน"
"93","สำนักงานตำรวจแห่งชาติ","กองบัญชาการตำรวจตระเวนชายแดน","กองบังคับการตำรวจตระเวนชายแดนภาค 3","กองกำกับการตำรวจตระเวนชายแดนที่ 33","SCH_G3_0111","1982-08-05","05/08/2525","0","0","0","0","0","0","0","0","0","0","0","0","0","0","0","0","0","0","0","0","0","0","0","0","0","0","0","0","0","0","0","0","0","0","0","0","0","0","0","0","0","0","0","0","0","0","0","0","0","0","0","0","0","0","0","0","0","0","0","0","0","0","0","0","0","0","0","0","0","0","0","0","0","0","0","0","A","ผ่าน"
"94","สำนักงานตำรวจแห่งชาติ","กองบัญชาการตำรวจตระเวนชายแดน","กองบังคับการตำรวจตระเวนชายแดนภาค 3","กองกำกับการตำรวจตระเวนชายแดนที่ 33","SCH_G3_0112","2021-07-30","30/07/2564","0","0","0","0","0","1","0","0","0","0","0","0","0","0","0","0","0","0","0","0","0","0","0","0","0","0","0","0","0","0","0","0","0","0","0","0","0","0","0","0","0","0","0","0","0","0","0","0","0","0","0","0","0","0","0","0","0","0","0","0","0","0","0","0","0","0","0","0","0","0","0","0","0","0","0","1","B","ผ่าน"
"95","สำนักงานตำรวจแห่งชาติ","กองบัญชาการตำรวจตระเวนชายแดน","กองบังคับการตำรวจตระเวนชายแดนภาค 3","กองกำกับการตำรวจตระเวนชายแดนที่ 33","SCH_G3_0113","","","0","0","0","0","0","0","0","0","0","0","0","0","0","0","0","0","0","0","0","0","0","0","0","0","0","0","0","0","0","0","0","0","0","0","0","0","0","0","0","0","0","0","0","0","0","0","0","0","0","0","0","0","0","0","0","0","0","0","0","0","0","0","0","0","0","0","0","0","0","0","0","0","0","0","0","0","A","ผ่าน"
"96","สำนักงานตำรวจแห่งชาติ","กองบัญชาการตำรวจตระเวนชายแดน","กองบังคับการตำรวจตระเวนชายแดนภาค 3","กองกำกับการตำรวจตระเวนชายแดนที่ 33","SCH_G3_0114","","","0","0","0","0","0","1","0","0","0","0","0","0","0","0","0","0","0","0","0","0","0","0","0","0","0","0","0","0","0","0","0","0","0","0","0","0","0","0","0","0","1","0","0","0","0","0","0","0","0","0","0","0","0","0","0","0","0","0","0","0","0","0","0","1","0","0","1","0","0","0","0","0","0","1","0","5","B","ผ่าน"
"97","สำนักงานตำรวจแห่งชาติ","กองบัญชาการตำรวจตระเวนชายแดน","กองบังคับการตำรวจตระเวนชายแดนภาค 3","กองกำกับการตำรวจตระเวนชายแดนที่ 33","SCH_G3_0115","1991-04-04","04/04/2534","0","0","0","0","0","0","0","0","0","0","0","0","0","0","0","0","0","0","0","0","0","0","0","0","0","0","0","0","0","0","0","0","0","0","0","0","0","0","0","0","0","0","0","0","0","0","0","0","0","0","0","0","0","0","0","0","0","0","0","0","0","0","0","0","0","0","0","0","0","0","0","0","0","0","0","0","A","ผ่าน"
"98","สำนักงานตำรวจแห่งชาติ","กองบัญชาการตำรวจตระเวนชายแดน","กองบังคับการตำรวจตระเวนชายแดนภาค 3","กองกำกับการตำรวจตระเวนชายแดนที่ 33","SCH_G3_0116","2014-05-16","16/05/2557","0","0","0","0","0","0","0","0","0","0","0","0","0","0","0","0","0","0","0","0","0","0","0","0","0","0","0","0","0","0","0","0","0","0","0","0","0","0","0","0","0","0","0","0","0","0","0","0","0","0","0","0","0","0","0","0","0","0","0","0","0","0","0","0","0","0","0","0","0","0","0","0","0","0","0","0","A","ผ่าน"
"99","สำนักงานตำรวจแห่งชาติ","กองบัญชาการตำรวจตระเวนชายแดน","กองบังคับการตำรวจตระเวนชายแดนภาค 3","กองกำกับการตำรวจตระเวนชายแดนที่ 33","SCH_G3_0117","2016-05-01","01/05/2559","0","0","0","0","0","0","0","0","0","0","0","0","0","0","0","0","0","0","0","0","0","0","0","0","0","0","0","0","0","0","0","0","0","0","0","0","0","0","0","0","0","0","0","0","0","0","0","0","0","0","0","0","0","1","1","1","1","1","1","1","1","1","1","1","1","1","1","1","1","1","1","1","1","1","1","22","D","ไม่ผ่าน"
"100","สำนักงานตำรวจแห่งชาติ","กองบัญชาการตำรวจตระเวนชายแดน","กองบังคับการตำรวจตระเวนชายแดนภาค 3","กองกำกับการตำรวจตระเวนชายแดนที่ 33","SCH_G3_0118","2016-05-16","16/05/2559","0","0","0","0","0","0","0","0","0","0","0","0","0","0","1","0","0","0","0","0","0","0","0","0","0","0","0","0","0","0","0","0","0","0","0","0","0","0","0","0","0","0","0","0","0","0","0","0","0","0","0","0","0","0","0","1","0","0","0","0","0","0","0","0","0","0","0","0","0","0","0","0","0","0","0","2","B","ผ่าน"
"101","สำนักงานตำรวจแห่งชาติ","กองบัญชาการตำรวจตระเวนชายแดน","กองบังคับการตำรวจตระเวนชายแดนภาค 3","กองกำกับการตำรวจตระเวนชายแดนที่ 34","SCH_G3_0119","1981-06-09","09/06/2524","0","0","0","0","0","0","0","0","0","0","0","0","0","0","1","0","0","0","0","0","1","0","0","0","0","0","0","0","0","0","0","0","0","0","0","0","0","0","0","0","0","0","0","0","0","0","0","0","0","0","0","0","0","0","0","0","0","0","0","0","0","0","0","0","0","0","0","0","0","0","0","0","0","0","0","2","B","ผ่าน"
"102","สำนักงานตำรวจแห่งชาติ","กองบัญชาการตำรวจตระเวนชายแดน","กองบังคับการตำรวจตระเวนชายแดนภาค 3","กองกำกับการตำรวจตระเวนชายแดนที่ 34","SCH_G3_0120","2002-02-07","07/02/2545","0","0","0","0","0","1","0","0","0","0","0","0","0","0","0","0","0","0","0","0","0","0","0","0","0","0","0","0","0","0","0","0","0","0","0","0","0","0","0","0","0","0","0","0","0","0","0","0","0","0","0","0","0","0","0","1","0","0","0","0","0","0","0","0","0","0","0","0","0","0","0","0","0","0","0","2","B","ผ่าน"
"103","สำนักงานตำรวจแห่งชาติ","กองบัญชาการตำรวจตระเวนชายแดน","กองบังคับการตำรวจตระเวนชายแดนภาค 3","กองกำกับการตำรวจตระเวนชายแดนที่ 34","SCH_G3_0121","2002-05-16","16/05/2545","0","0","0","0","0","0","0","0","0","0","0","0","0","0","1","0","0","0","0","0","0","0","0","0","0","0","0","0","0","0","0","0","0","0","0","0","0","0","0","0","0","0","0","0","0","0","0","0","0","0","0","0","0","0","0","0","0","0","0","0","0","0","0","0","0","0","0","0","0","0","1","0","0","0","0","2","B","ผ่าน"
"104","สำนักงานตำรวจแห่งชาติ","กองบัญชาการตำรวจตระเวนชายแดน","กองบังคับการตำรวจตระเวนชายแดนภาค 3","กองกำกับการตำรวจตระเวนชายแดนที่ 34","SCH_G3_0122","2003-05-16","16/05/2546","0","0","0","0","0","1","0","0","0","0","0","0","0","0","0","0","0","0","0","0","0","0","0","0","0","0","0","0","0","0","1","0","0","0","0","0","0","0","0","0","0","0","0","0","1","1","0","0","0","0","0","0","0","0","0","0","0","0","0","0","0","0","0","0","0","0","0","0","0","0","1","0","0","0","0","5","B","ผ่าน"
"105","สำนักงานตำรวจแห่งชาติ","กองบัญชาการตำรวจตระเวนชายแดน","กองบังคับการตำรวจตระเวนชายแดนภาค 3","กองกำกับการตำรวจตระเวนชายแดนที่ 34","SCH_G3_0123","2003-05-16","16/05/2546","0","0","0","0","0","0","0","0","0","0","0","0","0","0","0","0","0","0","0","0","0","0","0","0","0","0","0","0","0","0","0","0","0","0","0","0","0","0","0","0","0","0","0","0","0","0","0","0","0","0","0","0","0","0","0","0","0","0","0","0","0","0","0","0","0","0","0","0","0","0","0","0","0","0","0","0","A","ผ่าน"
"106","สำนักงานตำรวจแห่งชาติ","กองบัญชาการตำรวจตระเวนชายแดน","กองบังคับการตำรวจตระเวนชายแดนภาค 3","กองกำกับการตำรวจตระเวนชายแดนที่ 34","SCH_G3_0124","2017-05-16","16/05/2560","0","0","0","0","0","1","0","0","0","0","0","0","0","0","0","0","0","0","0","0","0","0","0","0","0","0","0","0","0","0","0","0","0","0","0","0","0","0","0","0","0","0","0","0","0","0","0","0","0","0","0","0","0","0","0","0","0","0","0","0","0","0","0","0","0","0","0","0","0","0","0","0","0","0","0","1","B","ผ่าน"
"107","สำนักงานตำรวจแห่งชาติ","กองบัญชาการตำรวจตระเวนชายแดน","กองบังคับการตำรวจตระเวนชายแดนภาค 3","กองกำกับการตำรวจตระเวนชายแดนที่ 34","SCH_G3_0126","1972-09-07","07/09/2515","0","0","0","0","0","0","0","0","0","0","0","0","0","0","0","0","0","0","0","0","0","0","0","0","0","0","0","0","0","0","0","0","0","0","0","0","0","0","0","0","0","0","0","0","0","0","0","0","0","0","0","0","0","0","0","0","0","0","0","0","0","0","0","0","0","0","0","0","0","0","0","0","0","0","0","0","A","ผ่าน"
"108","สำนักงานตำรวจแห่งชาติ","กองบัญชาการตำรวจตระเวนชายแดน","กองบังคับการตำรวจตระเวนชายแดนภาค 3","กองกำกับการตำรวจตระเวนชายแดนที่ 34","SCH_G3_0127","1985-03-15","15/03/2528","0","0","0","0","1","1","0","0","0","0","0","0","0","0","0","0","0","0","0","0","1","0","0","0","0","0","0","0","0","0","0","1","0","0","0","0","0","0","0","0","0","0","0","0","0","0","0","0","0","0","0","0","0","0","0","0","0","0","0","0","0","0","0","0","0","0","0","1","1","0","1","0","0","0","0","7","B","ผ่าน"
"109","สำนักงานตำรวจแห่งชาติ","กองบัญชาการตำรวจตระเวนชายแดน","กองบังคับการตำรวจตระเวนชายแดนภาค 3","กองกำกับการตำรวจตระเวนชายแดนที่ 34","SCH_G3_0128","1983-05-16","16/05/2526","0","0","0","0","0","0","0","0","0","0","0","0","0","0","0","0","0","0","0","0","0","0","0","0","0","0","0","0","0","0","0","0","0","0","0","0","0","0","0","0","0","0","0","0","0","0","0","0","0","0","0","0","0","0","0","0","0","0","0","0","0","0","0","0","0","0","0","0","0","0","0","0","0","0","0","0","A","ผ่าน"
"110","สำนักงานตำรวจแห่งชาติ","กองบัญชาการตำรวจตระเวนชายแดน","กองบังคับการตำรวจตระเวนชายแดนภาค 3","กองกำกับการตำรวจตระเวนชายแดนที่ 34","SCH_G3_0129","2002-04-02","02/04/2545","0","0","0","0","0","0","1","0","0","0","0","0","0","0","0","0","0","0","0","0","1","0","0","0","1","0","0","0","0","0","0","0","0","0","0","0","0","0","0","0","0","0","0","0","0","0","0","0","0","0","0","0","0","0","0","0","0","0","0","0","0","0","0","0","0","0","0","0","0","0","0","0","0","0","0","3","B","ผ่าน"
"111","สำนักงานตำรวจแห่งชาติ","กองบัญชาการตำรวจตระเวนชายแดน","กองบังคับการตำรวจตระเวนชายแดนภาค 3","กองกำกับการตำรวจตระเวนชายแดนที่ 34","SCH_G3_0130","2003-05-16","16/05/2546","0","0","0","0","0","1","0","0","0","0","0","0","0","0","0","0","0","0","0","0","0","0","0","0","0","0","1","1","1","1","1","1","1","1","1","1","1","1","1","1","1","1","1","1","1","1","0","0","0","0","0","0","0","1","1","1","1","1","1","1","1","1","1","1","1","1","1","1","1","1","1","0","0","0","0","39","D","ไม่ผ่าน"
"112","สำนักงานตำรวจแห่งชาติ","กองบัญชาการตำรวจตระเวนชายแดน","กองบังคับการตำรวจตระเวนชายแดนภาค 3","กองกำกับการตำรวจตระเวนชายแดนที่ 34","SCH_G3_0131","2002-05-16","16/05/2545","0","0","0","0","0","0","0","0","0","0","0","0","0","0","0","0","0","0","0","0","0","0","0","0","0","0","0","0","0","0","0","0","0","0","0","0","0","0","0","0","0","0","0","0","0","0","0","0","0","0","0","0","0","0","0","0","0","0","0","0","0","0","0","1","1","1","1","0","1","1","1","0","0","0","0","7","B","ผ่าน"
"113","สำนักงานตำรวจแห่งชาติ","กองบัญชาการตำรวจตระเวนชายแดน","กองบังคับการตำรวจตระเวนชายแดนภาค 3","กองกำกับการตำรวจตระเวนชายแดนที่ 34","SCH_G3_0132","2023-02-08","08/02/2566","1","1","1","1","1","1","1","1","1","1","1","1","1","1","1","1","1","1","1","1","1","1","1","1","1","1","1","1","1","1","1","1","1","1","1","1","1","1","1","1","1","1","0","0","0","0","0","0","0","0","0","0","0","0","0","0","0","0","0","0","0","0","0","0","0","0","0","0","0","0","0","0","0","0","0","42","D","ไม่ผ่าน"
"114","สำนักงานตำรวจแห่งชาติ","กองบัญชาการตำรวจตระเวนชายแดน","กองบังคับการตำรวจตระเวนชายแดนภาค 3","กองกำกับการตำรวจตระเวนชายแดนที่ 34","SCH_G3_0133","2002-07-16","16/07/2545","0","0","0","0","0","0","0","0","0","0","0","0","0","0","0","0","0","0","0","0","0","0","0","0","0","0","0","0","0","0","0","0","0","0","0","0","0","0","0","0","0","0","0","0","0","0","0","0","0","0","0","0","0","0","0","0","0","0","0","0","0","0","0","0","0","0","0","0","0","0","0","0","0","0","0","0","A","ผ่าน"
"115","สำนักงานตำรวจแห่งชาติ","กองบัญชาการตำรวจตระเวนชายแดน","กองบังคับการตำรวจตระเวนชายแดนภาค 3","กองกำกับการตำรวจตระเวนชายแดนที่ 34","SCH_G3_0135","2004-01-30","30/01/2547","0","0","0","0","0","0","0","0","0","0","0","0","0","0","0","0","0","0","0","0","0","0","0","0","0","0","0","0","0","0","0","0","0","0","0","0","0","0","0","0","0","0","0","0","0","0","0","0","0","0","0","0","0","0","0","0","0","0","0","0","0","0","0","0","0","0","0","0","0","0","0","0","0","0","0","0","A","ผ่าน"
"116","สำนักงานตำรวจแห่งชาติ","กองบัญชาการตำรวจตระเวนชายแดน","กองบังคับการตำรวจตระเวนชายแดนภาค 3","กองกำกับการตำรวจตระเวนชายแดนที่ 34","SCH_G3_0136","1998-05-01","01/05/2541","0","0","0","0","0","0","0","0","0","0","0","0","0","0","0","0","0","0","0","0","1","0","0","0","0","1","0","0","0","0","0","0","0","0","0","0","0","0","0","0","0","0","0","0","0","0","0","0","0","0","0","0","0","0","0","0","0","0","0","0","0","0","0","0","0","0","0","0","1","0","1","1","0","0","0","5","B","ผ่าน"
"117","สำนักงานตำรวจแห่งชาติ","กองบัญชาการตำรวจตระเวนชายแดน","กองบังคับการตำรวจตระเวนชายแดนภาค 3","กองกำกับการตำรวจตระเวนชายแดนที่ 34","SCH_G3_0137","2014-05-16","16/05/2557","0","0","0","0","0","1","0","0","0","0","0","0","0","0","0","0","0","0","0","0","0","0","0","0","0","0","0","0","0","0","0","0","0","0","0","0","0","0","0","0","0","0","0","0","0","0","0","0","0","0","0","0","0","0","0","0","0","0","0","0","0","1","0","0","0","0","0","0","0","1","1","0","0","0","0","4","B","ผ่าน"
"118","สำนักงานตำรวจแห่งชาติ","กองบัญชาการตำรวจตระเวนชายแดน","กองบังคับการตำรวจตระเวนชายแดนภาค 3","กองกำกับการตำรวจตระเวนชายแดนที่ 34","SCH_G3_0138","1985-02-25","25/02/2528","0","0","0","0","0","0","0","0","0","0","0","0","0","0","0","0","0","0","0","0","0","0","0","0","0","0","0","0","0","0","0","0","0","0","0","0","0","0","0","0","0","0","0","0","0","0","0","0","0","0","0","0","0","0","0","0","0","0","0","0","0","0","0","0","0","0","0","0","0","0","0","0","0","0","0","0","A","ผ่าน"
"119","สำนักงานตำรวจแห่งชาติ","กองบัญชาการตำรวจตระเวนชายแดน","กองบังคับการตำรวจตระเวนชายแดนภาค 3","กองกำกับการตำรวจตระเวนชายแดนที่ 34","SCH_G3_0139","1990-06-18","18/06/2533","0","0","0","0","0","1","0","0","0","0","0","1","0","0","0","0","0","0","0","0","0","0","0","0","0","0","0","0","0","0","0","0","0","0","0","0","0","0","0","0","0","0","0","0","0","0","0","0","0","0","0","0","0","0","0","1","0","0","0","0","0","0","0","0","0","0","0","0","1","1","0","0","0","0","0","5","B","ผ่าน"
"120","สำนักงานตำรวจแห่งชาติ","กองบัญชาการตำรวจตระเวนชายแดน","กองบังคับการตำรวจตระเวนชายแดนภาค 3","กองกำกับการตำรวจตระเวนชายแดนที่ 34","SCH_G3_0140","1996-07-19","19/07/2539","0","0","0","0","0","0","0","0","0","0","0","0","0","0","0","0","0","0","0","0","0","0","0","0","0","0","0","0","0","0","0","0","0","0","0","0","0","0","0","0","0","0","0","0","0","0","0","0","0","0","0","0","0","0","0","0","0","0","0","0","0","0","0","0","0","0","0","0","0","0","0","0","0","0","0","0","A","ผ่าน"
"121","สำนักงานตำรวจแห่งชาติ","กองบัญชาการตำรวจตระเวนชายแดน","กองบังคับการตำรวจตระเวนชายแดนภาค 3","กองกำกับการตำรวจตระเวนชายแดนที่ 34","SCH_G3_0141","2013-04-13","13/04/2556","0","0","0","0","0","0","0","0","0","0","0","0","0","0","0","0","0","0","0","0","0","0","0","0","0","0","0","0","0","0","0","0","0","0","0","0","0","0","0","0","0","0","0","0","0","0","0","0","0","0","0","0","0","0","0","0","0","0","0","0","0","0","0","0","0","0","0","0","0","0","0","0","0","0","0","0","A","ผ่าน"
"122","สำนักงานตำรวจแห่งชาติ","กองบัญชาการตำรวจตระเวนชายแดน","กองบังคับการตำรวจตระเวนชายแดนภาค 3","กองกำกับการตำรวจตระเวนชายแดนที่ 34","SCH_G3_0142","2016-05-10","10/05/2559","0","0","0","0","0","1","0","0","0","0","0","0","0","0","0","0","0","0","0","0","0","0","0","0","0","0","0","0","0","0","0","0","0","0","0","0","0","0","0","0","0","0","0","0","0","0","0","0","0","0","0","0","0","0","0","0","0","0","0","0","0","0","0","0","0","0","0","0","0","0","0","0","0","0","0","1","B","ผ่าน"
"123","สำนักงานตำรวจแห่งชาติ","กองบัญชาการตำรวจตระเวนชายแดน","กองบังคับการตำรวจตระเวนชายแดนภาค 3","กองกำกับการตำรวจตระเวนชายแดนที่ 31","SCH_G3_0143","1979-08-18","18/08/2522","0","0","0","0","0","0","0","0","0","0","0","1","0","0","0","0","0","0","0","1","0","0","0","0","0","0","0","0","0","0","0","0","0","0","0","0","0","0","0","0","0","0","0","0","0","0","0","0","0","0","0","0","0","0","0","0","0","0","0","0","0","0","0","0","0","0","0","0","0","0","0","0","0","0","0","2","B","ผ่าน"
"124","สำนักงานตำรวจแห่งชาติ","กองบัญชาการตำรวจตระเวนชายแดน","กองบังคับการตำรวจตระเวนชายแดนภาค 3","กองกำกับการตำรวจตระเวนชายแดนที่ 31","SCH_G3_0144","1973-07-22","22/07/2516","0","0","0","0","0","1","0","0","0","0","0","0","0","0","0","0","0","0","0","0","0","0","0","0","0","0","0","0","0","0","0","0","0","0","0","0","0","0","0","0","0","0","0","0","0","0","0","0","0","0","0","0","0","0","0","0","0","0","0","0","0","0","0","0","0","0","0","0","0","0","0","0","0","0","0","1","B","ผ่าน"
"125","สำนักงานตำรวจแห่งชาติ","กองบัญชาการตำรวจตระเวนชายแดน","กองบังคับการตำรวจตระเวนชายแดนภาค 3","กองกำกับการตำรวจตระเวนชายแดนที่ 31","SCH_G3_0145","1991-07-23","23/07/2534","0","0","0","0","0","0","0","0","0","0","0","0","0","0","0","0","0","0","0","0","0","0","0","0","0","0","0","0","0","0","0","0","0","0","0","0","0","0","0","0","0","0","0","0","0","0","0","0","0","0","0","0","0","0","0","0","0","0","0","0","0","0","0","0","0","0","0","0","0","0","0","0","0","0","0","0","A","ผ่าน"
"126","สำนักงานตำรวจแห่งชาติ","กองบัญชาการตำรวจตระเวนชายแดน","กองบังคับการตำรวจตระเวนชายแดนภาค 3","กองกำกับการตำรวจตระเวนชายแดนที่ 31","SCH_G3_0146","1993-07-15","15/07/2536","0","0","0","0","0","0","0","0","0","0","0","0","0","0","0","0","0","0","0","0","0","0","0","0","0","0","0","0","0","0","0","0","0","0","0","0","0","0","0","0","0","0","0","0","0","0","0","0","0","0","0","0","0","1","0","0","0","0","0","0","0","0","0","0","0","0","0","0","0","0","0","0","0","0","0","1","B","ผ่าน"
"127","สำนักงานตำรวจแห่งชาติ","กองบัญชาการตำรวจตระเวนชายแดน","กองบังคับการตำรวจตระเวนชายแดนภาค 1","กองกำกับการตำรวจตระเวนชายแดนที่ 13","SCH_G3_0148","2020-07-01","01/07/2563","0","0","0","0","0","0","0","0","0","0","0","0","0","0","0","0","0","0","0","0","0","0","0","0","0","0","0","0","0","0","0","0","0","0","0","0","0","0","0","0","0","0","0","0","0","0","0","0","0","0","0","0","0","0","0","1","0","0","0","0","0","0","0","0","0","0","0","0","1","0","0","0","0","0","0","2","B","ผ่าน"
"128","สำนักงานตำรวจแห่งชาติ","กองบัญชาการตำรวจตระเวนชายแดน","กองบังคับการตำรวจตระเวนชายแดนภาค 1","กองกำกับการตำรวจตระเวนชายแดนที่ 13","SCH_G3_0149","2021-07-12","12/07/2564","0","0","0","0","0","0","0","0","0","0","0","0","0","0","0","0","0","0","0","0","0","0","0","0","0","0","0","0","0","0","0","0","0","0","0","0","0","0","0","0","0","0","0","0","0","0","0","0","0","0","0","0","0","0","0","1","0","0","0","0","0","0","0","0","0","0","0","0","0","0","0","0","0","0","0","1","B","ผ่าน"
"129","สำนักงานตำรวจแห่งชาติ","กองบัญชาการตำรวจตระเวนชายแดน","กองบังคับการตำรวจตระเวนชายแดนภาค 1","กองกำกับการตำรวจตระเวนชายแดนที่ 13","SCH_G3_0150","2023-01-26","26/01/2566","0","0","0","0","0","0","0","0","0","0","0","0","0","0","0","0","0","0","0","0","0","0","0","0","0","0","0","0","0","0","0","0","0","0","0","0","0","0","0","0","0","0","0","0","0","0","0","0","0","0","0","0","0","1","1","1","1","1","1","1","1","1","1","1","1","1","1","1","1","1","1","1","1","1","1","22","D","ไม่ผ่าน"
"130","สำนักงานตำรวจแห่งชาติ","กองบัญชาการตำรวจตระเวนชายแดน","กองบังคับการตำรวจตระเวนชายแดนภาค 1","กองกำกับการตำรวจตระเวนชายแดนที่ 13","SCH_G3_0151","1983-05-23","23/05/2526","0","0","0","0","0","1","0","0","0","0","0","0","0","0","0","0","0","0","0","0","0","0","0","0","0","0","0","0","0","0","0","0","0","0","0","0","0","0","0","0","0","0","0","0","0","0","0","0","0","0","0","0","0","0","0","0","0","0","0","0","0","0","0","0","0","0","0","0","0","0","0","0","0","0","0","1","B","ผ่าน"
"131","สำนักงานตำรวจแห่งชาติ","กองบัญชาการตำรวจตระเวนชายแดน","กองบังคับการตำรวจตระเวนชายแดนภาค 1","กองกำกับการตำรวจตระเวนชายแดนที่ 13","SCH_G3_0152","2024-03-13","13/03/2567","0","0","0","0","0","0","0","0","0","0","0","0","0","0","0","0","0","0","0","0","0","0","0","0","0","0","0","0","0","0","0","0","0","0","0","0","0","0","0","0","0","0","0","0","0","0","0","0","0","0","0","0","0","0","0","0","0","0","0","0","0","0","0","0","0","0","0","0","0","0","0","0","0","0","0","0","A","ผ่าน"
"132","สำนักงานตำรวจแห่งชาติ","กองบัญชาการตำรวจตระเวนชายแดน","กองบังคับการตำรวจตระเวนชายแดนภาค 1","กองกำกับการตำรวจตระเวนชายแดนที่ 13","SCH_G3_0153","2021-07-06","06/07/2564","0","0","0","0","1","1","0","0","0","0","0","0","0","0","0","0","0","0","0","0","0","0","0","0","0","0","0","0","0","0","0","0","0","0","0","0","0","0","0","0","0","0","0","0","0","0","0","0","0","0","0","0","0","0","0","0","0","0","0","0","0","0","0","0","0","0","0","0","0","0","0","0","0","0","0","2","B","ผ่าน"
"133","สำนักงานตำรวจแห่งชาติ","กองบัญชาการตำรวจตระเวนชายแดน","กองบังคับการตำรวจตระเวนชายแดนภาค 1","กองกำกับการตำรวจตระเวนชายแดนที่ 13","SCH_G3_0154","2010-05-17","17/05/2553","0","0","0","0","0","0","0","0","0","0","0","0","0","0","0","0","0","0","0","0","0","0","0","0","0","0","0","0","0","0","0","0","0","0","0","0","0","0","0","0","0","0","0","0","0","0","0","0","0","0","0","0","0","0","0","0","0","0","0","0","0","0","0","0","0","0","0","0","0","0","0","0","0","0","0","0","A","ผ่าน"
"134","สำนักงานตำรวจแห่งชาติ","กองบัญชาการตำรวจตระเวนชายแดน","กองบังคับการตำรวจตระเวนชายแดนภาค 1","กองกำกับการตำรวจตระเวนชายแดนที่ 13","SCH_G3_0155","2017-05-15","15/05/2560","0","0","0","0","0","0","0","0","0","0","0","0","0","0","0","0","0","0","0","0","0","0","0","0","0","0","0","0","0","0","0","0","0","0","0","0","0","0","0","0","0","0","0","0","0","0","0","0","0","0","0","0","0","0","0","0","0","0","0","0","0","0","0","0","0","0","0","0","0","0","0","0","0","0","0","0","A","ผ่าน"
"135","สำนักงานตำรวจแห่งชาติ","กองบัญชาการตำรวจตระเวนชายแดน","กองบังคับการตำรวจตระเวนชายแดนภาค 1","กองกำกับการตำรวจตระเวนชายแดนที่ 13","SCH_G3_0156","2026-04-11","11/04/2569","0","0","0","0","0","0","0","0","0","0","0","0","0","0","0","0","0","0","0","0","0","0","0","0","0","0","0","0","0","0","0","0","0","0","0","0","0","0","0","0","0","0","0","0","0","0","0","0","0","0","0","0","0","0","0","0","0","0","0","0","0","0","0","0","0","0","0","0","0","0","0","0","0","0","0","0","A","ผ่าน"
"136","สำนักงานตำรวจแห่งชาติ","กองบัญชาการตำรวจตระเวนชายแดน","กองบังคับการตำรวจตระเวนชายแดนภาค 1","กองกำกับการตำรวจตระเวนชายแดนที่ 13","SCH_G3_0157","","","0","0","0","0","0","0","0","0","0","1","0","0","0","0","0","0","0","0","0","0","0","0","0","0","0","0","0","0","0","0","0","0","0","0","0","0","0","0","0","0","0","0","0","0","0","0","0","0","0","0","0","0","0","0","0","0","0","0","1","0","0","0","0","0","0","0","0","0","0","0","0","0","0","0","0","2","B","ผ่าน"
"137","สำนักงานตำรวจแห่งชาติ","กองบัญชาการตำรวจตระเวนชายแดน","กองบังคับการตำรวจตระเวนชายแดนภาค 1","กองกำกับการตำรวจตระเวนชายแดนที่ 13","SCH_G3_0158","2014-02-24","24/02/2557","0","0","0","0","0","0","0","0","0","0","0","0","0","0","0","0","0","0","0","0","0","0","0","0","0","0","0","0","0","0","0","0","0","0","0","0","0","0","0","0","0","0","0","0","0","0","0","0","0","0","0","0","0","0","0","0","0","0","0","0","0","0","0","0","0","0","0","0","0","0","0","0","0","0","0","0","A","ผ่าน"
"138","สำนักงานตำรวจแห่งชาติ","กองบัญชาการตำรวจตระเวนชายแดน","กองบังคับการตำรวจตระเวนชายแดนภาค 1","กองกำกับการตำรวจตระเวนชายแดนที่ 13","SCH_G3_0159","1970-08-26","26/08/2513","0","0","0","0","0","0","0","0","0","0","0","0","0","0","0","0","0","0","0","0","0","0","0","0","0","0","0","0","0","0","0","0","0","0","0","0","0","0","0","0","0","0","0","0","0","0","0","0","0","0","0","0","0","0","0","0","0","0","0","0","0","0","0","0","0","0","0","0","0","0","0","0","0","0","0","0","A","ผ่าน"
"139","สำนักงานตำรวจแห่งชาติ","กองบัญชาการตำรวจตระเวนชายแดน","กองบังคับการตำรวจตระเวนชายแดนภาค 1","กองกำกับการตำรวจตระเวนชายแดนที่ 13","SCH_G3_0160","2021-07-13","13/07/2564","0","0","0","0","0","0","0","0","0","0","0","0","0","0","0","0","0","0","0","0","0","0","0","0","0","0","0","0","0","0","0","0","0","0","0","0","0","0","0","0","0","0","0","0","0","0","0","0","0","0","0","0","0","0","0","0","0","0","0","0","0","0","0","0","0","0","0","0","0","0","0","0","0","0","0","0","A","ผ่าน"
"140","สำนักงานตำรวจแห่งชาติ","กองบัญชาการตำรวจตระเวนชายแดน","กองบังคับการตำรวจตระเวนชายแดนภาค 1","กองกำกับการตำรวจตระเวนชายแดนที่ 13","SCH_G3_0161","2021-07-15","15/07/2564","0","0","0","0","0","0","0","0","0","0","0","0","0","0","1","0","0","0","0","0","0","0","0","0","0","0","0","0","0","0","0","0","0","0","0","0","0","0","0","0","0","0","0","0","0","0","0","0","0","0","0","0","0","0","0","0","0","0","0","0","0","0","0","0","0","0","0","0","0","0","0","0","0","0","0","1","B","ผ่าน"
"141","สำนักงานตำรวจแห่งชาติ","กองบัญชาการตำรวจตระเวนชายแดน","กองบังคับการตำรวจตระเวนชายแดนภาค 1","กองกำกับการตำรวจตระเวนชายแดนที่ 13","SCH_G3_0162","1997-05-19","19/05/2540","0","0","0","0","0","0","0","0","0","0","0","0","0","0","0","0","0","0","0","0","0","0","0","0","0","0","0","0","0","0","0","0","0","0","0","0","0","0","0","0","0","0","0","0","0","0","0","0","0","0","0","0","0","0","0","0","0","0","0","0","0","0","0","0","0","0","0","0","0","0","0","0","0","0","0","0","A","ผ่าน"
"142","สำนักงานตำรวจแห่งชาติ","กองบัญชาการตำรวจตระเวนชายแดน","กองบังคับการตำรวจตระเวนชายแดนภาค 1","กองกำกับการตำรวจตระเวนชายแดนที่ 13","SCH_G3_0163","","","0","0","0","0","0","0","0","0","0","0","0","0","0","0","0","0","0","0","0","0","0","0","0","0","0","0","0","0","0","0","0","0","0","0","0","0","0","0","0","0","0","0","0","0","0","0","0","0","0","0","0","0","0","0","0","0","0","0","0","0","0","0","0","0","0","0","0","0","0","0","0","0","0","0","0","0","A","ผ่าน"
"143","สำนักงานตำรวจแห่งชาติ","กองบัญชาการตำรวจตระเวนชายแดน","กองบังคับการตำรวจตระเวนชายแดนภาค 1","กองกำกับการตำรวจตระเวนชายแดนที่ 14","SCH_G3_0164","1985-01-01","01/01/2528","0","0","0","0","0","1","0","0","0","0","0","0","0","0","0","0","0","0","0","0","0","0","0","0","0","0","0","0","0","0","0","0","0","0","0","0","0","0","0","0","0","0","0","0","0","0","0","0","0","0","0","0","0","0","0","0","0","0","0","0","0","0","0","0","0","0","0","0","0","0","0","0","0","0","0","1","B","ผ่าน"
"144","สำนักงานตำรวจแห่งชาติ","กองบัญชาการตำรวจตระเวนชายแดน","กองบังคับการตำรวจตระเวนชายแดนภาค 1","กองกำกับการตำรวจตระเวนชายแดนที่ 14","SCH_G3_0165","2021-04-09","09/04/2564","0","0","0","0","0","1","0","0","0","0","0","0","0","0","0","0","0","0","0","0","0","0","0","0","0","0","0","0","0","0","0","0","0","0","0","0","0","0","0","0","0","0","0","0","0","0","0","0","0","0","0","0","0","0","0","0","0","0","0","0","0","0","0","0","0","0","0","0","0","0","0","0","0","0","0","1","B","ผ่าน"
"145","สำนักงานตำรวจแห่งชาติ","กองบัญชาการตำรวจตระเวนชายแดน","กองบังคับการตำรวจตระเวนชายแดนภาค 1","กองกำกับการตำรวจตระเวนชายแดนที่ 14","SCH_G3_0166","2020-07-01","01/07/2563","0","0","0","0","0","1","0","0","0","0","0","0","0","0","0","0","0","0","0","0","0","0","0","0","0","0","0","0","0","0","0","0","0","0","0","0","0","0","0","0","0","0","0","0","0","0","0","0","0","0","0","0","0","0","0","0","0","0","0","0","0","0","0","0","0","0","0","0","0","0","0","0","0","0","0","1","B","ผ่าน"
"146","สำนักงานตำรวจแห่งชาติ","กองบัญชาการตำรวจตระเวนชายแดน","กองบังคับการตำรวจตระเวนชายแดนภาค 1","กองกำกับการตำรวจตระเวนชายแดนที่ 14","SCH_G3_0167","1981-07-23","23/07/2524","0","0","0","0","0","0","0","0","0","0","0","0","0","0","0","0","0","0","0","0","0","0","0","0","0","0","0","0","0","0","0","0","0","0","0","0","0","0","0","0","0","0","0","0","0","0","0","0","0","0","0","0","0","0","0","0","0","0","0","0","0","0","0","0","0","0","0","0","0","0","0","0","0","0","0","0","A","ผ่าน"
"147","สำนักงานตำรวจแห่งชาติ","กองบัญชาการตำรวจตระเวนชายแดน","กองบังคับการตำรวจตระเวนชายแดนภาค 1","กองกำกับการตำรวจตระเวนชายแดนที่ 14","SCH_G3_0168","2014-05-16","16/05/2557","0","0","0","0","0","1","0","0","0","0","0","0","0","0","0","0","0","0","0","0","0","0","0","0","0","0","0","0","0","0","0","0","0","0","0","0","0","0","0","0","0","0","0","0","0","0","0","0","0","0","0","0","0","0","0","0","0","0","0","0","0","0","0","0","0","0","0","0","0","0","0","0","0","0","0","1","B","ผ่าน"
"148","สำนักงานตำรวจแห่งชาติ","กองบัญชาการตำรวจตระเวนชายแดน","กองบังคับการตำรวจตระเวนชายแดนภาค 1","กองกำกับการตำรวจตระเวนชายแดนที่ 14","SCH_G3_0169","1978-04-21","21/04/2521","0","0","0","0","0","1","0","0","0","0","0","0","0","0","1","0","0","0","0","0","0","0","0","0","0","0","0","0","0","0","0","0","0","0","0","0","0","0","0","0","0","0","0","0","0","0","0","0","0","0","0","0","0","0","0","0","0","0","0","0","0","0","0","0","0","0","0","0","0","0","0","0","0","0","0","2","B","ผ่าน"
"149","สำนักงานตำรวจแห่งชาติ","กองบัญชาการตำรวจตระเวนชายแดน","กองบังคับการตำรวจตระเวนชายแดนภาค 1","กองกำกับการตำรวจตระเวนชายแดนที่ 14","SCH_G3_0170","1991-05-22","22/05/2534","0","0","0","0","0","0","0","0","0","0","0","0","0","0","0","0","0","0","0","0","0","0","0","0","0","0","0","0","0","0","0","0","0","0","0","0","0","0","0","0","0","0","0","0","0","0","0","0","0","0","0","0","0","0","0","0","0","0","0","0","0","0","0","0","0","0","0","0","0","0","0","0","0","0","0","0","A","ผ่าน"
"150","สำนักงานตำรวจแห่งชาติ","กองบัญชาการตำรวจตระเวนชายแดน","กองบังคับการตำรวจตระเวนชายแดนภาค 1","กองกำกับการตำรวจตระเวนชายแดนที่ 14","SCH_G3_0171","1982-10-13","13/10/2525","0","0","0","0","0","0","0","0","0","0","0","0","0","0","0","0","0","0","0","0","0","0","0","0","0","0","0","0","0","0","0","0","0","0","0","0","0","0","0","0","0","0","0","0","0","0","0","0","0","0","0","0","0","0","0","0","0","0","0","0","0","0","0","0","0","0","0","0","0","0","0","0","0","0","0","0","A","ผ่าน"
"151","สำนักงานตำรวจแห่งชาติ","กองบัญชาการตำรวจตระเวนชายแดน","กองบังคับการตำรวจตระเวนชายแดนภาค 1","กองกำกับการตำรวจตระเวนชายแดนที่ 14","SCH_G3_0172","2020-08-06","06/08/2563","0","0","0","0","0","0","0","0","0","0","0","0","0","0","0","0","0","0","0","0","0","0","0","0","0","0","0","0","0","0","0","0","0","0","0","0","0","0","0","0","0","0","0","0","0","0","0","0","0","0","0","0","0","0","0","0","0","0","0","0","0","0","0","0","0","0","0","0","0","0","0","0","0","0","0","0","A","ผ่าน"
"152","สำนักงานตำรวจแห่งชาติ","กองบัญชาการตำรวจตระเวนชายแดน","กองบังคับการตำรวจตระเวนชายแดนภาค 1","กองกำกับการตำรวจตระเวนชายแดนที่ 14","SCH_G3_0173","2025-03-26","26/03/2568","0","0","0","0","0","0","0","0","0","0","0","0","0","0","0","0","0","0","0","0","0","0","0","0","0","0","0","0","0","0","0","0","0","0","0","0","0","0","0","0","0","0","0","0","0","0","0","0","0","0","0","0","0","0","0","0","0","0","0","0","0","0","0","0","0","0","0","0","0","0","0","0","0","0","0","0","A","ผ่าน"
"153","สำนักงานตำรวจแห่งชาติ","กองบัญชาการตำรวจตระเวนชายแดน","กองบังคับการตำรวจตระเวนชายแดนภาค 1","กองกำกับการตำรวจตระเวนชายแดนที่ 14","SCH_G3_0174","1999-11-01","01/11/2542","0","0","0","0","0","1","0","0","0","0","0","0","0","0","0","0","0","0","0","0","0","0","0","0","0","0","0","0","0","0","0","0","0","0","0","0","0","0","0","0","0","0","0","0","0","0","0","0","0","0","0","0","0","0","0","0","0","0","0","0","0","0","0","0","0","0","0","0","0","0","0","0","0","0","0","1","B","ผ่าน"
"154","สำนักงานตำรวจแห่งชาติ","กองบัญชาการตำรวจตระเวนชายแดน","กองบังคับการตำรวจตระเวนชายแดนภาค 4","กองกำกับการตำรวจตระเวนชายแดนที่ 42","SCH_G3_0175","2014-05-16","16/05/2557","0","0","0","0","0","0","0","0","0","0","0","0","0","0","0","0","0","0","0","0","0","0","0","0","0","0","0","0","0","0","0","0","0","0","0","0","0","0","0","0","0","0","0","0","0","0","0","0","0","0","0","0","0","0","0","0","0","0","0","0","0","0","0","0","0","0","0","0","0","0","0","0","0","0","0","0","A","ผ่าน"
"155","สำนักงานตำรวจแห่งชาติ","กองบัญชาการตำรวจตระเวนชายแดน","กองบังคับการตำรวจตระเวนชายแดนภาค 4","กองกำกับการตำรวจตระเวนชายแดนที่ 42","SCH_G3_0176","2014-05-16","16/05/2557","0","0","0","0","0","0","0","0","0","0","0","0","0","0","0","0","0","0","0","0","0","0","0","0","0","0","0","0","1","0","1","0","0","0","0","0","0","0","0","0","0","0","0","0","0","0","0","0","0","0","0","0","0","0","0","0","0","0","0","0","0","0","0","0","0","0","0","1","0","0","0","0","0","0","0","3","B","ผ่าน"
"156","สำนักงานตำรวจแห่งชาติ","กองบัญชาการตำรวจตระเวนชายแดน","กองบังคับการตำรวจตระเวนชายแดนภาค 4","กองกำกับการตำรวจตระเวนชายแดนที่ 42","SCH_G3_0178","2014-05-16","16/05/2557","0","0","0","0","0","1","0","0","0","0","0","0","0","0","0","0","0","0","0","0","0","0","0","0","0","0","0","0","0","0","0","0","0","0","0","0","0","0","0","0","0","0","0","0","0","0","0","0","0","0","0","0","0","0","0","0","0","0","0","0","0","0","0","0","0","0","0","0","0","0","0","0","0","0","0","1","B","ผ่าน"
"157","สำนักงานตำรวจแห่งชาติ","กองบัญชาการตำรวจตระเวนชายแดน","กองบังคับการตำรวจตระเวนชายแดนภาค 4","กองกำกับการตำรวจตระเวนชายแดนที่ 41","SCH_G3_0179","1988-05-09","09/05/2531","0","0","0","0","0","0","0","0","0","0","0","0","0","0","0","0","0","0","0","0","0","0","0","0","0","0","0","0","0","0","0","0","0","0","0","0","0","0","0","0","0","0","0","0","0","0","0","0","0","0","0","0","0","0","0","0","0","0","0","0","0","0","0","0","0","0","0","0","0","0","0","0","0","0","0","0","A","ผ่าน"
"158","สำนักงานตำรวจแห่งชาติ","กองบัญชาการตำรวจตระเวนชายแดน","กองบังคับการตำรวจตระเวนชายแดนภาค 4","กองกำกับการตำรวจตระเวนชายแดนที่ 41","SCH_G3_0180","","","0","0","0","0","0","0","0","0","0","0","0","0","0","0","0","0","0","0","0","0","0","0","0","0","0","0","0","0","0","0","0","0","0","0","0","0","0","0","0","0","0","0","0","0","0","0","0","0","0","0","0","0","0","0","0","0","0","0","0","0","0","0","0","0","0","0","0","0","0","0","0","0","0","0","0","0","A","ผ่าน"
"159","สำนักงานตำรวจแห่งชาติ","กองบัญชาการตำรวจตระเวนชายแดน","กองบังคับการตำรวจตระเวนชายแดนภาค 4","กองกำกับการตำรวจตระเวนชายแดนที่ 41","SCH_G3_0181","1997-05-16","16/05/2540","0","0","0","0","0","0","0","0","0","0","0","0","0","0","0","0","0","0","0","0","0","0","0","0","0","0","0","0","0","0","0","0","0","0","0","0","0","0","0","0","0","0","0","0","0","0","0","0","0","0","0","0","0","0","0","0","0","0","0","0","0","0","0","0","0","0","0","0","0","0","0","0","0","0","0","0","A","ผ่าน"
"160","สำนักงานตำรวจแห่งชาติ","กองบัญชาการตำรวจตระเวนชายแดน","กองบังคับการตำรวจตระเวนชายแดนภาค 4","กองกำกับการตำรวจตระเวนชายแดนที่ 41","SCH_G3_0182","1987-07-06","06/07/2530","0","0","0","0","0","0","0","0","0","0","0","0","0","0","0","0","0","0","0","0","0","0","0","0","0","0","0","0","0","0","0","0","0","0","0","0","0","0","0","0","0","0","0","0","0","0","0","0","0","0","0","0","0","0","0","0","0","0","0","0","0","0","0","0","0","0","0","0","0","0","0","0","0","0","0","0","A","ผ่าน"
"161","สำนักงานตำรวจแห่งชาติ","กองบัญชาการตำรวจตระเวนชายแดน","กองบังคับการตำรวจตระเวนชายแดนภาค 4","กองกำกับการตำรวจตระเวนชายแดนที่ 41","SCH_G3_0183","2020-07-01","01/07/2563","0","0","0","0","0","0","0","0","0","1","0","0","0","0","0","0","0","0","0","0","0","0","0","0","0","0","0","0","0","0","0","0","0","0","0","0","0","0","0","0","0","0","0","0","0","0","0","0","0","0","0","0","0","0","0","0","0","0","0","0","0","0","0","1","0","0","0","0","0","0","0","0","0","0","0","2","B","ผ่าน"
"162","สำนักงานตำรวจแห่งชาติ","กองบัญชาการตำรวจตระเวนชายแดน","กองบังคับการตำรวจตระเวนชายแดนภาค 4","กองกำกับการตำรวจตระเวนชายแดนที่ 41","SCH_G3_0184","2003-07-15","15/07/2546","0","0","0","0","0","0","0","0","0","0","0","0","0","0","0","0","0","0","0","0","0","0","0","0","0","0","0","0","0","0","0","0","0","0","0","0","0","0","0","0","0","0","0","0","0","0","0","0","0","0","0","0","0","0","0","0","0","0","0","0","0","0","0","0","0","0","0","0","0","0","0","0","0","0","0","0","A","ผ่าน"
"163","สำนักงานตำรวจแห่งชาติ","กองบัญชาการตำรวจตระเวนชายแดน","กองบังคับการตำรวจตระเวนชายแดนภาค 4","กองกำกับการตำรวจตระเวนชายแดนที่ 41","SCH_G3_0185","2021-05-17","17/05/2564","0","0","0","0","0","1","0","0","0","0","0","0","0","0","0","0","0","0","0","0","0","0","0","0","0","0","0","0","0","0","0","0","0","0","0","0","0","0","0","0","0","0","0","0","0","0","0","0","0","0","0","0","0","0","0","0","0","0","0","0","0","0","0","0","0","0","0","0","0","0","0","0","0","0","0","1","B","ผ่าน"
"164","สำนักงานตำรวจแห่งชาติ","กองบัญชาการตำรวจตระเวนชายแดน","กองบังคับการตำรวจตระเวนชายแดนภาค 4","กองกำกับการตำรวจตระเวนชายแดนที่ 41","SCH_G3_0186","1988-07-15","15/07/2531","0","0","0","0","0","0","0","0","0","0","0","0","0","0","0","0","0","0","0","0","0","0","0","0","0","0","0","0","0","0","0","0","0","0","0","0","0","0","0","0","0","0","0","0","0","0","0","0","0","0","0","0","0","0","0","1","0","0","0","0","0","0","0","0","0","0","0","0","0","0","0","0","0","0","0","1","B","ผ่าน"
"165","สำนักงานตำรวจแห่งชาติ","กองบัญชาการตำรวจตระเวนชายแดน","กองบังคับการตำรวจตระเวนชายแดนภาค 4","กองกำกับการตำรวจตระเวนชายแดนที่ 41","SCH_G3_0187","1988-02-01","01/02/2531","0","0","0","0","0","0","0","0","0","0","0","0","0","0","0","0","0","0","0","0","0","0","0","0","0","0","0","0","0","0","0","0","0","0","0","0","0","0","0","0","0","0","0","0","0","0","0","0","0","0","0","0","0","0","0","0","0","0","0","0","0","0","0","0","0","0","0","0","0","0","0","0","0","0","0","0","A","ผ่าน"
"166","สำนักงานตำรวจแห่งชาติ","กองบัญชาการตำรวจตระเวนชายแดน","กองบังคับการตำรวจตระเวนชายแดนภาค 4","กองกำกับการตำรวจตระเวนชายแดนที่ 41","SCH_G3_0188","1989-05-13","13/05/2532","0","0","0","0","0","0","0","0","0","1","0","0","0","0","0","0","0","0","0","0","0","0","0","0","0","0","0","0","0","0","0","0","0","0","0","0","0","0","0","0","0","0","0","0","0","0","0","0","0","0","0","0","0","0","0","0","0","0","0","0","0","0","0","0","0","0","0","0","0","0","0","0","0","0","0","1","B","ผ่าน"
"167","สำนักงานตำรวจแห่งชาติ","กองบัญชาการตำรวจตระเวนชายแดน","กองบังคับการตำรวจตระเวนชายแดนภาค 4","กองกำกับการตำรวจตระเวนชายแดนที่ 41","SCH_G3_0189","2022-03-14","14/03/2565","0","0","0","0","0","0","0","0","0","0","0","0","0","0","0","0","0","0","0","0","0","0","0","0","0","0","0","0","0","0","0","0","0","0","0","0","0","0","0","0","0","0","0","0","0","0","0","0","0","0","0","0","0","0","0","0","0","0","0","0","0","0","0","0","0","0","0","0","0","0","0","0","0","0","0","0","A","ผ่าน"
"168","สำนักงานตำรวจแห่งชาติ","กองบัญชาการตำรวจตระเวนชายแดน","กองบังคับการตำรวจตระเวนชายแดนภาค 4","กองกำกับการตำรวจตระเวนชายแดนที่ 43","SCH_G3_0190","2025-02-20","20/02/2568","0","0","0","0","0","0","0","0","0","0","0","0","0","0","0","0","0","0","0","0","0","0","0","0","0","0","0","0","0","0","0","0","0","0","0","0","0","0","0","0","0","0","0","0","0","0","0","0","0","0","0","0","0","0","0","0","0","0","0","0","0","0","0","0","0","0","0","0","0","0","0","0","0","0","0","0","A","ผ่าน"
"169","สำนักงานตำรวจแห่งชาติ","กองบัญชาการตำรวจตระเวนชายแดน","กองบังคับการตำรวจตระเวนชายแดนภาค 4","กองกำกับการตำรวจตระเวนชายแดนที่ 43","SCH_G3_0191","1986-06-29","29/06/2529","0","0","0","0","0","0","0","0","0","0","0","0","0","0","0","0","0","0","0","0","0","0","0","0","0","0","0","0","0","0","0","0","0","0","0","0","0","0","0","0","0","0","0","0","0","0","0","0","0","0","0","0","0","0","0","0","0","0","0","0","0","0","0","0","0","0","0","0","0","0","0","0","0","0","0","0","A","ผ่าน"
"170","สำนักงานตำรวจแห่งชาติ","กองบัญชาการตำรวจตระเวนชายแดน","กองบังคับการตำรวจตระเวนชายแดนภาค 4","กองกำกับการตำรวจตระเวนชายแดนที่ 43","SCH_G3_0192","2023-05-16","16/05/2566","0","0","0","0","0","0","0","0","0","0","0","0","0","0","0","0","0","0","0","0","0","0","0","0","0","0","0","0","0","0","0","0","0","0","0","0","0","0","0","0","0","0","0","0","0","0","0","0","0","0","0","0","0","0","0","0","0","0","0","0","0","0","0","0","0","0","0","0","0","0","0","0","0","0","0","0","A","ผ่าน"
"171","สำนักงานตำรวจแห่งชาติ","กองบัญชาการตำรวจตระเวนชายแดน","กองบังคับการตำรวจตระเวนชายแดนภาค 4","กองกำกับการตำรวจตระเวนชายแดนที่ 43","SCH_G3_0193","1975-06-18","18/06/2518","0","0","0","0","0","0","0","0","0","0","0","0","0","0","0","0","0","0","0","0","0","0","0","0","0","0","0","0","0","0","0","0","0","0","0","0","0","0","0","0","0","0","0","0","0","0","0","0","0","0","0","0","0","0","0","0","0","0","0","0","0","0","0","0","0","0","0","0","0","0","0","0","0","0","0","0","A","ผ่าน"
"172","สำนักงานตำรวจแห่งชาติ","กองบัญชาการตำรวจตระเวนชายแดน","กองบังคับการตำรวจตระเวนชายแดนภาค 4","กองกำกับการตำรวจตระเวนชายแดนที่ 43","SCH_G3_0194","1983-05-26","26/05/2526","0","0","0","0","0","0","0","0","0","0","0","0","0","0","0","0","0","0","0","0","0","0","0","0","0","0","0","0","0","0","0","0","0","0","0","0","0","0","0","0","0","0","0","0","0","0","0","0","0","0","0","0","0","0","0","0","0","0","0","0","0","0","0","0","0","0","0","0","0","0","0","0","0","0","0","0","A","ผ่าน"
"173","สำนักงานตำรวจแห่งชาติ","กองบัญชาการตำรวจตระเวนชายแดน","กองบังคับการตำรวจตระเวนชายแดนภาค 4","กองกำกับการตำรวจตระเวนชายแดนที่ 43","SCH_G3_0195","1959-10-12","12/10/2502","0","0","0","0","0","0","0","0","0","0","0","0","0","0","0","0","0","0","0","0","0","0","0","0","0","0","0","0","0","0","0","0","0","0","0","0","0","0","0","0","0","0","0","0","0","0","0","0","0","0","0","0","0","0","0","0","0","0","0","0","0","0","0","0","0","0","0","0","0","0","0","0","0","0","0","0","A","ผ่าน"
"174","สำนักงานตำรวจแห่งชาติ","กองบัญชาการตำรวจตระเวนชายแดน","กองบังคับการตำรวจตระเวนชายแดนภาค 4","กองกำกับการตำรวจตระเวนชายแดนที่ 43","SCH_G3_0196","","","0","0","0","0","0","0","0","0","0","0","0","0","0","0","0","0","0","0","0","0","0","0","0","0","0","0","0","0","0","0","0","0","0","0","0","0","0","0","0","0","0","0","0","0","0","0","0","0","0","0","0","0","0","0","0","0","0","0","0","0","0","0","0","0","0","0","0","0","0","0","0","0","0","0","0","0","A","ผ่าน"
"175","สำนักงานตำรวจแห่งชาติ","กองบัญชาการตำรวจตระเวนชายแดน","กองบังคับการตำรวจตระเวนชายแดนภาค 4","กองกำกับการตำรวจตระเวนชายแดนที่ 43","SCH_G3_0197","2025-03-25","25/03/2568","0","0","0","0","0","0","0","0","0","0","0","0","0","0","0","0","0","0","0","0","0","0","0","0","0","0","0","0","0","0","0","0","0","0","0","0","0","0","0","0","0","0","0","0","0","0","0","0","0","0","0","0","0","0","0","0","0","0","0","0","0","0","0","0","0","0","0","0","0","0","0","0","0","0","0","0","A","ผ่าน"
"176","สำนักงานตำรวจแห่งชาติ","กองบัญชาการตำรวจตระเวนชายแดน","กองบังคับการตำรวจตระเวนชายแดนภาค 4","กองกำกับการตำรวจตระเวนชายแดนที่ 43","SCH_G3_0198","1998-11-09","09/11/2541","0","0","0","0","0","0","0","0","0","0","0","0","0","0","0","0","0","0","0","0","0","0","0","0","0","0","0","0","0","0","0","0","0","0","0","0","0","0","0","0","0","0","0","0","0","0","0","0","0","0","0","0","0","0","0","0","0","0","0","0","0","0","0","0","0","0","0","0","0","0","0","0","0","0","0","0","A","ผ่าน"
"177","สำนักงานตำรวจแห่งชาติ","กองบัญชาการตำรวจตระเวนชายแดน","กองบังคับการตำรวจตระเวนชายแดนภาค 4","กองกำกับการตำรวจตระเวนชายแดนที่ 43","SCH_G3_0199","2010-05-17","17/05/2553","0","0","0","0","0","0","0","0","0","0","0","0","0","0","0","0","0","0","0","0","0","0","0","0","0","0","0","0","0","0","0","0","0","0","0","0","0","0","0","0","0","0","0","0","0","0","0","0","0","0","0","0","0","0","0","0","0","0","0","0","0","0","0","0","0","0","0","0","0","0","0","0","0","0","0","0","A","ผ่าน"
"178","สำนักงานตำรวจแห่งชาติ","กองบัญชาการตำรวจตระเวนชายแดน","กองบังคับการตำรวจตระเวนชายแดนภาค 4","กองกำกับการตำรวจตระเวนชายแดนที่ 43","SCH_G3_0200","2025-05-16","16/05/2568","0","0","0","0","0","0","0","0","0","0","0","0","0","0","0","0","0","0","0","0","0","0","0","0","0","0","0","0","0","0","0","0","0","0","0","0","0","0","0","0","0","0","0","0","0","0","0","0","0","0","0","0","0","0","0","0","0","0","0","0","0","0","0","0","0","0","0","0","0","0","0","0","0","0","0","0","A","ผ่าน"
"179","สำนักงานตำรวจแห่งชาติ","กองบัญชาการตำรวจตระเวนชายแดน","กองบังคับการตำรวจตระเวนชายแดนภาค 4","กองกำกับการตำรวจตระเวนชายแดนที่ 43","SCH_G3_0201","","","0","0","0","0","0","0","0","0","0","0","0","0","0","0","0","0","0","0","0","0","0","0","0","0","0","0","0","0","0","0","0","0","0","0","0","0","0","0","0","0","0","0","0","0","0","0","0","0","0","0","0","0","0","0","0","0","0","0","0","0","0","0","0","0","0","0","0","0","0","0","0","0","0","0","0","0","A","ผ่าน"
"180","สำนักงานตำรวจแห่งชาติ","กองบัญชาการตำรวจตระเวนชายแดน","กองบังคับการตำรวจตระเวนชายแดนภาค 4","กองกำกับการตำรวจตระเวนชายแดนที่ 43","SCH_G3_0202","1985-06-14","14/06/2528","0","0","0","0","0","0","0","0","0","0","0","0","0","0","0","0","0","0","0","0","0","0","0","0","0","0","0","0","0","0","0","0","0","0","0","0","0","0","0","0","0","0","0","0","0","0","0","0","0","0","0","0","0","0","0","0","0","0","0","0","0","0","0","0","0","0","0","0","0","0","0","0","0","0","0","0","A","ผ่าน"
"181","สำนักงานตำรวจแห่งชาติ","กองบัญชาการตำรวจตระเวนชายแดน","กองบังคับการตำรวจตระเวนชายแดนภาค 4","กองกำกับการตำรวจตระเวนชายแดนที่ 43","SCH_G3_0203","1988-05-05","05/05/2531","0","0","0","0","0","0","0","0","0","0","0","0","0","0","0","0","0","0","0","0","0","0","0","0","0","0","0","0","0","0","0","0","0","0","0","0","0","0","0","0","0","0","0","0","0","0","0","0","0","0","0","0","0","0","0","0","0","0","0","0","0","0","0","0","0","0","0","0","0","0","0","0","0","0","0","0","A","ผ่าน"
"182","สำนักงานตำรวจแห่งชาติ","กองบัญชาการตำรวจตระเวนชายแดน","กองบังคับการตำรวจตระเวนชายแดนภาค 4","กองกำกับการตำรวจตระเวนชายแดนที่ 43","SCH_G3_0204","1990-02-14","14/02/2533","0","0","0","0","0","1","0","0","0","0","0","0","0","0","0","0","0","0","0","0","0","0","0","0","0","0","0","0","0","0","0","0","0","0","0","0","0","0","0","0","0","0","0","0","0","0","0","0","0","0","0","0","0","0","0","0","0","0","0","0","0","0","0","0","0","0","0","0","0","0","0","0","0","0","0","1","B","ผ่าน"
"183","สำนักงานตำรวจแห่งชาติ","กองบัญชาการตำรวจตระเวนชายแดน","กองบังคับการตำรวจตระเวนชายแดนภาค 4","กองกำกับการตำรวจตระเวนชายแดนที่ 44","SCH_G3_0205","1995-09-28","28/09/2538","0","0","0","0","0","0","0","0","0","0","0","0","0","0","0","0","0","0","0","0","0","0","0","0","0","0","0","0","0","0","0","0","0","0","0","0","0","0","0","0","0","0","0","0","0","0","0","0","0","0","0","0","0","0","0","0","0","0","0","0","0","0","0","0","0","0","0","0","0","0","0","0","0","0","0","0","A","ผ่าน"
"184","สำนักงานตำรวจแห่งชาติ","กองบัญชาการตำรวจตระเวนชายแดน","กองบังคับการตำรวจตระเวนชายแดนภาค 4","กองกำกับการตำรวจตระเวนชายแดนที่ 44","SCH_G3_0206","2021-06-14","14/06/2564","0","0","0","0","0","1","0","0","0","0","0","0","0","0","0","0","0","0","0","0","0","0","0","0","0","0","0","0","0","0","0","0","0","0","0","0","0","0","0","0","0","0","0","0","0","0","0","0","0","0","0","0","0","0","0","0","0","0","0","0","0","0","0","0","0","0","0","0","0","0","0","0","0","0","0","1","B","ผ่าน"
"185","สำนักงานตำรวจแห่งชาติ","กองบัญชาการตำรวจตระเวนชายแดน","กองบังคับการตำรวจตระเวนชายแดนภาค 4","กองกำกับการตำรวจตระเวนชายแดนที่ 44","SCH_G3_0207","2015-05-18","18/05/2558","0","0","0","0","0","1","0","0","0","0","0","0","0","0","0","0","0","0","0","0","0","0","0","0","0","0","0","0","0","0","0","0","0","0","0","0","0","0","0","0","0","0","0","0","0","0","0","0","0","0","0","0","0","0","0","0","0","0","0","0","0","0","0","0","0","0","0","0","0","0","0","0","0","0","0","1","B","ผ่าน"
"186","สำนักงานตำรวจแห่งชาติ","กองบัญชาการตำรวจตระเวนชายแดน","กองบังคับการตำรวจตระเวนชายแดนภาค 4","กองกำกับการตำรวจตระเวนชายแดนที่ 44","SCH_G3_0208","1967-05-16","16/05/2510","0","0","0","0","0","1","0","0","0","0","0","0","0","0","0","0","0","0","0","0","0","0","0","0","0","0","0","0","0","0","0","0","0","0","0","0","0","0","0","0","0","0","0","0","0","0","0","0","0","0","0","0","0","0","0","0","0","0","0","0","0","0","0","0","0","0","0","0","0","0","0","0","0","0","0","1","B","ผ่าน"
"187","สำนักงานตำรวจแห่งชาติ","กองบัญชาการตำรวจตระเวนชายแดน","กองบังคับการตำรวจตระเวนชายแดนภาค 4","กองกำกับการตำรวจตระเวนชายแดนที่ 44","SCH_G3_0209","2021-07-08","08/07/2564","0","0","0","0","0","0","0","0","0","0","0","0","0","0","0","0","0","0","0","0","0","0","0","0","0","0","0","0","0","0","0","0","0","0","0","0","0","0","0","0","0","0","0","0","0","0","0","0","0","0","0","0","0","0","0","1","0","0","0","0","0","0","0","0","0","0","0","0","0","0","0","0","0","0","0","1","B","ผ่าน"
"188","สำนักงานตำรวจแห่งชาติ","กองบัญชาการตำรวจตระเวนชายแดน","กองบังคับการตำรวจตระเวนชายแดนภาค 4","กองกำกับการตำรวจตระเวนชายแดนที่ 44","SCH_G3_0210","1988-06-01","01/06/2531","0","0","0","0","0","1","0","0","0","0","0","0","0","0","0","0","0","0","0","0","0","0","0","0","0","0","0","0","0","0","0","0","0","0","0","0","0","0","0","0","0","0","0","0","0","0","0","0","0","0","0","0","0","0","0","0","0","1","1","0","0","1","1","1","1","1","1","1","1","1","1","0","0","0","0","13","C","ผ่าน"
"189","สำนักงานตำรวจแห่งชาติ","กองบัญชาการตำรวจตระเวนชายแดน","กองบังคับการตำรวจตระเวนชายแดนภาค 4","กองกำกับการตำรวจตระเวนชายแดนที่ 44","SCH_G3_0212","2000-05-16","16/05/2543","0","0","0","0","0","0","0","0","0","0","0","0","0","0","0","0","0","0","0","0","0","0","0","0","0","0","0","0","0","0","0","0","0","0","0","0","0","0","0","0","0","0","0","0","0","0","0","0","0","0","0","0","0","1","0","1","0","0","0","1","0","1","0","0","0","0","0","1","1","0","1","0","0","0","0","7","B","ผ่าน"
"190","สำนักงานตำรวจแห่งชาติ","กองบัญชาการตำรวจตระเวนชายแดน","กองบังคับการตำรวจตระเวนชายแดนภาค 4","กองกำกับการตำรวจตระเวนชายแดนที่ 44","SCH_G3_0213","1991-07-15","15/07/2534","0","0","0","0","0","1","0","0","0","0","0","1","0","0","0","0","0","0","0","0","0","0","0","0","0","0","0","0","0","0","0","0","0","0","0","0","0","0","0","0","0","0","0","0","0","0","0","0","0","0","0","0","0","1","1","0","0","0","0","0","0","0","0","0","1","1","0","1","0","0","0","0","0","0","0","7","B","ผ่าน"
"191","สำนักงานตำรวจแห่งชาติ","กองบัญชาการตำรวจตระเวนชายแดน","กองบังคับการตำรวจตระเวนชายแดนภาค 4","กองกำกับการตำรวจตระเวนชายแดนที่ 44","SCH_G3_0214","1993-05-16","16/05/2536","1","1","1","1","1","1","1","1","1","1","1","1","1","1","1","1","1","1","1","1","1","1","1","1","1","1","1","1","1","1","1","1","1","1","1","1","1","1","1","1","1","1","0","0","0","0","0","0","0","0","0","0","0","0","0","0","0","0","0","0","0","0","0","0","0","0","0","0","0","0","0","0","0","0","0","42","D","ไม่ผ่าน"
"192","สำนักงานตำรวจแห่งชาติ","กองบัญชาการตำรวจตระเวนชายแดน","กองบังคับการตำรวจตระเวนชายแดนภาค 4","กองกำกับการตำรวจตระเวนชายแดนที่ 44","SCH_G3_0215","1993-06-18","18/06/2536","0","0","0","0","0","1","0","0","0","0","0","0","0","0","0","0","0","0","0","0","0","0","0","0","0","0","0","0","0","0","0","0","0","0","0","0","0","0","0","0","0","0","0","0","0","0","0","0","0","0","0","0","0","0","0","0","0","0","0","0","0","0","0","0","0","0","0","0","0","0","0","0","0","0","0","1","B","ผ่าน"
"193","สำนักงานตำรวจแห่งชาติ","กองบัญชาการตำรวจตระเวนชายแดน","กองบังคับการตำรวจตระเวนชายแดนภาค 4","กองกำกับการตำรวจตระเวนชายแดนที่ 44","SCH_G3_0216","1990-06-13","13/06/2533","0","0","0","0","0","0","0","0","0","0","0","0","0","0","0","0","0","0","0","0","0","0","0","0","0","0","0","0","0","0","0","0","0","0","0","0","0","0","0","0","0","0","0","0","0","0","0","0","0","0","0","0","0","0","0","1","0","0","0","0","0","0","0","0","0","0","0","0","0","0","0","0","0","0","0","1","B","ผ่าน"
"194","สำนักงานตำรวจแห่งชาติ","กองบัญชาการตำรวจตระเวนชายแดน","กองบังคับการตำรวจตระเวนชายแดนภาค 1","กองกำกับการตำรวจตระเวนชายแดนที่ 11","SCH_G3_0006","2002-05-16","16/05/2545","0","0","0","0","0","0","0","0","0","0","0","0","0","0","0","0","0","0","0","0","0","0","0","0","0","0","0","0","0","0","0","0","0","0","0","0","0","0","0","0","0","0","0","0","0","0","0","0","0","0","0","0","0","0","0","0","0","0","0","0","0","0","0","0","0","0","0","0","0","0","0","0","0","0","0","0","A","ผ่าน"
"195","สำนักงานตำรวจแห่งชาติ","กองบัญชาการตำรวจตระเวนชายแดน","กองบังคับการตำรวจตระเวนชายแดนภาค 1","กองกำกับการตำรวจตระเวนชายแดนที่ 11","SCH_G3_0007","1993-11-01","01/11/2536","0","0","0","0","0","0","0","0","0","0","0","0","0","0","0","0","0","0","0","0","0","0","0","0","0","0","0","0","0","0","0","0","0","0","0","0","0","0","0","0","0","0","0","0","0","0","0","0","0","0","0","0","0","0","0","0","0","0","0","0","0","0","0","0","0","0","0","0","0","0","0","0","0","0","0","0","A","ผ่าน"
"196","สำนักงานตำรวจแห่งชาติ","กองบัญชาการตำรวจตระเวนชายแดน","กองบังคับการตำรวจตระเวนชายแดนภาค 1","กองกำกับการตำรวจตระเวนชายแดนที่ 11","SCH_G3_0008","1999-05-16","16/05/2542","0","0","0","0","0","0","0","0","0","0","0","0","0","0","0","0","0","0","0","0","0","0","0","0","0","0","0","0","0","0","0","0","0","0","0","0","0","0","0","0","0","0","0","0","0","0","0","0","0","0","0","0","0","0","0","0","0","0","0","0","0","0","0","0","0","0","0","0","0","0","0","0","0","0","0","0","A","ผ่าน"
"197","สำนักงานตำรวจแห่งชาติ","กองบัญชาการตำรวจตระเวนชายแดน","กองบังคับการตำรวจตระเวนชายแดนภาค 1","กองกำกับการตำรวจตระเวนชายแดนที่ 12","SCH_G3_0009","2021-07-12","12/07/2564","1","1","1","1","1","1","1","1","1","1","1","1","1","1","1","1","1","1","1","1","1","1","1","1","1","1","1","1","1","1","1","1","1","1","1","1","1","1","1","1","1","1","1","1","1","1","0","0","0","0","0","0","0","1","1","1","1","1","1","1","1","1","1","1","1","1","1","1","1","1","1","1","1","1","1","68","D","ไม่ผ่าน"
"198","สำนักงานตำรวจแห่งชาติ","กองบัญชาการตำรวจตระเวนชายแดน","กองบังคับการตำรวจตระเวนชายแดนภาค 1","กองกำกับการตำรวจตระเวนชายแดนที่ 12","SCH_G3_0012","","","0","0","0","0","0","0","0","0","0","0","0","0","0","0","0","0","0","0","0","0","0","0","0","0","0","0","0","0","0","0","0","0","0","0","0","0","0","0","0","0","0","0","0","0","0","0","0","0","0","0","0","0","0","0","0","0","0","0","0","0","0","0","0","0","0","0","0","0","0","0","0","0","0","0","0","0","A","ผ่าน"
"199","สำนักงานตำรวจแห่งชาติ","กองบัญชาการตำรวจตระเวนชายแดน","กองบังคับการตำรวจตระเวนชายแดนภาค 1","กองกำกับการตำรวจตระเวนชายแดนที่ 12","SCH_G3_0013","1970-10-27","27/10/2513","0","0","0","0","0","0","0","0","0","0","0","0","0","0","0","0","0","0","0","0","0","0","0","0","0","0","0","0","0","0","0","0","0","0","0","0","0","0","0","0","0","0","0","0","0","0","0","0","0","0","0","0","0","0","0","0","0","0","0","0","0","0","0","0","0","0","0","0","0","0","0","0","0","0","0","0","A","ผ่าน"
"200","สำนักงานตำรวจแห่งชาติ","กองบัญชาการตำรวจตระเวนชายแดน","กองบังคับการตำรวจตระเวนชายแดนภาค 1","กองกำกับการตำรวจตระเวนชายแดนที่ 12","SCH_G3_0014","2025-06-03","03/06/2568","0","0","0","0","0","0","0","0","0","0","0","0","0","0","0","0","0","0","0","0","0","0","0","0","0","0","0","0","0","0","0","0","0","0","0","0","0","0","0","0","0","0","0","0","0","0","0","0","0","0","0","0","0","0","0","0","0","0","0","0","0","0","0","0","0","0","0","0","0","0","0","0","0","0","0","0","A","ผ่าน"
"201","สำนักงานตำรวจแห่งชาติ","กองบัญชาการตำรวจตระเวนชายแดน","กองบังคับการตำรวจตระเวนชายแดนภาค 1","กองกำกับการตำรวจตระเวนชายแดนที่ 12","SCH_G3_0015","1982-02-09","09/02/2525","0","0","0","0","0","0","0","0","0","0","0","0","0","0","0","0","0","0","0","0","0","0","0","0","0","0","0","0","0","0","0","0","0","0","0","0","0","0","0","0","0","0","0","0","0","0","0","0","0","0","0","0","0","0","0","0","0","0","0","0","0","0","0","0","0","0","0","0","0","0","0","0","0","0","0","0","A","ผ่าน"
"202","สำนักงานตำรวจแห่งชาติ","กองบัญชาการตำรวจตระเวนชายแดน","กองบังคับการตำรวจตระเวนชายแดนภาค 1","กองกำกับการตำรวจตระเวนชายแดนที่ 12","SCH_G3_0017","","","0","0","0","0","0","0","0","0","0","0","0","0","0","0","0","0","0","0","0","0","0","0","0","0","0","0","0","0","0","0","0","0","0","0","0","0","0","0","0","0","0","0","0","0","0","0","0","0","0","0","0","0","0","0","0","0","0","0","0","0","0","0","0","0","0","0","0","0","0","0","0","0","0","0","0","0","A","ผ่าน"
"203","สำนักงานตำรวจแห่งชาติ","กองบัญชาการตำรวจตระเวนชายแดน","กองบังคับการตำรวจตระเวนชายแดนภาค 1","กองกำกับการตำรวจตระเวนชายแดนที่ 12","SCH_G3_0018","1995-06-01","01/06/2538","0","0","0","0","0","0","0","0","0","0","0","0","0","0","0","0","0","0","0","0","0","0","0","0","0","0","0","0","0","0","0","0","0","0","0","0","0","0","0","0","0","0","0","0","0","0","0","0","0","0","0","0","0","0","0","0","0","0","0","0","0","0","0","0","0","0","0","0","0","0","0","0","0","0","0","0","A","ผ่าน"
"204","สำนักงานตำรวจแห่งชาติ","กองบัญชาการตำรวจตระเวนชายแดน","กองบังคับการตำรวจตระเวนชายแดนภาค 2","กองกำกับการตำรวจตระเวนชายแดนที่ 21","SCH_G3_0020","","","0","0","0","0","0","1","0","0","0","0","0","0","0","0","0","0","0","0","0","0","0","0","0","0","0","0","0","0","0","0","1","0","0","0","0","0","0","0","0","0","0","0","0","0","0","0","0","0","0","0","0","0","0","0","0","0","0","0","0","0","0","0","0","0","0","0","0","0","0","0","0","0","0","0","0","2","B","ผ่าน"
"205","สำนักงานตำรวจแห่งชาติ","กองบัญชาการตำรวจตระเวนชายแดน","กองบังคับการตำรวจตระเวนชายแดนภาค 2","กองกำกับการตำรวจตระเวนชายแดนที่ 21","SCH_G3_0022","","","0","0","0","0","0","0","0","0","0","0","0","0","0","0","0","0","0","0","0","0","0","0","0","0","0","0","0","0","0","0","0","0","0","0","0","0","0","0","0","0","0","0","0","0","0","0","0","0","0","0","0","0","0","0","0","0","0","0","0","0","0","0","0","0","0","0","0","0","0","0","0","0","0","0","0","0","A","ผ่าน"
"206","สำนักงานตำรวจแห่งชาติ","กองบัญชาการตำรวจตระเวนชายแดน","กองบังคับการตำรวจตระเวนชายแดนภาค 2","กองกำกับการตำรวจตระเวนชายแดนที่ 21","SCH_G3_0023","1997-03-30","30/03/2540","0","0","0","0","0","0","0","0","0","0","0","0","0","0","0","0","0","0","0","0","0","0","0","0","0","0","0","0","0","0","0","0","0","0","0","0","0","0","0","0","0","0","0","0","0","0","0","0","0","0","0","0","0","0","0","0","0","0","0","0","0","0","0","0","0","0","0","0","0","0","0","0","0","0","0","0","A","ผ่าน"
"207","สำนักงานตำรวจแห่งชาติ","กองบัญชาการตำรวจตระเวนชายแดน","กองบังคับการตำรวจตระเวนชายแดนภาค 2","กองกำกับการตำรวจตระเวนชายแดนที่ 21","SCH_G3_0024","2025-05-16","16/05/2568","0","0","0","0","0","0","0","0","0","0","0","0","0","0","0","0","0","0","0","0","0","0","0","0","0","0","0","0","0","0","0","0","0","0","0","0","0","0","0","0","0","0","0","0","0","0","0","0","0","0","0","0","0","0","0","0","0","0","0","0","0","0","0","0","0","0","0","0","0","0","0","0","0","0","0","0","A","ผ่าน"
"208","สำนักงานตำรวจแห่งชาติ","กองบัญชาการตำรวจตระเวนชายแดน","กองบังคับการตำรวจตระเวนชายแดนภาค 2","กองกำกับการตำรวจตระเวนชายแดนที่ 21","SCH_G3_0025","2025-04-24","24/04/2568","0","0","0","0","0","0","0","0","0","0","0","0","0","0","0","0","0","0","0","0","0","0","0","0","0","0","0","0","0","0","0","0","0","0","0","0","0","0","0","0","0","0","0","0","0","0","0","0","0","0","0","0","0","0","0","0","0","0","0","0","0","0","0","0","0","0","0","0","0","0","0","0","0","0","0","0","A","ผ่าน"
"209","สำนักงานตำรวจแห่งชาติ","กองบัญชาการตำรวจตระเวนชายแดน","กองบังคับการตำรวจตระเวนชายแดนภาค 2","กองกำกับการตำรวจตระเวนชายแดนที่ 21","SCH_G3_0026","2023-04-29","29/04/2566","0","0","0","0","0","0","0","0","0","0","0","0","0","0","0","0","0","0","0","0","0","0","0","0","0","0","0","0","0","0","0","0","0","0","0","0","0","0","0","0","0","0","0","0","0","0","0","0","0","0","0","0","0","0","0","0","0","0","0","0","0","0","0","0","0","0","0","0","0","0","0","0","0","0","0","0","A","ผ่าน"
"210","สำนักงานตำรวจแห่งชาติ","กองบัญชาการตำรวจตระเวนชายแดน","กองบังคับการตำรวจตระเวนชายแดนภาค 2","กองกำกับการตำรวจตระเวนชายแดนที่ 22","SCH_G3_0035","2002-08-27","27/08/2545","0","0","0","0","0","1","0","0","0","0","0","0","0","0","1","0","0","0","0","0","0","0","0","0","0","0","0","0","0","0","0","0","0","0","0","0","0","0","0","0","0","0","0","0","0","0","0","0","0","0","0","0","0","0","0","0","0","0","0","0","0","0","0","0","1","0","0","1","1","1","0","0","0","1","0","7","B","ผ่าน"
"211","สำนักงานตำรวจแห่งชาติ","กองบัญชาการตำรวจตระเวนชายแดน","กองบังคับการตำรวจตระเวนชายแดนภาค 2","กองกำกับการตำรวจตระเวนชายแดนที่ 24","SCH_G3_0041","2022-02-25","25/02/2565","0","0","0","0","0","1","0","0","0","0","0","0","0","0","1","0","0","0","0","0","0","0","0","0","0","0","1","1","1","1","1","1","1","1","1","1","1","1","1","1","1","1","1","1","1","1","0","0","0","0","0","0","0","1","1","1","1","1","1","1","1","1","1","1","1","1","1","1","1","1","1","1","1","1","1","44","D","ไม่ผ่าน"
"212","สำนักงานตำรวจแห่งชาติ","กองบัญชาการตำรวจตระเวนชายแดน","กองบังคับการตำรวจตระเวนชายแดนภาค 2","กองกำกับการตำรวจตระเวนชายแดนที่ 24","SCH_G3_0042","1995-06-10","10/06/2538","0","0","0","0","0","0","0","0","0","0","0","0","0","0","0","0","0","0","0","0","0","0","0","0","0","0","0","0","0","0","0","0","0","0","0","0","0","0","0","0","0","0","0","0","0","0","0","0","0","0","0","0","0","0","0","0","0","0","0","0","0","0","0","0","0","0","0","0","0","0","0","0","0","0","0","0","A","ผ่าน"
"213","สำนักงานตำรวจแห่งชาติ","กองบัญชาการตำรวจตระเวนชายแดน","กองบังคับการตำรวจตระเวนชายแดนภาค 2","กองกำกับการตำรวจตระเวนชายแดนที่ 24","SCH_G3_0043","2021-07-22","22/07/2564","0","0","0","0","0","1","0","0","0","0","0","0","0","0","0","0","0","0","0","0","0","0","0","0","0","0","0","0","0","0","0","0","0","0","0","0","0","0","0","0","0","0","0","0","0","0","0","0","0","0","0","0","0","0","0","0","0","0","0","0","0","0","0","0","0","0","0","0","0","0","0","0","0","0","0","1","B","ผ่าน"
"214","สำนักงานตำรวจแห่งชาติ","กองบัญชาการตำรวจตระเวนชายแดน","กองบังคับการตำรวจตระเวนชายแดนภาค 2","กองกำกับการตำรวจตระเวนชายแดนที่ 24","SCH_G3_0045","2017-05-16","16/05/2560","0","0","0","0","0","0","0","0","0","0","0","0","0","0","0","0","0","0","0","0","0","0","0","0","0","0","0","0","0","0","0","0","0","0","0","0","0","0","0","0","0","0","0","0","0","0","0","0","0","0","0","0","0","0","0","0","0","0","0","0","0","0","0","0","0","0","0","0","0","0","0","0","0","0","0","0","A","ผ่าน"
"215","สำนักงานตำรวจแห่งชาติ","กองบัญชาการตำรวจตระเวนชายแดน","กองบังคับการตำรวจตระเวนชายแดนภาค 2","กองกำกับการตำรวจตระเวนชายแดนที่ 24","SCH_G3_0049","2021-07-22","22/07/2564","0","0","0","0","0","0","0","0","0","0","0","0","0","0","0","0","0","0","0","0","0","0","0","0","0","0","0","0","0","0","0","0","0","0","0","0","0","0","0","0","0","0","0","0","0","0","0","0","0","0","0","0","0","0","0","0","0","0","0","0","0","0","0","0","0","0","0","0","0","0","0","0","0","0","0","0","A","ผ่าน"
"216","สำนักงานตำรวจแห่งชาติ","กองบัญชาการตำรวจตระเวนชายแดน","กองบังคับการตำรวจตระเวนชายแดนภาค 2","กองกำกับการตำรวจตระเวนชายแดนที่ 24","SCH_G3_0050","1989-08-24","24/08/2532","0","0","0","0","0","1","0","0","0","0","0","0","0","0","0","0","0","0","0","0","0","0","0","0","0","0","0","0","0","0","0","0","0","0","0","0","0","0","0","0","0","0","0","0","0","0","0","0","0","0","0","0","0","0","0","0","0","0","0","0","0","0","0","0","0","0","0","0","0","0","0","0","0","0","0","1","B","ผ่าน"
"217","สำนักงานตำรวจแห่งชาติ","กองบัญชาการตำรวจตระเวนชายแดน","กองบังคับการตำรวจตระเวนชายแดนภาค 2","กองกำกับการตำรวจตระเวนชายแดนที่ 24","SCH_G3_0051","1977-09-20","20/09/2520","0","0","0","0","0","0","0","0","0","0","0","0","0","0","0","0","0","0","0","0","0","0","0","0","0","0","0","0","0","0","0","0","0","0","0","0","0","0","0","0","0","0","0","0","0","0","0","0","0","0","0","0","0","0","0","0","0","0","0","0","0","0","0","0","0","0","0","0","0","0","0","0","0","0","0","0","A","ผ่าน"
"218","สำนักงานตำรวจแห่งชาติ","กองบัญชาการตำรวจตระเวนชายแดน","กองบังคับการตำรวจตระเวนชายแดนภาค 2","กองกำกับการตำรวจตระเวนชายแดนที่ 24","SCH_G3_0052","1980-12-23","23/12/2523","0","0","0","0","0","0","0","0","0","0","0","0","0","0","0","0","0","0","0","0","0","0","0","0","0","0","0","0","0","0","0","0","0","0","0","0","0","0","0","0","0","0","0","0","0","0","0","0","0","0","0","0","0","0","0","0","0","0","0","0","0","0","0","0","0","0","0","0","0","0","0","0","0","0","0","0","A","ผ่าน"
"219","สำนักงานตำรวจแห่งชาติ","กองบัญชาการตำรวจตระเวนชายแดน","กองบังคับการตำรวจตระเวนชายแดนภาค 2","กองกำกับการตำรวจตระเวนชายแดนที่ 24","SCH_G3_0053","1986-05-05","05/05/2529","0","0","0","0","0","0","0","0","0","0","0","0","0","0","0","0","0","0","0","0","0","0","0","0","0","0","0","0","0","0","0","0","0","0","0","0","0","0","0","0","0","0","0","0","0","0","0","0","0","0","0","0","0","0","0","0","0","0","0","0","0","0","0","0","0","0","0","0","0","0","0","0","0","0","0","0","A","ผ่าน"
"220","สำนักงานตำรวจแห่งชาติ","กองบัญชาการตำรวจตระเวนชายแดน","กองบังคับการตำรวจตระเวนชายแดนภาค 2","กองกำกับการตำรวจตระเวนชายแดนที่ 24","SCH_G3_0056","1995-06-14","14/06/2538","0","0","0","0","0","1","0","0","0","0","0","0","0","0","0","0","0","0","0","0","0","0","0","0","0","0","0","0","0","0","0","0","0","0","0","0","0","0","0","0","0","0","0","0","0","0","0","0","0","0","0","0","0","0","0","0","0","0","0","0","0","0","0","0","0","0","0","0","0","0","0","0","0","0","0","1","B","ผ่าน"
"221","สำนักงานตำรวจแห่งชาติ","กองบัญชาการตำรวจตระเวนชายแดน","กองบังคับการตำรวจตระเวนชายแดนภาค 2","กองกำกับการตำรวจตระเวนชายแดนที่ 23","SCH_G3_0057","2025-05-15","15/05/2568","0","0","0","0","0","0","0","0","0","0","0","0","0","0","0","0","0","0","0","0","0","0","0","0","0","0","0","0","0","0","0","0","0","0","0","0","0","0","0","0","0","0","0","0","0","0","0","0","0","0","0","0","0","0","0","0","0","0","0","0","0","0","0","0","0","0","0","0","0","0","0","0","0","0","0","0","A","ผ่าน"
"222","สำนักงานตำรวจแห่งชาติ","กองบัญชาการตำรวจตระเวนชายแดน","กองบังคับการตำรวจตระเวนชายแดนภาค 2","กองกำกับการตำรวจตระเวนชายแดนที่ 23","SCH_G3_0058","2021-06-14","14/06/2564","0","0","0","0","0","1","0","0","0","0","0","0","0","0","0","0","0","0","0","0","0","0","0","0","0","0","0","0","0","0","0","0","0","0","0","0","0","0","0","0","0","0","0","0","0","0","0","0","0","0","0","0","0","0","0","0","0","0","0","0","0","0","0","0","0","0","0","0","0","0","0","0","0","0","0","1","B","ผ่าน"
"223","สำนักงานตำรวจแห่งชาติ","กองบัญชาการตำรวจตระเวนชายแดน","กองบังคับการตำรวจตระเวนชายแดนภาค 2","กองกำกับการตำรวจตระเวนชายแดนที่ 23","SCH_G3_0059","1977-10-01","01/10/2520","0","0","0","0","0","1","0","0","0","0","0","0","0","0","0","0","0","0","0","0","0","0","0","0","0","0","0","0","0","0","0","0","0","0","0","0","0","0","0","0","0","0","0","0","0","0","0","0","0","0","0","0","0","0","0","0","0","0","0","0","0","0","0","0","0","0","0","0","0","0","0","0","0","0","0","1","B","ผ่าน"
"224","สำนักงานตำรวจแห่งชาติ","กองบัญชาการตำรวจตระเวนชายแดน","กองบังคับการตำรวจตระเวนชายแดนภาค 2","กองกำกับการตำรวจตระเวนชายแดนที่ 23","SCH_G3_0060","2014-01-07","07/01/2557","0","0","0","0","0","0","0","0","0","0","0","0","0","0","1","0","0","0","0","0","0","0","0","0","0","0","0","0","0","0","0","0","0","0","0","0","0","0","0","0","0","0","0","0","0","0","0","0","0","0","0","0","0","0","0","0","0","0","0","0","0","0","0","0","0","0","0","0","0","0","0","0","0","0","0","1","B","ผ่าน"
"225","สำนักงานตำรวจแห่งชาติ","กองบัญชาการตำรวจตระเวนชายแดน","กองบังคับการตำรวจตระเวนชายแดนภาค 2","กองกำกับการตำรวจตระเวนชายแดนที่ 23","SCH_G3_0061","2014-05-16","16/05/2557","0","0","0","0","0","0","0","0","0","0","0","0","0","0","0","0","0","0","0","0","0","0","0","0","0","0","0","0","0","0","0","0","0","0","0","0","0","0","0","0","0","0","0","0","0","0","0","0","0","0","0","0","0","0","0","0","0","0","0","0","0","0","0","0","0","0","0","0","0","0","0","0","0","0","0","0","A","ผ่าน"
"226","สำนักงานตำรวจแห่งชาติ","กองบัญชาการตำรวจตระเวนชายแดน","กองบังคับการตำรวจตระเวนชายแดนภาค 2","กองกำกับการตำรวจตระเวนชายแดนที่ 23","SCH_G3_0063","1976-06-01","01/06/2519","0","0","0","0","0","0","0","0","0","0","0","0","0","0","0","0","0","0","0","0","0","0","0","0","0","0","0","0","0","0","0","0","0","0","0","0","0","0","0","0","0","0","0","0","0","0","0","0","0","0","0","0","0","0","0","0","0","0","0","0","0","0","0","0","0","0","0","0","0","0","0","0","0","0","0","0","A","ผ่าน"
"227","สำนักงานตำรวจแห่งชาติ","กองบัญชาการตำรวจตระเวนชายแดน","กองบังคับการตำรวจตระเวนชายแดนภาค 2","กองกำกับการตำรวจตระเวนชายแดนที่ 23","SCH_G3_0064","1985-05-10","10/05/2528","0","0","0","0","0","0","0","0","0","0","0","0","0","0","0","0","0","0","0","0","0","0","0","0","0","0","0","0","0","0","0","0","0","0","0","0","0","0","0","0","0","0","0","0","0","0","0","0","0","0","0","0","0","0","0","0","0","0","0","0","0","0","0","0","0","0","0","0","0","0","0","0","0","0","0","0","A","ผ่าน"
"228","สำนักงานตำรวจแห่งชาติ","กองบัญชาการตำรวจตระเวนชายแดน","กองบังคับการตำรวจตระเวนชายแดนภาค 2","กองกำกับการตำรวจตระเวนชายแดนที่ 23","SCH_G3_0066","2015-05-12","12/05/2558","0","0","0","0","0","0","0","0","0","0","0","0","0","0","1","0","0","0","0","0","0","0","0","0","0","0","0","0","0","0","0","0","0","0","0","0","0","0","0","0","0","0","0","0","0","0","0","0","0","0","0","0","0","0","0","0","0","0","0","0","0","0","0","0","0","0","0","0","0","0","0","0","0","0","0","1","B","ผ่าน"
"229","สำนักงานตำรวจแห่งชาติ","กองบัญชาการตำรวจตระเวนชายแดน","กองบังคับการตำรวจตระเวนชายแดนภาค 3","กองกำกับการตำรวจตระเวนชายแดนที่ 33","SCH_G3_0067","2021-05-17","17/05/2564","0","0","0","0","0","1","0","0","0","0","0","0","0","0","0","0","0","0","0","0","0","0","0","0","0","0","1","0","0","0","1","0","0","0","0","0","0","0","0","0","0","0","0","0","1","0","0","0","0","0","0","0","0","0","0","0","0","0","0","0","0","0","0","0","0","0","0","0","0","0","0","0","0","0","0","4","B","ผ่าน"
"230","สำนักงานตำรวจแห่งชาติ","กองบัญชาการตำรวจตระเวนชายแดน","กองบังคับการตำรวจตระเวนชายแดนภาค 3","กองกำกับการตำรวจตระเวนชายแดนที่ 33","SCH_G3_0068","2021-07-08","08/07/2564","0","0","0","0","0","1","0","0","0","0","0","0","0","0","0","0","0","0","0","0","0","0","0","0","0","0","0","0","0","0","0","0","0","0","0","0","0","0","0","0","0","0","0","0","0","0","0","0","0","0","0","0","0","0","0","0","0","0","0","0","0","0","0","0","0","0","0","0","0","0","0","0","0","0","0","1","B","ผ่าน"
"231","สำนักงานตำรวจแห่งชาติ","กองบัญชาการตำรวจตระเวนชายแดน","กองบังคับการตำรวจตระเวนชายแดนภาค 3","กองกำกับการตำรวจตระเวนชายแดนที่ 33","SCH_G3_0069","2025-03-20","20/03/2568","0","0","0","0","0","0","0","0","0","0","0","0","0","0","0","0","0","0","0","0","0","0","0","0","0","0","0","0","0","0","0","0","0","0","0","0","0","0","0","0","0","0","0","0","0","0","0","0","0","0","0","0","0","0","0","0","0","0","0","0","0","0","0","0","0","0","0","0","0","0","0","0","0","0","0","0","A","ผ่าน"
"232","สำนักงานตำรวจแห่งชาติ","กองบัญชาการตำรวจตระเวนชายแดน","กองบังคับการตำรวจตระเวนชายแดนภาค 3","กองกำกับการตำรวจตระเวนชายแดนที่ 33","SCH_G3_0070","2017-05-16","16/05/2560","0","0","0","0","0","1","0","0","0","0","0","0","0","0","0","0","0","0","0","0","0","0","0","0","0","0","0","0","0","0","0","0","0","0","0","0","0","0","0","0","0","0","0","0","0","0","0","0","0","0","0","0","0","0","0","0","0","0","0","0","0","0","0","0","0","0","0","0","0","0","0","0","0","0","0","1","B","ผ่าน"
"233","สำนักงานตำรวจแห่งชาติ","กองบัญชาการตำรวจตระเวนชายแดน","กองบังคับการตำรวจตระเวนชายแดนภาค 3","กองกำกับการตำรวจตระเวนชายแดนที่ 33","SCH_G3_0071","2018-05-16","16/05/2561","0","0","0","0","0","0","0","0","0","0","0","0","0","0","0","0","0","0","0","0","0","0","0","0","0","0","0","0","0","0","0","0","0","0","0","0","0","0","0","0","0","0","0","0","0","0","0","0","0","0","0","0","0","0","0","0","0","0","0","0","0","0","0","0","0","0","0","0","0","0","0","0","0","0","0","0","A","ผ่าน"
"234","สำนักงานตำรวจแห่งชาติ","กองบัญชาการตำรวจตระเวนชายแดน","กองบังคับการตำรวจตระเวนชายแดนภาค 3","กองกำกับการตำรวจตระเวนชายแดนที่ 33","SCH_G3_0072","2021-07-09","09/07/2564","0","0","0","0","0","0","0","0","0","0","0","0","0","0","0","0","0","0","0","0","0","0","0","0","0","0","0","0","0","0","0","0","0","0","0","0","0","0","0","0","0","0","0","0","0","0","0","0","0","0","0","0","0","0","0","0","0","0","0","0","0","0","0","0","0","0","0","0","0","0","0","0","0","0","0","0","A","ผ่าน"
"235","สำนักงานตำรวจแห่งชาติ","กองบัญชาการตำรวจตระเวนชายแดน","กองบังคับการตำรวจตระเวนชายแดนภาค 3","กองกำกับการตำรวจตระเวนชายแดนที่ 33","SCH_G3_0073","1998-07-25","25/07/2541","0","0","0","0","0","0","0","0","0","0","0","0","0","0","0","0","0","0","0","0","0","0","0","0","0","0","0","0","0","0","0","0","0","0","0","0","0","0","0","0","0","0","0","0","0","0","0","0","0","0","0","0","0","1","0","0","0","0","0","0","0","0","0","0","0","0","0","0","0","0","0","0","0","0","0","1","B","ผ่าน"
"236","สำนักงานตำรวจแห่งชาติ","กองบัญชาการตำรวจตระเวนชายแดน","กองบังคับการตำรวจตระเวนชายแดนภาค 3","กองกำกับการตำรวจตระเวนชายแดนที่ 33","SCH_G3_0074","1992-06-27","27/06/2535","0","0","0","0","0","0","0","0","0","0","0","0","0","0","0","0","0","0","0","0","0","0","0","0","0","0","0","0","0","0","0","0","0","0","0","0","0","0","0","0","0","0","0","0","0","0","0","0","0","0","0","0","0","0","0","0","0","0","0","0","0","0","0","0","0","0","0","0","0","0","0","0","0","0","0","0","A","ผ่าน"
"237","สำนักงานตำรวจแห่งชาติ","กองบัญชาการตำรวจตระเวนชายแดน","กองบังคับการตำรวจตระเวนชายแดนภาค 3","กองกำกับการตำรวจตระเวนชายแดนที่ 33","SCH_G3_0075","1967-01-10","10/01/2510","0","0","0","0","0","1","0","0","0","0","0","0","0","0","1","0","0","0","0","0","0","0","0","0","0","0","0","0","0","0","0","0","0","0","0","0","0","0","0","0","0","0","0","0","0","0","0","0","0","0","0","0","0","0","0","1","0","0","0","0","0","0","0","0","0","0","0","1","0","0","0","0","0","0","0","4","B","ผ่าน"
"238","สำนักงานตำรวจแห่งชาติ","กองบัญชาการตำรวจตระเวนชายแดน","กองบังคับการตำรวจตระเวนชายแดนภาค 3","กองกำกับการตำรวจตระเวนชายแดนที่ 33","SCH_G3_0076","1962-01-11","11/01/2505","0","0","0","0","0","1","0","0","0","0","1","1","1","0","0","0","0","0","0","0","0","0","0","0","0","0","0","1","0","0","0","0","0","0","0","0","0","0","0","0","0","0","0","0","0","0","0","0","0","0","0","0","0","0","0","0","0","0","0","0","0","0","0","0","0","0","0","1","0","0","0","0","0","0","0","6","B","ผ่าน"
"239","สำนักงานตำรวจแห่งชาติ","กองบัญชาการตำรวจตระเวนชายแดน","กองบังคับการตำรวจตระเวนชายแดนภาค 3","กองกำกับการตำรวจตระเวนชายแดนที่ 33","SCH_G3_0077","1971-06-14","14/06/2514","0","0","0","0","1","0","0","0","0","0","0","0","0","0","0","0","0","0","0","0","0","0","0","0","0","0","0","0","0","0","0","0","0","0","0","0","0","0","0","0","0","0","0","0","0","0","0","0","0","0","0","0","0","0","0","0","0","0","0","0","0","0","0","0","0","0","0","0","0","0","0","0","0","0","0","1","B","ผ่าน"
"240","สำนักงานตำรวจแห่งชาติ","กองบัญชาการตำรวจตระเวนชายแดน","กองบังคับการตำรวจตระเวนชายแดนภาค 3","กองกำกับการตำรวจตระเวนชายแดนที่ 33","SCH_G3_0078","1965-12-01","01/12/2508","0","0","0","0","0","0","0","0","0","0","0","0","0","0","0","0","0","0","0","0","0","0","0","0","0","0","0","0","0","0","0","0","0","0","0","0","0","0","0","0","0","0","0","0","0","0","0","0","0","0","0","0","0","0","0","0","0","0","0","0","0","0","0","0","0","0","0","0","0","0","0","0","0","0","0","0","A","ผ่าน"
"241","สำนักงานตำรวจแห่งชาติ","กองบัญชาการตำรวจตระเวนชายแดน","กองบังคับการตำรวจตระเวนชายแดนภาค 3","กองกำกับการตำรวจตระเวนชายแดนที่ 33","SCH_G3_0079","2012-04-20","20/04/2555","0","0","0","0","0","0","0","0","0","0","0","0","0","0","0","0","0","0","0","0","0","0","0","0","0","0","0","0","0","0","0","0","0","0","0","0","0","0","0","0","0","0","0","0","0","0","0","0","0","0","0","0","0","0","0","0","0","0","0","0","0","0","0","0","0","0","0","0","0","0","0","0","0","0","0","0","A","ผ่าน"
"242","สำนักงานตำรวจแห่งชาติ","กองบัญชาการตำรวจตระเวนชายแดน","กองบังคับการตำรวจตระเวนชายแดนภาค 3","กองกำกับการตำรวจตระเวนชายแดนที่ 33","SCH_G3_0081","2015-05-18","18/05/2558","0","0","0","0","0","0","0","0","0","0","0","0","0","0","0","0","0","0","0","0","0","0","0","0","0","0","0","0","0","0","0","0","0","0","0","0","0","0","0","0","0","0","0","0","0","0","0","0","0","0","0","0","0","0","0","0","0","0","0","0","0","0","0","0","0","0","0","0","0","0","0","0","0","0","0","0","A","ผ่าน"
"243","สำนักงานตำรวจแห่งชาติ","กองบัญชาการตำรวจตระเวนชายแดน","กองบังคับการตำรวจตระเวนชายแดนภาค 3","กองกำกับการตำรวจตระเวนชายแดนที่ 33","SCH_G3_0084","2019-05-16","16/05/2562","0","0","0","0","0","0","0","0","0","0","0","0","0","0","0","0","1","0","0","1","1","0","0","0","0","1","0","0","0","0","0","0","0","0","0","0","0","0","0","0","0","0","0","0","0","0","0","0","0","0","0","0","0","0","0","1","0","0","0","0","0","0","0","0","0","0","0","0","1","0","0","0","0","0","0","6","B","ผ่าน"
"244","สำนักงานตำรวจแห่งชาติ","กองบัญชาการตำรวจตระเวนชายแดน","กองบังคับการตำรวจตระเวนชายแดนภาค 3","กองกำกับการตำรวจตระเวนชายแดนที่ 31","SCH_G3_0085","1958-05-01","01/05/2501","0","0","0","0","0","0","0","0","0","0","0","0","0","0","0","0","0","0","0","0","0","0","0","0","0","0","0","0","0","0","0","0","0","0","0","0","0","0","0","0","0","0","0","0","0","0","0","0","0","0","0","0","0","0","0","0","0","0","0","0","0","0","0","0","0","0","0","0","0","0","0","0","0","0","0","0","A","ผ่าน"
"245","สำนักงานตำรวจแห่งชาติ","กองบัญชาการตำรวจตระเวนชายแดน","กองบังคับการตำรวจตระเวนชายแดนภาค 3","กองกำกับการตำรวจตระเวนชายแดนที่ 31","SCH_G3_0086","1986-08-01","01/08/2529","0","0","0","0","0","0","0","0","0","0","0","0","0","0","0","0","0","0","0","0","0","0","0","0","0","0","0","0","0","0","0","0","0","0","0","0","0","0","0","0","0","0","0","0","0","0","0","0","0","0","0","0","0","0","0","0","0","0","0","0","0","0","0","0","0","0","0","0","0","0","0","0","0","0","0","0","A","ผ่าน"
"246","สำนักงานตำรวจแห่งชาติ","กองบัญชาการตำรวจตระเวนชายแดน","กองบังคับการตำรวจตระเวนชายแดนภาค 3","กองกำกับการตำรวจตระเวนชายแดนที่ 32","SCH_G3_0087","2020-01-24","24/01/2563","0","0","0","0","0","1","0","0","0","0","0","0","0","0","0","0","0","0","0","0","0","0","0","0","0","0","0","0","0","0","0","0","0","0","0","0","0","0","0","0","0","0","0","0","0","0","0","0","0","0","0","0","0","0","0","0","0","0","0","0","0","0","0","0","0","0","0","0","0","0","0","0","0","0","0","1","B","ผ่าน"
"247","สำนักงานตำรวจแห่งชาติ","กองบัญชาการตำรวจตระเวนชายแดน","กองบังคับการตำรวจตระเวนชายแดนภาค 3","กองกำกับการตำรวจตระเวนชายแดนที่ 32","SCH_G3_0088","1995-01-26","26/01/2538","0","0","0","0","0","1","0","0","0","0","0","0","0","0","0","0","0","0","0","0","0","0","0","0","0","0","0","0","0","0","0","0","0","0","0","0","0","0","0","0","0","0","0","0","0","0","0","0","0","0","0","0","0","0","0","0","0","0","0","0","0","0","0","0","0","0","0","0","0","0","0","0","0","0","0","1","B","ผ่าน"
"248","สำนักงานตำรวจแห่งชาติ","กองบัญชาการตำรวจตระเวนชายแดน","กองบังคับการตำรวจตระเวนชายแดนภาค 3","กองกำกับการตำรวจตระเวนชายแดนที่ 32","SCH_G3_0089","","","0","0","0","0","0","0","0","0","0","0","0","0","0","0","0","0","0","0","0","0","0","0","0","0","0","0","0","0","0","0","0","0","0","0","0","0","0","0","0","0","0","0","0","0","0","0","0","0","0","0","0","0","0","0","0","0","0","0","0","0","0","0","0","0","0","0","0","0","0","0","0","0","0","0","0","0","A","ผ่าน"
"249","สำนักงานตำรวจแห่งชาติ","กองบัญชาการตำรวจตระเวนชายแดน","กองบังคับการตำรวจตระเวนชายแดนภาค 3","กองกำกับการตำรวจตระเวนชายแดนที่ 32","SCH_G3_0091","1985-01-12","12/01/2528","0","0","0","0","0","0","0","0","0","0","0","0","0","0","0","0","0","0","0","0","0","0","0","0","0","0","0","0","0","0","0","0","0","0","0","0","0","0","0","0","0","0","0","0","0","0","0","0","0","0","0","0","0","0","0","0","0","0","0","0","0","0","0","0","0","0","0","0","0","0","0","0","0","0","0","0","A","ผ่าน"
"250","สำนักงานตำรวจแห่งชาติ","กองบัญชาการตำรวจตระเวนชายแดน","กองบังคับการตำรวจตระเวนชายแดนภาค 3","กองกำกับการตำรวจตระเวนชายแดนที่ 32","SCH_G3_0092","2018-02-10","10/02/2561","0","0","0","0","0","0","0","0","0","0","0","0","0","0","0","0","0","0","0","0","0","0","0","0","0","0","0","0","0","0","0","0","0","0","0","0","0","0","0","0","0","0","0","0","0","0","0","0","0","0","0","0","0","0","0","1","0","0","0","0","0","0","0","0","0","0","0","0","0","0","0","0","0","0","0","1","B","ผ่าน"
"251","สำนักงานตำรวจแห่งชาติ","กองบัญชาการตำรวจตระเวนชายแดน","กองบังคับการตำรวจตระเวนชายแดนภาค 3","กองกำกับการตำรวจตระเวนชายแดนที่ 32","SCH_G3_0093","2021-06-14","14/06/2564","0","0","0","0","0","0","0","0","0","0","0","0","0","0","0","0","0","0","0","0","0","0","0","0","0","0","0","0","0","0","0","0","0","0","0","0","0","0","0","0","0","0","0","0","0","0","0","0","0","0","0","0","0","0","0","0","0","0","0","0","0","0","0","0","0","0","0","0","0","0","0","0","0","0","0","0","A","ผ่าน"
"252","สำนักงานตำรวจแห่งชาติ","กองบัญชาการตำรวจตระเวนชายแดน","กองบังคับการตำรวจตระเวนชายแดนภาค 3","กองกำกับการตำรวจตระเวนชายแดนที่ 32","SCH_G3_0096","1960-10-01","01/10/2503","0","0","0","0","0","0","0","0","0","0","0","0","0","0","0","0","0","0","0","0","0","0","0","0","0","0","0","0","0","0","0","0","0","0","0","0","0","0","0","0","0","0","0","0","0","0","0","0","0","0","0","0","0","0","0","0","0","0","0","0","0","0","0","0","0","0","0","0","0","0","0","0","0","0","0","0","A","ผ่าน"
"253","สำนักงานตำรวจแห่งชาติ","กองบัญชาการตำรวจตระเวนชายแดน","กองบังคับการตำรวจตระเวนชายแดนภาค 3","กองกำกับการตำรวจตระเวนชายแดนที่ 32","SCH_G3_0101","1965-01-01","01/01/2508","0","0","0","0","0","0","0","0","0","0","0","0","0","0","0","0","0","0","0","0","0","0","0","0","0","0","0","0","0","0","0","0","0","0","0","0","0","0","0","0","0","0","0","0","0","0","0","0","0","0","0","0","0","0","0","1","0","0","0","0","0","0","0","0","0","0","0","0","0","0","0","0","0","0","0","1","B","ผ่าน"
"254","สำนักงานตำรวจแห่งชาติ","กองบัญชาการตำรวจตระเวนชายแดน","กองบังคับการตำรวจตระเวนชายแดนภาค 3","กองกำกับการตำรวจตระเวนชายแดนที่ 32","SCH_G3_0102","2021-07-07","07/07/2564","0","0","0","0","0","1","0","0","0","0","0","0","0","0","0","0","0","0","0","0","0","0","0","0","0","0","0","0","0","0","0","0","0","0","0","0","0","0","0","0","0","0","0","0","0","0","0","0","0","0","0","0","0","0","0","0","0","0","0","0","0","0","0","0","0","0","0","0","0","0","0","0","0","0","0","1","B","ผ่าน"
"255","สำนักงานตำรวจแห่งชาติ","กองบัญชาการตำรวจตระเวนชายแดน","กองบังคับการตำรวจตระเวนชายแดนภาค 3","กองกำกับการตำรวจตระเวนชายแดนที่ 33","SCH_G3_0104","2015-05-16","16/05/2558","0","0","0","0","0","0","0","0","0","0","0","0","0","0","0","0","0","0","0","0","0","0","0","0","0","0","0","0","0","0","0","0","0","0","0","0","0","0","0","0","0","0","0","0","0","0","0","0","0","0","0","0","0","0","0","0","0","0","0","0","0","0","0","0","0","0","0","0","0","0","0","0","0","0","0","0","A","ผ่าน"
"256","สำนักงานตำรวจแห่งชาติ","กองบัญชาการตำรวจตระเวนชายแดน","กองบังคับการตำรวจตระเวนชายแดนภาค 3","กองกำกับการตำรวจตระเวนชายแดนที่ 33","SCH_G3_0105","2016-11-24","24/11/2559","0","0","0","0","0","0","0","0","0","0","0","0","0","0","0","0","0","0","0","0","0","0","0","0","0","0","0","0","0","0","0","0","0","0","0","0","0","0","0","0","0","0","0","0","0","0","0","0","0","0","0","0","0","0","0","0","0","0","0","0","0","0","0","0","0","0","0","0","0","0","0","0","0","0","0","0","A","ผ่าน"
"257","สำนักงานตำรวจแห่งชาติ","กองบัญชาการตำรวจตระเวนชายแดน","กองบังคับการตำรวจตระเวนชายแดนภาค 3","กองกำกับการตำรวจตระเวนชายแดนที่ 33","SCH_G3_0107","2008-05-15","15/05/2551","0","0","0","0","0","0","0","0","0","0","0","0","0","0","0","0","0","0","0","0","0","0","0","0","0","0","0","0","0","0","0","0","0","0","0","0","0","0","0","0","0","0","0","0","0","0","0","0","0","0","0","0","0","0","0","0","0","0","0","0","0","0","0","0","0","0","0","0","0","0","0","0","0","0","0","0","A","ผ่าน"
"258","สำนักงานตำรวจแห่งชาติ","กองบัญชาการตำรวจตระเวนชายแดน","กองบังคับการตำรวจตระเวนชายแดนภาค 3","กองกำกับการตำรวจตระเวนชายแดนที่ 33","SCH_G3_0108","2022-05-17","17/05/2565","0","0","0","0","0","0","0","0","0","0","0","0","0","0","0","0","0","0","0","0","0","0","0","0","0","0","0","0","0","0","0","0","0","0","0","0","0","0","0","0","0","0","0","0","0","0","0","0","0","0","0","0","0","0","0","0","0","0","0","0","0","0","0","0","0","0","0","0","0","0","0","0","0","0","0","0","A","ผ่าน"
"259","สำนักงานตำรวจแห่งชาติ","กองบัญชาการตำรวจตระเวนชายแดน","กองบังคับการตำรวจตระเวนชายแดนภาค 3","กองกำกับการตำรวจตระเวนชายแดนที่ 33","SCH_G3_0109","2026-05-16","16/05/2569","0","0","0","0","0","0","0","0","0","0","0","0","0","0","0","0","0","0","0","0","0","0","0","0","0","0","0","0","0","0","0","0","0","0","0","0","0","0","0","0","0","0","0","0","0","0","0","0","0","0","0","0","0","0","0","0","0","0","0","0","0","0","0","0","0","0","0","0","0","0","0","0","0","0","0","0","A","ผ่าน"
"260","สำนักงานตำรวจแห่งชาติ","กองบัญชาการตำรวจตระเวนชายแดน","กองบังคับการตำรวจตระเวนชายแดนภาค 3","กองกำกับการตำรวจตระเวนชายแดนที่ 33","SCH_G3_0110","2021-07-30","30/07/2564","0","0","0","0","0","1","0","0","0","0","0","0","0","0","0","0","0","0","0","0","0","0","0","0","0","0","0","0","0","0","0","0","0","0","0","0","0","0","0","0","0","0","0","0","0","0","0","0","0","0","0","0","0","0","0","0","0","0","0","0","0","0","0","0","0","0","0","0","0","0","0","0","0","0","0","1","B","ผ่าน"
"261","สำนักงานตำรวจแห่งชาติ","กองบัญชาการตำรวจตระเวนชายแดน","กองบังคับการตำรวจตระเวนชายแดนภาค 3","กองกำกับการตำรวจตระเวนชายแดนที่ 33","SCH_G3_0112","2021-07-30","30/07/2564","0","0","0","0","0","1","0","0","0","0","0","0","0","0","0","0","0","0","0","0","0","0","0","0","0","0","0","0","0","0","0","0","0","0","0","0","0","0","0","0","0","0","0","0","0","0","0","0","0","0","0","0","0","0","0","0","0","0","0","0","0","0","0","0","0","0","0","0","0","0","0","0","0","0","0","1","B","ผ่าน"
"262","สำนักงานตำรวจแห่งชาติ","กองบัญชาการตำรวจตระเวนชายแดน","กองบังคับการตำรวจตระเวนชายแดนภาค 3","กองกำกับการตำรวจตระเวนชายแดนที่ 33","SCH_G3_0113","","","0","0","0","0","0","1","0","0","0","0","0","0","0","0","0","0","0","0","0","0","0","0","0","0","0","0","0","0","0","0","0","0","0","0","0","0","0","0","0","0","0","0","0","0","0","0","0","0","0","0","0","0","0","0","0","0","0","0","0","0","0","0","0","0","0","0","0","0","0","0","0","0","0","0","0","1","B","ผ่าน"
"263","สำนักงานตำรวจแห่งชาติ","กองบัญชาการตำรวจตระเวนชายแดน","กองบังคับการตำรวจตระเวนชายแดนภาค 3","กองกำกับการตำรวจตระเวนชายแดนที่ 33","SCH_G3_0114","","","0","0","0","0","0","1","0","0","0","0","0","0","0","0","0","0","0","0","0","0","0","0","0","0","0","0","0","0","0","0","0","0","0","0","0","0","0","0","0","0","0","0","0","0","0","0","0","0","0","0","0","0","0","0","0","0","0","0","0","0","0","0","0","0","0","0","0","0","0","0","0","0","0","0","0","1","B","ผ่าน"
"264","สำนักงานตำรวจแห่งชาติ","กองบัญชาการตำรวจตระเวนชายแดน","กองบังคับการตำรวจตระเวนชายแดนภาค 3","กองกำกับการตำรวจตระเวนชายแดนที่ 33","SCH_G3_0115","1991-04-04","04/04/2534","0","0","0","0","0","0","0","0","0","0","0","0","0","0","0","0","0","0","0","0","0","0","0","0","0","0","0","0","0","0","0","0","0","0","0","0","0","0","0","0","0","0","0","0","0","0","0","0","0","0","0","0","0","0","0","0","0","0","0","0","0","0","0","0","0","0","0","0","0","0","0","0","0","0","0","0","A","ผ่าน"
"265","สำนักงานตำรวจแห่งชาติ","กองบัญชาการตำรวจตระเวนชายแดน","กองบังคับการตำรวจตระเวนชายแดนภาค 3","กองกำกับการตำรวจตระเวนชายแดนที่ 33","SCH_G3_0117","2016-05-01","01/05/2559","0","0","0","0","0","0","0","0","0","0","0","0","0","0","0","0","0","0","0","0","0","0","0","0","0","0","1","1","1","1","1","1","1","1","1","1","1","1","1","1","1","1","1","1","1","1","0","0","0","0","0","0","0","1","1","1","1","1","1","1","1","1","1","1","1","1","1","1","1","1","1","1","1","1","1","42","D","ไม่ผ่าน"
"266","สำนักงานตำรวจแห่งชาติ","กองบัญชาการตำรวจตระเวนชายแดน","กองบังคับการตำรวจตระเวนชายแดนภาค 3","กองกำกับการตำรวจตระเวนชายแดนที่ 33","SCH_G3_0118","2016-05-16","16/05/2559","0","0","0","0","0","1","0","0","0","0","0","0","0","0","0","0","0","0","0","0","0","0","0","0","0","0","0","0","0","0","0","0","0","0","0","0","0","0","0","0","0","0","0","0","0","0","0","0","0","0","0","0","0","0","0","1","0","0","0","0","0","0","0","0","1","0","0","0","1","0","1","0","0","0","0","5","B","ผ่าน"
"267","สำนักงานตำรวจแห่งชาติ","กองบัญชาการตำรวจตระเวนชายแดน","กองบังคับการตำรวจตระเวนชายแดนภาค 3","กองกำกับการตำรวจตระเวนชายแดนที่ 34","SCH_G3_0121","2002-05-16","16/05/2545","0","0","0","0","0","0","0","0","0","0","0","0","0","0","1","0","0","0","0","0","0","0","0","0","0","0","0","0","0","0","0","0","0","0","0","0","0","0","0","0","0","0","0","0","0","0","0","0","0","0","0","0","0","0","0","0","0","0","0","0","0","0","0","0","0","0","0","0","0","0","1","0","0","0","0","2","B","ผ่าน"
"268","สำนักงานตำรวจแห่งชาติ","กองบัญชาการตำรวจตระเวนชายแดน","กองบังคับการตำรวจตระเวนชายแดนภาค 3","กองกำกับการตำรวจตระเวนชายแดนที่ 34","SCH_G3_0122","2003-05-16","16/05/2546","0","0","0","0","0","1","0","0","0","0","0","0","0","0","0","0","0","0","0","0","0","0","0","0","0","0","0","0","0","0","0","0","0","0","0","0","0","0","0","0","0","0","0","0","0","0","0","0","0","0","0","0","0","0","0","0","0","0","0","0","0","0","0","0","0","0","0","0","0","0","0","0","0","0","0","1","B","ผ่าน"
"269","สำนักงานตำรวจแห่งชาติ","กองบัญชาการตำรวจตระเวนชายแดน","กองบังคับการตำรวจตระเวนชายแดนภาค 3","กองกำกับการตำรวจตระเวนชายแดนที่ 34","SCH_G3_0123","2003-05-16","16/05/2546","0","0","0","0","0","0","0","0","0","0","0","0","0","0","0","0","0","0","0","0","0","0","0","0","0","0","0","0","0","0","0","0","0","0","0","0","0","0","0","0","0","0","0","0","0","0","0","0","0","0","0","0","0","0","0","0","0","0","0","0","0","0","0","0","0","0","0","0","0","0","0","0","0","0","0","0","A","ผ่าน"
"270","สำนักงานตำรวจแห่งชาติ","กองบัญชาการตำรวจตระเวนชายแดน","กองบังคับการตำรวจตระเวนชายแดนภาค 3","กองกำกับการตำรวจตระเวนชายแดนที่ 34","SCH_G3_0126","1972-09-07","07/09/2515","0","0","0","0","0","0","0","0","0","0","0","0","0","0","0","0","0","0","0","0","0","0","0","0","0","0","0","0","0","0","0","0","0","0","0","0","0","0","0","0","0","0","0","0","0","0","0","0","0","0","0","0","0","0","0","0","0","0","0","0","0","0","0","0","0","0","0","0","0","0","0","0","0","0","0","0","A","ผ่าน"
"271","สำนักงานตำรวจแห่งชาติ","กองบัญชาการตำรวจตระเวนชายแดน","กองบังคับการตำรวจตระเวนชายแดนภาค 3","กองกำกับการตำรวจตระเวนชายแดนที่ 34","SCH_G3_0127","1985-03-15","15/03/2528","0","0","0","0","0","1","0","0","0","0","0","0","0","0","0","0","0","0","0","0","1","0","0","0","0","0","0","0","0","0","0","0","0","0","0","0","0","0","0","0","0","0","0","0","0","0","0","0","0","0","0","0","0","0","0","0","0","0","0","0","0","0","0","0","0","0","0","0","0","0","0","0","0","0","0","2","B","ผ่าน"
"272","สำนักงานตำรวจแห่งชาติ","กองบัญชาการตำรวจตระเวนชายแดน","กองบังคับการตำรวจตระเวนชายแดนภาค 3","กองกำกับการตำรวจตระเวนชายแดนที่ 34","SCH_G3_0128","1983-05-16","16/05/2526","0","0","0","0","0","0","0","0","0","0","0","0","0","0","0","0","0","0","0","0","0","0","0","0","0","0","0","0","0","0","0","0","0","0","0","0","0","0","0","0","0","0","0","0","0","0","0","0","0","0","0","0","0","0","0","0","0","0","0","0","0","0","0","0","0","0","0","0","0","0","0","0","0","0","0","0","A","ผ่าน"
"273","สำนักงานตำรวจแห่งชาติ","กองบัญชาการตำรวจตระเวนชายแดน","กองบังคับการตำรวจตระเวนชายแดนภาค 3","กองกำกับการตำรวจตระเวนชายแดนที่ 34","SCH_G3_0129","2002-04-02","02/04/2545","0","0","0","0","0","1","1","0","0","0","0","0","0","0","0","0","0","0","0","0","1","0","0","0","0","0","0","0","0","0","0","0","0","0","0","0","0","0","0","0","0","0","0","0","0","0","0","0","0","0","0","0","0","0","0","0","0","0","0","0","0","0","0","0","0","0","0","0","0","0","0","0","0","0","0","3","B","ผ่าน"
"274","สำนักงานตำรวจแห่งชาติ","กองบัญชาการตำรวจตระเวนชายแดน","กองบังคับการตำรวจตระเวนชายแดนภาค 3","กองกำกับการตำรวจตระเวนชายแดนที่ 34","SCH_G3_0130","2003-05-16","16/05/2546","0","0","0","0","0","1","0","0","0","0","0","0","0","0","0","0","0","0","0","0","0","0","0","0","0","0","0","0","0","0","0","0","0","0","0","0","0","0","0","0","0","0","0","0","0","0","0","0","0","0","0","0","0","1","0","0","0","0","0","0","0","0","0","0","0","0","0","0","0","0","0","0","0","0","0","2","B","ผ่าน"
"275","สำนักงานตำรวจแห่งชาติ","กองบัญชาการตำรวจตระเวนชายแดน","กองบังคับการตำรวจตระเวนชายแดนภาค 3","กองกำกับการตำรวจตระเวนชายแดนที่ 34","SCH_G3_0131","2002-05-16","16/05/2545","0","0","0","0","0","1","0","0","0","0","0","0","0","0","0","0","0","0","0","0","0","0","0","0","0","0","0","0","0","0","0","0","0","0","0","0","0","0","0","0","0","0","0","0","0","0","0","0","0","0","0","0","0","0","0","0","0","0","1","1","1","1","1","1","1","1","1","1","1","1","1","1","1","1","1","18","D","ไม่ผ่าน"
"276","สำนักงานตำรวจแห่งชาติ","กองบัญชาการตำรวจตระเวนชายแดน","กองบังคับการตำรวจตระเวนชายแดนภาค 3","กองกำกับการตำรวจตระเวนชายแดนที่ 34","SCH_G3_0132","2023-02-08","08/02/2566","0","0","0","0","0","0","0","0","0","0","0","0","0","0","0","0","0","0","0","0","0","0","0","0","0","0","0","0","0","0","0","0","0","0","0","0","0","0","0","0","0","0","0","0","0","0","0","0","0","0","0","0","0","0","0","0","0","0","0","0","0","0","0","0","0","0","0","0","0","0","0","0","0","0","0","0","A","ผ่าน"
"277","สำนักงานตำรวจแห่งชาติ","กองบัญชาการตำรวจตระเวนชายแดน","กองบังคับการตำรวจตระเวนชายแดนภาค 3","กองกำกับการตำรวจตระเวนชายแดนที่ 34","SCH_G3_0133","2002-07-16","16/07/2545","0","0","0","0","0","1","0","0","1","0","0","0","1","0","0","0","0","0","0","0","0","0","0","0","0","0","0","0","0","0","0","0","0","0","0","0","0","0","0","0","0","0","0","0","0","0","0","0","0","0","0","0","0","0","0","0","0","0","0","0","0","0","0","0","0","0","0","0","0","0","0","0","0","0","0","3","B","ผ่าน"
"278","สำนักงานตำรวจแห่งชาติ","กองบัญชาการตำรวจตระเวนชายแดน","กองบังคับการตำรวจตระเวนชายแดนภาค 3","กองกำกับการตำรวจตระเวนชายแดนที่ 34","SCH_G3_0135","2004-01-30","30/01/2547","0","0","0","0","0","0","0","0","0","0","0","0","0","0","0","0","0","0","0","0","0","0","0","0","0","0","0","0","0","0","0","0","0","0","0","0","0","0","0","0","0","0","0","0","0","0","0","0","0","0","0","0","0","0","0","0","0","0","0","0","0","0","0","0","0","0","0","0","0","0","0","0","0","0","0","0","A","ผ่าน"
"279","สำนักงานตำรวจแห่งชาติ","กองบัญชาการตำรวจตระเวนชายแดน","กองบังคับการตำรวจตระเวนชายแดนภาค 3","กองกำกับการตำรวจตระเวนชายแดนที่ 34","SCH_G3_0136","1998-05-01","01/05/2541","0","0","0","0","0","1","0","0","0","0","0","0","0","0","0","0","0","0","0","0","0","0","0","0","0","0","0","0","0","0","0","0","0","0","0","0","0","0","0","0","0","0","0","0","0","0","0","0","0","0","0","0","0","0","0","0","0","0","0","0","0","0","0","0","0","0","0","0","0","0","0","0","0","0","0","1","B","ผ่าน"
"280","สำนักงานตำรวจแห่งชาติ","กองบัญชาการตำรวจตระเวนชายแดน","กองบังคับการตำรวจตระเวนชายแดนภาค 3","กองกำกับการตำรวจตระเวนชายแดนที่ 34","SCH_G3_0137","2014-05-16","16/05/2557","0","0","0","0","0","0","0","0","0","0","0","0","0","0","0","0","0","0","0","0","0","0","0","0","0","0","0","0","0","0","0","0","0","0","0","0","0","0","0","0","0","0","0","0","0","0","0","0","0","0","0","0","0","0","0","0","0","0","0","0","0","0","0","0","0","0","0","0","0","0","0","0","0","0","0","0","A","ผ่าน"
"281","สำนักงานตำรวจแห่งชาติ","กองบัญชาการตำรวจตระเวนชายแดน","กองบังคับการตำรวจตระเวนชายแดนภาค 3","กองกำกับการตำรวจตระเวนชายแดนที่ 34","SCH_G3_0138","1985-02-25","25/02/2528","0","0","0","0","0","0","0","0","0","0","0","0","0","0","0","0","0","0","0","0","0","0","0","0","0","0","0","0","0","0","0","0","0","0","0","0","0","0","0","0","0","0","0","0","0","0","0","0","0","0","0","0","0","0","0","0","0","0","0","0","0","0","0","0","0","0","0","0","0","0","0","0","0","0","0","0","A","ผ่าน"
"282","สำนักงานตำรวจแห่งชาติ","กองบัญชาการตำรวจตระเวนชายแดน","กองบังคับการตำรวจตระเวนชายแดนภาค 3","กองกำกับการตำรวจตระเวนชายแดนที่ 34","SCH_G3_0139","1990-06-18","18/06/2533","0","0","0","0","0","0","0","0","0","0","0","0","0","0","0","0","0","0","0","0","0","0","0","0","0","0","0","0","0","0","0","0","0","0","0","0","0","0","0","0","0","0","0","0","0","0","0","0","0","0","0","0","0","0","0","0","0","0","0","0","0","0","0","0","0","0","0","0","0","0","0","0","0","0","0","0","A","ผ่าน"
"283","สำนักงานตำรวจแห่งชาติ","กองบัญชาการตำรวจตระเวนชายแดน","กองบังคับการตำรวจตระเวนชายแดนภาค 3","กองกำกับการตำรวจตระเวนชายแดนที่ 34","SCH_G3_0140","1996-07-19","19/07/2539","0","0","0","0","0","1","0","0","0","0","0","0","0","0","0","0","0","0","0","0","0","0","0","0","0","0","0","0","0","0","0","0","0","0","0","0","0","0","0","0","0","0","0","0","0","0","0","0","0","0","0","0","0","0","0","0","0","0","0","0","0","0","0","0","0","0","0","0","0","0","0","0","0","0","0","1","B","ผ่าน"
"284","สำนักงานตำรวจแห่งชาติ","กองบัญชาการตำรวจตระเวนชายแดน","กองบังคับการตำรวจตระเวนชายแดนภาค 3","กองกำกับการตำรวจตระเวนชายแดนที่ 31","SCH_G3_0143","1979-08-18","18/08/2522","0","0","0","0","0","0","0","0","0","0","0","0","0","0","0","0","0","0","0","0","0","0","0","0","0","0","0","0","0","0","0","0","0","0","0","0","0","0","0","0","0","0","0","0","0","0","0","0","0","0","0","0","0","0","0","0","0","0","0","0","0","0","0","0","0","0","0","0","0","0","0","0","0","0","0","0","A","ผ่าน"
"285","สำนักงานตำรวจแห่งชาติ","กองบัญชาการตำรวจตระเวนชายแดน","กองบังคับการตำรวจตระเวนชายแดนภาค 3","กองกำกับการตำรวจตระเวนชายแดนที่ 31","SCH_G3_0145","1991-07-23","23/07/2534","0","0","0","0","0","0","0","0","0","0","0","0","0","0","0","0","0","0","0","0","0","0","0","0","0","0","0","0","0","0","0","0","0","0","0","0","0","0","0","0","0","0","0","0","0","0","0","0","0","0","0","0","0","0","0","0","0","0","0","0","0","0","0","0","0","0","0","0","0","0","0","0","0","0","0","0","A","ผ่าน"
"286","สำนักงานตำรวจแห่งชาติ","กองบัญชาการตำรวจตระเวนชายแดน","กองบังคับการตำรวจตระเวนชายแดนภาค 3","กองกำกับการตำรวจตระเวนชายแดนที่ 31","SCH_G3_0146","1993-07-15","15/07/2536","0","0","0","0","0","0","0","0","0","0","0","0","0","0","0","0","0","0","0","0","0","0","0","0","0","0","0","0","0","0","0","0","0","0","0","0","0","0","0","0","0","0","0","0","0","0","0","0","0","0","0","0","0","0","0","0","0","0","0","0","0","0","0","0","0","0","0","0","0","0","0","0","0","0","0","0","A","ผ่าน"
"287","สำนักงานตำรวจแห่งชาติ","กองบัญชาการตำรวจตระเวนชายแดน","กองบังคับการตำรวจตระเวนชายแดนภาค 1","กองกำกับการตำรวจตระเวนชายแดนที่ 13","SCH_G3_0148","2020-07-01","01/07/2563","0","0","0","0","1","0","0","0","0","0","0","0","0","0","0","0","0","0","0","0","0","0","0","0","0","0","0","0","0","0","0","0","0","0","0","0","0","0","0","0","0","0","0","0","0","0","0","0","0","0","0","0","0","0","0","0","0","0","0","0","0","0","0","0","0","0","0","0","0","0","0","0","0","0","0","1","B","ผ่าน"
"288","สำนักงานตำรวจแห่งชาติ","กองบัญชาการตำรวจตระเวนชายแดน","กองบังคับการตำรวจตระเวนชายแดนภาค 1","กองกำกับการตำรวจตระเวนชายแดนที่ 13","SCH_G3_0149","2021-07-12","12/07/2564","0","0","0","0","0","0","0","0","0","0","0","0","0","0","0","0","0","0","0","0","0","0","0","0","0","0","0","0","0","0","0","0","0","0","0","0","0","0","0","0","0","0","0","0","0","0","0","0","0","0","0","0","0","0","0","1","0","0","0","0","0","0","0","0","0","0","0","0","0","0","0","0","0","0","0","1","B","ผ่าน"
"289","สำนักงานตำรวจแห่งชาติ","กองบัญชาการตำรวจตระเวนชายแดน","กองบังคับการตำรวจตระเวนชายแดนภาค 1","กองกำกับการตำรวจตระเวนชายแดนที่ 13","SCH_G3_0150","2023-01-26","26/01/2566","0","0","0","0","0","0","0","0","0","0","0","0","0","0","0","0","0","0","0","0","0","0","0","0","0","0","0","0","0","0","0","0","0","0","0","0","0","0","0","0","0","0","0","0","0","0","0","0","0","0","0","0","0","0","0","0","0","0","0","0","0","0","0","0","0","0","0","0","0","0","0","0","0","0","0","0","A","ผ่าน"
"290","สำนักงานตำรวจแห่งชาติ","กองบัญชาการตำรวจตระเวนชายแดน","กองบังคับการตำรวจตระเวนชายแดนภาค 1","กองกำกับการตำรวจตระเวนชายแดนที่ 13","SCH_G3_0151","1983-05-23","23/05/2526","0","0","0","0","0","0","0","0","0","0","0","0","0","0","1","0","0","0","0","0","0","0","0","0","0","0","0","0","0","0","0","0","0","0","0","0","0","0","0","0","0","0","0","0","0","0","0","0","0","0","0","0","0","0","0","0","0","0","0","0","0","0","0","0","0","0","0","0","0","0","0","0","0","0","0","1","B","ผ่าน"
"291","สำนักงานตำรวจแห่งชาติ","กองบัญชาการตำรวจตระเวนชายแดน","กองบังคับการตำรวจตระเวนชายแดนภาค 1","กองกำกับการตำรวจตระเวนชายแดนที่ 13","SCH_G3_0152","2024-03-13","13/03/2567","0","0","0","0","0","0","0","0","0","0","0","0","0","0","0","0","0","0","0","0","0","0","0","0","0","0","0","0","0","0","0","0","0","0","0","0","0","0","0","0","0","0","0","0","0","0","0","0","0","0","0","0","0","0","0","0","0","0","0","0","0","0","0","0","0","0","0","0","0","0","0","0","0","0","0","0","A","ผ่าน"
"292","สำนักงานตำรวจแห่งชาติ","กองบัญชาการตำรวจตระเวนชายแดน","กองบังคับการตำรวจตระเวนชายแดนภาค 1","กองกำกับการตำรวจตระเวนชายแดนที่ 13","SCH_G3_0153","2021-07-06","06/07/2564","0","0","0","0","0","1","0","0","0","0","0","0","0","0","0","0","0","0","0","0","0","0","0","0","0","0","0","0","0","0","0","0","0","0","0","0","0","0","0","0","0","0","0","0","0","0","0","0","0","0","0","0","0","0","0","0","0","0","0","0","0","0","0","0","0","0","0","0","0","0","0","0","0","0","0","1","B","ผ่าน"
"293","สำนักงานตำรวจแห่งชาติ","กองบัญชาการตำรวจตระเวนชายแดน","กองบังคับการตำรวจตระเวนชายแดนภาค 1","กองกำกับการตำรวจตระเวนชายแดนที่ 13","SCH_G3_0154","2010-05-17","17/05/2553","0","0","0","0","0","0","0","0","0","0","0","0","0","0","0","0","0","0","0","0","0","0","0","0","0","0","0","0","0","0","0","0","0","0","0","0","0","0","0","0","0","0","0","0","0","0","0","0","0","0","0","0","0","0","0","0","0","0","0","0","0","0","0","0","0","0","0","0","0","0","0","0","0","0","0","0","A","ผ่าน"
"294","สำนักงานตำรวจแห่งชาติ","กองบัญชาการตำรวจตระเวนชายแดน","กองบังคับการตำรวจตระเวนชายแดนภาค 1","กองกำกับการตำรวจตระเวนชายแดนที่ 13","SCH_G3_0155","2017-05-15","15/05/2560","0","0","0","0","0","0","0","1","0","0","0","0","0","0","0","0","0","0","0","0","0","0","0","0","0","1","0","0","0","0","0","0","0","0","0","0","0","0","0","0","0","0","0","0","0","0","0","0","0","0","0","0","0","0","0","0","0","0","0","0","0","0","0","0","0","0","0","0","0","0","0","0","0","0","0","2","B","ผ่าน"
"295","สำนักงานตำรวจแห่งชาติ","กองบัญชาการตำรวจตระเวนชายแดน","กองบังคับการตำรวจตระเวนชายแดนภาค 1","กองกำกับการตำรวจตระเวนชายแดนที่ 13","SCH_G3_0156","2026-04-11","11/04/2569","0","0","0","0","0","1","0","0","0","0","0","1","0","0","0","0","0","0","0","0","0","0","0","1","0","0","0","0","0","0","0","0","0","0","0","0","0","0","0","0","0","0","0","0","0","0","0","0","0","0","0","0","0","0","0","1","0","0","0","0","0","0","0","0","0","0","0","0","0","0","0","0","0","0","0","4","B","ผ่าน"
"296","สำนักงานตำรวจแห่งชาติ","กองบัญชาการตำรวจตระเวนชายแดน","กองบังคับการตำรวจตระเวนชายแดนภาค 1","กองกำกับการตำรวจตระเวนชายแดนที่ 13","SCH_G3_0157","","","1","1","1","1","1","1","1","1","1","1","1","1","1","1","1","1","1","1","1","1","1","1","1","1","1","1","1","1","1","1","1","1","1","1","1","1","1","1","1","1","1","1","1","1","1","1","0","0","0","0","0","0","0","1","1","1","1","1","1","1","1","1","1","1","1","1","1","1","1","1","1","1","1","1","1","68","D","ไม่ผ่าน"
"297","สำนักงานตำรวจแห่งชาติ","กองบัญชาการตำรวจตระเวนชายแดน","กองบังคับการตำรวจตระเวนชายแดนภาค 1","กองกำกับการตำรวจตระเวนชายแดนที่ 13","SCH_G3_0159","1970-08-26","26/08/2513","0","0","0","0","0","0","0","0","0","0","0","0","0","0","0","0","0","0","0","0","0","0","0","0","0","0","0","0","0","0","0","0","0","0","0","0","0","0","0","0","0","0","0","0","0","0","0","0","0","0","0","0","0","0","0","0","0","0","0","0","0","0","0","0","0","0","0","0","0","0","0","0","0","0","0","0","A","ผ่าน"
"298","สำนักงานตำรวจแห่งชาติ","กองบัญชาการตำรวจตระเวนชายแดน","กองบังคับการตำรวจตระเวนชายแดนภาค 1","กองกำกับการตำรวจตระเวนชายแดนที่ 13","SCH_G3_0161","2021-07-15","15/07/2564","0","0","0","0","0","0","0","0","0","0","0","1","0","0","1","0","0","0","0","0","0","0","0","0","0","0","0","0","0","0","0","0","0","0","0","0","0","0","0","0","0","0","0","0","0","0","0","0","0","0","0","0","0","1","0","1","0","0","1","0","0","0","0","0","1","0","1","1","0","0","0","0","0","0","0","8","C","ผ่าน"
"299","สำนักงานตำรวจแห่งชาติ","กองบัญชาการตำรวจตระเวนชายแดน","กองบังคับการตำรวจตระเวนชายแดนภาค 1","กองกำกับการตำรวจตระเวนชายแดนที่ 13","SCH_G3_0162","1997-05-19","19/05/2540","0","0","0","0","0","0","0","0","0","0","0","0","0","0","0","0","0","0","0","0","0","0","0","0","0","0","0","0","0","0","0","0","0","0","0","0","0","0","0","0","0","0","0","0","0","0","0","0","0","0","0","0","0","0","0","1","0","0","0","0","0","0","0","0","0","0","0","1","1","0","1","0","0","0","0","4","B","ผ่าน"
"300","สำนักงานตำรวจแห่งชาติ","กองบัญชาการตำรวจตระเวนชายแดน","กองบังคับการตำรวจตระเวนชายแดนภาค 1","กองกำกับการตำรวจตระเวนชายแดนที่ 13","SCH_G3_0163","","","0","0","0","0","0","0","0","0","0","0","0","0","0","0","0","0","0","0","0","0","0","0","0","0","0","0","0","0","0","0","0","0","0","0","0","0","0","0","0","0","0","0","0","0","0","0","0","0","0","0","0","0","0","0","0","0","0","0","0","0","0","0","0","0","0","0","0","0","1","0","1","0","0","0","0","2","B","ผ่าน"
"301","สำนักงานตำรวจแห่งชาติ","กองบัญชาการตำรวจตระเวนชายแดน","กองบังคับการตำรวจตระเวนชายแดนภาค 1","กองกำกับการตำรวจตระเวนชายแดนที่ 14","SCH_G3_0164","1985-01-01","01/01/2528","0","0","0","0","0","0","0","0","0","0","0","0","0","0","0","0","0","0","0","0","0","0","0","0","0","0","0","0","0","0","0","0","0","0","0","0","0","0","0","0","0","0","0","0","0","0","0","0","0","0","0","0","0","0","0","0","0","0","0","0","0","0","0","0","0","0","0","0","0","0","0","0","0","0","0","0","A","ผ่าน"
"302","สำนักงานตำรวจแห่งชาติ","กองบัญชาการตำรวจตระเวนชายแดน","กองบังคับการตำรวจตระเวนชายแดนภาค 1","กองกำกับการตำรวจตระเวนชายแดนที่ 14","SCH_G3_0165","2021-04-09","09/04/2564","0","0","0","0","0","1","0","0","0","0","0","0","0","0","0","0","0","0","0","0","0","0","0","0","0","0","0","0","0","0","0","0","0","0","0","0","0","0","0","0","0","0","0","0","0","0","0","0","0","0","0","0","0","0","0","0","0","0","0","0","0","0","0","0","0","0","0","0","0","0","0","0","0","0","0","1","B","ผ่าน"
"303","สำนักงานตำรวจแห่งชาติ","กองบัญชาการตำรวจตระเวนชายแดน","กองบังคับการตำรวจตระเวนชายแดนภาค 1","กองกำกับการตำรวจตระเวนชายแดนที่ 14","SCH_G3_0166","2020-07-01","01/07/2563","0","0","0","0","0","1","0","0","0","0","0","0","0","0","0","0","0","0","0","0","0","0","0","0","0","0","0","0","0","0","0","0","0","0","0","0","0","0","0","0","0","0","0","0","0","0","0","0","0","0","0","0","0","0","0","0","0","0","0","0","0","0","0","0","0","0","0","0","0","0","0","0","0","0","0","1","B","ผ่าน"
"304","สำนักงานตำรวจแห่งชาติ","กองบัญชาการตำรวจตระเวนชายแดน","กองบังคับการตำรวจตระเวนชายแดนภาค 1","กองกำกับการตำรวจตระเวนชายแดนที่ 14","SCH_G3_0167","1981-07-23","23/07/2524","0","0","0","0","0","0","0","0","0","0","0","0","0","0","0","0","0","0","0","0","0","0","0","0","0","0","0","0","0","0","0","0","0","0","0","0","0","0","0","0","0","0","0","0","0","0","0","0","0","0","0","0","0","0","0","0","0","0","0","0","0","0","0","0","0","0","0","0","0","0","0","0","0","0","0","0","A","ผ่าน"
"305","สำนักงานตำรวจแห่งชาติ","กองบัญชาการตำรวจตระเวนชายแดน","กองบังคับการตำรวจตระเวนชายแดนภาค 1","กองกำกับการตำรวจตระเวนชายแดนที่ 14","SCH_G3_0168","2014-05-16","16/05/2557","0","0","0","0","0","1","0","0","0","0","0","0","0","0","0","0","0","0","0","0","0","0","0","0","0","0","0","1","0","0","0","0","0","0","0","0","0","0","0","0","0","0","0","0","0","0","0","0","0","0","0","0","0","0","0","0","0","0","0","0","0","0","0","0","0","0","0","0","0","0","0","0","0","0","0","2","B","ผ่าน"
"306","สำนักงานตำรวจแห่งชาติ","กองบัญชาการตำรวจตระเวนชายแดน","กองบังคับการตำรวจตระเวนชายแดนภาค 1","กองกำกับการตำรวจตระเวนชายแดนที่ 14","SCH_G3_0170","1991-05-22","22/05/2534","0","0","0","0","0","0","0","0","0","0","0","0","0","0","0","0","0","0","0","0","0","0","0","0","0","0","0","0","0","0","0","0","0","0","0","0","0","0","0","0","0","0","0","0","0","0","0","0","0","0","0","0","0","0","0","0","0","0","0","0","0","0","0","0","0","0","0","0","0","0","0","0","0","0","0","0","A","ผ่าน"
"307","สำนักงานตำรวจแห่งชาติ","กองบัญชาการตำรวจตระเวนชายแดน","กองบังคับการตำรวจตระเวนชายแดนภาค 1","กองกำกับการตำรวจตระเวนชายแดนที่ 14","SCH_G3_0171","1982-10-13","13/10/2525","0","0","0","0","0","0","0","0","0","0","0","0","0","0","0","0","0","0","0","0","0","0","0","0","0","0","0","0","0","0","0","0","0","0","0","0","0","0","0","0","0","0","0","0","0","0","0","0","0","0","0","0","0","0","0","0","0","0","0","0","0","0","0","0","0","0","0","0","0","0","0","0","0","0","0","0","A","ผ่าน"
"308","สำนักงานตำรวจแห่งชาติ","กองบัญชาการตำรวจตระเวนชายแดน","กองบังคับการตำรวจตระเวนชายแดนภาค 1","กองกำกับการตำรวจตระเวนชายแดนที่ 14","SCH_G3_0172","2020-08-06","06/08/2563","0","0","0","0","0","0","0","0","0","0","0","0","0","0","0","0","0","0","0","0","0","0","0","0","0","0","0","0","0","0","0","0","0","0","0","0","0","0","0","0","0","0","0","0","0","0","0","0","0","0","0","0","0","0","0","0","0","0","0","0","0","0","0","0","0","0","0","0","0","0","0","0","0","0","0","0","A","ผ่าน"
"309","สำนักงานตำรวจแห่งชาติ","กองบัญชาการตำรวจตระเวนชายแดน","กองบังคับการตำรวจตระเวนชายแดนภาค 1","กองกำกับการตำรวจตระเวนชายแดนที่ 14","SCH_G3_0173","2025-03-26","26/03/2568","0","0","0","0","0","0","0","0","0","0","0","0","0","0","0","0","0","0","0","0","0","0","0","0","0","0","0","0","0","0","0","0","0","0","0","0","0","0","0","0","0","0","0","0","0","0","0","0","0","0","0","0","0","0","0","0","0","0","0","0","0","0","0","0","0","0","0","0","0","0","0","0","0","0","0","0","A","ผ่าน"
"310","สำนักงานตำรวจแห่งชาติ","กองบัญชาการตำรวจตระเวนชายแดน","กองบังคับการตำรวจตระเวนชายแดนภาค 1","กองกำกับการตำรวจตระเวนชายแดนที่ 14","SCH_G3_0174","1999-11-01","01/11/2542","0","0","0","0","0","0","0","0","0","0","0","0","0","0","0","0","0","0","0","0","0","0","0","0","0","0","0","0","0","0","0","0","0","0","0","0","0","0","0","0","0","0","0","0","0","0","0","0","0","0","0","0","0","0","0","0","0","0","0","0","0","0","0","0","0","0","0","0","0","0","0","0","0","0","0","0","A","ผ่าน"
"311","สำนักงานตำรวจแห่งชาติ","กองบัญชาการตำรวจตระเวนชายแดน","กองบังคับการตำรวจตระเวนชายแดนภาค 4","กองกำกับการตำรวจตระเวนชายแดนที่ 42","SCH_G3_0175","2014-05-16","16/05/2557","0","0","0","0","0","0","0","0","0","0","0","0","0","0","0","0","0","0","0","0","0","0","0","0","0","0","0","0","0","0","0","0","0","0","0","0","0","0","0","0","0","0","0","0","0","0","0","0","0","0","0","0","0","0","0","0","0","0","0","0","0","0","0","0","0","0","0","0","0","0","0","0","0","0","0","0","A","ผ่าน"
"312","สำนักงานตำรวจแห่งชาติ","กองบัญชาการตำรวจตระเวนชายแดน","กองบังคับการตำรวจตระเวนชายแดนภาค 4","กองกำกับการตำรวจตระเวนชายแดนที่ 42","SCH_G3_0176","2014-05-16","16/05/2557","0","0","0","0","0","1","0","0","0","0","0","0","0","0","0","0","0","0","0","0","0","0","0","0","0","0","0","0","0","0","0","0","0","0","0","0","0","0","0","0","0","0","0","0","0","0","0","0","0","0","0","0","0","0","0","0","0","0","0","0","0","0","0","0","0","0","0","0","0","0","0","0","0","0","0","1","B","ผ่าน"
"313","สำนักงานตำรวจแห่งชาติ","กองบัญชาการตำรวจตระเวนชายแดน","กองบังคับการตำรวจตระเวนชายแดนภาค 4","กองกำกับการตำรวจตระเวนชายแดนที่ 42","SCH_G3_0178","2014-05-16","16/05/2557","0","0","0","0","0","1","0","0","0","0","0","0","0","0","0","0","0","0","0","0","0","0","0","0","0","0","0","0","0","0","0","0","0","0","0","0","0","0","0","0","0","0","0","0","0","0","0","0","0","0","0","0","0","0","0","0","0","0","0","0","0","0","0","0","0","0","0","0","0","0","0","0","0","0","0","1","B","ผ่าน"
"314","สำนักงานตำรวจแห่งชาติ","กองบัญชาการตำรวจตระเวนชายแดน","กองบังคับการตำรวจตระเวนชายแดนภาค 4","กองกำกับการตำรวจตระเวนชายแดนที่ 41","SCH_G3_0179","1988-05-09","09/05/2531","0","0","0","0","0","0","0","0","0","0","0","0","0","0","0","0","0","0","0","0","0","0","0","0","0","0","0","0","0","0","0","0","0","0","0","0","0","0","0","0","0","0","0","0","0","0","0","0","0","0","0","0","0","0","0","0","0","0","0","0","0","0","0","0","0","0","0","0","0","0","0","0","0","0","0","0","A","ผ่าน"
"315","สำนักงานตำรวจแห่งชาติ","กองบัญชาการตำรวจตระเวนชายแดน","กองบังคับการตำรวจตระเวนชายแดนภาค 4","กองกำกับการตำรวจตระเวนชายแดนที่ 41","SCH_G3_0180","","","0","0","0","0","0","0","0","0","0","0","0","0","0","0","0","0","0","0","0","0","0","0","0","0","0","0","0","0","0","0","0","0","0","0","0","0","0","0","0","0","0","0","0","0","0","0","0","0","0","0","0","0","0","0","0","0","0","0","0","0","0","0","0","0","0","0","0","0","0","0","0","0","0","0","0","0","A","ผ่าน"
"316","สำนักงานตำรวจแห่งชาติ","กองบัญชาการตำรวจตระเวนชายแดน","กองบังคับการตำรวจตระเวนชายแดนภาค 4","กองกำกับการตำรวจตระเวนชายแดนที่ 41","SCH_G3_0181","1997-05-16","16/05/2540","0","0","0","0","0","0","0","0","0","0","0","0","0","0","0","0","0","0","0","0","0","0","0","0","0","0","0","0","0","0","0","0","0","0","0","0","0","0","0","0","0","0","0","0","0","0","0","0","0","0","0","0","0","0","0","0","0","0","0","0","0","0","0","0","0","0","0","0","0","0","0","0","0","0","0","0","A","ผ่าน"
"317","สำนักงานตำรวจแห่งชาติ","กองบัญชาการตำรวจตระเวนชายแดน","กองบังคับการตำรวจตระเวนชายแดนภาค 4","กองกำกับการตำรวจตระเวนชายแดนที่ 41","SCH_G3_0182","1987-07-06","06/07/2530","0","0","0","0","0","0","0","0","0","0","0","0","0","0","0","0","0","0","0","0","0","0","0","0","0","0","0","0","0","0","0","0","0","0","0","0","0","0","0","0","0","0","0","0","0","0","0","0","0","0","0","0","0","0","0","0","0","0","0","0","0","0","0","0","0","0","0","0","0","0","0","0","0","0","0","0","A","ผ่าน"
"318","สำนักงานตำรวจแห่งชาติ","กองบัญชาการตำรวจตระเวนชายแดน","กองบังคับการตำรวจตระเวนชายแดนภาค 4","กองกำกับการตำรวจตระเวนชายแดนที่ 41","SCH_G3_0183","2020-07-01","01/07/2563","0","0","0","0","0","0","0","0","0","0","0","0","0","0","0","0","0","0","0","0","0","0","0","0","0","0","0","0","0","0","0","0","0","0","0","0","0","0","0","0","0","0","0","0","0","0","0","0","0","0","0","0","0","0","0","0","0","0","0","0","0","1","0","0","1","0","0","0","0","0","0","0","0","0","0","2","B","ผ่าน"
"319","สำนักงานตำรวจแห่งชาติ","กองบัญชาการตำรวจตระเวนชายแดน","กองบังคับการตำรวจตระเวนชายแดนภาค 4","กองกำกับการตำรวจตระเวนชายแดนที่ 41","SCH_G3_0184","2003-07-15","15/07/2546","0","0","0","0","0","0","0","0","0","0","0","0","0","0","0","0","0","0","0","0","0","0","0","0","0","0","0","0","0","0","0","0","0","0","0","0","0","0","0","0","0","0","0","0","0","0","0","0","0","0","0","0","0","0","0","0","0","0","0","0","0","0","0","0","0","0","0","0","0","0","0","0","0","0","0","0","A","ผ่าน"
"320","สำนักงานตำรวจแห่งชาติ","กองบัญชาการตำรวจตระเวนชายแดน","กองบังคับการตำรวจตระเวนชายแดนภาค 4","กองกำกับการตำรวจตระเวนชายแดนที่ 41","SCH_G3_0185","2021-05-17","17/05/2564","0","0","0","0","0","1","0","0","0","0","0","0","0","0","0","0","0","0","0","0","0","0","0","0","0","0","0","0","0","0","0","0","0","0","0","0","0","0","0","0","0","0","0","0","0","0","0","0","0","0","0","0","0","0","0","0","0","0","0","0","0","0","0","0","0","0","0","0","0","0","0","0","0","0","0","1","B","ผ่าน"
"321","สำนักงานตำรวจแห่งชาติ","กองบัญชาการตำรวจตระเวนชายแดน","กองบังคับการตำรวจตระเวนชายแดนภาค 4","กองกำกับการตำรวจตระเวนชายแดนที่ 41","SCH_G3_0186","1988-07-15","15/07/2531","0","0","0","0","0","0","0","0","0","0","0","0","0","0","0","0","0","0","0","0","0","0","0","0","0","1","0","0","0","0","0","0","0","0","0","0","0","0","0","0","0","0","0","0","0","0","0","0","0","0","0","0","0","0","0","0","0","0","0","0","0","0","0","0","0","0","0","0","0","0","0","0","0","0","0","1","B","ผ่าน"
"322","สำนักงานตำรวจแห่งชาติ","กองบัญชาการตำรวจตระเวนชายแดน","กองบังคับการตำรวจตระเวนชายแดนภาค 4","กองกำกับการตำรวจตระเวนชายแดนที่ 41","SCH_G3_0187","1988-02-01","01/02/2531","0","0","0","0","0","1","0","0","0","0","0","0","0","0","1","0","0","0","0","0","0","0","0","0","0","0","0","0","0","0","0","0","0","0","0","0","0","0","0","0","0","0","0","0","0","0","0","0","0","0","0","0","0","0","0","0","0","0","0","0","0","0","0","0","0","0","0","0","0","0","0","0","0","0","0","2","B","ผ่าน"
"323","สำนักงานตำรวจแห่งชาติ","กองบัญชาการตำรวจตระเวนชายแดน","กองบังคับการตำรวจตระเวนชายแดนภาค 4","กองกำกับการตำรวจตระเวนชายแดนที่ 41","SCH_G3_0188","1989-05-13","13/05/2532","0","0","0","0","0","0","0","0","0","0","0","0","0","0","0","0","0","0","0","0","0","0","0","0","0","0","0","0","0","0","0","0","0","0","0","0","0","0","0","0","0","0","0","0","0","0","0","0","0","0","0","0","0","0","0","0","0","0","0","0","0","0","0","0","0","0","0","0","0","0","0","0","0","0","0","0","A","ผ่าน"
"324","สำนักงานตำรวจแห่งชาติ","กองบัญชาการตำรวจตระเวนชายแดน","กองบังคับการตำรวจตระเวนชายแดนภาค 4","กองกำกับการตำรวจตระเวนชายแดนที่ 41","SCH_G3_0189","2022-03-14","14/03/2565","0","0","0","0","0","0","0","0","0","0","0","0","0","0","0","0","0","0","0","0","0","0","0","0","0","0","0","0","0","0","0","0","0","0","0","0","0","0","0","0","0","0","0","0","0","0","0","0","0","0","0","0","0","0","0","0","0","0","0","0","0","0","0","0","0","0","0","0","0","0","0","0","0","0","0","0","A","ผ่าน"
"325","สำนักงานตำรวจแห่งชาติ","กองบัญชาการตำรวจตระเวนชายแดน","กองบังคับการตำรวจตระเวนชายแดนภาค 4","กองกำกับการตำรวจตระเวนชายแดนที่ 43","SCH_G3_0190","2025-02-20","20/02/2568","0","0","0","0","0","0","0","0","0","0","0","0","0","0","0","0","0","0","0","0","0","0","0","0","0","0","0","0","0","0","0","0","0","0","0","0","0","0","0","0","0","0","0","0","0","0","0","0","0","0","0","0","0","0","0","0","0","0","0","0","0","0","0","0","0","0","0","0","0","0","0","0","0","0","0","0","A","ผ่าน"
"326","สำนักงานตำรวจแห่งชาติ","กองบัญชาการตำรวจตระเวนชายแดน","กองบังคับการตำรวจตระเวนชายแดนภาค 4","กองกำกับการตำรวจตระเวนชายแดนที่ 43","SCH_G3_0191","1986-06-29","29/06/2529","0","0","0","0","0","0","0","0","0","0","0","0","0","0","0","0","0","0","0","0","0","0","0","0","0","0","0","0","0","0","0","0","0","0","0","0","0","0","0","0","0","0","0","0","0","0","0","0","0","0","0","0","0","0","0","0","0","0","0","0","0","0","0","0","0","0","0","0","0","0","0","0","0","0","0","0","A","ผ่าน"
"327","สำนักงานตำรวจแห่งชาติ","กองบัญชาการตำรวจตระเวนชายแดน","กองบังคับการตำรวจตระเวนชายแดนภาค 4","กองกำกับการตำรวจตระเวนชายแดนที่ 43","SCH_G3_0192","2023-05-16","16/05/2566","0","0","0","0","0","0","0","0","0","0","0","0","0","0","1","0","0","0","0","0","0","0","0","0","0","0","0","0","0","0","0","0","0","0","0","0","0","0","0","0","0","0","0","0","0","0","0","0","0","0","0","0","0","0","0","0","0","0","0","0","0","0","0","0","0","0","1","0","0","0","0","0","0","0","0","2","B","ผ่าน"
"328","สำนักงานตำรวจแห่งชาติ","กองบัญชาการตำรวจตระเวนชายแดน","กองบังคับการตำรวจตระเวนชายแดนภาค 4","กองกำกับการตำรวจตระเวนชายแดนที่ 43","SCH_G3_0193","1975-06-18","18/06/2518","0","0","0","0","0","0","0","0","0","0","0","0","0","0","0","0","0","0","0","0","0","0","0","0","0","0","0","0","0","0","0","0","0","0","0","0","0","0","0","0","0","0","0","0","0","0","0","0","0","0","0","0","0","0","0","0","0","0","0","0","0","0","0","0","0","0","0","0","0","0","0","0","0","0","0","0","A","ผ่าน"
"329","สำนักงานตำรวจแห่งชาติ","กองบัญชาการตำรวจตระเวนชายแดน","กองบังคับการตำรวจตระเวนชายแดนภาค 4","กองกำกับการตำรวจตระเวนชายแดนที่ 43","SCH_G3_0194","1983-05-26","26/05/2526","0","0","0","0","0","0","0","0","0","0","0","0","0","0","0","0","0","0","0","0","0","0","0","0","0","0","0","0","0","0","0","0","0","0","0","0","0","0","0","0","0","0","0","0","0","0","0","0","0","0","0","0","0","0","0","0","0","0","0","0","0","0","0","0","0","0","0","0","0","0","0","0","0","0","0","0","A","ผ่าน"
"330","สำนักงานตำรวจแห่งชาติ","กองบัญชาการตำรวจตระเวนชายแดน","กองบังคับการตำรวจตระเวนชายแดนภาค 4","กองกำกับการตำรวจตระเวนชายแดนที่ 43","SCH_G3_0195","1959-10-12","12/10/2502","0","0","0","0","0","0","0","0","0","0","0","0","0","0","0","0","0","0","0","0","0","0","0","0","0","0","0","0","0","0","0","0","0","0","0","0","0","0","0","0","0","0","0","0","0","0","0","0","0","0","0","0","0","0","0","0","0","0","0","0","0","0","0","0","0","0","0","0","0","0","0","0","0","0","0","0","A","ผ่าน"
"331","สำนักงานตำรวจแห่งชาติ","กองบัญชาการตำรวจตระเวนชายแดน","กองบังคับการตำรวจตระเวนชายแดนภาค 4","กองกำกับการตำรวจตระเวนชายแดนที่ 43","SCH_G3_0196","","","0","0","0","0","0","1","0","0","0","0","0","0","0","0","0","0","0","0","0","0","0","0","0","0","0","0","0","0","0","0","0","0","0","0","0","0","0","0","0","0","0","0","0","0","0","0","0","0","0","0","0","0","0","0","0","0","0","0","0","0","0","0","0","0","0","0","0","0","0","0","0","0","0","0","0","1","B","ผ่าน"
"332","สำนักงานตำรวจแห่งชาติ","กองบัญชาการตำรวจตระเวนชายแดน","กองบังคับการตำรวจตระเวนชายแดนภาค 4","กองกำกับการตำรวจตระเวนชายแดนที่ 43","SCH_G3_0197","2025-03-25","25/03/2568","0","0","0","0","0","0","0","0","0","0","0","0","0","0","0","0","0","0","0","0","0","0","0","0","0","0","0","0","0","0","0","0","0","0","0","0","0","0","0","0","0","0","0","0","0","0","0","0","0","0","0","0","0","0","0","0","0","0","0","0","0","0","0","0","0","0","0","0","0","0","0","0","0","0","0","0","A","ผ่าน"
"333","สำนักงานตำรวจแห่งชาติ","กองบัญชาการตำรวจตระเวนชายแดน","กองบังคับการตำรวจตระเวนชายแดนภาค 4","กองกำกับการตำรวจตระเวนชายแดนที่ 43","SCH_G3_0198","1998-11-09","09/11/2541","0","0","0","0","0","0","0","0","0","0","0","0","0","0","0","0","0","0","0","0","0","0","0","0","0","0","0","0","0","0","0","0","0","0","0","0","0","0","0","0","0","0","0","0","0","0","0","0","0","0","0","0","0","0","0","0","0","0","0","0","0","0","0","0","0","0","0","0","0","0","0","0","0","0","0","0","A","ผ่าน"
"334","สำนักงานตำรวจแห่งชาติ","กองบัญชาการตำรวจตระเวนชายแดน","กองบังคับการตำรวจตระเวนชายแดนภาค 4","กองกำกับการตำรวจตระเวนชายแดนที่ 43","SCH_G3_0199","2010-05-17","17/05/2553","0","0","0","0","0","0","0","0","0","0","0","0","0","0","0","0","0","0","0","0","0","0","0","0","0","0","0","0","0","0","0","0","0","0","0","0","0","0","0","0","0","0","0","0","0","0","0","0","0","0","0","0","0","0","0","0","0","0","0","0","0","0","0","0","0","0","0","0","0","0","0","0","0","0","0","0","A","ผ่าน"
"335","สำนักงานตำรวจแห่งชาติ","กองบัญชาการตำรวจตระเวนชายแดน","กองบังคับการตำรวจตระเวนชายแดนภาค 4","กองกำกับการตำรวจตระเวนชายแดนที่ 43","SCH_G3_0200","2025-05-16","16/05/2568","0","0","0","0","0","0","0","0","0","0","0","0","0","0","0","0","0","0","0","0","0","0","0","0","0","0","0","0","0","0","0","0","0","0","0","0","0","0","0","0","0","0","0","0","0","0","0","0","0","0","0","0","0","0","0","0","0","0","0","0","0","0","0","0","0","0","0","0","0","0","0","0","0","0","0","0","A","ผ่าน"
"336","สำนักงานตำรวจแห่งชาติ","กองบัญชาการตำรวจตระเวนชายแดน","กองบังคับการตำรวจตระเวนชายแดนภาค 4","กองกำกับการตำรวจตระเวนชายแดนที่ 43","SCH_G3_0201","","","0","0","0","0","0","0","0","0","0","0","0","0","0","0","0","0","0","0","0","0","0","0","0","0","0","0","0","0","0","0","0","0","0","0","0","0","0","0","0","0","0","0","0","0","0","0","0","0","0","0","0","0","0","0","0","0","0","0","0","0","0","0","0","0","0","0","0","0","0","0","0","0","0","0","0","0","A","ผ่าน"
"337","สำนักงานตำรวจแห่งชาติ","กองบัญชาการตำรวจตระเวนชายแดน","กองบังคับการตำรวจตระเวนชายแดนภาค 4","กองกำกับการตำรวจตระเวนชายแดนที่ 43","SCH_G3_0202","1985-06-14","14/06/2528","0","0","0","0","0","0","0","0","0","0","0","0","0","0","0","0","0","0","0","0","0","0","0","0","0","0","0","0","0","0","0","0","0","0","0","0","0","0","0","0","0","0","0","0","0","0","0","0","0","0","0","0","0","0","0","0","0","0","0","0","0","0","0","0","0","0","0","0","0","0","0","0","0","0","0","0","A","ผ่าน"
"338","สำนักงานตำรวจแห่งชาติ","กองบัญชาการตำรวจตระเวนชายแดน","กองบังคับการตำรวจตระเวนชายแดนภาค 4","กองกำกับการตำรวจตระเวนชายแดนที่ 43","SCH_G3_0203","1988-05-05","05/05/2531","0","0","0","0","0","0","0","0","0","0","0","0","0","0","0","0","0","0","0","0","0","0","0","0","0","0","0","0","0","0","0","0","0","0","0","0","0","0","0","0","0","0","0","0","0","0","0","0","0","0","0","0","0","0","0","0","0","0","0","0","0","0","0","0","0","0","0","0","0","0","0","0","0","0","0","0","A","ผ่าน"
"339","สำนักงานตำรวจแห่งชาติ","กองบัญชาการตำรวจตระเวนชายแดน","กองบังคับการตำรวจตระเวนชายแดนภาค 4","กองกำกับการตำรวจตระเวนชายแดนที่ 43","SCH_G3_0204","1990-02-14","14/02/2533","0","0","0","0","0","0","0","0","0","0","0","0","0","0","0","0","0","0","0","0","0","0","0","0","0","0","0","0","0","0","0","0","0","0","0","0","0","0","0","0","0","0","0","0","0","0","0","0","0","0","0","0","0","0","0","0","0","0","0","0","0","0","0","0","0","0","0","0","0","0","0","0","0","0","0","0","A","ผ่าน"
"340","สำนักงานตำรวจแห่งชาติ","กองบัญชาการตำรวจตระเวนชายแดน","กองบังคับการตำรวจตระเวนชายแดนภาค 4","กองกำกับการตำรวจตระเวนชายแดนที่ 44","SCH_G3_0206","2021-06-14","14/06/2564","0","0","0","0","0","1","0","0","0","0","0","0","0","0","0","0","0","0","0","0","0","0","0","0","0","0","0","0","0","0","0","0","0","0","0","0","0","0","0","0","0","0","0","0","0","0","0","0","0","0","0","0","0","0","0","0","0","0","0","0","0","0","0","0","0","0","0","0","0","0","0","0","0","0","0","1","B","ผ่าน"
"341","สำนักงานตำรวจแห่งชาติ","กองบัญชาการตำรวจตระเวนชายแดน","กองบังคับการตำรวจตระเวนชายแดนภาค 4","กองกำกับการตำรวจตระเวนชายแดนที่ 44","SCH_G3_0207","2015-05-18","18/05/2558","0","0","0","0","0","0","0","0","0","0","0","0","0","0","0","0","0","0","0","0","0","0","0","0","0","0","0","0","0","0","0","0","0","0","0","0","0","0","0","0","0","0","0","0","0","0","0","0","0","0","0","0","0","0","0","0","0","0","0","0","0","0","0","0","0","0","0","0","0","0","0","0","0","0","0","0","A","ผ่าน"
"342","สำนักงานตำรวจแห่งชาติ","กองบัญชาการตำรวจตระเวนชายแดน","กองบังคับการตำรวจตระเวนชายแดนภาค 4","กองกำกับการตำรวจตระเวนชายแดนที่ 44","SCH_G3_0208","1967-05-16","16/05/2510","0","0","0","0","0","1","0","0","0","0","0","0","0","0","0","0","0","0","0","0","0","0","0","0","0","0","0","0","0","0","0","0","0","0","0","0","0","0","0","0","0","0","0","0","0","0","0","0","0","0","0","0","0","0","0","0","0","0","0","0","0","0","0","0","0","0","0","0","0","0","0","0","0","0","0","1","B","ผ่าน"
"343","สำนักงานตำรวจแห่งชาติ","กองบัญชาการตำรวจตระเวนชายแดน","กองบังคับการตำรวจตระเวนชายแดนภาค 4","กองกำกับการตำรวจตระเวนชายแดนที่ 44","SCH_G3_0209","2021-07-08","08/07/2564","0","0","0","0","0","0","0","0","0","0","0","0","0","0","0","0","0","0","0","0","0","0","0","0","0","0","0","0","0","0","0","0","0","0","0","0","0","0","0","0","0","0","0","0","0","0","0","0","0","0","0","0","0","0","0","0","0","0","0","0","0","0","0","0","0","0","0","0","0","0","0","0","0","0","0","0","A","ผ่าน"
"344","สำนักงานตำรวจแห่งชาติ","กองบัญชาการตำรวจตระเวนชายแดน","กองบังคับการตำรวจตระเวนชายแดนภาค 4","กองกำกับการตำรวจตระเวนชายแดนที่ 44","SCH_G3_0210","1988-06-01","01/06/2531","0","0","0","0","0","0","0","0","0","0","0","0","0","0","0","0","0","0","0","0","0","0","0","0","0","0","0","0","0","0","0","0","0","0","0","0","0","0","0","0","0","0","0","0","0","0","0","0","0","0","0","0","0","0","0","1","1","1","1","0","0","1","1","1","0","0","0","1","1","0","1","0","1","1","0","12","C","ผ่าน"
"345","สำนักงานตำรวจแห่งชาติ","กองบัญชาการตำรวจตระเวนชายแดน","กองบังคับการตำรวจตระเวนชายแดนภาค 4","กองกำกับการตำรวจตระเวนชายแดนที่ 44","SCH_G3_0212","2000-05-16","16/05/2543","0","0","0","0","0","0","0","0","0","0","0","0","0","0","0","0","0","0","0","0","0","0","0","0","0","0","0","0","0","0","0","0","0","0","0","0","0","0","0","0","0","0","0","0","0","0","0","0","0","0","0","0","0","0","0","1","0","0","0","0","0","0","0","0","0","0","0","1","1","0","0","0","0","0","0","3","B","ผ่าน"
"346","สำนักงานตำรวจแห่งชาติ","กองบัญชาการตำรวจตระเวนชายแดน","กองบังคับการตำรวจตระเวนชายแดนภาค 4","กองกำกับการตำรวจตระเวนชายแดนที่ 44","SCH_G3_0213","1991-07-15","15/07/2534","0","0","0","0","0","0","0","0","0","0","0","0","0","0","0","0","0","0","0","0","0","0","0","0","0","0","0","0","0","0","0","0","0","0","0","0","0","0","0","0","0","0","0","0","0","0","0","0","0","0","0","0","0","1","0","1","0","0","0","0","0","0","0","0","0","0","0","0","0","0","0","0","0","0","0","2","B","ผ่าน"
"347","สำนักงานตำรวจแห่งชาติ","กองบัญชาการตำรวจตระเวนชายแดน","กองบังคับการตำรวจตระเวนชายแดนภาค 4","กองกำกับการตำรวจตระเวนชายแดนที่ 44","SCH_G3_0215","1993-06-18","18/06/2536","0","0","0","0","0","1","0","0","0","0","0","0","0","0","0","0","0","0","0","0","0","0","0","0","0","0","0","0","0","0","0","0","0","0","0","0","0","0","0","0","0","0","0","0","0","0","0","0","0","0","0","0","0","0","0","0","0","0","0","0","0","0","0","0","0","0","0","0","0","0","0","0","0","0","0","1","B","ผ่าน"
"348","สำนักงานตำรวจแห่งชาติ","กองบัญชาการตำรวจตระเวนชายแดน","กองบังคับการตำรวจตระเวนชายแดนภาค 4","กองกำกับการตำรวจตระเวนชายแดนที่ 44","SCH_G3_0216","1990-06-13","13/06/2533","0","0","0","0","0","0","0","0","0","0","0","0","0","0","0","0","0","0","0","0","0","0","0","0","0","0","0","0","0","0","0","0","0","0","0","0","0","0","0","0","0","0","0","0","0","0","0","0","0","0","0","0","0","0","0","0","0","0","0","0","0","0","0","0","0","0","0","0","0","0","0","0","0","0","0","0","A","ผ่าน"
"349","สำนักงานตำรวจแห่งชาติ","กองบัญชาการตำรวจตระเวนชายแดน","กองบังคับการตำรวจตระเวนชายแดนภาค 1","กองกำกับการตำรวจตระเวนชายแดนที่ 11","SCH_G3_0003","1987-03-03","03/03/2530","0","0","0","0","0","1","0","0","0","0","0","0","0","0","0","0","0","0","0","0","0","0","0","0","0","0","0","0","0","0","0","0","0","0","0","0","0","0","0","0","0","0","0","0","0","0","0","0","0","0","0","0","0","0","0","0","0","0","0","0","0","0","0","0","0","0","0","0","0","0","1","0","0","0","0","2","B","ผ่าน"
"350","สำนักงานตำรวจแห่งชาติ","กองบัญชาการตำรวจตระเวนชายแดน","กองบังคับการตำรวจตระเวนชายแดนภาค 1","กองกำกับการตำรวจตระเวนชายแดนที่ 11","SCH_G3_0006","2002-05-16","16/05/2545","0","0","0","0","0","0","0","0","0","0","0","0","0","0","0","0","0","0","0","0","0","0","0","0","0","0","0","0","0","0","0","0","0","0","0","0","0","0","0","0","0","0","0","0","0","0","0","0","0","0","0","0","0","0","0","0","0","0","0","0","0","0","0","0","0","0","0","0","0","0","0","0","0","0","0","0","A","ผ่าน"
"351","สำนักงานตำรวจแห่งชาติ","กองบัญชาการตำรวจตระเวนชายแดน","กองบังคับการตำรวจตระเวนชายแดนภาค 1","กองกำกับการตำรวจตระเวนชายแดนที่ 11","SCH_G3_0007","1993-11-01","01/11/2536","0","0","0","0","0","0","0","0","0","0","0","0","0","0","0","0","0","0","0","0","0","0","0","0","0","0","0","0","0","0","0","0","0","0","0","0","0","0","0","0","0","0","0","0","0","0","0","0","0","0","0","0","0","0","0","0","0","0","0","0","0","0","0","0","0","0","0","0","0","0","0","0","0","0","0","0","A","ผ่าน"
"352","สำนักงานตำรวจแห่งชาติ","กองบัญชาการตำรวจตระเวนชายแดน","กองบังคับการตำรวจตระเวนชายแดนภาค 1","กองกำกับการตำรวจตระเวนชายแดนที่ 11","SCH_G3_0008","1999-05-16","16/05/2542","0","0","0","0","0","0","0","0","0","0","0","0","0","0","0","0","0","0","0","0","0","0","0","0","0","0","0","0","0","0","0","0","0","0","0","0","0","0","0","0","0","0","0","0","0","0","0","0","0","0","0","0","0","0","0","0","0","0","0","0","0","0","0","0","0","0","0","0","0","0","0","0","0","0","0","0","A","ผ่าน"
"353","สำนักงานตำรวจแห่งชาติ","กองบัญชาการตำรวจตระเวนชายแดน","กองบังคับการตำรวจตระเวนชายแดนภาค 1","กองกำกับการตำรวจตระเวนชายแดนที่ 12","SCH_G3_0009","2021-07-12","12/07/2564","0","0","0","0","0","0","0","0","0","0","0","0","0","0","0","0","0","0","0","0","0","0","0","0","0","0","0","0","0","0","0","0","0","0","0","0","0","0","0","0","0","0","0","0","0","0","0","0","0","0","0","0","0","1","1","1","1","1","1","1","1","1","1","1","1","1","1","1","1","1","1","1","1","1","1","22","D","ไม่ผ่าน"
"354","สำนักงานตำรวจแห่งชาติ","กองบัญชาการตำรวจตระเวนชายแดน","กองบังคับการตำรวจตระเวนชายแดนภาค 1","กองกำกับการตำรวจตระเวนชายแดนที่ 12","SCH_G3_0010","2017-05-16","16/05/2560","0","0","0","0","0","1","0","0","0","0","0","0","0","0","0","0","0","0","0","0","0","0","0","0","0","0","0","0","0","0","0","0","0","0","0","0","0","0","0","0","0","0","0","0","0","0","0","0","0","0","0","0","0","0","0","0","0","0","0","0","0","0","0","0","0","0","0","0","0","0","0","0","0","0","0","1","B","ผ่าน"
"355","สำนักงานตำรวจแห่งชาติ","กองบัญชาการตำรวจตระเวนชายแดน","กองบังคับการตำรวจตระเวนชายแดนภาค 1","กองกำกับการตำรวจตระเวนชายแดนที่ 12","SCH_G3_0011","2017-05-16","16/05/2560","0","0","0","0","0","0","0","0","0","0","0","0","0","0","0","0","0","0","0","0","0","0","0","0","0","0","0","0","0","0","0","0","0","0","0","0","0","0","0","0","0","0","0","0","0","0","0","0","0","0","0","0","0","0","0","0","0","0","0","0","0","0","0","0","0","0","0","0","0","0","0","0","0","0","0","0","A","ผ่าน"
"356","สำนักงานตำรวจแห่งชาติ","กองบัญชาการตำรวจตระเวนชายแดน","กองบังคับการตำรวจตระเวนชายแดนภาค 1","กองกำกับการตำรวจตระเวนชายแดนที่ 12","SCH_G3_0012","","","0","0","0","0","0","0","0","0","0","0","0","0","0","0","0","0","0","0","0","0","0","0","0","0","0","0","0","0","0","0","0","0","0","0","0","0","0","0","0","0","0","0","0","0","0","0","0","0","0","0","0","0","0","0","0","0","0","0","0","0","0","0","0","0","0","0","0","0","0","0","0","0","0","0","0","0","A","ผ่าน"
"357","สำนักงานตำรวจแห่งชาติ","กองบัญชาการตำรวจตระเวนชายแดน","กองบังคับการตำรวจตระเวนชายแดนภาค 1","กองกำกับการตำรวจตระเวนชายแดนที่ 12","SCH_G3_0013","1970-10-27","27/10/2513","0","0","0","0","0","0","0","0","0","0","0","0","0","0","0","0","0","0","0","0","0","0","0","0","0","0","0","0","0","0","0","0","0","0","0","0","0","0","0","0","0","0","0","0","0","0","0","0","0","0","0","0","0","0","0","0","0","0","0","0","0","0","0","0","0","0","0","0","0","0","0","0","0","0","0","0","A","ผ่าน"
"358","สำนักงานตำรวจแห่งชาติ","กองบัญชาการตำรวจตระเวนชายแดน","กองบังคับการตำรวจตระเวนชายแดนภาค 1","กองกำกับการตำรวจตระเวนชายแดนที่ 12","SCH_G3_0014","2025-06-03","03/06/2568","0","0","0","0","0","0","0","0","0","0","0","0","0","0","0","0","0","0","0","0","0","0","0","0","0","0","0","0","0","0","0","0","0","0","0","0","0","0","0","0","0","0","0","0","0","0","0","0","0","0","0","0","0","0","0","0","0","0","0","0","0","0","0","0","0","0","0","0","0","0","0","0","0","0","0","0","A","ผ่าน"
"359","สำนักงานตำรวจแห่งชาติ","กองบัญชาการตำรวจตระเวนชายแดน","กองบังคับการตำรวจตระเวนชายแดนภาค 1","กองกำกับการตำรวจตระเวนชายแดนที่ 12","SCH_G3_0015","1982-02-09","09/02/2525","0","0","0","0","0","0","0","0","0","0","0","0","0","0","0","0","0","0","0","0","0","0","0","0","0","0","0","0","0","0","0","0","0","0","0","0","0","0","0","0","0","0","0","0","0","0","0","0","0","0","0","0","0","0","0","0","0","0","0","0","0","0","0","0","0","0","0","0","0","0","0","0","0","0","0","0","A","ผ่าน"
"360","สำนักงานตำรวจแห่งชาติ","กองบัญชาการตำรวจตระเวนชายแดน","กองบังคับการตำรวจตระเวนชายแดนภาค 1","กองกำกับการตำรวจตระเวนชายแดนที่ 12","SCH_G3_0016","1977-06-20","20/06/2520","0","0","0","0","0","0","0","0","0","0","0","0","0","0","0","0","0","0","0","0","0","0","0","0","0","0","0","0","0","0","0","0","0","0","0","0","0","0","0","0","0","0","0","0","0","0","0","0","0","0","0","0","0","0","0","0","0","0","0","0","0","0","0","0","0","0","0","0","0","0","0","0","0","0","0","0","A","ผ่าน"
"361","สำนักงานตำรวจแห่งชาติ","กองบัญชาการตำรวจตระเวนชายแดน","กองบังคับการตำรวจตระเวนชายแดนภาค 1","กองกำกับการตำรวจตระเวนชายแดนที่ 12","SCH_G3_0017","","","0","0","0","0","0","0","0","0","0","0","0","0","0","0","0","0","0","0","0","0","0","0","0","0","0","0","0","0","0","0","0","0","0","0","0","0","0","0","0","0","0","0","0","0","0","0","0","0","0","0","0","0","0","0","0","0","0","0","0","0","0","0","0","0","0","0","0","0","0","0","0","0","0","0","0","0","A","ผ่าน"
"362","สำนักงานตำรวจแห่งชาติ","กองบัญชาการตำรวจตระเวนชายแดน","กองบังคับการตำรวจตระเวนชายแดนภาค 1","กองกำกับการตำรวจตระเวนชายแดนที่ 12","SCH_G3_0018","1995-06-01","01/06/2538","0","0","0","0","0","0","0","0","0","0","0","0","0","0","0","0","0","0","0","0","0","0","0","0","0","0","0","0","0","0","0","0","0","0","0","0","0","0","0","0","0","0","0","0","0","0","0","0","0","0","0","0","0","0","0","0","0","0","0","0","0","0","0","0","0","0","0","0","0","0","0","0","0","0","0","0","A","ผ่าน"
"363","สำนักงานตำรวจแห่งชาติ","กองบัญชาการตำรวจตระเวนชายแดน","กองบังคับการตำรวจตระเวนชายแดนภาค 2","กองกำกับการตำรวจตระเวนชายแดนที่ 21","SCH_G3_0020","","","0","0","0","0","0","0","0","0","0","0","0","1","0","0","0","0","0","0","0","0","0","0","0","0","0","0","0","0","0","0","0","0","0","0","0","0","0","0","0","0","0","0","0","0","0","0","0","0","0","0","0","0","0","0","0","0","0","0","0","0","0","0","0","0","0","0","0","0","0","0","0","0","0","0","0","1","B","ผ่าน"
"364","สำนักงานตำรวจแห่งชาติ","กองบัญชาการตำรวจตระเวนชายแดน","กองบังคับการตำรวจตระเวนชายแดนภาค 2","กองกำกับการตำรวจตระเวนชายแดนที่ 21","SCH_G3_0022","","","0","0","0","0","0","0","0","0","0","0","0","0","0","0","0","0","0","0","0","0","0","0","0","0","0","0","0","0","0","0","0","0","0","0","0","0","0","0","0","0","0","0","0","0","0","0","0","0","0","0","0","0","0","0","0","0","0","0","0","0","0","0","0","0","0","0","0","0","0","0","0","0","0","0","0","0","A","ผ่าน"
"365","สำนักงานตำรวจแห่งชาติ","กองบัญชาการตำรวจตระเวนชายแดน","กองบังคับการตำรวจตระเวนชายแดนภาค 2","กองกำกับการตำรวจตระเวนชายแดนที่ 21","SCH_G3_0023","1997-03-30","30/03/2540","0","0","0","0","0","0","0","0","0","0","0","0","0","0","0","0","0","0","0","0","0","0","0","0","0","0","0","0","0","0","0","0","0","0","0","0","0","0","0","0","0","0","0","0","0","0","0","0","0","0","0","0","0","0","0","0","0","0","0","0","0","0","0","0","0","0","0","0","0","0","0","0","0","0","0","0","A","ผ่าน"
"366","สำนักงานตำรวจแห่งชาติ","กองบัญชาการตำรวจตระเวนชายแดน","กองบังคับการตำรวจตระเวนชายแดนภาค 2","กองกำกับการตำรวจตระเวนชายแดนที่ 21","SCH_G3_0024","2025-05-16","16/05/2568","0","0","0","0","0","0","0","0","0","0","0","0","0","0","0","0","0","0","0","0","0","0","0","0","0","0","0","0","0","0","0","0","0","0","0","0","0","0","0","0","0","0","0","0","0","0","0","0","0","0","0","0","0","0","0","0","0","1","0","0","0","0","0","0","0","0","0","0","0","0","0","0","0","0","0","1","B","ผ่าน"
"367","สำนักงานตำรวจแห่งชาติ","กองบัญชาการตำรวจตระเวนชายแดน","กองบังคับการตำรวจตระเวนชายแดนภาค 2","กองกำกับการตำรวจตระเวนชายแดนที่ 21","SCH_G3_0026","2023-04-29","29/04/2566","0","0","0","0","0","0","0","0","0","0","0","0","0","0","0","0","0","0","0","0","0","0","0","0","0","0","0","0","0","0","0","0","0","0","0","0","0","0","0","0","0","0","0","0","0","0","0","0","0","0","0","0","0","0","0","0","0","0","0","0","0","0","0","0","0","0","0","0","0","0","0","0","0","0","0","0","A","ผ่าน"
"368","สำนักงานตำรวจแห่งชาติ","กองบัญชาการตำรวจตระเวนชายแดน","กองบังคับการตำรวจตระเวนชายแดนภาค 2","กองกำกับการตำรวจตระเวนชายแดนที่ 22","SCH_G3_0029","1982-03-25","25/03/2525","0","0","0","0","0","0","0","0","0","0","0","0","0","0","0","0","0","0","0","0","0","0","0","0","0","0","0","0","0","0","0","0","0","0","0","0","0","0","0","0","0","0","0","0","0","0","0","0","0","0","0","0","0","0","0","0","0","0","0","0","0","0","0","0","0","0","0","0","0","0","0","0","0","0","0","0","A","ผ่าน"
"369","สำนักงานตำรวจแห่งชาติ","กองบัญชาการตำรวจตระเวนชายแดน","กองบังคับการตำรวจตระเวนชายแดนภาค 2","กองกำกับการตำรวจตระเวนชายแดนที่ 24","SCH_G3_0043","2021-07-22","22/07/2564","0","0","0","0","0","0","0","0","0","0","0","0","0","0","0","0","0","0","0","0","0","0","0","0","0","0","0","0","0","0","0","0","0","0","0","0","0","0","0","0","0","0","0","0","0","0","0","0","0","0","0","0","0","0","0","0","0","0","0","0","0","0","0","0","0","0","0","0","0","0","0","0","0","0","0","0","A","ผ่าน"
"370","สำนักงานตำรวจแห่งชาติ","กองบัญชาการตำรวจตระเวนชายแดน","กองบังคับการตำรวจตระเวนชายแดนภาค 2","กองกำกับการตำรวจตระเวนชายแดนที่ 24","SCH_G3_0046","2005-11-07","07/11/2548","0","0","0","0","0","1","0","0","0","0","0","0","0","0","0","0","0","0","0","0","0","0","0","0","0","0","0","0","0","0","0","0","0","0","0","0","0","0","0","0","0","0","0","0","0","0","0","0","0","0","0","0","0","1","0","1","1","0","0","0","0","1","1","1","1","1","1","1","1","1","1","1","1","1","1","18","D","ไม่ผ่าน"
"371","สำนักงานตำรวจแห่งชาติ","กองบัญชาการตำรวจตระเวนชายแดน","กองบังคับการตำรวจตระเวนชายแดนภาค 2","กองกำกับการตำรวจตระเวนชายแดนที่ 24","SCH_G3_0049","2021-07-22","22/07/2564","0","0","0","0","0","0","0","0","0","0","0","0","0","0","0","0","0","0","0","0","0","0","0","0","0","0","0","0","0","0","0","0","0","0","0","0","0","0","0","0","0","0","0","0","0","0","0","0","0","0","0","0","0","0","0","0","0","0","0","0","0","0","0","0","0","0","0","0","0","0","0","0","0","0","0","0","A","ผ่าน"
"372","สำนักงานตำรวจแห่งชาติ","กองบัญชาการตำรวจตระเวนชายแดน","กองบังคับการตำรวจตระเวนชายแดนภาค 2","กองกำกับการตำรวจตระเวนชายแดนที่ 24","SCH_G3_0050","1989-08-24","24/08/2532","0","0","0","0","0","1","0","0","0","0","0","0","0","0","0","0","0","0","0","0","0","0","0","0","0","0","0","0","0","0","0","0","0","0","0","0","0","0","0","0","0","0","0","0","0","0","0","0","0","0","0","0","0","0","0","0","0","0","0","0","0","0","0","0","0","0","0","0","0","0","0","0","0","0","0","1","B","ผ่าน"
"373","สำนักงานตำรวจแห่งชาติ","กองบัญชาการตำรวจตระเวนชายแดน","กองบังคับการตำรวจตระเวนชายแดนภาค 2","กองกำกับการตำรวจตระเวนชายแดนที่ 24","SCH_G3_0051","1977-09-20","20/09/2520","0","0","0","0","0","0","0","0","0","0","0","0","0","0","0","0","0","0","0","0","0","0","0","0","0","0","0","0","0","0","0","0","0","0","0","0","0","0","0","0","0","0","0","0","0","0","0","0","0","0","0","0","0","0","0","0","0","0","0","0","0","0","0","0","0","0","0","0","0","0","0","0","0","0","0","0","A","ผ่าน"
"374","สำนักงานตำรวจแห่งชาติ","กองบัญชาการตำรวจตระเวนชายแดน","กองบังคับการตำรวจตระเวนชายแดนภาค 2","กองกำกับการตำรวจตระเวนชายแดนที่ 24","SCH_G3_0052","1980-12-23","23/12/2523","0","0","0","0","0","0","0","0","0","0","0","0","0","0","0","0","0","0","0","0","0","0","0","0","0","0","0","0","0","0","0","0","0","0","0","0","0","0","0","0","0","0","0","0","0","0","0","0","0","0","0","0","0","0","0","0","0","0","0","0","0","0","0","0","0","0","0","0","0","0","0","0","0","0","0","0","A","ผ่าน"
"375","สำนักงานตำรวจแห่งชาติ","กองบัญชาการตำรวจตระเวนชายแดน","กองบังคับการตำรวจตระเวนชายแดนภาค 2","กองกำกับการตำรวจตระเวนชายแดนที่ 24","SCH_G3_0053","1986-05-05","05/05/2529","0","0","0","0","0","0","0","0","0","0","0","0","0","0","0","0","0","0","0","0","0","0","0","0","0","0","0","0","0","0","0","0","0","0","0","0","0","0","0","0","0","0","0","0","0","0","0","0","0","0","0","0","0","0","0","0","0","0","0","0","0","0","0","0","0","0","0","0","0","0","0","0","0","0","0","0","A","ผ่าน"
"376","สำนักงานตำรวจแห่งชาติ","กองบัญชาการตำรวจตระเวนชายแดน","กองบังคับการตำรวจตระเวนชายแดนภาค 2","กองกำกับการตำรวจตระเวนชายแดนที่ 23","SCH_G3_0058","2021-06-14","14/06/2564","0","0","0","0","0","0","0","0","0","0","0","0","0","0","0","0","0","0","0","0","0","0","0","0","0","0","0","0","0","0","0","0","0","0","0","0","0","0","0","0","0","0","0","0","0","0","0","0","0","0","0","0","0","0","0","0","0","0","0","0","0","0","0","0","0","0","0","0","0","0","0","0","0","0","0","0","A","ผ่าน"
"377","สำนักงานตำรวจแห่งชาติ","กองบัญชาการตำรวจตระเวนชายแดน","กองบังคับการตำรวจตระเวนชายแดนภาค 2","กองกำกับการตำรวจตระเวนชายแดนที่ 23","SCH_G3_0059","1977-10-01","01/10/2520","0","0","0","0","0","0","0","0","0","0","0","0","0","0","0","0","0","0","0","0","0","0","0","0","0","0","0","0","0","0","0","0","0","0","0","0","0","0","0","0","0","0","0","0","0","0","0","0","0","0","0","0","0","0","0","0","0","0","0","0","0","0","0","0","0","0","0","0","0","0","0","0","0","0","0","0","A","ผ่าน"
"378","สำนักงานตำรวจแห่งชาติ","กองบัญชาการตำรวจตระเวนชายแดน","กองบังคับการตำรวจตระเวนชายแดนภาค 2","กองกำกับการตำรวจตระเวนชายแดนที่ 23","SCH_G3_0060","2014-01-07","07/01/2557","0","0","0","0","0","0","0","0","0","0","0","0","0","0","0","0","0","0","0","0","0","0","0","0","0","0","0","0","0","0","0","0","0","0","0","0","0","0","0","0","0","0","0","0","0","0","0","0","0","0","0","0","0","0","0","0","0","0","0","0","0","0","0","0","0","0","0","0","0","0","0","0","0","0","0","0","A","ผ่าน"
"379","สำนักงานตำรวจแห่งชาติ","กองบัญชาการตำรวจตระเวนชายแดน","กองบังคับการตำรวจตระเวนชายแดนภาค 2","กองกำกับการตำรวจตระเวนชายแดนที่ 23","SCH_G3_0061","2014-05-16","16/05/2557","0","0","0","0","0","0","0","0","0","0","0","0","0","0","0","0","0","0","0","0","0","0","0","0","0","0","0","0","0","0","0","0","0","0","0","0","0","0","0","0","0","0","0","0","0","0","0","0","0","0","0","0","0","0","0","0","0","0","0","0","0","0","0","0","0","0","0","0","0","0","0","0","0","0","0","0","A","ผ่าน"
"380","สำนักงานตำรวจแห่งชาติ","กองบัญชาการตำรวจตระเวนชายแดน","กองบังคับการตำรวจตระเวนชายแดนภาค 2","กองกำกับการตำรวจตระเวนชายแดนที่ 23","SCH_G3_0063","1976-06-01","01/06/2519","0","0","0","0","0","0","0","0","0","0","0","0","0","0","0","0","0","0","0","0","0","0","0","0","0","0","0","0","0","0","0","0","0","0","0","0","0","0","0","0","0","0","0","0","0","0","0","0","0","0","0","0","0","0","0","0","0","0","0","0","0","0","0","0","0","0","0","0","0","0","0","0","0","0","0","0","A","ผ่าน"
"381","สำนักงานตำรวจแห่งชาติ","กองบัญชาการตำรวจตระเวนชายแดน","กองบังคับการตำรวจตระเวนชายแดนภาค 2","กองกำกับการตำรวจตระเวนชายแดนที่ 23","SCH_G3_0064","1985-05-10","10/05/2528","0","0","0","0","0","0","0","0","0","0","0","0","0","0","0","0","0","0","0","0","0","0","0","0","0","0","0","0","0","0","0","0","0","0","0","0","0","0","0","0","0","0","0","0","0","0","0","0","0","0","0","0","0","0","0","0","0","0","0","0","0","0","0","0","0","0","0","0","0","0","0","0","0","0","0","0","A","ผ่าน"
"382","สำนักงานตำรวจแห่งชาติ","กองบัญชาการตำรวจตระเวนชายแดน","กองบังคับการตำรวจตระเวนชายแดนภาค 2","กองกำกับการตำรวจตระเวนชายแดนที่ 23","SCH_G3_0066","2015-05-12","12/05/2558","0","0","0","0","0","0","0","0","0","0","0","0","0","0","0","0","0","0","0","0","0","0","0","0","0","0","0","0","0","0","0","0","0","0","0","0","0","0","0","0","0","0","0","0","0","0","0","0","0","0","0","0","0","0","0","0","0","0","0","0","0","0","0","0","0","0","0","0","0","0","0","0","0","0","0","0","A","ผ่าน"
"383","สำนักงานตำรวจแห่งชาติ","กองบัญชาการตำรวจตระเวนชายแดน","กองบังคับการตำรวจตระเวนชายแดนภาค 3","กองกำกับการตำรวจตระเวนชายแดนที่ 33","SCH_G3_0067","2021-05-17","17/05/2564","0","0","0","0","0","1","0","0","0","0","0","0","0","0","0","0","0","0","0","0","0","0","0","0","0","0","0","0","0","0","0","0","0","0","0","0","0","0","0","0","0","0","0","0","0","0","0","0","0","0","0","0","0","0","0","0","0","0","0","0","0","0","0","0","0","0","0","0","0","0","0","0","0","0","0","1","B","ผ่าน"
"384","สำนักงานตำรวจแห่งชาติ","กองบัญชาการตำรวจตระเวนชายแดน","กองบังคับการตำรวจตระเวนชายแดนภาค 3","กองกำกับการตำรวจตระเวนชายแดนที่ 33","SCH_G3_0069","2025-03-20","20/03/2568","0","0","0","0","0","0","0","0","0","0","0","0","0","0","0","0","0","0","0","0","0","0","0","0","0","0","0","0","0","0","0","0","0","0","0","0","0","0","0","0","0","0","0","0","0","0","0","0","0","0","0","0","0","0","0","0","0","0","0","0","0","0","0","0","0","0","0","0","0","0","0","0","0","0","0","0","A","ผ่าน"
"385","สำนักงานตำรวจแห่งชาติ","กองบัญชาการตำรวจตระเวนชายแดน","กองบังคับการตำรวจตระเวนชายแดนภาค 3","กองกำกับการตำรวจตระเวนชายแดนที่ 33","SCH_G3_0070","2017-05-16","16/05/2560","0","0","0","0","0","1","0","0","0","0","0","0","0","0","0","0","0","0","0","0","0","0","0","0","0","0","0","0","0","0","0","0","0","0","0","0","0","0","0","0","0","0","0","0","0","0","0","0","0","0","0","0","0","0","0","0","0","0","0","0","0","0","0","0","0","0","0","0","0","0","0","0","0","0","0","1","B","ผ่าน"
"386","สำนักงานตำรวจแห่งชาติ","กองบัญชาการตำรวจตระเวนชายแดน","กองบังคับการตำรวจตระเวนชายแดนภาค 3","กองกำกับการตำรวจตระเวนชายแดนที่ 33","SCH_G3_0071","2018-05-16","16/05/2561","0","0","0","0","1","1","0","0","0","0","0","0","0","0","0","0","0","0","0","0","0","0","0","0","0","0","0","0","0","0","0","0","0","0","0","0","0","0","0","0","0","0","0","0","0","0","0","0","0","0","0","0","0","0","0","0","0","0","0","0","0","0","0","0","0","0","0","0","0","0","0","0","0","0","0","2","B","ผ่าน"
"387","สำนักงานตำรวจแห่งชาติ","กองบัญชาการตำรวจตระเวนชายแดน","กองบังคับการตำรวจตระเวนชายแดนภาค 3","กองกำกับการตำรวจตระเวนชายแดนที่ 33","SCH_G3_0072","2021-07-09","09/07/2564","0","0","0","0","0","0","0","0","0","0","0","0","0","0","0","0","0","0","0","0","0","0","0","0","0","0","0","0","0","0","0","0","0","0","0","0","0","0","0","0","0","0","0","0","0","0","0","0","0","0","0","0","0","0","0","0","0","0","0","0","0","0","0","0","0","0","0","0","0","0","0","0","0","0","0","0","A","ผ่าน"
"388","สำนักงานตำรวจแห่งชาติ","กองบัญชาการตำรวจตระเวนชายแดน","กองบังคับการตำรวจตระเวนชายแดนภาค 3","กองกำกับการตำรวจตระเวนชายแดนที่ 33","SCH_G3_0073","1998-07-25","25/07/2541","0","0","0","0","0","0","0","0","0","0","0","0","0","0","0","0","0","0","0","0","0","0","0","0","0","0","0","0","0","0","0","0","0","0","0","0","0","0","0","0","0","0","0","0","0","0","0","0","0","0","0","0","0","0","0","0","0","0","0","0","0","0","0","0","0","0","0","0","0","0","0","0","0","0","0","0","A","ผ่าน"
"389","สำนักงานตำรวจแห่งชาติ","กองบัญชาการตำรวจตระเวนชายแดน","กองบังคับการตำรวจตระเวนชายแดนภาค 3","กองกำกับการตำรวจตระเวนชายแดนที่ 33","SCH_G3_0074","1992-06-27","27/06/2535","0","0","0","0","0","0","0","0","0","0","0","0","0","0","0","0","0","0","0","0","0","0","0","0","0","0","0","0","0","0","0","0","0","0","0","0","0","0","0","0","0","0","0","0","0","0","0","0","0","0","0","0","0","0","0","1","0","0","0","0","0","0","0","0","0","0","0","0","0","0","0","0","0","0","0","1","B","ผ่าน"
"390","สำนักงานตำรวจแห่งชาติ","กองบัญชาการตำรวจตระเวนชายแดน","กองบังคับการตำรวจตระเวนชายแดนภาค 3","กองกำกับการตำรวจตระเวนชายแดนที่ 33","SCH_G3_0075","1967-01-10","10/01/2510","0","0","0","0","0","1","0","0","0","0","0","0","0","0","0","0","0","0","0","0","1","0","0","0","0","0","0","0","0","0","0","0","0","0","0","0","0","0","0","0","0","0","0","0","0","0","0","0","0","0","0","0","0","0","0","0","0","0","0","0","0","0","0","0","0","0","0","0","0","0","0","0","0","0","0","2","B","ผ่าน"
"391","สำนักงานตำรวจแห่งชาติ","กองบัญชาการตำรวจตระเวนชายแดน","กองบังคับการตำรวจตระเวนชายแดนภาค 3","กองกำกับการตำรวจตระเวนชายแดนที่ 33","SCH_G3_0076","1962-01-11","11/01/2505","0","1","0","0","0","0","0","0","0","0","1","1","0","0","1","0","0","1","0","0","0","0","0","0","0","0","0","0","0","0","0","0","0","0","0","0","0","0","0","0","0","0","0","0","0","0","0","0","0","0","0","0","0","0","0","0","0","0","0","0","0","0","0","1","1","0","0","0","0","0","0","0","0","0","0","7","B","ผ่าน"
"392","สำนักงานตำรวจแห่งชาติ","กองบัญชาการตำรวจตระเวนชายแดน","กองบังคับการตำรวจตระเวนชายแดนภาค 3","กองกำกับการตำรวจตระเวนชายแดนที่ 33","SCH_G3_0077","1971-06-14","14/06/2514","0","0","0","0","1","0","1","0","0","0","0","0","0","0","0","0","0","0","0","0","0","0","0","0","0","0","0","0","0","0","0","0","0","0","0","0","0","0","0","0","0","0","0","0","0","0","0","0","0","0","0","0","0","0","0","0","0","0","0","0","0","0","0","0","0","0","0","0","0","0","0","0","0","0","0","2","B","ผ่าน"
"393","สำนักงานตำรวจแห่งชาติ","กองบัญชาการตำรวจตระเวนชายแดน","กองบังคับการตำรวจตระเวนชายแดนภาค 3","กองกำกับการตำรวจตระเวนชายแดนที่ 33","SCH_G3_0078","1965-12-01","01/12/2508","0","0","0","0","0","1","0","0","0","0","0","0","0","0","0","0","0","0","0","0","0","0","0","0","0","0","0","0","0","0","0","0","0","0","0","0","0","0","0","0","0","0","0","0","0","0","0","0","0","0","0","0","0","0","0","0","0","0","0","0","0","0","0","0","0","0","0","0","0","0","0","0","0","0","0","1","B","ผ่าน"
"394","สำนักงานตำรวจแห่งชาติ","กองบัญชาการตำรวจตระเวนชายแดน","กองบังคับการตำรวจตระเวนชายแดนภาค 3","กองกำกับการตำรวจตระเวนชายแดนที่ 33","SCH_G3_0079","2012-04-20","20/04/2555","0","0","0","0","0","0","0","0","0","0","0","0","0","0","0","0","0","0","0","0","0","0","0","0","0","0","0","0","0","0","0","0","0","0","0","0","0","0","0","0","0","0","0","0","0","0","0","0","0","0","0","0","0","0","0","0","0","0","0","0","0","0","0","0","0","0","0","0","0","0","0","0","0","0","0","0","A","ผ่าน"
"395","สำนักงานตำรวจแห่งชาติ","กองบัญชาการตำรวจตระเวนชายแดน","กองบังคับการตำรวจตระเวนชายแดนภาค 3","กองกำกับการตำรวจตระเวนชายแดนที่ 33","SCH_G3_0081","2015-05-18","18/05/2558","0","0","0","0","0","0","0","0","0","0","0","0","0","0","0","0","0","0","0","0","0","0","0","0","0","0","0","0","0","0","0","0","0","0","0","0","0","0","0","0","0","0","0","0","0","0","0","0","0","0","0","0","0","0","0","0","0","0","0","0","0","0","0","0","0","0","0","0","0","0","0","0","0","0","0","0","A","ผ่าน"
"396","สำนักงานตำรวจแห่งชาติ","กองบัญชาการตำรวจตระเวนชายแดน","กองบังคับการตำรวจตระเวนชายแดนภาค 3","กองกำกับการตำรวจตระเวนชายแดนที่ 33","SCH_G3_0084","2019-05-16","16/05/2562","0","0","0","0","0","0","0","0","0","0","0","0","0","0","0","0","0","0","0","0","0","0","0","0","0","0","0","0","0","0","0","0","0","0","0","0","0","0","0","0","0","0","0","0","0","0","0","0","0","0","0","0","0","0","0","0","0","0","0","0","0","0","0","0","0","0","1","0","0","0","0","0","0","0","0","1","B","ผ่าน"
"397","สำนักงานตำรวจแห่งชาติ","กองบัญชาการตำรวจตระเวนชายแดน","กองบังคับการตำรวจตระเวนชายแดนภาค 3","กองกำกับการตำรวจตระเวนชายแดนที่ 31","SCH_G3_0085","1958-05-01","01/05/2501","0","0","0","0","0","1","0","0","0","0","0","0","0","0","0","0","0","0","0","0","0","0","0","0","0","0","0","0","0","0","0","0","0","0","0","0","0","0","0","0","0","0","0","0","0","0","0","0","0","0","0","0","0","0","0","0","0","0","0","0","0","0","0","0","0","0","0","0","0","0","0","0","0","0","0","1","B","ผ่าน"
"398","สำนักงานตำรวจแห่งชาติ","กองบัญชาการตำรวจตระเวนชายแดน","กองบังคับการตำรวจตระเวนชายแดนภาค 3","กองกำกับการตำรวจตระเวนชายแดนที่ 31","SCH_G3_0086","1986-08-01","01/08/2529","0","0","0","0","0","0","0","0","0","0","0","0","0","0","0","0","0","0","0","0","0","0","0","0","0","0","0","0","0","0","0","0","0","0","0","0","0","0","0","0","0","0","0","0","0","0","0","0","0","0","0","0","0","0","0","0","0","0","0","0","0","0","0","0","0","0","0","0","0","0","0","0","0","0","0","0","A","ผ่าน"
"399","สำนักงานตำรวจแห่งชาติ","กองบัญชาการตำรวจตระเวนชายแดน","กองบังคับการตำรวจตระเวนชายแดนภาค 3","กองกำกับการตำรวจตระเวนชายแดนที่ 32","SCH_G3_0087","2020-01-24","24/01/2563","0","0","0","0","0","0","0","0","0","0","0","0","0","0","1","0","0","0","0","0","0","0","0","0","0","0","0","0","0","0","0","0","0","0","0","0","0","0","0","0","0","0","0","0","0","0","0","0","0","0","0","0","0","0","0","0","0","0","0","0","0","0","0","0","0","0","0","0","0","0","0","0","0","0","0","1","B","ผ่าน"
"400","สำนักงานตำรวจแห่งชาติ","กองบัญชาการตำรวจตระเวนชายแดน","กองบังคับการตำรวจตระเวนชายแดนภาค 3","กองกำกับการตำรวจตระเวนชายแดนที่ 32","SCH_G3_0088","1995-01-26","26/01/2538","0","0","0","0","0","0","0","0","0","0","0","0","0","0","0","0","0","0","0","0","0","0","0","0","0","0","0","0","0","0","0","0","0","0","0","0","0","0","0","0","0","0","0","0","0","0","0","0","0","0","0","0","0","0","0","0","0","0","0","0","0","0","0","0","0","0","0","0","0","0","0","0","0","0","0","0","A","ผ่าน"
"401","สำนักงานตำรวจแห่งชาติ","กองบัญชาการตำรวจตระเวนชายแดน","กองบังคับการตำรวจตระเวนชายแดนภาค 3","กองกำกับการตำรวจตระเวนชายแดนที่ 32","SCH_G3_0091","1985-01-12","12/01/2528","0","0","0","0","0","0","0","0","0","0","0","0","0","0","0","0","0","0","0","0","0","0","0","0","0","0","0","0","0","0","0","0","0","0","0","0","0","0","0","0","0","0","0","0","0","0","0","0","0","0","0","0","0","0","0","0","0","0","0","0","0","0","0","0","0","0","0","0","0","0","0","0","0","0","0","0","A","ผ่าน"
"402","สำนักงานตำรวจแห่งชาติ","กองบัญชาการตำรวจตระเวนชายแดน","กองบังคับการตำรวจตระเวนชายแดนภาค 3","กองกำกับการตำรวจตระเวนชายแดนที่ 32","SCH_G3_0092","2018-02-10","10/02/2561","0","0","0","0","0","1","0","0","0","0","0","0","0","0","0","0","0","0","0","0","0","0","0","0","0","0","0","0","0","0","0","0","0","0","0","0","0","0","0","0","0","0","0","0","0","0","0","0","0","0","0","0","0","0","0","0","0","0","0","0","0","0","0","0","0","0","0","0","0","0","0","0","0","0","0","1","B","ผ่าน"
"403","สำนักงานตำรวจแห่งชาติ","กองบัญชาการตำรวจตระเวนชายแดน","กองบังคับการตำรวจตระเวนชายแดนภาค 3","กองกำกับการตำรวจตระเวนชายแดนที่ 32","SCH_G3_0093","2021-06-14","14/06/2564","0","0","0","0","0","0","0","0","0","0","0","0","0","0","0","0","0","0","0","0","0","0","0","0","0","0","0","0","0","0","0","0","0","0","0","0","0","0","0","0","0","0","0","0","0","0","0","0","0","0","0","0","0","0","0","0","0","0","0","0","0","0","0","0","0","0","0","0","0","0","0","0","0","0","0","0","A","ผ่าน"
"404","สำนักงานตำรวจแห่งชาติ","กองบัญชาการตำรวจตระเวนชายแดน","กองบังคับการตำรวจตระเวนชายแดนภาค 3","กองกำกับการตำรวจตระเวนชายแดนที่ 32","SCH_G3_0094","2025-02-17","17/02/2568","0","0","0","0","0","0","0","0","0","0","0","0","0","0","0","0","0","0","0","0","0","0","0","0","0","0","0","0","0","0","0","0","0","0","0","0","0","0","0","0","0","0","0","0","0","0","0","0","0","0","0","0","0","0","0","0","0","0","0","0","0","0","0","0","0","0","0","0","0","0","0","0","0","0","0","0","A","ผ่าน"
"405","สำนักงานตำรวจแห่งชาติ","กองบัญชาการตำรวจตระเวนชายแดน","กองบังคับการตำรวจตระเวนชายแดนภาค 3","กองกำกับการตำรวจตระเวนชายแดนที่ 32","SCH_G3_0095","1965-05-08","08/05/2508","0","0","0","0","0","1","0","0","0","0","0","0","0","0","0","0","0","0","0","0","0","0","0","1","0","0","0","0","0","0","0","0","0","0","0","0","0","0","0","0","0","0","0","0","0","1","0","0","0","0","0","0","0","0","0","0","0","0","0","0","0","0","0","0","0","0","0","0","0","0","0","0","0","0","0","3","B","ผ่าน"
"406","สำนักงานตำรวจแห่งชาติ","กองบัญชาการตำรวจตระเวนชายแดน","กองบังคับการตำรวจตระเวนชายแดนภาค 3","กองกำกับการตำรวจตระเวนชายแดนที่ 32","SCH_G3_0096","1960-10-01","01/10/2503","0","0","0","0","0","0","0","0","0","0","0","0","0","0","0","0","0","0","0","0","0","0","0","0","0","0","0","0","0","0","0","0","0","0","0","0","0","0","0","0","0","0","0","0","0","0","0","0","0","0","0","0","0","0","0","0","0","0","0","0","0","0","0","1","0","1","0","0","1","1","1","0","0","0","0","5","B","ผ่าน"
"407","สำนักงานตำรวจแห่งชาติ","กองบัญชาการตำรวจตระเวนชายแดน","กองบังคับการตำรวจตระเวนชายแดนภาค 3","กองกำกับการตำรวจตระเวนชายแดนที่ 32","SCH_G3_0098","1974-01-09","09/01/2517","0","0","0","0","0","1","0","0","0","0","0","0","0","0","0","0","0","0","0","0","0","0","0","0","0","0","0","0","0","0","0","0","0","0","0","0","0","0","0","0","0","0","0","0","0","0","0","0","0","0","0","0","0","0","0","0","0","0","0","0","0","0","0","0","0","0","0","0","0","0","0","0","0","0","0","1","B","ผ่าน"
"408","สำนักงานตำรวจแห่งชาติ","กองบัญชาการตำรวจตระเวนชายแดน","กองบังคับการตำรวจตระเวนชายแดนภาค 3","กองกำกับการตำรวจตระเวนชายแดนที่ 32","SCH_G3_0099","2014-05-16","16/05/2557","0","0","0","0","0","0","0","0","0","0","0","0","0","0","0","0","0","0","0","0","0","0","0","0","0","0","0","0","0","0","0","0","0","0","0","0","0","0","0","0","0","0","0","0","0","0","0","0","0","0","0","0","0","0","0","0","0","0","0","0","0","0","0","0","0","0","0","0","0","0","0","0","0","0","0","0","A","ผ่าน"
"409","สำนักงานตำรวจแห่งชาติ","กองบัญชาการตำรวจตระเวนชายแดน","กองบังคับการตำรวจตระเวนชายแดนภาค 3","กองกำกับการตำรวจตระเวนชายแดนที่ 32","SCH_G3_0100","2021-07-28","28/07/2564","0","0","0","0","0","1","0","0","0","0","0","0","0","0","0","0","0","0","0","0","0","0","0","0","0","0","0","0","0","0","0","0","0","0","0","0","0","0","0","0","0","0","0","0","0","0","0","0","0","0","0","0","0","0","0","0","0","0","0","0","0","0","0","0","0","0","0","0","0","0","0","0","0","0","0","1","B","ผ่าน"
"410","สำนักงานตำรวจแห่งชาติ","กองบัญชาการตำรวจตระเวนชายแดน","กองบังคับการตำรวจตระเวนชายแดนภาค 3","กองกำกับการตำรวจตระเวนชายแดนที่ 32","SCH_G3_0103","2023-05-17","17/05/2566","0","0","0","0","0","1","0","0","0","0","0","0","0","0","0","0","0","0","0","0","0","0","0","0","0","0","0","0","0","0","0","0","0","0","0","0","0","0","0","0","0","0","0","0","0","0","0","0","0","0","0","0","0","0","0","0","0","0","0","0","0","0","0","0","0","0","0","0","0","0","0","0","0","0","0","1","B","ผ่าน"
"411","สำนักงานตำรวจแห่งชาติ","กองบัญชาการตำรวจตระเวนชายแดน","กองบังคับการตำรวจตระเวนชายแดนภาค 3","กองกำกับการตำรวจตระเวนชายแดนที่ 33","SCH_G3_0104","2015-05-16","16/05/2558","0","0","0","0","0","0","0","0","0","0","0","0","0","0","0","0","0","0","0","0","0","0","0","0","0","0","0","0","0","0","0","0","0","0","0","0","0","0","0","0","0","0","0","0","0","0","0","0","0","0","0","0","0","1","0","0","0","0","0","0","0","0","0","0","0","0","0","0","0","0","1","0","0","0","0","2","B","ผ่าน"
"412","สำนักงานตำรวจแห่งชาติ","กองบัญชาการตำรวจตระเวนชายแดน","กองบังคับการตำรวจตระเวนชายแดนภาค 3","กองกำกับการตำรวจตระเวนชายแดนที่ 33","SCH_G3_0105","2016-11-24","24/11/2559","0","0","1","0","0","0","0","0","0","0","0","0","0","0","0","0","0","1","0","0","0","0","0","0","0","0","0","0","0","0","0","0","0","0","0","0","0","0","0","0","0","0","0","0","0","0","0","0","0","0","0","0","0","0","0","0","0","0","0","0","0","0","0","0","0","0","0","0","0","0","0","0","0","0","0","2","B","ผ่าน"
"413","สำนักงานตำรวจแห่งชาติ","กองบัญชาการตำรวจตระเวนชายแดน","กองบังคับการตำรวจตระเวนชายแดนภาค 3","กองกำกับการตำรวจตระเวนชายแดนที่ 33","SCH_G3_0108","2022-05-17","17/05/2565","0","0","0","0","0","0","0","0","0","0","0","0","0","0","0","0","0","0","0","0","0","0","0","0","0","0","0","0","0","0","0","0","0","0","0","0","0","0","0","0","0","0","0","0","0","0","0","0","0","0","0","0","0","0","0","0","0","0","0","0","0","0","0","0","0","0","0","0","0","0","0","0","0","0","0","0","A","ผ่าน"
"414","สำนักงานตำรวจแห่งชาติ","กองบัญชาการตำรวจตระเวนชายแดน","กองบังคับการตำรวจตระเวนชายแดนภาค 3","กองกำกับการตำรวจตระเวนชายแดนที่ 33","SCH_G3_0109","2026-05-16","16/05/2569","0","0","0","0","0","0","0","0","0","0","0","0","0","0","0","0","0","0","0","0","0","0","0","0","0","0","0","0","0","0","0","0","0","0","0","0","0","0","0","0","0","0","0","0","0","0","0","0","0","0","0","0","0","0","0","0","0","0","0","0","0","0","0","0","0","0","0","0","0","0","0","0","0","0","0","0","A","ผ่าน"
"415","สำนักงานตำรวจแห่งชาติ","กองบัญชาการตำรวจตระเวนชายแดน","กองบังคับการตำรวจตระเวนชายแดนภาค 3","กองกำกับการตำรวจตระเวนชายแดนที่ 33","SCH_G3_0110","2021-07-30","30/07/2564","0","0","0","0","0","1","0","0","0","0","0","0","0","0","0","0","0","0","0","0","0","0","0","0","0","0","0","0","0","0","0","0","0","0","0","0","0","0","0","0","0","0","0","0","0","0","0","0","0","0","0","0","0","0","0","0","0","0","0","0","0","0","0","0","0","0","0","0","0","0","0","0","0","0","0","1","B","ผ่าน"
"416","สำนักงานตำรวจแห่งชาติ","กองบัญชาการตำรวจตระเวนชายแดน","กองบังคับการตำรวจตระเวนชายแดนภาค 3","กองกำกับการตำรวจตระเวนชายแดนที่ 33","SCH_G3_0111","1982-08-05","05/08/2525","0","0","0","0","0","0","0","0","0","0","0","0","0","0","0","0","0","0","0","0","0","0","0","0","0","0","0","0","0","0","0","0","0","0","0","0","0","0","0","0","0","0","0","0","0","0","0","0","0","0","0","0","0","0","0","0","0","0","0","0","0","0","0","0","0","0","0","0","0","0","0","0","0","0","0","0","A","ผ่าน"
"417","สำนักงานตำรวจแห่งชาติ","กองบัญชาการตำรวจตระเวนชายแดน","กองบังคับการตำรวจตระเวนชายแดนภาค 3","กองกำกับการตำรวจตระเวนชายแดนที่ 33","SCH_G3_0112","2021-07-30","30/07/2564","0","0","0","0","0","0","0","0","0","0","0","0","0","0","0","0","0","0","0","0","0","0","0","0","0","0","0","0","0","0","0","0","0","0","0","0","0","0","0","0","0","0","0","0","0","0","1","1","1","1","1","1","1","1","1","1","1","1","1","1","1","1","1","1","1","1","1","1","1","1","1","1","1","1","1","29","D","ไม่ผ่าน"
"418","สำนักงานตำรวจแห่งชาติ","กองบัญชาการตำรวจตระเวนชายแดน","กองบังคับการตำรวจตระเวนชายแดนภาค 3","กองกำกับการตำรวจตระเวนชายแดนที่ 33","SCH_G3_0113","","","0","0","0","0","0","0","0","0","0","1","1","1","0","0","1","0","0","0","0","0","0","0","0","0","0","1","0","0","0","0","0","0","0","0","1","0","0","0","1","0","0","0","0","1","1","1","0","0","0","0","0","0","0","0","0","0","0","0","0","0","0","0","0","0","0","0","0","0","0","0","1","1","1","1","1","15","C","ผ่าน"
"419","สำนักงานตำรวจแห่งชาติ","กองบัญชาการตำรวจตระเวนชายแดน","กองบังคับการตำรวจตระเวนชายแดนภาค 3","กองกำกับการตำรวจตระเวนชายแดนที่ 33","SCH_G3_0114","","","0","0","0","0","0","0","0","0","0","0","0","0","0","0","0","0","0","0","0","0","0","0","0","0","0","0","0","0","0","0","0","0","0","0","0","0","0","0","0","0","0","0","0","0","0","0","0","0","0","0","0","0","0","0","0","0","0","0","0","0","0","0","0","0","0","0","0","0","0","0","0","0","0","0","0","0","A","ผ่าน"
"420","สำนักงานตำรวจแห่งชาติ","กองบัญชาการตำรวจตระเวนชายแดน","กองบังคับการตำรวจตระเวนชายแดนภาค 3","กองกำกับการตำรวจตระเวนชายแดนที่ 33","SCH_G3_0115","1991-04-04","04/04/2534","0","0","0","0","0","1","0","0","0","0","0","0","0","0","0","0","0","0","0","0","0","0","0","0","0","0","0","0","0","0","0","0","0","0","0","0","0","0","0","0","0","0","0","0","0","0","0","0","0","0","0","0","0","0","0","0","0","0","0","0","0","0","0","0","0","0","0","0","0","0","0","0","0","0","0","1","B","ผ่าน"
"421","สำนักงานตำรวจแห่งชาติ","กองบัญชาการตำรวจตระเวนชายแดน","กองบังคับการตำรวจตระเวนชายแดนภาค 3","กองกำกับการตำรวจตระเวนชายแดนที่ 33","SCH_G3_0116","2014-05-16","16/05/2557","0","0","0","0","0","0","0","0","0","0","1","0","0","0","0","0","0","0","0","0","0","0","0","0","0","0","0","0","0","0","0","0","0","0","0","0","0","0","0","0","0","0","0","0","0","0","0","0","0","0","0","0","0","0","0","0","0","0","0","0","0","0","1","1","1","0","0","1","1","1","0","0","0","0","0","7","B","ผ่าน"
"422","สำนักงานตำรวจแห่งชาติ","กองบัญชาการตำรวจตระเวนชายแดน","กองบังคับการตำรวจตระเวนชายแดนภาค 3","กองกำกับการตำรวจตระเวนชายแดนที่ 33","SCH_G3_0117","2016-05-01","01/05/2559","0","0","0","0","0","0","0","0","0","0","0","0","0","0","0","0","0","0","0","0","0","0","0","0","0","0","0","0","0","0","0","0","0","0","0","0","0","0","0","0","0","0","0","0","0","0","0","0","0","0","0","0","0","1","1","1","1","1","1","1","1","1","1","1","1","1","1","1","1","1","1","1","1","1","1","22","D","ไม่ผ่าน"
"423","สำนักงานตำรวจแห่งชาติ","กองบัญชาการตำรวจตระเวนชายแดน","กองบังคับการตำรวจตระเวนชายแดนภาค 3","กองกำกับการตำรวจตระเวนชายแดนที่ 34","SCH_G3_0119","1981-06-09","09/06/2524","0","0","0","0","0","0","0","0","0","0","0","0","0","0","0","0","0","0","0","0","0","0","0","0","0","0","0","0","0","0","0","0","0","0","0","0","0","0","0","0","0","0","0","0","0","0","0","0","0","0","0","0","0","0","0","0","0","0","0","0","0","0","0","0","0","0","0","0","0","0","0","0","0","0","0","0","A","ผ่าน"
"424","สำนักงานตำรวจแห่งชาติ","กองบัญชาการตำรวจตระเวนชายแดน","กองบังคับการตำรวจตระเวนชายแดนภาค 3","กองกำกับการตำรวจตระเวนชายแดนที่ 34","SCH_G3_0120","2002-02-07","07/02/2545","0","0","0","0","0","0","0","0","0","0","0","0","0","0","0","0","0","0","0","0","0","0","0","0","0","0","0","0","0","0","0","0","0","0","0","0","0","0","0","0","0","0","0","0","0","0","0","0","0","0","0","0","0","0","0","0","0","0","0","0","0","0","0","0","0","0","0","0","0","0","0","0","0","0","0","0","A","ผ่าน"
"425","สำนักงานตำรวจแห่งชาติ","กองบัญชาการตำรวจตระเวนชายแดน","กองบังคับการตำรวจตระเวนชายแดนภาค 3","กองกำกับการตำรวจตระเวนชายแดนที่ 34","SCH_G3_0121","2002-05-16","16/05/2545","0","0","0","0","0","1","0","0","0","0","0","0","0","0","0","0","0","0","0","0","0","0","0","0","0","0","0","0","0","0","0","0","0","0","0","0","0","0","0","0","0","0","0","0","0","0","0","0","0","0","0","0","0","0","0","0","0","0","0","0","0","0","0","0","0","0","0","0","0","0","1","0","0","0","0","2","B","ผ่าน"
"426","สำนักงานตำรวจแห่งชาติ","กองบัญชาการตำรวจตระเวนชายแดน","กองบังคับการตำรวจตระเวนชายแดนภาค 3","กองกำกับการตำรวจตระเวนชายแดนที่ 34","SCH_G3_0122","2003-05-16","16/05/2546","0","0","1","0","0","1","0","0","0","0","0","0","0","1","0","0","0","0","0","0","0","0","0","0","0","0","0","0","0","0","0","1","0","0","0","0","0","0","0","0","0","0","0","0","1","0","0","0","0","0","0","0","0","0","0","0","0","0","0","0","0","0","0","0","0","0","0","0","0","0","0","0","0","0","0","5","B","ผ่าน"
"427","สำนักงานตำรวจแห่งชาติ","กองบัญชาการตำรวจตระเวนชายแดน","กองบังคับการตำรวจตระเวนชายแดนภาค 3","กองกำกับการตำรวจตระเวนชายแดนที่ 34","SCH_G3_0123","2003-05-16","16/05/2546","0","0","0","0","0","0","0","0","0","0","0","0","0","0","0","0","0","0","0","0","0","0","0","0","0","0","0","0","0","0","0","0","0","0","0","0","0","0","0","0","0","0","0","0","0","0","0","0","0","0","0","0","0","0","0","0","0","0","0","0","0","0","0","0","0","0","0","0","0","0","0","0","0","0","0","0","A","ผ่าน"
"428","สำนักงานตำรวจแห่งชาติ","กองบัญชาการตำรวจตระเวนชายแดน","กองบังคับการตำรวจตระเวนชายแดนภาค 3","กองกำกับการตำรวจตระเวนชายแดนที่ 34","SCH_G3_0124","2017-05-16","16/05/2560","0","0","0","0","0","0","0","0","0","0","0","0","0","0","0","0","0","0","0","0","0","0","0","0","0","0","0","0","0","0","0","0","0","0","0","0","0","0","0","0","0","0","0","0","0","0","0","0","0","0","0","0","0","0","0","0","0","0","0","0","0","0","0","0","0","0","0","0","0","0","0","0","0","0","0","0","A","ผ่าน"
"429","สำนักงานตำรวจแห่งชาติ","กองบัญชาการตำรวจตระเวนชายแดน","กองบังคับการตำรวจตระเวนชายแดนภาค 3","กองกำกับการตำรวจตระเวนชายแดนที่ 34","SCH_G3_0125","2021-06-14","14/06/2564","0","0","0","0","0","0","0","0","0","0","0","0","0","0","0","0","0","0","0","0","0","0","0","0","0","0","0","0","0","0","0","0","0","0","0","0","0","0","0","0","0","0","0","0","0","0","0","0","0","0","0","0","0","0","0","0","0","0","0","0","0","0","0","0","0","0","0","0","0","0","0","0","0","0","0","0","A","ผ่าน"
"430","สำนักงานตำรวจแห่งชาติ","กองบัญชาการตำรวจตระเวนชายแดน","กองบังคับการตำรวจตระเวนชายแดนภาค 3","กองกำกับการตำรวจตระเวนชายแดนที่ 34","SCH_G3_0126","1972-09-07","07/09/2515","0","0","0","0","0","0","0","0","0","0","0","0","0","0","0","0","0","0","0","0","0","0","0","0","0","0","0","0","0","0","0","0","0","0","0","0","0","0","0","0","0","0","0","0","0","0","0","0","0","0","0","0","0","0","0","0","0","0","0","0","0","0","0","0","0","0","0","0","0","0","0","0","0","0","0","0","A","ผ่าน"
"431","สำนักงานตำรวจแห่งชาติ","กองบัญชาการตำรวจตระเวนชายแดน","กองบังคับการตำรวจตระเวนชายแดนภาค 3","กองกำกับการตำรวจตระเวนชายแดนที่ 34","SCH_G3_0127","1985-03-15","15/03/2528","0","0","0","0","0","0","0","0","0","0","0","0","0","0","0","0","0","0","0","0","0","0","0","0","0","0","0","0","0","0","0","0","0","0","0","0","0","0","0","0","0","0","0","0","0","0","0","0","0","0","0","0","0","0","0","0","0","0","0","0","0","0","0","0","0","0","0","0","0","0","0","0","0","0","0","0","A","ผ่าน"
"432","สำนักงานตำรวจแห่งชาติ","กองบัญชาการตำรวจตระเวนชายแดน","กองบังคับการตำรวจตระเวนชายแดนภาค 3","กองกำกับการตำรวจตระเวนชายแดนที่ 34","SCH_G3_0128","1983-05-16","16/05/2526","0","0","0","0","0","0","0","0","0","0","0","0","0","0","0","0","0","0","0","0","0","0","0","0","0","0","0","0","0","0","0","0","0","0","0","0","0","0","0","0","0","0","0","0","0","0","0","0","0","0","0","0","0","0","0","0","0","0","0","0","0","0","0","0","0","0","0","0","0","0","0","0","0","0","0","0","A","ผ่าน"
"433","สำนักงานตำรวจแห่งชาติ","กองบัญชาการตำรวจตระเวนชายแดน","กองบังคับการตำรวจตระเวนชายแดนภาค 3","กองกำกับการตำรวจตระเวนชายแดนที่ 34","SCH_G3_0129","2002-04-02","02/04/2545","0","0","0","0","0","1","0","0","0","0","0","0","0","0","0","0","0","0","0","0","1","0","0","0","0","0","0","0","0","0","0","0","0","0","0","0","0","0","0","0","0","0","0","0","0","0","0","0","0","0","0","0","0","0","1","0","0","0","0","0","0","0","0","0","0","0","0","0","0","0","0","0","0","0","0","3","B","ผ่าน"
"434","สำนักงานตำรวจแห่งชาติ","กองบัญชาการตำรวจตระเวนชายแดน","กองบังคับการตำรวจตระเวนชายแดนภาค 3","กองกำกับการตำรวจตระเวนชายแดนที่ 34","SCH_G3_0130","2003-05-16","16/05/2546","0","0","0","0","0","1","0","0","0","0","0","0","0","0","0","0","0","0","0","0","0","0","0","0","0","0","0","0","0","0","0","0","0","0","0","0","0","0","0","0","0","0","0","0","0","0","0","0","0","0","0","0","0","0","0","0","0","0","0","0","0","0","0","0","0","0","0","0","0","0","0","0","0","0","0","1","B","ผ่าน"
"435","สำนักงานตำรวจแห่งชาติ","กองบัญชาการตำรวจตระเวนชายแดน","กองบังคับการตำรวจตระเวนชายแดนภาค 3","กองกำกับการตำรวจตระเวนชายแดนที่ 34","SCH_G3_0131","2002-05-16","16/05/2545","0","0","0","0","0","0","0","0","0","0","0","0","0","0","0","0","0","0","0","0","1","0","1","0","0","0","0","0","0","0","0","0","0","0","0","0","0","0","0","0","0","0","0","0","0","0","0","0","0","0","0","0","0","0","1","1","0","0","0","0","0","0","0","1","0","0","0","0","0","0","1","0","0","0","0","6","B","ผ่าน"
"436","สำนักงานตำรวจแห่งชาติ","กองบัญชาการตำรวจตระเวนชายแดน","กองบังคับการตำรวจตระเวนชายแดนภาค 3","กองกำกับการตำรวจตระเวนชายแดนที่ 34","SCH_G3_0132","2023-02-08","08/02/2566","0","0","0","0","0","0","0","0","0","0","0","0","0","0","0","0","0","0","0","0","0","0","0","0","0","0","0","0","0","0","0","0","0","0","0","0","0","0","0","0","0","0","0","0","0","0","0","0","0","0","0","0","0","0","0","0","0","0","0","0","0","0","0","0","0","0","0","0","0","0","0","0","0","0","0","0","A","ผ่าน"
"437","สำนักงานตำรวจแห่งชาติ","กองบัญชาการตำรวจตระเวนชายแดน","กองบังคับการตำรวจตระเวนชายแดนภาค 3","กองกำกับการตำรวจตระเวนชายแดนที่ 34","SCH_G3_0133","2002-07-16","16/07/2545","0","0","0","0","0","1","0","0","0","0","0","0","0","0","0","0","0","0","0","0","0","0","0","0","0","0","0","0","0","0","0","0","0","0","0","0","0","0","0","0","0","0","0","0","0","0","0","0","0","0","0","0","0","0","0","0","0","0","0","0","0","0","0","0","0","0","0","0","0","0","0","0","0","0","0","1","B","ผ่าน"
"438","สำนักงานตำรวจแห่งชาติ","กองบัญชาการตำรวจตระเวนชายแดน","กองบังคับการตำรวจตระเวนชายแดนภาค 3","กองกำกับการตำรวจตระเวนชายแดนที่ 34","SCH_G3_0134","2002-05-16","16/05/2545","0","0","0","0","0","1","0","0","0","0","0","0","0","0","0","0","0","0","0","0","0","0","0","0","0","0","0","0","0","0","0","0","0","0","0","0","0","0","0","0","0","0","0","0","0","0","0","0","0","0","0","0","0","0","0","0","0","0","0","0","0","0","0","0","0","0","0","0","0","0","0","0","0","0","0","1","B","ผ่าน"
"439","สำนักงานตำรวจแห่งชาติ","กองบัญชาการตำรวจตระเวนชายแดน","กองบังคับการตำรวจตระเวนชายแดนภาค 3","กองกำกับการตำรวจตระเวนชายแดนที่ 34","SCH_G3_0135","2004-01-30","30/01/2547","0","0","0","0","0","0","0","0","0","0","0","0","0","0","0","0","0","0","0","0","0","0","0","0","0","0","0","0","0","0","0","0","0","0","0","0","0","0","0","0","0","0","0","0","0","0","0","0","0","0","0","0","0","0","0","0","0","0","0","0","0","0","0","0","0","0","0","0","0","0","0","0","0","0","0","0","A","ผ่าน"
"440","สำนักงานตำรวจแห่งชาติ","กองบัญชาการตำรวจตระเวนชายแดน","กองบังคับการตำรวจตระเวนชายแดนภาค 3","กองกำกับการตำรวจตระเวนชายแดนที่ 34","SCH_G3_0136","1998-05-01","01/05/2541","0","0","0","0","0","0","0","0","0","0","0","0","0","0","0","0","0","0","0","0","0","0","0","0","0","0","0","0","0","0","0","0","0","0","0","0","0","0","0","0","0","0","0","0","0","0","0","0","0","0","0","0","0","0","0","0","0","0","0","0","0","0","0","0","0","0","0","0","0","0","0","0","0","0","0","0","A","ผ่าน"
"441","สำนักงานตำรวจแห่งชาติ","กองบัญชาการตำรวจตระเวนชายแดน","กองบังคับการตำรวจตระเวนชายแดนภาค 3","กองกำกับการตำรวจตระเวนชายแดนที่ 34","SCH_G3_0137","2014-05-16","16/05/2557","0","0","0","0","0","0","0","0","0","0","0","0","0","0","0","0","0","0","0","0","0","0","0","0","0","0","0","0","0","0","0","0","0","0","0","0","0","0","0","0","0","0","0","0","0","0","0","0","0","0","0","0","0","0","0","0","0","0","0","0","0","0","0","0","0","0","0","0","0","0","0","0","0","0","0","0","A","ผ่าน"
"442","สำนักงานตำรวจแห่งชาติ","กองบัญชาการตำรวจตระเวนชายแดน","กองบังคับการตำรวจตระเวนชายแดนภาค 3","กองกำกับการตำรวจตระเวนชายแดนที่ 34","SCH_G3_0138","1985-02-25","25/02/2528","0","0","0","0","0","0","0","0","0","0","0","0","0","0","0","0","0","0","0","0","0","0","0","0","0","0","0","0","0","0","0","0","0","0","0","0","0","0","0","0","0","0","0","0","0","0","0","0","0","0","0","0","0","0","0","0","0","0","0","0","0","0","0","0","0","0","0","0","0","0","0","0","0","0","0","0","A","ผ่าน"
"443","สำนักงานตำรวจแห่งชาติ","กองบัญชาการตำรวจตระเวนชายแดน","กองบังคับการตำรวจตระเวนชายแดนภาค 3","กองกำกับการตำรวจตระเวนชายแดนที่ 34","SCH_G3_0139","1990-06-18","18/06/2533","0","0","0","0","1","0","0","0","0","0","0","0","0","0","0","0","0","0","0","0","0","0","0","0","0","0","0","0","0","0","0","0","0","0","0","0","0","0","0","0","0","0","0","0","0","0","0","0","0","0","0","0","0","0","0","0","0","0","0","0","0","0","0","1","0","1","0","1","0","0","1","0","0","0","0","5","B","ผ่าน"
"444","สำนักงานตำรวจแห่งชาติ","กองบัญชาการตำรวจตระเวนชายแดน","กองบังคับการตำรวจตระเวนชายแดนภาค 3","กองกำกับการตำรวจตระเวนชายแดนที่ 34","SCH_G3_0140","1996-07-19","19/07/2539","0","0","0","0","0","1","0","0","0","0","0","0","0","0","0","0","0","0","0","0","0","0","0","0","0","0","0","0","0","0","0","0","0","0","0","0","0","0","0","0","0","0","0","0","0","0","0","0","0","0","0","0","0","0","0","0","0","0","0","0","0","0","0","0","0","0","0","0","0","0","0","0","0","0","0","1","B","ผ่าน"
"445","สำนักงานตำรวจแห่งชาติ","กองบัญชาการตำรวจตระเวนชายแดน","กองบังคับการตำรวจตระเวนชายแดนภาค 3","กองกำกับการตำรวจตระเวนชายแดนที่ 34","SCH_G3_0141","2013-04-13","13/04/2556","0","0","0","0","0","1","0","0","0","0","0","0","0","0","0","0","0","0","0","0","0","0","0","0","0","0","0","0","0","0","0","0","0","0","0","0","0","0","0","0","0","0","0","0","0","0","0","0","0","0","0","0","0","0","0","1","0","1","0","0","0","0","0","0","0","0","0","0","0","0","0","0","0","0","0","3","B","ผ่าน"
"446","สำนักงานตำรวจแห่งชาติ","กองบัญชาการตำรวจตระเวนชายแดน","กองบังคับการตำรวจตระเวนชายแดนภาค 3","กองกำกับการตำรวจตระเวนชายแดนที่ 34","SCH_G3_0142","2016-05-10","10/05/2559","0","0","0","0","0","0","0","0","0","0","0","0","0","0","0","0","0","0","0","0","0","0","0","0","0","0","1","1","1","1","1","1","1","1","1","1","1","1","1","1","1","1","1","1","1","1","0","0","0","0","0","0","0","1","1","1","1","1","1","1","1","1","1","1","1","1","1","1","1","1","1","1","0","0","0","39","D","ไม่ผ่าน"
"447","สำนักงานตำรวจแห่งชาติ","กองบัญชาการตำรวจตระเวนชายแดน","กองบังคับการตำรวจตระเวนชายแดนภาค 3","กองกำกับการตำรวจตระเวนชายแดนที่ 31","SCH_G3_0143","1979-08-18","18/08/2522","0","0","0","0","0","0","0","0","0","0","0","0","0","0","0","0","0","0","0","0","0","0","0","0","0","0","0","0","0","0","0","0","0","0","0","0","0","0","0","0","0","0","0","0","0","0","0","0","0","0","0","0","0","0","0","0","0","0","0","0","0","0","0","0","0","0","0","0","0","0","0","0","0","0","0","0","A","ผ่าน"
"448","สำนักงานตำรวจแห่งชาติ","กองบัญชาการตำรวจตระเวนชายแดน","กองบังคับการตำรวจตระเวนชายแดนภาค 3","กองกำกับการตำรวจตระเวนชายแดนที่ 31","SCH_G3_0145","1991-07-23","23/07/2534","0","0","0","0","0","0","0","0","0","0","0","0","0","0","0","0","0","0","0","0","0","0","0","0","0","0","0","0","0","0","0","0","0","0","0","0","0","0","0","0","0","0","0","0","0","0","0","0","0","0","0","0","0","0","0","0","0","0","0","0","0","0","0","0","0","0","0","0","0","0","0","0","0","0","0","0","A","ผ่าน"
"449","สำนักงานตำรวจแห่งชาติ","กองบัญชาการตำรวจตระเวนชายแดน","กองบังคับการตำรวจตระเวนชายแดนภาค 3","กองกำกับการตำรวจตระเวนชายแดนที่ 31","SCH_G3_0146","1993-07-15","15/07/2536","0","0","0","0","0","0","0","0","0","0","0","0","0","0","0","0","0","0","0","0","0","0","0","0","0","0","0","0","0","0","0","0","0","0","0","0","0","0","0","0","0","0","0","0","0","0","0","0","0","0","0","0","0","0","0","0","0","0","0","0","0","0","0","0","0","0","0","0","0","0","0","0","0","0","0","0","A","ผ่าน"
"450","สำนักงานตำรวจแห่งชาติ","กองบัญชาการตำรวจตระเวนชายแดน","กองบังคับการตำรวจตระเวนชายแดนภาค 1","กองกำกับการตำรวจตระเวนชายแดนที่ 13","SCH_G3_0148","2020-07-01","01/07/2563","0","0","0","0","1","0","0","0","0","0","0","0","0","0","0","0","0","0","0","0","0","0","0","0","0","0","0","0","0","0","0","0","0","0","0","0","0","0","0","0","0","0","0","0","0","0","0","0","0","0","0","0","0","0","0","0","0","0","0","0","0","0","0","0","0","0","0","0","0","0","0","0","0","0","0","1","B","ผ่าน"
"451","สำนักงานตำรวจแห่งชาติ","กองบัญชาการตำรวจตระเวนชายแดน","กองบังคับการตำรวจตระเวนชายแดนภาค 1","กองกำกับการตำรวจตระเวนชายแดนที่ 13","SCH_G3_0149","2021-07-12","12/07/2564","0","0","0","0","0","0","0","0","0","0","0","0","0","0","0","0","0","0","0","0","0","0","0","0","0","0","0","0","0","0","0","0","0","0","0","0","0","0","0","0","0","0","0","0","0","0","0","0","0","0","0","0","0","0","0","0","0","0","0","0","0","0","0","0","0","0","0","0","0","0","0","0","0","0","0","0","A","ผ่าน"
"452","สำนักงานตำรวจแห่งชาติ","กองบัญชาการตำรวจตระเวนชายแดน","กองบังคับการตำรวจตระเวนชายแดนภาค 1","กองกำกับการตำรวจตระเวนชายแดนที่ 13","SCH_G3_0150","2023-01-26","26/01/2566","0","0","0","0","0","0","0","0","0","0","0","0","0","0","0","0","0","0","0","0","0","0","0","0","0","0","0","0","0","0","0","0","0","0","0","0","0","0","0","0","0","0","0","0","0","0","0","0","0","0","0","0","0","0","0","0","0","0","0","0","0","0","0","0","0","0","0","0","0","0","0","0","0","0","0","0","A","ผ่าน"
"453","สำนักงานตำรวจแห่งชาติ","กองบัญชาการตำรวจตระเวนชายแดน","กองบังคับการตำรวจตระเวนชายแดนภาค 1","กองกำกับการตำรวจตระเวนชายแดนที่ 13","SCH_G3_0151","1983-05-23","23/05/2526","0","0","0","0","0","0","0","0","0","0","0","1","0","0","1","0","0","0","0","0","0","0","0","0","0","0","0","0","0","0","0","0","0","0","0","0","0","0","0","0","0","0","0","0","0","0","0","0","0","0","0","0","0","0","0","1","0","0","0","0","0","0","0","0","0","0","0","0","0","0","0","0","0","0","0","3","B","ผ่าน"
"454","สำนักงานตำรวจแห่งชาติ","กองบัญชาการตำรวจตระเวนชายแดน","กองบังคับการตำรวจตระเวนชายแดนภาค 1","กองกำกับการตำรวจตระเวนชายแดนที่ 13","SCH_G3_0152","2024-03-13","13/03/2567","0","0","0","0","0","0","0","0","0","0","0","0","0","0","0","0","0","0","0","0","0","0","0","0","0","0","0","0","0","0","0","0","0","0","0","0","0","0","0","0","0","0","0","0","0","0","0","0","0","0","0","0","0","0","0","0","0","0","0","0","0","0","0","0","0","0","0","0","0","0","0","0","0","0","0","0","A","ผ่าน"
"455","สำนักงานตำรวจแห่งชาติ","กองบัญชาการตำรวจตระเวนชายแดน","กองบังคับการตำรวจตระเวนชายแดนภาค 1","กองกำกับการตำรวจตระเวนชายแดนที่ 13","SCH_G3_0153","2021-07-06","06/07/2564","0","0","0","0","0","0","0","0","0","0","0","0","0","0","0","0","0","0","0","0","0","0","0","0","0","0","0","0","0","0","0","0","0","0","0","0","0","0","0","0","0","0","0","0","0","0","0","0","0","0","0","0","0","0","0","1","0","0","0","0","0","0","0","0","0","0","0","0","0","0","0","0","0","0","0","1","B","ผ่าน"
"456","สำนักงานตำรวจแห่งชาติ","กองบัญชาการตำรวจตระเวนชายแดน","กองบังคับการตำรวจตระเวนชายแดนภาค 1","กองกำกับการตำรวจตระเวนชายแดนที่ 13","SCH_G3_0154","2010-05-17","17/05/2553","0","0","0","0","0","0","0","0","0","0","0","0","0","0","0","0","0","0","0","0","0","0","0","0","0","0","0","0","0","0","0","0","0","0","0","0","0","0","0","0","0","0","0","0","0","0","0","0","0","0","0","0","0","0","0","0","0","0","0","0","0","0","0","0","0","0","0","0","0","0","0","0","0","0","0","0","A","ผ่าน"
"457","สำนักงานตำรวจแห่งชาติ","กองบัญชาการตำรวจตระเวนชายแดน","กองบังคับการตำรวจตระเวนชายแดนภาค 1","กองกำกับการตำรวจตระเวนชายแดนที่ 13","SCH_G3_0155","2017-05-15","15/05/2560","0","0","0","0","0","0","0","0","0","0","0","0","0","0","0","0","0","0","0","0","0","0","0","0","0","0","0","0","0","0","0","0","0","0","0","0","0","0","0","0","0","0","0","0","0","0","0","0","0","0","0","0","0","0","0","0","0","0","0","0","0","0","0","0","0","0","0","0","0","0","0","0","0","0","0","0","A","ผ่าน"
"458","สำนักงานตำรวจแห่งชาติ","กองบัญชาการตำรวจตระเวนชายแดน","กองบังคับการตำรวจตระเวนชายแดนภาค 1","กองกำกับการตำรวจตระเวนชายแดนที่ 13","SCH_G3_0156","2026-04-11","11/04/2569","0","0","0","0","1","0","0","0","0","0","0","0","0","0","0","0","0","0","0","0","0","0","0","0","0","0","0","0","0","0","0","0","0","0","0","0","0","0","0","0","0","0","0","0","0","0","0","0","0","0","0","0","0","0","0","1","0","0","0","0","0","0","0","0","0","0","0","0","0","0","0","0","0","0","0","2","B","ผ่าน"
"459","สำนักงานตำรวจแห่งชาติ","กองบัญชาการตำรวจตระเวนชายแดน","กองบังคับการตำรวจตระเวนชายแดนภาค 1","กองกำกับการตำรวจตระเวนชายแดนที่ 13","SCH_G3_0157","","","0","0","0","0","0","0","0","0","0","0","0","0","0","0","0","0","0","0","0","0","0","0","0","0","0","0","0","0","0","0","0","0","0","0","0","0","0","0","0","0","0","0","0","0","0","0","0","0","0","0","0","0","0","0","0","0","0","0","0","0","0","0","0","1","0","0","0","0","0","0","0","0","0","0","0","1","B","ผ่าน"
"460","สำนักงานตำรวจแห่งชาติ","กองบัญชาการตำรวจตระเวนชายแดน","กองบังคับการตำรวจตระเวนชายแดนภาค 1","กองกำกับการตำรวจตระเวนชายแดนที่ 13","SCH_G3_0158","2014-02-24","24/02/2557","0","0","0","0","0","0","0","0","0","0","0","0","0","0","0","0","0","0","0","0","0","0","0","0","0","0","0","0","0","0","0","0","0","0","0","0","0","0","0","0","0","0","0","0","0","0","0","0","0","0","0","0","0","0","0","0","0","0","0","0","0","0","0","0","0","0","0","0","0","0","0","0","0","0","0","0","A","ผ่าน"
"461","สำนักงานตำรวจแห่งชาติ","กองบัญชาการตำรวจตระเวนชายแดน","กองบังคับการตำรวจตระเวนชายแดนภาค 1","กองกำกับการตำรวจตระเวนชายแดนที่ 13","SCH_G3_0159","1970-08-26","26/08/2513","0","0","0","0","0","0","0","0","0","0","0","0","0","0","0","0","0","0","0","0","0","0","0","0","0","0","0","0","0","0","0","0","0","0","0","0","0","0","0","0","0","0","0","0","0","0","0","0","0","0","0","0","0","0","0","0","0","0","0","0","0","0","0","0","0","0","0","0","0","0","0","0","0","0","0","0","A","ผ่าน"
"462","สำนักงานตำรวจแห่งชาติ","กองบัญชาการตำรวจตระเวนชายแดน","กองบังคับการตำรวจตระเวนชายแดนภาค 1","กองกำกับการตำรวจตระเวนชายแดนที่ 13","SCH_G3_0160","2021-07-13","13/07/2564","0","0","0","0","0","0","0","0","0","0","0","0","0","0","0","0","0","0","0","0","0","0","0","0","0","0","0","0","0","0","0","0","0","0","0","0","0","0","0","0","0","0","0","0","0","0","0","0","0","0","0","0","0","0","0","0","0","0","0","0","0","0","0","0","0","0","0","0","0","0","0","0","0","0","0","0","A","ผ่าน"
"463","สำนักงานตำรวจแห่งชาติ","กองบัญชาการตำรวจตระเวนชายแดน","กองบังคับการตำรวจตระเวนชายแดนภาค 1","กองกำกับการตำรวจตระเวนชายแดนที่ 13","SCH_G3_0161","2021-07-15","15/07/2564","0","0","0","0","0","0","0","0","0","0","0","0","0","0","0","0","0","0","0","0","0","0","0","0","0","0","0","0","0","0","0","0","0","0","0","0","0","0","0","0","0","0","0","0","0","0","0","0","0","0","0","0","0","0","0","0","0","0","0","0","0","0","0","0","0","0","0","0","0","0","0","0","0","0","0","0","A","ผ่าน"
"464","สำนักงานตำรวจแห่งชาติ","กองบัญชาการตำรวจตระเวนชายแดน","กองบังคับการตำรวจตระเวนชายแดนภาค 1","กองกำกับการตำรวจตระเวนชายแดนที่ 13","SCH_G3_0162","1997-05-19","19/05/2540","0","0","0","0","0","0","0","0","0","0","0","0","0","0","0","0","0","0","0","0","0","0","0","0","0","0","0","0","0","0","0","0","0","0","0","0","0","0","0","0","0","0","0","0","0","0","0","0","0","0","0","0","0","0","0","0","0","0","0","0","0","0","0","0","0","0","0","1","0","0","1","0","0","0","0","2","B","ผ่าน"
"465","สำนักงานตำรวจแห่งชาติ","กองบัญชาการตำรวจตระเวนชายแดน","กองบังคับการตำรวจตระเวนชายแดนภาค 1","กองกำกับการตำรวจตระเวนชายแดนที่ 13","SCH_G3_0163","","","0","0","0","0","0","0","0","0","0","0","0","0","0","0","0","0","0","0","0","0","0","0","0","0","0","0","0","0","0","0","0","0","0","0","0","0","0","0","0","0","0","0","0","0","0","0","0","0","0","0","0","0","0","0","0","0","0","0","0","0","0","0","0","0","0","0","0","0","0","0","0","0","0","0","0","0","A","ผ่าน"
"466","สำนักงานตำรวจแห่งชาติ","กองบัญชาการตำรวจตระเวนชายแดน","กองบังคับการตำรวจตระเวนชายแดนภาค 1","กองกำกับการตำรวจตระเวนชายแดนที่ 14","SCH_G3_0164","1985-01-01","01/01/2528","0","0","0","0","0","0","0","0","0","0","0","0","0","0","0","0","0","0","0","0","0","0","0","0","0","0","0","0","0","0","0","0","0","0","0","0","0","0","0","0","0","0","0","0","0","0","0","0","0","0","0","0","0","0","0","0","0","0","0","0","0","0","0","0","0","0","0","0","0","0","0","0","0","0","0","0","A","ผ่าน"
"467","สำนักงานตำรวจแห่งชาติ","กองบัญชาการตำรวจตระเวนชายแดน","กองบังคับการตำรวจตระเวนชายแดนภาค 1","กองกำกับการตำรวจตระเวนชายแดนที่ 14","SCH_G3_0165","2021-04-09","09/04/2564","0","0","0","0","0","0","0","0","0","0","0","0","0","0","0","0","0","0","0","0","0","0","0","0","0","0","0","0","0","0","0","0","0","0","0","0","0","0","0","0","0","0","0","0","0","0","0","0","0","0","0","0","0","0","0","0","0","0","0","0","0","0","0","0","0","0","0","0","0","0","0","0","0","0","0","0","A","ผ่าน"
"468","สำนักงานตำรวจแห่งชาติ","กองบัญชาการตำรวจตระเวนชายแดน","กองบังคับการตำรวจตระเวนชายแดนภาค 1","กองกำกับการตำรวจตระเวนชายแดนที่ 14","SCH_G3_0166","2020-07-01","01/07/2563","0","0","0","0","0","1","0","0","0","0","0","0","0","0","0","0","0","0","0","0","0","0","0","0","0","0","0","0","0","0","0","0","0","0","0","0","0","0","0","0","0","0","0","0","0","0","0","0","0","0","0","0","0","0","0","0","0","0","0","0","0","0","0","0","0","0","0","0","0","0","0","0","0","0","0","1","B","ผ่าน"
"469","สำนักงานตำรวจแห่งชาติ","กองบัญชาการตำรวจตระเวนชายแดน","กองบังคับการตำรวจตระเวนชายแดนภาค 1","กองกำกับการตำรวจตระเวนชายแดนที่ 14","SCH_G3_0167","1981-07-23","23/07/2524","0","0","0","0","0","0","0","0","0","0","0","0","0","0","0","0","0","0","0","0","0","0","0","0","0","0","0","0","0","0","0","0","0","0","0","0","0","0","0","0","0","0","0","0","0","0","0","0","0","0","0","0","0","0","0","0","0","0","0","0","0","0","0","0","0","0","0","0","0","0","0","0","0","0","0","0","A","ผ่าน"
"470","สำนักงานตำรวจแห่งชาติ","กองบัญชาการตำรวจตระเวนชายแดน","กองบังคับการตำรวจตระเวนชายแดนภาค 1","กองกำกับการตำรวจตระเวนชายแดนที่ 14","SCH_G3_0168","2014-05-16","16/05/2557","0","0","0","0","0","1","0","0","0","0","0","0","0","0","0","0","0","0","0","0","0","0","0","0","0","0","0","0","0","0","0","0","0","0","0","0","0","0","0","0","0","0","0","0","0","0","0","0","0","0","0","0","0","0","0","0","0","0","0","0","0","0","0","0","0","0","0","0","0","0","0","0","0","0","0","1","B","ผ่าน"
"471","สำนักงานตำรวจแห่งชาติ","กองบัญชาการตำรวจตระเวนชายแดน","กองบังคับการตำรวจตระเวนชายแดนภาค 1","กองกำกับการตำรวจตระเวนชายแดนที่ 14","SCH_G3_0169","1978-04-21","21/04/2521","0","0","0","0","0","0","0","0","0","0","0","0","0","0","0","0","0","0","0","0","0","0","0","0","0","0","0","0","0","0","0","0","0","0","0","0","0","0","0","0","0","0","0","0","0","0","0","0","0","0","0","0","0","0","0","0","0","0","0","0","0","0","0","0","0","0","0","0","0","0","0","0","0","0","0","0","A","ผ่าน"
"472","สำนักงานตำรวจแห่งชาติ","กองบัญชาการตำรวจตระเวนชายแดน","กองบังคับการตำรวจตระเวนชายแดนภาค 1","กองกำกับการตำรวจตระเวนชายแดนที่ 14","SCH_G3_0170","1991-05-22","22/05/2534","0","0","0","0","0","0","0","0","0","0","0","0","0","0","0","0","0","0","0","0","0","0","0","0","0","0","0","0","0","0","0","0","0","0","0","0","0","0","0","0","0","0","0","0","0","0","0","0","0","0","0","0","0","0","0","0","0","0","0","0","0","0","0","0","0","0","0","0","0","0","0","0","0","0","0","0","A","ผ่าน"
"473","สำนักงานตำรวจแห่งชาติ","กองบัญชาการตำรวจตระเวนชายแดน","กองบังคับการตำรวจตระเวนชายแดนภาค 1","กองกำกับการตำรวจตระเวนชายแดนที่ 14","SCH_G3_0171","1982-10-13","13/10/2525","0","0","0","0","0","0","0","0","0","0","0","0","0","0","0","0","0","0","0","0","0","0","0","0","0","0","0","0","0","0","0","0","0","0","0","0","0","0","0","0","0","0","0","0","0","0","0","0","0","0","0","0","0","0","0","0","0","0","0","0","0","0","0","0","0","0","0","0","0","0","0","0","0","0","0","0","A","ผ่าน"
"474","สำนักงานตำรวจแห่งชาติ","กองบัญชาการตำรวจตระเวนชายแดน","กองบังคับการตำรวจตระเวนชายแดนภาค 1","กองกำกับการตำรวจตระเวนชายแดนที่ 14","SCH_G3_0172","2020-08-06","06/08/2563","0","0","0","0","0","0","0","0","0","0","0","0","0","0","0","0","0","0","0","0","0","0","0","0","0","0","0","0","0","0","0","0","0","0","0","0","0","0","0","0","0","0","0","0","0","0","0","0","0","0","0","0","0","0","0","0","0","0","0","0","0","0","0","0","0","0","0","0","0","0","0","0","0","0","0","0","A","ผ่าน"
"475","สำนักงานตำรวจแห่งชาติ","กองบัญชาการตำรวจตระเวนชายแดน","กองบังคับการตำรวจตระเวนชายแดนภาค 1","กองกำกับการตำรวจตระเวนชายแดนที่ 14","SCH_G3_0173","2025-03-26","26/03/2568","0","0","0","0","0","0","0","0","0","0","0","0","0","0","0","0","0","0","0","0","0","0","0","0","0","0","0","0","0","0","0","0","0","0","0","0","0","0","0","0","0","0","0","0","0","0","0","0","0","0","0","0","0","0","0","0","0","0","0","0","0","0","0","0","0","0","0","0","0","0","0","0","0","0","0","0","A","ผ่าน"
"476","สำนักงานตำรวจแห่งชาติ","กองบัญชาการตำรวจตระเวนชายแดน","กองบังคับการตำรวจตระเวนชายแดนภาค 1","กองกำกับการตำรวจตระเวนชายแดนที่ 14","SCH_G3_0174","1999-11-01","01/11/2542","0","0","0","0","0","1","0","0","0","0","0","0","0","0","0","0","0","0","0","0","0","0","0","0","0","0","0","0","0","0","0","0","0","0","0","0","0","0","0","0","0","0","0","0","0","0","0","0","0","0","0","0","0","0","0","0","0","0","0","0","0","0","0","0","0","0","0","0","0","0","0","0","0","0","0","1","B","ผ่าน"
"477","สำนักงานตำรวจแห่งชาติ","กองบัญชาการตำรวจตระเวนชายแดน","กองบังคับการตำรวจตระเวนชายแดนภาค 4","กองกำกับการตำรวจตระเวนชายแดนที่ 42","SCH_G3_0178","2014-05-16","16/05/2557","1","1","1","1","1","1","1","1","1","1","1","1","1","1","1","1","1","1","1","1","1","1","1","1","1","1","1","1","1","1","1","1","1","1","1","1","1","1","1","1","1","1","0","0","0","0","0","0","0","0","0","0","0","0","0","0","0","0","0","0","0","0","0","0","0","0","0","0","0","0","0","0","0","0","0","42","D","ไม่ผ่าน"
"478","สำนักงานตำรวจแห่งชาติ","กองบัญชาการตำรวจตระเวนชายแดน","กองบังคับการตำรวจตระเวนชายแดนภาค 4","กองกำกับการตำรวจตระเวนชายแดนที่ 41","SCH_G3_0179","1988-05-09","09/05/2531","0","0","0","0","0","0","0","0","0","0","0","0","0","0","0","0","0","0","0","0","0","0","0","0","0","0","0","0","0","0","0","0","0","0","0","0","0","0","0","0","0","0","0","0","0","0","0","0","0","0","0","0","0","0","0","0","0","0","0","0","0","0","0","0","0","0","0","0","0","0","0","0","0","0","0","0","A","ผ่าน"
"479","สำนักงานตำรวจแห่งชาติ","กองบัญชาการตำรวจตระเวนชายแดน","กองบังคับการตำรวจตระเวนชายแดนภาค 4","กองกำกับการตำรวจตระเวนชายแดนที่ 41","SCH_G3_0180","","","0","0","0","0","0","0","0","0","0","0","0","0","0","0","0","0","0","0","0","0","0","0","0","0","0","0","0","0","0","0","0","0","0","0","0","0","0","0","0","0","0","0","0","0","0","0","0","0","0","0","0","0","0","0","0","0","0","0","0","0","0","0","0","0","0","0","0","0","0","0","0","0","0","0","0","0","A","ผ่าน"
"480","สำนักงานตำรวจแห่งชาติ","กองบัญชาการตำรวจตระเวนชายแดน","กองบังคับการตำรวจตระเวนชายแดนภาค 4","กองกำกับการตำรวจตระเวนชายแดนที่ 41","SCH_G3_0181","1997-05-16","16/05/2540","0","0","0","0","0","0","0","0","0","0","0","0","0","0","0","0","0","0","0","0","0","0","0","0","0","0","0","0","0","0","0","0","0","0","0","0","0","0","0","0","0","0","0","0","0","0","0","0","0","0","0","0","0","0","0","0","0","0","0","0","0","0","0","0","0","0","0","0","0","0","0","0","0","0","0","0","A","ผ่าน"
"481","สำนักงานตำรวจแห่งชาติ","กองบัญชาการตำรวจตระเวนชายแดน","กองบังคับการตำรวจตระเวนชายแดนภาค 4","กองกำกับการตำรวจตระเวนชายแดนที่ 41","SCH_G3_0182","1987-07-06","06/07/2530","0","0","0","0","0","0","0","0","0","0","0","0","0","0","0","0","0","0","0","0","0","0","0","0","0","0","0","0","0","0","0","0","0","0","0","0","0","0","0","0","0","0","0","0","0","0","0","0","0","0","0","0","0","0","0","0","0","0","0","0","0","0","0","0","0","0","0","0","0","0","0","0","0","0","0","0","A","ผ่าน"
"482","สำนักงานตำรวจแห่งชาติ","กองบัญชาการตำรวจตระเวนชายแดน","กองบังคับการตำรวจตระเวนชายแดนภาค 4","กองกำกับการตำรวจตระเวนชายแดนที่ 41","SCH_G3_0183","2020-07-01","01/07/2563","0","0","0","0","0","0","0","0","0","0","0","0","0","0","0","0","0","0","0","0","0","0","0","0","0","0","0","0","0","0","0","0","0","0","0","0","0","0","0","0","0","0","0","0","0","0","0","0","0","0","0","0","0","0","0","1","0","0","0","0","0","0","0","0","0","0","0","0","0","0","0","0","0","0","0","1","B","ผ่าน"
"483","สำนักงานตำรวจแห่งชาติ","กองบัญชาการตำรวจตระเวนชายแดน","กองบังคับการตำรวจตระเวนชายแดนภาค 4","กองกำกับการตำรวจตระเวนชายแดนที่ 41","SCH_G3_0184","2003-07-15","15/07/2546","0","0","0","0","0","0","0","0","0","0","0","0","0","0","0","0","0","0","0","0","0","0","0","0","0","0","0","0","0","0","0","0","0","0","0","0","0","0","0","0","0","0","0","0","0","0","0","0","0","0","0","0","0","0","0","0","0","0","0","0","0","0","0","0","0","0","0","0","0","0","0","0","0","0","0","0","A","ผ่าน"
"484","สำนักงานตำรวจแห่งชาติ","กองบัญชาการตำรวจตระเวนชายแดน","กองบังคับการตำรวจตระเวนชายแดนภาค 4","กองกำกับการตำรวจตระเวนชายแดนที่ 41","SCH_G3_0185","2021-05-17","17/05/2564","0","0","0","0","0","0","0","0","0","0","0","0","0","0","0","0","0","0","0","0","0","0","0","0","0","0","0","0","0","0","0","0","0","0","0","0","0","0","0","0","0","0","0","0","0","0","0","0","0","0","0","0","0","0","0","0","0","0","0","0","0","0","0","0","0","0","0","0","0","0","0","0","0","0","0","0","A","ผ่าน"
"485","สำนักงานตำรวจแห่งชาติ","กองบัญชาการตำรวจตระเวนชายแดน","กองบังคับการตำรวจตระเวนชายแดนภาค 4","กองกำกับการตำรวจตระเวนชายแดนที่ 41","SCH_G3_0186","1988-07-15","15/07/2531","0","0","0","0","0","0","0","0","0","0","0","0","0","0","0","0","0","0","0","0","0","0","0","0","0","0","0","0","0","0","0","0","0","0","0","0","0","0","0","0","0","0","0","0","0","0","0","0","0","0","0","0","0","0","0","0","0","0","0","0","0","0","0","0","0","0","0","0","0","0","0","0","0","0","0","0","A","ผ่าน"
"486","สำนักงานตำรวจแห่งชาติ","กองบัญชาการตำรวจตระเวนชายแดน","กองบังคับการตำรวจตระเวนชายแดนภาค 4","กองกำกับการตำรวจตระเวนชายแดนที่ 41","SCH_G3_0187","1988-02-01","01/02/2531","0","0","0","0","0","0","0","0","0","0","0","0","0","0","0","0","0","0","0","0","0","0","0","0","0","0","0","0","0","0","0","0","0","0","0","0","0","0","0","0","0","0","0","0","0","0","0","0","0","0","0","0","0","0","0","0","0","0","0","0","0","0","0","0","0","0","0","0","0","0","0","0","0","0","0","0","A","ผ่าน"
"487","สำนักงานตำรวจแห่งชาติ","กองบัญชาการตำรวจตระเวนชายแดน","กองบังคับการตำรวจตระเวนชายแดนภาค 4","กองกำกับการตำรวจตระเวนชายแดนที่ 41","SCH_G3_0188","1989-05-13","13/05/2532","0","0","0","0","0","0","0","0","0","0","0","0","0","0","0","0","0","0","0","0","0","0","0","0","0","0","0","0","0","0","0","0","0","0","0","0","0","0","0","0","0","0","0","0","0","0","0","0","0","0","0","0","0","0","0","0","0","0","0","0","0","0","0","0","0","0","0","0","0","0","0","0","0","0","0","0","A","ผ่าน"
"488","สำนักงานตำรวจแห่งชาติ","กองบัญชาการตำรวจตระเวนชายแดน","กองบังคับการตำรวจตระเวนชายแดนภาค 4","กองกำกับการตำรวจตระเวนชายแดนที่ 41","SCH_G3_0189","2022-03-14","14/03/2565","0","0","0","0","0","0","0","0","0","0","0","0","0","0","0","0","0","0","0","0","0","0","0","0","0","0","0","0","0","0","0","0","0","0","0","0","0","0","0","0","0","0","0","0","0","0","0","0","0","0","0","0","0","0","0","0","0","0","0","0","0","0","0","0","0","0","0","0","0","0","0","0","0","0","0","0","A","ผ่าน"
"489","สำนักงานตำรวจแห่งชาติ","กองบัญชาการตำรวจตระเวนชายแดน","กองบังคับการตำรวจตระเวนชายแดนภาค 4","กองกำกับการตำรวจตระเวนชายแดนที่ 43","SCH_G3_0190","2025-02-20","20/02/2568","0","0","0","0","0","0","0","0","0","0","0","0","0","0","0","0","0","0","0","0","0","0","0","0","0","0","0","0","0","0","0","0","0","0","0","0","0","0","0","0","0","0","0","0","0","0","0","0","0","0","0","0","0","0","0","0","0","0","0","0","0","0","0","0","0","0","0","0","0","0","0","0","0","0","0","0","A","ผ่าน"
"490","สำนักงานตำรวจแห่งชาติ","กองบัญชาการตำรวจตระเวนชายแดน","กองบังคับการตำรวจตระเวนชายแดนภาค 4","กองกำกับการตำรวจตระเวนชายแดนที่ 43","SCH_G3_0191","1986-06-29","29/06/2529","0","0","0","0","0","0","0","0","0","0","0","0","0","0","0","0","0","0","0","0","0","0","0","0","0","0","0","0","0","0","0","0","0","0","0","0","0","0","0","0","0","0","0","0","0","0","0","0","0","0","0","0","0","0","0","0","0","0","0","0","0","0","0","0","0","0","0","0","0","0","0","0","0","0","0","0","A","ผ่าน"
"491","สำนักงานตำรวจแห่งชาติ","กองบัญชาการตำรวจตระเวนชายแดน","กองบังคับการตำรวจตระเวนชายแดนภาค 4","กองกำกับการตำรวจตระเวนชายแดนที่ 43","SCH_G3_0192","2023-05-16","16/05/2566","0","0","0","0","0","0","0","0","0","0","0","0","0","0","0","0","0","0","0","0","0","0","0","0","0","0","0","0","0","0","0","0","0","0","0","0","0","0","0","0","0","0","0","0","0","0","0","0","0","0","0","0","0","0","0","0","0","0","0","0","0","0","0","0","0","0","0","0","0","0","0","0","0","0","0","0","A","ผ่าน"
"492","สำนักงานตำรวจแห่งชาติ","กองบัญชาการตำรวจตระเวนชายแดน","กองบังคับการตำรวจตระเวนชายแดนภาค 4","กองกำกับการตำรวจตระเวนชายแดนที่ 43","SCH_G3_0193","1975-06-18","18/06/2518","0","0","0","0","0","0","0","0","0","0","0","0","0","0","0","0","0","0","0","0","0","0","0","0","0","0","0","0","0","0","0","0","0","0","0","0","0","0","0","0","0","0","0","0","0","0","0","0","0","0","0","0","0","0","0","0","0","0","0","0","0","0","0","0","0","0","0","0","0","0","0","0","0","0","0","0","A","ผ่าน"
"493","สำนักงานตำรวจแห่งชาติ","กองบัญชาการตำรวจตระเวนชายแดน","กองบังคับการตำรวจตระเวนชายแดนภาค 4","กองกำกับการตำรวจตระเวนชายแดนที่ 43","SCH_G3_0194","1983-05-26","26/05/2526","0","0","0","0","0","0","0","0","0","0","0","0","0","0","0","0","0","0","0","0","0","0","0","0","0","0","0","0","0","0","0","0","0","0","0","0","0","0","0","0","0","0","0","0","0","0","0","0","0","0","0","0","0","1","1","1","0","0","0","1","1","0","0","0","0","0","0","1","0","0","0","0","0","0","0","6","B","ผ่าน"
"494","สำนักงานตำรวจแห่งชาติ","กองบัญชาการตำรวจตระเวนชายแดน","กองบังคับการตำรวจตระเวนชายแดนภาค 4","กองกำกับการตำรวจตระเวนชายแดนที่ 43","SCH_G3_0195","1959-10-12","12/10/2502","0","0","0","0","0","0","0","0","0","0","0","0","0","0","0","0","0","0","0","0","0","0","0","0","0","0","0","0","0","0","0","0","0","0","0","0","0","0","0","0","0","0","0","0","0","0","0","0","0","0","0","0","0","0","0","0","0","0","0","0","0","0","0","0","0","0","0","0","0","0","0","0","0","0","0","0","A","ผ่าน"
"495","สำนักงานตำรวจแห่งชาติ","กองบัญชาการตำรวจตระเวนชายแดน","กองบังคับการตำรวจตระเวนชายแดนภาค 4","กองกำกับการตำรวจตระเวนชายแดนที่ 43","SCH_G3_0196","","","0","0","0","0","0","0","0","0","0","0","0","0","0","0","0","0","0","0","0","0","0","0","0","0","0","0","0","0","0","0","0","0","0","0","0","0","0","0","0","0","0","0","0","0","0","0","0","0","0","0","0","0","0","0","0","0","0","0","0","0","0","0","0","0","0","0","0","0","0","0","0","0","0","0","0","0","A","ผ่าน"
"496","สำนักงานตำรวจแห่งชาติ","กองบัญชาการตำรวจตระเวนชายแดน","กองบังคับการตำรวจตระเวนชายแดนภาค 4","กองกำกับการตำรวจตระเวนชายแดนที่ 43","SCH_G3_0197","2025-03-25","25/03/2568","0","0","0","0","0","0","0","0","0","0","0","0","0","0","0","0","0","0","0","0","0","0","0","0","0","0","0","0","0","0","0","0","0","0","0","0","0","0","0","0","0","0","0","0","0","0","0","0","0","0","0","0","0","0","0","0","0","0","0","0","0","0","0","0","0","0","0","0","0","0","0","0","0","0","0","0","A","ผ่าน"
"497","สำนักงานตำรวจแห่งชาติ","กองบัญชาการตำรวจตระเวนชายแดน","กองบังคับการตำรวจตระเวนชายแดนภาค 4","กองกำกับการตำรวจตระเวนชายแดนที่ 43","SCH_G3_0198","1998-11-09","09/11/2541","0","0","0","0","0","0","0","0","0","0","0","0","0","0","0","0","0","0","0","0","0","0","0","0","0","0","0","0","0","0","0","0","0","0","0","0","0","0","0","0","0","0","0","0","0","0","0","0","0","0","0","0","0","0","0","0","0","0","0","0","0","0","0","0","0","0","0","0","0","0","0","0","0","0","0","0","A","ผ่าน"
"498","สำนักงานตำรวจแห่งชาติ","กองบัญชาการตำรวจตระเวนชายแดน","กองบังคับการตำรวจตระเวนชายแดนภาค 4","กองกำกับการตำรวจตระเวนชายแดนที่ 43","SCH_G3_0199","2010-05-17","17/05/2553","0","0","0","0","0","0","0","0","0","0","0","0","0","0","0","0","0","0","0","0","0","0","0","0","0","0","0","0","0","0","0","0","0","0","0","0","0","0","0","0","0","0","0","0","0","0","0","0","0","0","0","0","0","0","0","0","0","0","0","0","0","0","0","0","0","0","0","0","0","0","0","0","0","0","0","0","A","ผ่าน"
"499","สำนักงานตำรวจแห่งชาติ","กองบัญชาการตำรวจตระเวนชายแดน","กองบังคับการตำรวจตระเวนชายแดนภาค 4","กองกำกับการตำรวจตระเวนชายแดนที่ 43","SCH_G3_0200","2025-05-16","16/05/2568","0","0","0","0","0","0","0","0","0","0","0","0","0","0","0","0","0","0","0","0","0","0","0","0","0","0","0","0","0","0","0","0","0","0","0","0","0","0","0","0","0","0","0","0","0","0","0","0","0","0","0","0","0","0","0","0","0","0","0","0","0","0","0","0","0","0","0","0","0","0","0","0","0","0","0","0","A","ผ่าน"
"500","สำนักงานตำรวจแห่งชาติ","กองบัญชาการตำรวจตระเวนชายแดน","กองบังคับการตำรวจตระเวนชายแดนภาค 4","กองกำกับการตำรวจตระเวนชายแดนที่ 43","SCH_G3_0201","","","0","0","0","0","0","0","0","0","0","0","0","0","0","0","0","0","0","0","0","0","0","0","0","0","0","0","0","0","0","0","0","0","0","0","0","0","0","0","0","0","0","0","0","0","0","0","0","0","0","0","0","0","0","0","0","0","0","0","0","0","0","0","0","0","0","0","0","0","0","0","0","0","0","0","0","0","A","ผ่าน"
"501","สำนักงานตำรวจแห่งชาติ","กองบัญชาการตำรวจตระเวนชายแดน","กองบังคับการตำรวจตระเวนชายแดนภาค 4","กองกำกับการตำรวจตระเวนชายแดนที่ 43","SCH_G3_0202","1985-06-14","14/06/2528","0","0","0","0","0","0","0","0","0","0","0","0","0","0","0","0","0","0","0","0","0","0","0","0","0","0","0","0","0","0","0","0","0","0","0","0","0","0","0","0","0","0","0","0","0","0","0","0","0","0","0","0","0","0","0","0","0","0","0","0","0","0","0","0","0","0","0","0","0","0","0","0","0","0","0","0","A","ผ่าน"
"502","สำนักงานตำรวจแห่งชาติ","กองบัญชาการตำรวจตระเวนชายแดน","กองบังคับการตำรวจตระเวนชายแดนภาค 4","กองกำกับการตำรวจตระเวนชายแดนที่ 43","SCH_G3_0203","1988-05-05","05/05/2531","0","0","0","0","0","1","0","0","0","0","0","0","0","0","0","0","0","0","0","0","0","0","0","0","0","0","0","0","0","0","0","0","0","0","0","0","0","0","0","0","0","0","0","0","0","0","0","0","0","0","0","0","0","0","0","0","0","0","0","0","0","0","0","0","0","0","0","0","0","0","0","0","0","0","0","1","B","ผ่าน"
"503","สำนักงานตำรวจแห่งชาติ","กองบัญชาการตำรวจตระเวนชายแดน","กองบังคับการตำรวจตระเวนชายแดนภาค 4","กองกำกับการตำรวจตระเวนชายแดนที่ 43","SCH_G3_0204","1990-02-14","14/02/2533","0","0","0","0","0","0","0","0","0","0","0","0","0","0","1","0","0","0","0","0","0","0","0","0","0","0","0","0","0","0","0","0","0","0","0","0","0","0","0","0","0","0","0","0","0","0","0","0","0","0","0","0","0","0","0","0","0","0","0","0","0","0","0","0","0","0","0","0","0","0","0","0","0","0","0","1","B","ผ่าน"
"504","สำนักงานตำรวจแห่งชาติ","กองบัญชาการตำรวจตระเวนชายแดน","กองบังคับการตำรวจตระเวนชายแดนภาค 1","กองกำกับการตำรวจตระเวนชายแดนที่ 11","SCH_G3_0001","1985-02-27","27/02/2528","0","0","0","0","0","0","0","0","0","0","0","0","0","0","0","0","0","0","0","0","0","0","0","0","0","0","0","0","0","0","0","0","0","0","0","0","0","0","0","0","0","0","0","0","0","0","0","0","0","0","0","0","0","0","0","0","0","0","0","0","0","0","0","0","0","0","0","0","0","0","0","0","0","0","0","0","A","ผ่าน"
"505","สำนักงานตำรวจแห่งชาติ","กองบัญชาการตำรวจตระเวนชายแดน","กองบังคับการตำรวจตระเวนชายแดนภาค 1","กองกำกับการตำรวจตระเวนชายแดนที่ 11","SCH_G3_0002","1986-07-30","30/07/2529","0","0","0","0","0","1","0","0","0","0","0","0","0","0","0","0","0","0","0","0","0","0","0","0","0","0","0","0","0","0","0","0","0","0","0","0","0","0","0","0","0","0","0","0","0","0","0","0","0","0","0","0","0","0","0","0","0","0","0","0","0","0","0","0","0","0","0","0","0","0","0","0","0","0","0","1","B","ผ่าน"
"506","สำนักงานตำรวจแห่งชาติ","กองบัญชาการตำรวจตระเวนชายแดน","กองบังคับการตำรวจตระเวนชายแดนภาค 1","กองกำกับการตำรวจตระเวนชายแดนที่ 11","SCH_G3_0003","1987-03-03","03/03/2530","0","0","0","0","0","0","0","0","0","0","0","0","0","0","0","0","0","0","0","0","0","0","0","0","0","0","0","0","0","0","0","0","0","0","0","0","0","0","0","0","0","0","0","0","0","0","0","0","0","0","0","0","0","0","0","0","0","0","0","0","0","0","0","0","0","0","0","0","0","0","0","0","0","0","0","0","A","ผ่าน"
"507","สำนักงานตำรวจแห่งชาติ","กองบัญชาการตำรวจตระเวนชายแดน","กองบังคับการตำรวจตระเวนชายแดนภาค 1","กองกำกับการตำรวจตระเวนชายแดนที่ 11","SCH_G3_0004","2025-05-16","16/05/2568","0","0","0","0","0","0","0","0","0","0","0","0","0","0","0","0","0","0","0","0","0","0","0","0","0","0","0","0","0","0","0","0","0","0","0","0","0","0","0","0","0","0","0","0","0","0","0","0","0","0","0","0","0","1","0","0","0","0","0","0","0","0","0","1","0","0","0","1","0","0","1","0","0","0","0","4","B","ผ่าน"
"508","สำนักงานตำรวจแห่งชาติ","กองบัญชาการตำรวจตระเวนชายแดน","กองบังคับการตำรวจตระเวนชายแดนภาค 1","กองกำกับการตำรวจตระเวนชายแดนที่ 11","SCH_G3_0005","1991-03-15","15/03/2534","0","0","0","0","0","1","0","0","0","0","0","0","0","0","0","0","0","0","0","0","0","0","0","0","0","0","0","0","0","0","0","0","0","0","0","0","0","0","0","0","0","0","0","0","0","0","0","0","0","0","0","0","0","0","0","0","0","0","0","0","0","0","0","0","0","0","0","0","0","0","0","0","0","0","0","1","B","ผ่าน"
"509","สำนักงานตำรวจแห่งชาติ","กองบัญชาการตำรวจตระเวนชายแดน","กองบังคับการตำรวจตระเวนชายแดนภาค 1","กองกำกับการตำรวจตระเวนชายแดนที่ 11","SCH_G3_0006","2002-05-16","16/05/2545","0","0","0","0","0","0","0","0","0","0","0","0","0","0","0","0","0","0","0","0","0","0","0","0","0","0","0","0","0","0","0","0","0","0","0","0","0","0","0","0","0","0","0","0","0","0","0","0","0","0","0","0","0","0","0","0","0","0","0","0","0","0","0","0","0","0","0","0","0","0","0","0","0","0","0","0","A","ผ่าน"
"510","สำนักงานตำรวจแห่งชาติ","กองบัญชาการตำรวจตระเวนชายแดน","กองบังคับการตำรวจตระเวนชายแดนภาค 1","กองกำกับการตำรวจตระเวนชายแดนที่ 11","SCH_G3_0007","1993-11-01","01/11/2536","0","0","0","0","0","0","0","0","0","0","0","0","0","0","0","0","0","0","0","0","0","0","0","0","0","0","0","0","0","0","0","0","0","0","0","0","0","0","0","0","0","0","0","0","0","0","0","0","0","0","0","0","0","0","0","0","0","0","0","0","0","0","0","0","0","0","0","0","0","0","0","0","0","0","0","0","A","ผ่าน"
"511","สำนักงานตำรวจแห่งชาติ","กองบัญชาการตำรวจตระเวนชายแดน","กองบังคับการตำรวจตระเวนชายแดนภาค 1","กองกำกับการตำรวจตระเวนชายแดนที่ 11","SCH_G3_0008","1999-05-16","16/05/2542","0","0","0","1","0","0","0","0","0","0","0","0","0","0","1","0","0","0","0","0","0","0","1","0","0","0","0","0","0","0","1","0","0","0","1","1","1","1","1","1","1","1","0","0","1","1","0","0","0","0","0","0","0","0","0","1","0","0","0","0","0","0","0","0","0","0","0","0","0","0","0","0","0","0","0","15","C","ผ่าน"
"512","สำนักงานตำรวจแห่งชาติ","กองบัญชาการตำรวจตระเวนชายแดน","กองบังคับการตำรวจตระเวนชายแดนภาค 1","กองกำกับการตำรวจตระเวนชายแดนที่ 12","SCH_G3_0009","2021-07-12","12/07/2564","0","0","0","0","0","0","0","0","0","0","0","0","0","0","0","0","0","0","0","0","0","0","0","0","0","0","0","0","0","0","0","0","0","0","0","0","0","0","0","0","0","0","0","0","0","0","0","0","0","0","0","0","0","0","0","0","0","0","0","1","0","0","0","0","0","0","0","0","0","0","0","0","0","0","0","1","B","ผ่าน"
"513","สำนักงานตำรวจแห่งชาติ","กองบัญชาการตำรวจตระเวนชายแดน","กองบังคับการตำรวจตระเวนชายแดนภาค 1","กองกำกับการตำรวจตระเวนชายแดนที่ 12","SCH_G3_0010","2017-05-16","16/05/2560","0","0","0","0","0","1","0","0","0","0","0","0","0","0","0","0","0","0","0","0","0","0","0","0","0","0","0","0","0","0","0","0","0","0","0","0","0","0","0","0","0","0","0","0","0","0","0","0","0","0","0","0","0","0","0","0","0","0","0","0","0","0","0","0","0","0","0","0","0","0","0","0","0","0","0","1","B","ผ่าน"
"514","สำนักงานตำรวจแห่งชาติ","กองบัญชาการตำรวจตระเวนชายแดน","กองบังคับการตำรวจตระเวนชายแดนภาค 1","กองกำกับการตำรวจตระเวนชายแดนที่ 12","SCH_G3_0011","2017-05-16","16/05/2560","0","0","0","0","0","0","0","0","0","0","0","0","0","0","0","0","0","0","0","0","0","0","0","0","0","0","0","0","0","0","0","0","0","0","0","0","0","0","0","0","0","0","0","0","0","0","0","0","0","0","0","0","0","0","0","0","0","0","0","0","0","0","0","0","0","0","0","0","0","0","0","0","0","0","0","0","A","ผ่าน"
"515","สำนักงานตำรวจแห่งชาติ","กองบัญชาการตำรวจตระเวนชายแดน","กองบังคับการตำรวจตระเวนชายแดนภาค 1","กองกำกับการตำรวจตระเวนชายแดนที่ 12","SCH_G3_0012","","","0","0","0","0","0","0","0","0","0","0","0","0","0","0","0","0","0","0","0","0","0","0","0","0","0","0","0","0","0","0","0","0","0","0","0","0","0","0","0","0","0","0","0","0","0","0","0","0","0","0","0","0","0","0","0","0","0","0","0","0","0","0","0","0","0","0","0","0","0","0","0","0","0","0","0","0","A","ผ่าน"
"516","สำนักงานตำรวจแห่งชาติ","กองบัญชาการตำรวจตระเวนชายแดน","กองบังคับการตำรวจตระเวนชายแดนภาค 1","กองกำกับการตำรวจตระเวนชายแดนที่ 12","SCH_G3_0013","1970-10-27","27/10/2513","0","0","0","0","0","0","0","0","0","0","0","0","0","0","0","0","0","0","0","0","0","0","0","0","0","0","0","0","0","0","0","0","0","0","0","0","0","0","0","0","0","0","0","0","0","0","0","0","0","0","0","0","0","0","0","0","0","0","0","0","0","0","0","0","0","0","0","0","0","0","0","0","0","0","0","0","A","ผ่าน"
"517","สำนักงานตำรวจแห่งชาติ","กองบัญชาการตำรวจตระเวนชายแดน","กองบังคับการตำรวจตระเวนชายแดนภาค 1","กองกำกับการตำรวจตระเวนชายแดนที่ 12","SCH_G3_0014","2025-06-03","03/06/2568","0","0","0","0","0","0","0","0","0","0","0","0","0","0","0","0","0","0","0","0","0","0","0","0","0","0","0","0","0","0","0","0","0","0","0","0","0","0","0","0","0","0","0","0","0","0","0","0","0","0","0","0","0","0","0","0","0","0","0","0","0","0","0","0","0","0","0","0","0","0","0","0","0","0","0","0","A","ผ่าน"
"518","สำนักงานตำรวจแห่งชาติ","กองบัญชาการตำรวจตระเวนชายแดน","กองบังคับการตำรวจตระเวนชายแดนภาค 1","กองกำกับการตำรวจตระเวนชายแดนที่ 12","SCH_G3_0015","1982-02-09","09/02/2525","0","0","0","0","0","0","0","0","0","0","0","0","0","0","0","0","0","0","0","0","0","0","0","0","0","0","0","0","0","0","0","0","0","0","0","0","0","0","0","0","0","0","0","0","0","0","0","0","0","0","0","0","0","0","0","0","0","0","0","0","0","0","0","0","0","0","0","0","0","0","0","0","0","0","0","0","A","ผ่าน"
"519","สำนักงานตำรวจแห่งชาติ","กองบัญชาการตำรวจตระเวนชายแดน","กองบังคับการตำรวจตระเวนชายแดนภาค 1","กองกำกับการตำรวจตระเวนชายแดนที่ 12","SCH_G3_0016","1977-06-20","20/06/2520","0","0","0","0","0","0","0","0","0","0","0","0","0","0","0","0","0","0","0","0","0","0","0","0","0","0","0","0","0","0","0","0","0","0","0","0","0","0","0","0","0","0","0","0","0","0","0","0","0","0","0","0","0","0","0","0","0","0","0","0","0","0","0","0","0","0","0","0","0","0","0","0","0","0","0","0","A","ผ่าน"
"520","สำนักงานตำรวจแห่งชาติ","กองบัญชาการตำรวจตระเวนชายแดน","กองบังคับการตำรวจตระเวนชายแดนภาค 1","กองกำกับการตำรวจตระเวนชายแดนที่ 12","SCH_G3_0017","","","0","0","0","0","0","0","0","0","0","0","0","0","0","0","0","0","0","0","0","0","0","0","0","0","0","0","0","0","0","0","0","0","0","0","0","0","0","0","0","0","0","0","0","0","0","0","0","0","0","0","0","0","0","0","0","0","0","0","0","0","0","0","0","0","0","0","0","0","0","0","0","0","0","0","0","0","A","ผ่าน"
"521","สำนักงานตำรวจแห่งชาติ","กองบัญชาการตำรวจตระเวนชายแดน","กองบังคับการตำรวจตระเวนชายแดนภาค 1","กองกำกับการตำรวจตระเวนชายแดนที่ 12","SCH_G3_0018","1995-06-01","01/06/2538","0","0","0","0","0","0","0","0","0","0","0","0","0","0","0","0","0","0","0","0","0","0","0","0","0","0","0","0","0","0","0","0","0","0","0","0","0","0","0","0","0","0","0","0","0","0","0","0","0","0","0","0","0","0","0","0","0","0","0","0","0","0","0","0","0","0","0","0","0","0","0","0","0","0","0","0","A","ผ่าน"
"522","สำนักงานตำรวจแห่งชาติ","กองบัญชาการตำรวจตระเวนชายแดน","กองบังคับการตำรวจตระเวนชายแดนภาค 2","กองกำกับการตำรวจตระเวนชายแดนที่ 21","SCH_G3_0019","2014-05-16","16/05/2557","0","0","0","0","0","0","0","0","0","0","0","0","0","0","0","0","0","0","0","0","0","0","0","0","0","0","0","0","0","0","0","0","0","0","0","0","0","0","0","0","0","0","0","0","0","0","0","0","0","0","0","0","0","0","0","1","0","0","0","0","0","0","0","0","0","0","0","0","0","1","0","0","0","0","0","2","B","ผ่าน"
"523","สำนักงานตำรวจแห่งชาติ","กองบัญชาการตำรวจตระเวนชายแดน","กองบังคับการตำรวจตระเวนชายแดนภาค 2","กองกำกับการตำรวจตระเวนชายแดนที่ 21","SCH_G3_0020","","","0","0","0","0","0","1","0","0","0","0","0","0","0","0","0","0","0","0","0","0","0","0","0","0","0","0","0","0","0","0","0","0","0","0","0","0","0","0","0","0","0","0","0","0","0","0","0","0","0","0","0","0","0","0","0","0","0","0","0","0","0","0","0","0","0","0","0","0","0","0","0","0","0","0","0","1","B","ผ่าน"
"524","สำนักงานตำรวจแห่งชาติ","กองบัญชาการตำรวจตระเวนชายแดน","กองบังคับการตำรวจตระเวนชายแดนภาค 2","กองกำกับการตำรวจตระเวนชายแดนที่ 21","SCH_G3_0021","1992-01-25","25/01/2535","0","0","0","0","0","0","0","0","0","0","0","0","0","0","0","0","0","0","0","0","0","0","0","0","0","0","0","0","0","0","0","0","0","0","0","0","0","0","0","0","0","0","0","0","0","0","0","0","0","0","0","0","0","0","0","0","0","0","0","0","0","0","0","0","0","0","0","0","0","0","0","0","0","0","0","0","A","ผ่าน"
"525","สำนักงานตำรวจแห่งชาติ","กองบัญชาการตำรวจตระเวนชายแดน","กองบังคับการตำรวจตระเวนชายแดนภาค 2","กองกำกับการตำรวจตระเวนชายแดนที่ 21","SCH_G3_0022","","","0","0","0","0","0","0","0","0","0","0","0","0","0","0","0","0","0","0","0","0","0","0","0","0","0","0","0","0","0","0","0","0","0","0","0","0","0","0","0","0","0","0","0","0","0","0","0","0","0","0","0","0","0","0","0","0","0","0","0","0","0","0","0","0","0","0","0","0","0","0","0","0","0","0","0","0","A","ผ่าน"
"526","สำนักงานตำรวจแห่งชาติ","กองบัญชาการตำรวจตระเวนชายแดน","กองบังคับการตำรวจตระเวนชายแดนภาค 2","กองกำกับการตำรวจตระเวนชายแดนที่ 21","SCH_G3_0023","1997-03-30","30/03/2540","0","0","0","0","0","0","0","0","0","0","0","0","0","0","0","0","0","0","0","0","0","0","0","0","0","0","0","0","0","0","0","0","0","0","0","0","0","0","0","0","0","0","0","0","0","0","0","0","0","0","0","0","0","0","0","0","0","0","0","0","0","0","0","0","0","0","0","0","0","0","0","0","0","0","0","0","A","ผ่าน"
"527","สำนักงานตำรวจแห่งชาติ","กองบัญชาการตำรวจตระเวนชายแดน","กองบังคับการตำรวจตระเวนชายแดนภาค 2","กองกำกับการตำรวจตระเวนชายแดนที่ 21","SCH_G3_0024","2025-05-16","16/05/2568","0","0","0","0","0","0","0","0","0","0","0","0","0","0","0","0","0","0","0","0","0","0","0","0","0","0","0","0","0","0","0","0","0","0","0","0","0","0","0","0","0","0","0","0","0","0","0","0","0","0","0","0","0","0","0","0","0","0","0","0","0","0","0","0","0","0","0","0","0","0","0","0","0","0","0","0","A","ผ่าน"
"528","สำนักงานตำรวจแห่งชาติ","กองบัญชาการตำรวจตระเวนชายแดน","กองบังคับการตำรวจตระเวนชายแดนภาค 2","กองกำกับการตำรวจตระเวนชายแดนที่ 21","SCH_G3_0025","2025-04-24","24/04/2568","0","0","0","0","0","0","0","0","0","0","0","0","0","0","0","0","0","0","0","0","0","0","0","0","0","0","0","0","0","0","0","0","0","0","0","0","0","0","0","0","0","0","0","0","0","0","0","0","0","0","0","0","0","0","0","0","0","0","0","0","0","0","0","0","0","0","0","0","0","0","0","0","0","0","0","0","A","ผ่าน"
"529","สำนักงานตำรวจแห่งชาติ","กองบัญชาการตำรวจตระเวนชายแดน","กองบังคับการตำรวจตระเวนชายแดนภาค 2","กองกำกับการตำรวจตระเวนชายแดนที่ 21","SCH_G3_0026","2023-04-29","29/04/2566","0","0","0","0","0","0","0","0","0","0","0","0","0","0","0","0","0","0","0","0","0","0","0","0","0","0","0","0","0","0","0","0","0","0","0","0","0","0","0","0","0","0","0","0","0","0","0","0","0","0","0","0","0","0","0","0","0","0","0","0","0","0","0","0","0","0","0","0","0","0","0","0","0","0","0","0","A","ผ่าน"
"530","สำนักงานตำรวจแห่งชาติ","กองบัญชาการตำรวจตระเวนชายแดน","กองบังคับการตำรวจตระเวนชายแดนภาค 2","กองกำกับการตำรวจตระเวนชายแดนที่ 22","SCH_G3_0027","1995-05-01","01/05/2538","0","0","0","0","0","0","0","0","0","0","0","0","0","0","0","0","0","0","0","0","0","0","0","0","0","0","0","0","0","0","0","0","0","0","0","0","0","0","0","0","0","0","0","0","0","0","0","0","0","0","0","0","0","0","0","0","0","0","0","0","0","0","0","0","0","0","0","0","0","0","0","0","0","0","0","0","A","ผ่าน"
"531","สำนักงานตำรวจแห่งชาติ","กองบัญชาการตำรวจตระเวนชายแดน","กองบังคับการตำรวจตระเวนชายแดนภาค 2","กองกำกับการตำรวจตระเวนชายแดนที่ 22","SCH_G3_0028","1962-05-01","01/05/2505","0","0","0","0","0","1","0","0","0","0","0","0","0","0","0","0","0","0","0","0","0","0","0","0","0","0","0","0","0","0","0","0","0","0","0","0","0","0","0","0","0","0","0","0","0","0","0","0","0","0","0","0","0","0","0","0","0","0","0","0","0","0","0","0","0","0","0","0","0","0","0","0","0","0","0","1","B","ผ่าน"
"532","สำนักงานตำรวจแห่งชาติ","กองบัญชาการตำรวจตระเวนชายแดน","กองบังคับการตำรวจตระเวนชายแดนภาค 2","กองกำกับการตำรวจตระเวนชายแดนที่ 22","SCH_G3_0029","1982-03-25","25/03/2525","0","0","0","0","0","0","0","0","0","0","0","0","0","0","0","0","0","0","0","0","0","0","0","0","0","0","0","0","0","0","0","0","0","0","0","0","0","0","0","0","0","0","0","0","0","0","0","0","0","0","0","0","0","0","0","0","0","0","0","0","0","0","0","0","0","0","0","0","0","0","0","0","0","0","0","0","A","ผ่าน"
"533","สำนักงานตำรวจแห่งชาติ","กองบัญชาการตำรวจตระเวนชายแดน","กองบังคับการตำรวจตระเวนชายแดนภาค 2","กองกำกับการตำรวจตระเวนชายแดนที่ 22","SCH_G3_0030","2024-08-27","27/08/2567","0","0","0","0","0","1","0","0","0","0","0","0","0","0","0","0","0","0","0","0","0","0","0","0","0","0","0","0","0","0","0","0","0","0","0","0","0","0","0","0","0","0","0","0","0","0","0","0","0","0","0","0","0","0","0","0","0","0","0","0","0","0","0","0","0","0","0","0","0","0","0","0","0","0","0","1","B","ผ่าน"
"534","สำนักงานตำรวจแห่งชาติ","กองบัญชาการตำรวจตระเวนชายแดน","กองบังคับการตำรวจตระเวนชายแดนภาค 2","กองกำกับการตำรวจตระเวนชายแดนที่ 22","SCH_G3_0031","2014-05-16","16/05/2557","0","0","0","0","0","1","0","0","0","0","0","0","0","0","0","0","0","0","0","0","0","0","0","0","0","0","0","0","0","0","0","0","0","0","0","0","0","0","0","0","0","0","0","0","0","0","0","0","0","0","0","0","0","0","0","0","0","0","0","0","0","0","0","0","0","0","0","0","0","0","0","0","0","0","0","1","B","ผ่าน"
"535","สำนักงานตำรวจแห่งชาติ","กองบัญชาการตำรวจตระเวนชายแดน","กองบังคับการตำรวจตระเวนชายแดนภาค 2","กองกำกับการตำรวจตระเวนชายแดนที่ 22","SCH_G3_0032","2024-04-23","23/04/2567","0","0","0","0","0","0","0","0","0","0","0","0","0","0","0","0","0","0","0","0","0","0","0","0","0","0","0","0","0","0","0","0","0","0","0","0","0","0","0","0","0","0","0","0","0","0","0","0","0","0","0","0","0","0","0","0","0","0","0","0","0","0","0","0","0","0","0","0","0","0","0","0","0","0","0","0","A","ผ่าน"
"536","สำนักงานตำรวจแห่งชาติ","กองบัญชาการตำรวจตระเวนชายแดน","กองบังคับการตำรวจตระเวนชายแดนภาค 2","กองกำกับการตำรวจตระเวนชายแดนที่ 22","SCH_G3_0033","2018-05-16","16/05/2561","0","0","0","0","0","0","0","0","0","0","0","0","0","0","1","0","0","0","0","0","0","0","0","0","0","0","0","0","0","0","0","0","0","0","0","0","0","0","0","0","0","0","0","0","0","0","0","0","0","0","0","0","0","0","0","0","0","0","0","0","0","0","0","0","0","0","0","0","0","0","0","0","0","0","0","1","B","ผ่าน"
"537","สำนักงานตำรวจแห่งชาติ","กองบัญชาการตำรวจตระเวนชายแดน","กองบังคับการตำรวจตระเวนชายแดนภาค 2","กองกำกับการตำรวจตระเวนชายแดนที่ 22","SCH_G3_0034","2024-04-27","27/04/2567","0","0","0","0","0","0","0","0","0","0","0","0","0","0","0","0","0","0","0","0","0","0","0","0","0","0","0","0","0","0","0","0","0","0","0","0","0","0","0","0","0","0","0","0","0","0","1","1","1","1","1","1","1","0","0","0","0","0","0","0","0","0","0","0","0","0","0","0","0","0","0","0","0","0","0","7","B","ผ่าน"
"538","สำนักงานตำรวจแห่งชาติ","กองบัญชาการตำรวจตระเวนชายแดน","กองบังคับการตำรวจตระเวนชายแดนภาค 2","กองกำกับการตำรวจตระเวนชายแดนที่ 22","SCH_G3_0035","2002-08-27","27/08/2545","0","0","0","0","0","0","0","0","0","0","0","0","0","0","0","0","0","0","0","0","0","0","0","0","0","0","0","0","0","0","0","0","0","0","0","0","0","0","0","0","0","0","0","0","0","0","0","0","0","0","0","0","0","0","0","0","0","0","0","0","0","0","0","0","0","0","0","0","0","0","0","0","0","0","0","0","A","ผ่าน"
"539","สำนักงานตำรวจแห่งชาติ","กองบัญชาการตำรวจตระเวนชายแดน","กองบังคับการตำรวจตระเวนชายแดนภาค 2","กองกำกับการตำรวจตระเวนชายแดนที่ 22","SCH_G3_0036","2018-05-16","16/05/2561","0","0","0","0","0","1","0","0","0","0","0","0","0","0","0","0","0","0","0","0","0","0","0","0","0","0","1","1","1","1","1","1","1","1","1","1","1","1","1","1","1","1","1","1","1","1","0","0","0","0","0","0","0","0","0","0","0","0","0","0","0","0","0","0","0","0","0","0","0","0","0","0","0","0","0","21","D","ไม่ผ่าน"
"540","สำนักงานตำรวจแห่งชาติ","กองบัญชาการตำรวจตระเวนชายแดน","กองบังคับการตำรวจตระเวนชายแดนภาค 2","กองกำกับการตำรวจตระเวนชายแดนที่ 22","SCH_G3_0037","1980-08-25","25/08/2523","0","0","0","0","0","1","0","0","0","0","0","0","0","0","0","0","0","0","0","0","0","0","0","0","0","0","0","0","0","0","0","0","0","0","0","0","0","0","0","0","0","0","0","0","0","0","0","0","0","0","0","0","0","0","0","0","0","0","0","0","0","0","0","0","0","0","0","0","0","0","0","0","0","0","0","1","B","ผ่าน"
"541","สำนักงานตำรวจแห่งชาติ","กองบัญชาการตำรวจตระเวนชายแดน","กองบังคับการตำรวจตระเวนชายแดนภาค 2","กองกำกับการตำรวจตระเวนชายแดนที่ 22","SCH_G3_0038","1986-08-11","11/08/2529","0","0","0","0","0","1","0","0","0","0","0","0","0","0","1","0","0","0","0","0","0","0","0","0","0","0","0","0","0","0","0","0","0","0","0","0","0","0","0","0","0","0","0","0","0","0","0","0","0","0","0","0","0","1","0","0","0","0","0","0","0","0","0","0","0","0","0","0","0","0","0","0","0","0","0","3","B","ผ่าน"
"542","สำนักงานตำรวจแห่งชาติ","กองบัญชาการตำรวจตระเวนชายแดน","กองบังคับการตำรวจตระเวนชายแดนภาค 2","กองกำกับการตำรวจตระเวนชายแดนที่ 22","SCH_G3_0039","2021-08-18","18/08/2564","0","0","0","0","0","0","0","0","0","0","0","1","0","0","0","0","0","0","0","0","0","0","0","0","0","0","0","0","0","0","0","0","0","0","0","0","0","0","0","0","0","0","0","0","0","0","0","0","0","0","0","0","0","0","0","0","0","0","0","0","0","0","0","0","1","0","0","1","1","1","0","0","0","0","0","5","B","ผ่าน"
"543","สำนักงานตำรวจแห่งชาติ","กองบัญชาการตำรวจตระเวนชายแดน","กองบังคับการตำรวจตระเวนชายแดนภาค 2","กองกำกับการตำรวจตระเวนชายแดนที่ 22","SCH_G3_0040","2015-05-18","18/05/2558","0","0","0","0","1","1","0","0","0","0","0","0","0","0","0","0","0","0","0","0","0","0","0","0","0","0","0","0","0","0","0","0","0","0","0","0","0","0","0","0","0","0","0","0","0","0","0","0","0","0","0","0","0","0","0","1","0","0","0","0","0","0","0","0","0","0","0","0","0","0","0","0","0","0","0","3","B","ผ่าน"
"544","สำนักงานตำรวจแห่งชาติ","กองบัญชาการตำรวจตระเวนชายแดน","กองบังคับการตำรวจตระเวนชายแดนภาค 2","กองกำกับการตำรวจตระเวนชายแดนที่ 24","SCH_G3_0041","2022-02-25","25/02/2565","0","0","0","0","0","1","0","0","0","0","0","0","0","0","1","0","0","0","0","0","0","0","0","0","0","0","0","0","0","0","0","0","0","0","0","0","0","0","0","0","0","0","0","0","0","0","0","0","0","0","0","0","0","0","0","0","0","0","0","0","0","0","0","0","0","0","0","0","0","0","0","0","0","0","0","2","B","ผ่าน"
"545","สำนักงานตำรวจแห่งชาติ","กองบัญชาการตำรวจตระเวนชายแดน","กองบังคับการตำรวจตระเวนชายแดนภาค 2","กองกำกับการตำรวจตระเวนชายแดนที่ 24","SCH_G3_0042","1995-06-10","10/06/2538","0","0","0","0","0","0","0","0","0","0","0","0","0","0","0","0","0","0","0","0","0","0","0","0","0","0","0","0","0","0","0","0","0","0","0","0","0","0","0","0","0","0","0","0","0","0","0","0","0","0","0","0","0","0","0","0","0","0","0","0","0","0","0","0","0","0","0","0","0","0","0","0","0","0","0","0","A","ผ่าน"
"546","สำนักงานตำรวจแห่งชาติ","กองบัญชาการตำรวจตระเวนชายแดน","กองบังคับการตำรวจตระเวนชายแดนภาค 2","กองกำกับการตำรวจตระเวนชายแดนที่ 24","SCH_G3_0043","2021-07-22","22/07/2564","0","0","0","0","0","1","0","0","0","0","0","0","0","0","0","0","0","0","0","0","0","0","0","0","0","0","0","0","0","0","0","0","0","0","0","0","0","0","0","0","0","0","0","0","0","0","0","0","0","0","0","0","0","0","0","0","0","0","0","0","0","0","0","0","0","0","0","0","0","0","0","0","0","0","0","1","B","ผ่าน"
"547","สำนักงานตำรวจแห่งชาติ","กองบัญชาการตำรวจตระเวนชายแดน","กองบังคับการตำรวจตระเวนชายแดนภาค 2","กองกำกับการตำรวจตระเวนชายแดนที่ 24","SCH_G3_0044","2015-05-18","18/05/2558","0","0","0","0","0","0","0","0","0","0","0","0","0","0","0","0","0","0","0","0","0","0","0","0","0","0","0","0","0","0","0","0","0","0","0","0","0","0","0","0","0","0","0","0","0","0","0","0","0","0","0","0","0","0","0","0","0","0","0","0","0","0","0","0","0","0","0","0","0","0","0","0","0","0","0","0","A","ผ่าน"
"548","สำนักงานตำรวจแห่งชาติ","กองบัญชาการตำรวจตระเวนชายแดน","กองบังคับการตำรวจตระเวนชายแดนภาค 2","กองกำกับการตำรวจตระเวนชายแดนที่ 24","SCH_G3_0046","2005-11-07","07/11/2548","0","0","0","0","0","0","0","0","0","0","0","0","0","0","0","0","0","0","0","0","0","0","0","0","0","0","0","0","0","0","0","0","0","0","0","0","0","0","0","0","0","0","0","0","0","0","0","0","0","0","0","0","0","0","0","0","0","0","0","0","0","0","0","0","0","0","0","0","0","0","0","0","0","0","0","0","A","ผ่าน"
"549","สำนักงานตำรวจแห่งชาติ","กองบัญชาการตำรวจตระเวนชายแดน","กองบังคับการตำรวจตระเวนชายแดนภาค 2","กองกำกับการตำรวจตระเวนชายแดนที่ 24","SCH_G3_0048","2021-07-26","26/07/2564","0","0","0","0","0","1","0","0","0","0","0","0","0","0","0","0","0","0","0","0","0","0","0","0","0","0","0","0","0","0","0","0","0","0","0","0","0","0","0","0","0","0","0","0","0","0","0","0","0","0","0","0","0","0","0","0","0","0","0","0","0","0","0","0","0","0","0","0","0","0","0","0","0","0","0","1","B","ผ่าน"
"550","สำนักงานตำรวจแห่งชาติ","กองบัญชาการตำรวจตระเวนชายแดน","กองบังคับการตำรวจตระเวนชายแดนภาค 2","กองกำกับการตำรวจตระเวนชายแดนที่ 24","SCH_G3_0049","2021-07-22","22/07/2564","0","0","0","0","0","1","0","0","0","0","0","0","0","0","0","0","0","0","0","0","0","0","0","0","0","0","0","0","0","0","0","0","0","0","0","0","0","0","0","0","0","0","0","0","0","0","0","0","0","0","0","0","0","0","0","0","0","0","0","0","0","0","0","0","0","0","0","0","0","0","0","0","0","0","0","1","B","ผ่าน"
"551","สำนักงานตำรวจแห่งชาติ","กองบัญชาการตำรวจตระเวนชายแดน","กองบังคับการตำรวจตระเวนชายแดนภาค 2","กองกำกับการตำรวจตระเวนชายแดนที่ 24","SCH_G3_0050","1989-08-24","24/08/2532","0","0","0","0","0","0","0","0","0","0","0","0","0","0","0","0","0","0","0","0","0","0","0","0","0","0","0","0","0","0","0","0","0","0","0","0","0","0","0","0","0","0","0","0","0","0","0","0","0","0","0","0","0","0","0","0","0","0","0","0","0","0","0","0","0","0","0","0","0","0","0","0","0","0","0","0","A","ผ่าน"
"552","สำนักงานตำรวจแห่งชาติ","กองบัญชาการตำรวจตระเวนชายแดน","กองบังคับการตำรวจตระเวนชายแดนภาค 2","กองกำกับการตำรวจตระเวนชายแดนที่ 24","SCH_G3_0051","1977-09-20","20/09/2520","0","0","0","0","0","0","0","0","0","0","0","0","0","0","0","0","0","0","0","0","0","0","0","0","0","0","0","0","0","0","0","0","0","0","0","0","0","0","0","0","0","0","0","0","0","0","0","0","0","0","0","0","0","0","0","0","0","0","0","0","0","0","0","0","0","0","0","0","0","0","0","0","0","0","0","0","A","ผ่าน"
"553","สำนักงานตำรวจแห่งชาติ","กองบัญชาการตำรวจตระเวนชายแดน","กองบังคับการตำรวจตระเวนชายแดนภาค 2","กองกำกับการตำรวจตระเวนชายแดนที่ 24","SCH_G3_0052","1980-12-23","23/12/2523","0","0","0","0","0","0","0","0","0","0","0","0","0","0","0","0","0","0","0","0","0","0","0","0","0","0","0","0","0","0","0","0","0","0","0","0","0","0","0","0","0","0","0","0","0","0","0","0","0","0","0","0","0","0","0","0","0","0","0","0","0","0","0","0","0","0","0","0","0","0","0","0","0","0","0","0","A","ผ่าน"
"554","สำนักงานตำรวจแห่งชาติ","กองบัญชาการตำรวจตระเวนชายแดน","กองบังคับการตำรวจตระเวนชายแดนภาค 2","กองกำกับการตำรวจตระเวนชายแดนที่ 24","SCH_G3_0056","1995-06-14","14/06/2538","0","0","0","0","0","0","0","0","0","0","0","0","0","0","0","0","0","0","0","0","0","0","0","0","0","0","0","0","0","1","0","0","0","0","0","0","0","0","0","0","0","0","0","0","0","0","0","0","0","0","0","0","0","0","0","0","0","0","0","0","0","0","0","0","0","0","0","0","0","0","0","0","0","0","0","1","B","ผ่าน"
"555","สำนักงานตำรวจแห่งชาติ","กองบัญชาการตำรวจตระเวนชายแดน","กองบังคับการตำรวจตระเวนชายแดนภาค 2","กองกำกับการตำรวจตระเวนชายแดนที่ 23","SCH_G3_0057","2025-05-15","15/05/2568","0","0","0","0","0","0","0","0","0","0","0","0","0","0","0","0","0","0","0","0","0","0","0","0","0","0","0","0","0","0","0","0","0","0","0","0","0","0","0","0","0","0","0","0","0","0","0","0","0","0","0","0","0","0","0","0","0","0","0","0","0","0","0","0","0","0","0","0","0","0","0","0","0","0","0","0","A","ผ่าน"
"556","สำนักงานตำรวจแห่งชาติ","กองบัญชาการตำรวจตระเวนชายแดน","กองบังคับการตำรวจตระเวนชายแดนภาค 2","กองกำกับการตำรวจตระเวนชายแดนที่ 23","SCH_G3_0058","2021-06-14","14/06/2564","0","0","0","0","0","1","0","0","0","0","0","0","0","0","0","0","0","0","0","0","0","0","0","0","0","0","0","0","0","0","0","0","0","0","0","0","0","0","0","0","0","0","0","0","0","0","0","0","0","0","0","0","0","0","0","0","0","0","0","0","0","0","0","0","0","0","0","0","0","0","0","0","0","0","0","1","B","ผ่าน"
"557","สำนักงานตำรวจแห่งชาติ","กองบัญชาการตำรวจตระเวนชายแดน","กองบังคับการตำรวจตระเวนชายแดนภาค 2","กองกำกับการตำรวจตระเวนชายแดนที่ 23","SCH_G3_0059","1977-10-01","01/10/2520","0","0","0","0","0","1","0","0","0","0","0","0","0","0","0","0","0","0","0","0","0","0","0","0","0","0","0","0","0","0","0","0","0","0","0","0","0","0","0","0","0","0","0","0","0","0","0","0","0","0","0","0","0","0","0","0","0","0","0","0","0","0","0","0","0","0","0","0","0","0","0","0","0","0","0","1","B","ผ่าน"
"558","สำนักงานตำรวจแห่งชาติ","กองบัญชาการตำรวจตระเวนชายแดน","กองบังคับการตำรวจตระเวนชายแดนภาค 2","กองกำกับการตำรวจตระเวนชายแดนที่ 23","SCH_G3_0060","2014-01-07","07/01/2557","0","0","0","0","0","0","0","0","0","0","0","0","0","0","0","0","0","0","0","0","0","0","0","0","0","0","0","0","0","0","0","0","0","0","0","0","0","0","0","0","0","0","0","0","0","0","0","0","0","0","0","0","0","0","0","0","0","0","0","0","0","0","0","0","0","0","0","0","0","0","0","0","0","0","0","0","A","ผ่าน"
"559","สำนักงานตำรวจแห่งชาติ","กองบัญชาการตำรวจตระเวนชายแดน","กองบังคับการตำรวจตระเวนชายแดนภาค 2","กองกำกับการตำรวจตระเวนชายแดนที่ 23","SCH_G3_0061","2014-05-16","16/05/2557","0","0","0","0","0","0","0","0","0","0","0","0","0","0","0","0","0","0","0","0","0","0","0","0","0","0","0","0","0","0","0","0","0","0","0","0","0","0","0","0","0","0","0","0","0","0","0","0","0","0","0","0","0","0","0","0","0","0","0","0","0","0","0","0","0","0","0","0","0","0","0","0","0","0","0","0","A","ผ่าน"
"560","สำนักงานตำรวจแห่งชาติ","กองบัญชาการตำรวจตระเวนชายแดน","กองบังคับการตำรวจตระเวนชายแดนภาค 2","กองกำกับการตำรวจตระเวนชายแดนที่ 23","SCH_G3_0063","1976-06-01","01/06/2519","0","0","0","0","0","0","0","0","0","0","0","0","0","0","0","0","0","0","0","0","0","0","0","0","0","0","0","0","0","0","0","0","0","0","0","0","0","0","0","0","0","0","0","0","0","0","0","0","0","0","0","0","0","0","0","0","0","0","0","0","0","0","0","0","0","0","0","0","0","0","0","0","0","0","0","0","A","ผ่าน"
"561","สำนักงานตำรวจแห่งชาติ","กองบัญชาการตำรวจตระเวนชายแดน","กองบังคับการตำรวจตระเวนชายแดนภาค 2","กองกำกับการตำรวจตระเวนชายแดนที่ 23","SCH_G3_0064","1985-05-10","10/05/2528","0","0","0","0","0","0","0","0","0","0","0","0","0","0","0","0","0","0","0","0","0","0","0","0","0","0","0","0","0","0","0","0","0","0","0","0","0","0","0","0","0","0","0","0","0","0","0","0","0","0","0","0","0","0","0","0","0","0","0","0","0","0","0","0","0","0","0","0","0","0","0","0","0","0","0","0","A","ผ่าน"
"562","สำนักงานตำรวจแห่งชาติ","กองบัญชาการตำรวจตระเวนชายแดน","กองบังคับการตำรวจตระเวนชายแดนภาค 2","กองกำกับการตำรวจตระเวนชายแดนที่ 23","SCH_G3_0066","2015-05-12","12/05/2558","0","0","0","0","0","1","0","0","0","1","1","0","0","1","1","0","0","0","0","0","0","0","0","0","0","0","0","1","0","0","0","0","0","0","0","0","0","0","0","0","0","0","0","0","1","0","0","0","0","0","0","0","0","0","0","0","0","0","0","0","0","0","0","1","0","0","0","0","1","0","0","0","0","0","0","9","C","ผ่าน"
"563","สำนักงานตำรวจแห่งชาติ","กองบัญชาการตำรวจตระเวนชายแดน","กองบังคับการตำรวจตระเวนชายแดนภาค 3","กองกำกับการตำรวจตระเวนชายแดนที่ 33","SCH_G3_0067","2021-05-17","17/05/2564","0","0","0","0","0","0","0","0","0","0","0","0","0","0","0","0","0","0","0","0","0","0","0","0","0","0","0","0","0","0","0","0","0","0","0","0","0","0","0","0","0","0","0","0","0","0","0","0","0","0","0","0","0","0","0","0","0","0","0","0","0","0","0","0","0","0","0","0","0","0","0","0","0","0","0","0","A","ผ่าน"
"564","สำนักงานตำรวจแห่งชาติ","กองบัญชาการตำรวจตระเวนชายแดน","กองบังคับการตำรวจตระเวนชายแดนภาค 3","กองกำกับการตำรวจตระเวนชายแดนที่ 33","SCH_G3_0068","2021-07-08","08/07/2564","0","0","0","0","0","0","0","0","0","0","0","0","0","0","0","0","0","0","0","0","0","0","0","0","0","0","0","0","0","0","0","0","0","0","0","0","0","0","0","0","0","0","0","0","0","0","0","0","0","0","0","0","0","0","0","0","0","0","0","0","0","0","0","0","0","0","0","0","0","0","0","0","0","0","0","0","A","ผ่าน"
"565","สำนักงานตำรวจแห่งชาติ","กองบัญชาการตำรวจตระเวนชายแดน","กองบังคับการตำรวจตระเวนชายแดนภาค 3","กองกำกับการตำรวจตระเวนชายแดนที่ 33","SCH_G3_0069","2025-03-20","20/03/2568","0","0","0","0","0","0","0","0","0","0","0","0","0","0","0","0","0","0","0","0","0","0","0","0","0","0","0","0","0","0","0","0","0","0","0","0","0","0","0","0","0","0","0","0","0","0","0","0","0","0","0","0","0","0","0","0","0","0","0","0","0","0","0","0","0","0","0","0","0","0","0","0","0","0","0","0","A","ผ่าน"
"566","สำนักงานตำรวจแห่งชาติ","กองบัญชาการตำรวจตระเวนชายแดน","กองบังคับการตำรวจตระเวนชายแดนภาค 3","กองกำกับการตำรวจตระเวนชายแดนที่ 33","SCH_G3_0070","2017-05-16","16/05/2560","0","0","0","0","0","0","0","0","0","0","0","0","0","0","0","0","0","0","0","0","0","0","0","0","0","0","0","0","0","0","0","0","0","0","0","0","0","0","0","0","0","0","0","0","0","0","0","0","0","0","0","0","0","0","0","0","0","0","0","0","0","0","0","0","0","0","0","0","0","0","0","0","0","0","0","0","A","ผ่าน"
"567","สำนักงานตำรวจแห่งชาติ","กองบัญชาการตำรวจตระเวนชายแดน","กองบังคับการตำรวจตระเวนชายแดนภาค 3","กองกำกับการตำรวจตระเวนชายแดนที่ 33","SCH_G3_0071","2018-05-16","16/05/2561","0","0","0","0","0","0","0","0","0","0","0","0","0","0","0","0","0","0","0","0","0","0","0","0","0","0","0","0","0","0","0","0","0","0","0","0","0","0","0","0","0","0","0","0","0","0","0","0","0","0","0","0","0","0","0","0","0","0","0","0","0","0","0","0","0","0","0","0","0","0","0","0","0","0","0","0","A","ผ่าน"
"568","สำนักงานตำรวจแห่งชาติ","กองบัญชาการตำรวจตระเวนชายแดน","กองบังคับการตำรวจตระเวนชายแดนภาค 3","กองกำกับการตำรวจตระเวนชายแดนที่ 33","SCH_G3_0072","2021-07-09","09/07/2564","0","0","0","0","0","0","0","0","0","0","0","0","0","0","0","0","0","0","0","0","0","0","0","0","0","0","0","0","0","0","0","0","0","0","0","0","0","0","0","0","0","0","0","0","0","0","0","0","0","0","0","0","0","0","0","0","0","0","0","0","0","0","0","0","0","0","0","0","0","0","0","0","0","0","0","0","A","ผ่าน"
"569","สำนักงานตำรวจแห่งชาติ","กองบัญชาการตำรวจตระเวนชายแดน","กองบังคับการตำรวจตระเวนชายแดนภาค 3","กองกำกับการตำรวจตระเวนชายแดนที่ 33","SCH_G3_0073","1998-07-25","25/07/2541","0","0","0","0","0","0","0","0","0","0","0","0","0","0","0","0","0","0","0","0","0","0","0","0","0","0","0","0","0","0","0","0","0","0","0","0","0","0","0","0","0","0","0","0","0","0","0","0","0","0","0","0","0","0","0","0","0","0","0","0","0","0","0","0","0","0","0","0","0","0","0","0","0","0","0","0","A","ผ่าน"
"570","สำนักงานตำรวจแห่งชาติ","กองบัญชาการตำรวจตระเวนชายแดน","กองบังคับการตำรวจตระเวนชายแดนภาค 3","กองกำกับการตำรวจตระเวนชายแดนที่ 33","SCH_G3_0074","1992-06-27","27/06/2535","0","0","0","0","0","0","0","0","0","0","0","0","0","0","0","0","0","0","0","0","0","0","0","0","0","0","0","0","0","0","0","0","0","0","0","0","0","0","0","0","0","0","0","0","0","0","0","0","0","0","0","0","0","0","0","0","0","0","0","0","0","0","0","0","0","0","0","0","0","0","0","0","0","0","0","0","A","ผ่าน"
"571","สำนักงานตำรวจแห่งชาติ","กองบัญชาการตำรวจตระเวนชายแดน","กองบังคับการตำรวจตระเวนชายแดนภาค 3","กองกำกับการตำรวจตระเวนชายแดนที่ 33","SCH_G3_0075","1967-01-10","10/01/2510","0","0","0","0","0","0","0","0","0","0","0","0","0","0","0","0","0","0","0","0","0","0","0","0","0","0","0","0","0","0","0","0","0","0","0","0","0","0","0","0","0","0","0","0","0","0","0","0","0","0","0","0","0","0","0","0","0","0","0","0","0","0","0","0","0","0","0","0","0","0","0","0","0","0","0","0","A","ผ่าน"
"572","สำนักงานตำรวจแห่งชาติ","กองบัญชาการตำรวจตระเวนชายแดน","กองบังคับการตำรวจตระเวนชายแดนภาค 3","กองกำกับการตำรวจตระเวนชายแดนที่ 33","SCH_G3_0076","1962-01-11","11/01/2505","0","0","0","0","0","1","0","0","0","0","0","0","0","0","0","0","0","0","0","0","0","0","0","0","0","0","0","0","0","0","0","0","0","0","0","0","0","0","0","0","0","0","0","0","0","0","0","0","0","0","0","0","0","0","0","0","0","0","0","0","0","0","0","0","0","0","0","0","0","0","0","0","0","0","0","1","B","ผ่าน"
"573","สำนักงานตำรวจแห่งชาติ","กองบัญชาการตำรวจตระเวนชายแดน","กองบังคับการตำรวจตระเวนชายแดนภาค 3","กองกำกับการตำรวจตระเวนชายแดนที่ 33","SCH_G3_0077","1971-06-14","14/06/2514","0","0","0","0","1","0","1","0","0","0","0","0","0","0","0","0","0","0","0","0","0","0","0","0","0","0","0","0","0","0","0","0","0","0","0","0","0","0","0","0","0","0","0","0","0","0","0","0","0","0","0","0","0","0","0","0","0","0","0","0","0","0","0","0","0","0","0","0","0","0","0","0","0","0","0","2","B","ผ่าน"
"574","สำนักงานตำรวจแห่งชาติ","กองบัญชาการตำรวจตระเวนชายแดน","กองบังคับการตำรวจตระเวนชายแดนภาค 3","กองกำกับการตำรวจตระเวนชายแดนที่ 33","SCH_G3_0078","1965-12-01","01/12/2508","0","0","0","0","0","0","0","0","0","0","0","0","0","0","0","0","0","0","0","0","0","0","0","0","0","0","0","0","0","0","0","0","0","0","0","0","0","0","0","0","0","0","0","0","0","0","0","0","0","0","0","0","0","0","0","0","0","0","0","0","0","0","0","0","0","0","0","0","0","0","0","0","0","0","0","0","A","ผ่าน"
"575","สำนักงานตำรวจแห่งชาติ","กองบัญชาการตำรวจตระเวนชายแดน","กองบังคับการตำรวจตระเวนชายแดนภาค 3","กองกำกับการตำรวจตระเวนชายแดนที่ 33","SCH_G3_0079","2012-04-20","20/04/2555","0","0","0","0","0","0","0","0","0","0","0","0","0","0","0","0","0","0","0","0","0","0","0","0","0","0","0","0","0","0","0","0","0","0","0","0","0","0","0","0","0","0","0","0","0","0","0","0","0","0","0","0","0","0","0","0","0","0","0","0","0","0","0","0","0","0","0","0","0","0","0","0","0","0","0","0","A","ผ่าน"
"576","สำนักงานตำรวจแห่งชาติ","กองบัญชาการตำรวจตระเวนชายแดน","กองบังคับการตำรวจตระเวนชายแดนภาค 3","กองกำกับการตำรวจตระเวนชายแดนที่ 33","SCH_G3_0080","2007-12-01","01/12/2550","0","0","0","0","0","0","0","0","0","0","0","0","0","0","0","0","0","0","0","0","0","0","0","0","0","0","0","0","0","0","0","0","0","0","0","0","0","0","0","0","0","0","0","0","0","0","0","0","0","0","0","0","0","0","0","0","0","0","0","0","0","0","0","0","0","0","0","0","0","0","0","0","0","0","0","0","A","ผ่าน"
"577","สำนักงานตำรวจแห่งชาติ","กองบัญชาการตำรวจตระเวนชายแดน","กองบังคับการตำรวจตระเวนชายแดนภาค 3","กองกำกับการตำรวจตระเวนชายแดนที่ 33","SCH_G3_0081","2015-05-18","18/05/2558","0","0","0","0","0","1","0","0","0","0","0","0","0","0","0","0","0","0","0","0","0","0","0","0","0","0","0","0","0","0","0","0","0","0","0","0","0","0","0","0","0","0","0","0","0","0","0","0","0","0","0","0","0","1","0","0","0","0","0","0","0","0","0","0","0","0","0","0","0","0","0","0","0","0","0","2","B","ผ่าน"
"578","สำนักงานตำรวจแห่งชาติ","กองบัญชาการตำรวจตระเวนชายแดน","กองบังคับการตำรวจตระเวนชายแดนภาค 3","กองกำกับการตำรวจตระเวนชายแดนที่ 33","SCH_G3_0084","2019-05-16","16/05/2562","0","0","0","0","0","0","0","0","0","0","0","0","0","0","0","0","0","0","0","0","0","0","0","0","0","0","0","0","0","0","0","0","0","0","0","0","0","0","0","0","0","0","0","0","0","0","0","0","0","0","0","0","0","0","0","0","1","1","1","1","1","1","1","1","1","1","1","1","0","1","1","1","1","1","1","18","D","ไม่ผ่าน"
"579","สำนักงานตำรวจแห่งชาติ","กองบัญชาการตำรวจตระเวนชายแดน","กองบังคับการตำรวจตระเวนชายแดนภาค 3","กองกำกับการตำรวจตระเวนชายแดนที่ 31","SCH_G3_0085","1958-05-01","01/05/2501","0","0","0","0","0","1","0","0","0","0","0","0","0","0","0","0","0","0","0","0","0","0","0","0","0","0","0","0","0","0","0","0","0","0","0","0","0","0","0","0","0","0","0","0","0","0","0","0","0","0","0","0","0","0","0","0","0","0","0","0","0","0","0","0","0","0","0","0","0","0","0","0","0","0","0","1","B","ผ่าน"
"580","สำนักงานตำรวจแห่งชาติ","กองบัญชาการตำรวจตระเวนชายแดน","กองบังคับการตำรวจตระเวนชายแดนภาค 3","กองกำกับการตำรวจตระเวนชายแดนที่ 31","SCH_G3_0086","1986-08-01","01/08/2529","0","0","0","0","0","0","0","0","0","0","0","0","0","0","0","0","0","0","0","0","0","0","0","0","0","0","0","0","0","0","0","0","0","0","0","0","0","0","0","0","0","0","0","0","0","0","0","0","0","0","0","0","0","0","0","0","0","0","0","0","0","0","0","0","0","0","0","0","0","0","0","0","0","0","0","0","A","ผ่าน"
"581","สำนักงานตำรวจแห่งชาติ","กองบัญชาการตำรวจตระเวนชายแดน","กองบังคับการตำรวจตระเวนชายแดนภาค 3","กองกำกับการตำรวจตระเวนชายแดนที่ 32","SCH_G3_0087","2020-01-24","24/01/2563","0","0","0","0","0","1","0","0","0","0","0","0","0","0","0","0","0","0","0","0","0","0","0","0","0","0","0","0","0","0","0","0","0","0","0","0","0","0","0","0","0","0","0","0","0","0","0","0","0","0","0","0","0","0","0","1","0","0","0","0","0","0","0","1","0","0","0","0","0","0","0","0","0","0","0","3","B","ผ่าน"
"582","สำนักงานตำรวจแห่งชาติ","กองบัญชาการตำรวจตระเวนชายแดน","กองบังคับการตำรวจตระเวนชายแดนภาค 3","กองกำกับการตำรวจตระเวนชายแดนที่ 32","SCH_G3_0088","1995-01-26","26/01/2538","0","0","0","0","0","1","0","0","0","0","0","0","0","0","0","0","0","0","0","0","0","0","0","0","0","0","0","0","0","0","0","0","0","0","0","0","0","0","0","0","0","0","0","0","0","0","0","0","0","0","0","0","0","0","0","1","0","0","0","0","0","0","0","0","0","0","0","0","0","0","0","0","0","0","0","2","B","ผ่าน"
"583","สำนักงานตำรวจแห่งชาติ","กองบัญชาการตำรวจตระเวนชายแดน","กองบังคับการตำรวจตระเวนชายแดนภาค 3","กองกำกับการตำรวจตระเวนชายแดนที่ 32","SCH_G3_0089","","","0","0","0","0","0","0","0","0","0","0","0","0","0","0","0","0","0","0","0","0","0","0","0","0","0","0","0","0","0","0","0","0","0","0","0","0","0","0","0","0","0","0","0","0","0","0","0","0","0","0","0","0","0","0","0","0","0","0","0","0","0","0","0","0","0","0","0","0","0","0","0","0","0","0","0","0","A","ผ่าน"
"584","สำนักงานตำรวจแห่งชาติ","กองบัญชาการตำรวจตระเวนชายแดน","กองบังคับการตำรวจตระเวนชายแดนภาค 3","กองกำกับการตำรวจตระเวนชายแดนที่ 32","SCH_G3_0091","1985-01-12","12/01/2528","0","0","0","0","0","1","0","0","0","0","0","0","0","0","0","0","0","0","0","0","0","0","0","0","0","0","0","0","0","0","0","0","0","0","0","0","0","0","0","0","0","0","0","0","0","0","0","0","0","0","0","0","0","0","0","0","0","0","0","0","0","0","0","0","0","0","0","0","0","0","0","0","0","0","0","1","B","ผ่าน"
"585","สำนักงานตำรวจแห่งชาติ","กองบัญชาการตำรวจตระเวนชายแดน","กองบังคับการตำรวจตระเวนชายแดนภาค 3","กองกำกับการตำรวจตระเวนชายแดนที่ 32","SCH_G3_0092","2018-02-10","10/02/2561","0","0","0","0","1","1","0","0","0","1","0","0","0","0","0","0","0","0","0","0","0","0","1","0","0","1","0","0","0","0","0","0","0","0","0","0","0","0","0","0","0","0","0","0","0","0","0","0","0","0","0","0","0","0","0","0","0","0","0","0","0","0","0","1","0","0","0","0","1","0","0","0","0","0","0","7","B","ผ่าน"
"586","สำนักงานตำรวจแห่งชาติ","กองบัญชาการตำรวจตระเวนชายแดน","กองบังคับการตำรวจตระเวนชายแดนภาค 3","กองกำกับการตำรวจตระเวนชายแดนที่ 32","SCH_G3_0093","2021-06-14","14/06/2564","0","0","0","0","1","1","0","0","0","1","0","1","0","0","1","0","0","0","0","0","0","0","0","0","1","0","0","0","0","0","0","0","0","0","0","0","0","0","0","0","0","0","0","0","0","0","0","0","0","0","0","0","0","0","0","0","0","0","0","0","0","0","0","0","0","0","0","0","0","0","0","0","0","0","0","6","B","ผ่าน"
"587","สำนักงานตำรวจแห่งชาติ","กองบัญชาการตำรวจตระเวนชายแดน","กองบังคับการตำรวจตระเวนชายแดนภาค 3","กองกำกับการตำรวจตระเวนชายแดนที่ 32","SCH_G3_0094","2025-02-17","17/02/2568","0","0","0","0","0","0","0","0","0","0","0","0","0","0","0","0","0","0","0","0","0","0","0","0","0","0","0","0","0","0","0","0","0","0","0","0","0","0","0","0","0","0","0","0","0","0","0","0","0","0","0","0","0","0","0","0","0","0","0","0","0","0","0","0","0","0","0","0","0","0","0","0","0","0","0","0","A","ผ่าน"
"588","สำนักงานตำรวจแห่งชาติ","กองบัญชาการตำรวจตระเวนชายแดน","กองบังคับการตำรวจตระเวนชายแดนภาค 3","กองกำกับการตำรวจตระเวนชายแดนที่ 32","SCH_G3_0095","1965-05-08","08/05/2508","0","0","0","0","0","1","0","0","0","0","0","1","0","0","0","0","0","0","1","0","0","0","0","0","0","0","0","0","0","0","0","0","0","0","0","0","0","0","0","0","0","0","0","0","0","0","0","0","0","0","0","0","0","0","0","0","0","0","0","0","0","0","0","0","0","0","0","1","0","0","0","0","0","0","0","4","B","ผ่าน"
"589","สำนักงานตำรวจแห่งชาติ","กองบัญชาการตำรวจตระเวนชายแดน","กองบังคับการตำรวจตระเวนชายแดนภาค 3","กองกำกับการตำรวจตระเวนชายแดนที่ 32","SCH_G3_0096","1960-10-01","01/10/2503","0","0","0","0","0","0","0","0","0","0","0","0","0","0","0","0","0","0","0","0","0","0","0","0","0","0","0","0","0","0","0","0","0","0","0","0","0","0","0","0","0","0","0","0","0","0","0","0","0","0","0","0","0","0","0","0","0","0","0","0","0","0","0","0","0","0","0","0","0","0","0","0","0","0","0","0","A","ผ่าน"
"590","สำนักงานตำรวจแห่งชาติ","กองบัญชาการตำรวจตระเวนชายแดน","กองบังคับการตำรวจตระเวนชายแดนภาค 3","กองกำกับการตำรวจตระเวนชายแดนที่ 32","SCH_G3_0097","2024-05-16","16/05/2567","0","0","0","0","0","1","0","0","0","0","0","0","0","0","0","0","0","0","0","0","0","0","0","0","0","0","0","0","0","0","0","1","0","0","0","0","0","0","0","0","1","0","0","0","0","0","0","0","0","0","0","0","0","0","0","0","0","0","0","0","0","0","0","0","0","0","0","0","0","0","0","0","0","0","0","3","B","ผ่าน"
"591","สำนักงานตำรวจแห่งชาติ","กองบัญชาการตำรวจตระเวนชายแดน","กองบังคับการตำรวจตระเวนชายแดนภาค 3","กองกำกับการตำรวจตระเวนชายแดนที่ 32","SCH_G3_0098","1974-01-09","09/01/2517","0","0","0","0","0","0","0","0","0","0","0","0","0","0","0","0","0","0","0","0","0","0","0","0","0","0","0","0","0","0","0","0","0","0","0","0","0","0","0","0","0","0","0","0","0","0","0","0","0","0","0","0","0","0","0","0","0","0","0","0","0","0","0","0","0","0","0","0","0","0","0","0","0","0","0","0","A","ผ่าน"
"592","สำนักงานตำรวจแห่งชาติ","กองบัญชาการตำรวจตระเวนชายแดน","กองบังคับการตำรวจตระเวนชายแดนภาค 3","กองกำกับการตำรวจตระเวนชายแดนที่ 32","SCH_G3_0099","2014-05-16","16/05/2557","0","0","0","0","0","0","0","0","0","0","0","0","0","0","0","0","0","0","0","0","0","0","0","0","0","0","0","0","0","0","0","0","0","0","0","0","0","0","0","0","0","0","0","0","0","0","0","0","0","0","0","0","0","0","0","0","0","0","0","0","0","0","0","0","0","0","0","0","0","0","0","0","0","0","0","0","A","ผ่าน"
"593","สำนักงานตำรวจแห่งชาติ","กองบัญชาการตำรวจตระเวนชายแดน","กองบังคับการตำรวจตระเวนชายแดนภาค 3","กองกำกับการตำรวจตระเวนชายแดนที่ 32","SCH_G3_0100","2021-07-28","28/07/2564","0","0","0","0","0","0","0","0","0","0","0","0","0","0","0","0","0","0","0","0","0","0","0","0","0","0","0","0","0","0","0","0","0","0","0","0","0","0","0","0","0","0","0","0","0","0","0","0","0","0","0","0","0","0","0","0","0","0","0","0","0","0","0","0","0","0","0","0","0","0","0","0","0","0","0","0","A","ผ่าน"
"594","สำนักงานตำรวจแห่งชาติ","กองบัญชาการตำรวจตระเวนชายแดน","กองบังคับการตำรวจตระเวนชายแดนภาค 3","กองกำกับการตำรวจตระเวนชายแดนที่ 32","SCH_G3_0101","1965-01-01","01/01/2508","0","0","0","0","0","0","0","0","0","0","0","0","0","0","0","0","0","0","0","0","0","0","0","0","0","0","0","0","0","0","0","0","0","0","0","0","0","0","0","0","0","0","0","0","0","0","0","0","0","0","0","0","0","0","0","0","0","0","0","0","0","0","0","0","0","0","0","0","0","0","0","0","0","0","0","0","A","ผ่าน"
"595","สำนักงานตำรวจแห่งชาติ","กองบัญชาการตำรวจตระเวนชายแดน","กองบังคับการตำรวจตระเวนชายแดนภาค 3","กองกำกับการตำรวจตระเวนชายแดนที่ 32","SCH_G3_0103","2023-05-17","17/05/2566","0","0","0","0","0","1","0","0","0","0","0","0","0","0","0","0","0","0","0","0","0","0","0","0","0","0","0","0","0","0","0","0","0","0","0","0","0","0","0","0","0","0","0","0","0","0","0","0","0","0","0","0","0","0","0","0","0","0","0","0","0","0","0","0","0","0","0","0","0","0","0","0","0","0","0","1","B","ผ่าน"
"596","สำนักงานตำรวจแห่งชาติ","กองบัญชาการตำรวจตระเวนชายแดน","กองบังคับการตำรวจตระเวนชายแดนภาค 3","กองกำกับการตำรวจตระเวนชายแดนที่ 33","SCH_G3_0104","2015-05-16","16/05/2558","0","0","0","0","0","0","0","0","0","0","0","0","0","0","0","0","0","0","0","0","0","0","0","0","0","0","0","0","0","0","0","0","0","0","0","0","0","0","0","0","0","0","0","0","0","0","0","0","0","0","0","0","0","0","0","0","0","0","0","0","0","0","0","0","0","0","0","0","0","0","0","0","0","0","0","0","A","ผ่าน"
"597","สำนักงานตำรวจแห่งชาติ","กองบัญชาการตำรวจตระเวนชายแดน","กองบังคับการตำรวจตระเวนชายแดนภาค 3","กองกำกับการตำรวจตระเวนชายแดนที่ 33","SCH_G3_0108","2022-05-17","17/05/2565","0","0","0","0","0","0","0","0","0","0","0","0","0","0","0","0","0","0","0","0","0","0","0","0","0","0","0","0","0","0","0","0","0","0","0","0","0","0","0","0","0","0","0","0","0","0","0","0","0","0","0","0","0","0","0","0","0","0","0","0","0","0","0","0","0","0","0","0","0","0","0","0","0","0","0","0","A","ผ่าน"
"598","สำนักงานตำรวจแห่งชาติ","กองบัญชาการตำรวจตระเวนชายแดน","กองบังคับการตำรวจตระเวนชายแดนภาค 3","กองกำกับการตำรวจตระเวนชายแดนที่ 33","SCH_G3_0110","2021-07-30","30/07/2564","0","0","0","0","0","0","0","0","0","0","0","0","0","0","0","0","0","0","0","0","0","0","0","0","0","0","0","0","0","0","0","0","0","0","0","0","0","0","0","0","0","0","0","0","0","0","0","0","0","0","0","0","0","0","0","0","0","0","0","0","0","0","0","0","0","0","0","0","0","0","0","0","0","0","0","0","A","ผ่าน"
"599","สำนักงานตำรวจแห่งชาติ","กองบัญชาการตำรวจตระเวนชายแดน","กองบังคับการตำรวจตระเวนชายแดนภาค 3","กองกำกับการตำรวจตระเวนชายแดนที่ 33","SCH_G3_0111","1982-08-05","05/08/2525","0","0","0","0","0","0","0","0","0","0","0","0","0","0","0","0","0","0","0","0","0","0","0","0","0","0","0","0","0","0","0","0","0","0","0","0","0","0","0","0","0","0","0","0","0","0","0","0","0","0","0","0","0","0","0","0","0","0","0","0","0","0","0","0","0","0","0","0","0","0","0","0","0","0","0","0","A","ผ่าน"
"600","สำนักงานตำรวจแห่งชาติ","กองบัญชาการตำรวจตระเวนชายแดน","กองบังคับการตำรวจตระเวนชายแดนภาค 3","กองกำกับการตำรวจตระเวนชายแดนที่ 33","SCH_G3_0112","2021-07-30","30/07/2564","0","0","0","0","0","0","0","0","0","0","0","0","0","0","0","0","0","0","0","0","0","0","0","0","0","0","0","0","0","0","0","0","0","0","0","0","0","0","0","0","0","0","0","0","0","0","0","0","0","0","0","0","0","0","0","0","0","0","0","0","0","0","0","0","0","0","0","0","0","0","0","0","0","0","0","0","A","ผ่าน"
"601","สำนักงานตำรวจแห่งชาติ","กองบัญชาการตำรวจตระเวนชายแดน","กองบังคับการตำรวจตระเวนชายแดนภาค 3","กองกำกับการตำรวจตระเวนชายแดนที่ 33","SCH_G3_0114","","","0","0","0","0","0","0","0","0","0","0","0","0","0","0","0","0","0","0","0","0","0","0","0","0","0","0","0","0","0","0","0","0","0","0","0","0","0","0","0","0","0","0","0","0","0","0","0","0","0","0","0","0","0","0","0","0","0","0","0","0","0","0","0","0","0","0","0","1","1","1","1","0","0","0","0","4","B","ผ่าน"
"602","สำนักงานตำรวจแห่งชาติ","กองบัญชาการตำรวจตระเวนชายแดน","กองบังคับการตำรวจตระเวนชายแดนภาค 3","กองกำกับการตำรวจตระเวนชายแดนที่ 33","SCH_G3_0115","1991-04-04","04/04/2534","0","0","0","0","0","0","0","0","0","0","0","0","0","0","0","0","0","0","0","0","0","0","0","0","0","0","0","0","0","0","0","0","0","0","0","0","0","0","0","0","0","0","0","0","0","0","0","0","0","0","0","0","0","0","0","0","0","0","0","0","0","0","0","0","0","0","0","0","0","0","0","0","0","0","0","0","A","ผ่าน"
"603","สำนักงานตำรวจแห่งชาติ","กองบัญชาการตำรวจตระเวนชายแดน","กองบังคับการตำรวจตระเวนชายแดนภาค 3","กองกำกับการตำรวจตระเวนชายแดนที่ 33","SCH_G3_0116","2014-05-16","16/05/2557","0","0","0","0","0","0","0","1","1","1","0","0","0","0","0","0","0","1","1","1","1","0","0","0","0","0","0","0","0","0","0","0","0","0","0","0","0","0","0","0","0","0","0","0","0","0","0","0","0","0","0","0","0","0","0","0","0","0","0","0","0","0","1","1","1","0","0","1","1","1","0","0","0","0","0","13","C","ผ่าน"
"604","สำนักงานตำรวจแห่งชาติ","กองบัญชาการตำรวจตระเวนชายแดน","กองบังคับการตำรวจตระเวนชายแดนภาค 3","กองกำกับการตำรวจตระเวนชายแดนที่ 33","SCH_G3_0117","2016-05-01","01/05/2559","0","0","0","0","0","0","0","0","0","0","0","0","0","0","0","0","0","0","0","0","0","0","0","0","0","0","0","0","0","0","0","0","0","0","0","0","0","0","0","0","0","0","0","0","0","0","0","0","0","0","0","0","0","0","0","0","0","0","0","0","0","0","0","0","0","0","0","0","0","0","0","0","0","0","0","0","A","ผ่าน"
"605","สำนักงานตำรวจแห่งชาติ","กองบัญชาการตำรวจตระเวนชายแดน","กองบังคับการตำรวจตระเวนชายแดนภาค 3","กองกำกับการตำรวจตระเวนชายแดนที่ 34","SCH_G3_0119","1981-06-09","09/06/2524","0","0","0","0","0","1","0","0","0","0","0","0","0","0","0","0","0","0","0","0","0","0","0","0","0","0","0","0","0","0","0","0","0","0","0","0","0","0","0","0","0","0","0","0","0","0","0","0","0","0","0","0","0","0","0","0","0","0","0","1","1","0","0","0","0","0","0","0","0","0","0","0","0","0","0","3","B","ผ่าน"
"606","สำนักงานตำรวจแห่งชาติ","กองบัญชาการตำรวจตระเวนชายแดน","กองบังคับการตำรวจตระเวนชายแดนภาค 3","กองกำกับการตำรวจตระเวนชายแดนที่ 34","SCH_G3_0120","2002-02-07","07/02/2545","0","0","0","0","0","0","0","0","0","0","0","0","0","0","0","0","0","0","0","0","0","0","0","0","0","0","0","0","0","0","0","0","0","0","0","0","0","0","0","0","0","0","0","0","0","0","0","0","0","0","0","0","0","0","0","0","0","0","0","0","0","0","0","0","0","0","0","0","1","1","1","0","0","0","0","3","B","ผ่าน"
"607","สำนักงานตำรวจแห่งชาติ","กองบัญชาการตำรวจตระเวนชายแดน","กองบังคับการตำรวจตระเวนชายแดนภาค 3","กองกำกับการตำรวจตระเวนชายแดนที่ 34","SCH_G3_0121","2002-05-16","16/05/2545","0","0","0","0","0","1","0","0","0","0","0","0","0","0","0","0","0","0","0","0","0","0","0","0","0","0","0","0","0","0","0","0","0","0","0","0","0","0","0","0","0","0","0","0","0","0","0","0","0","0","0","0","0","0","0","0","0","0","0","0","0","0","0","0","0","0","0","0","0","0","0","0","0","0","0","1","B","ผ่าน"
"608","สำนักงานตำรวจแห่งชาติ","กองบัญชาการตำรวจตระเวนชายแดน","กองบังคับการตำรวจตระเวนชายแดนภาค 3","กองกำกับการตำรวจตระเวนชายแดนที่ 34","SCH_G3_0122","2003-05-16","16/05/2546","0","0","0","0","0","1","0","0","0","0","0","0","0","0","0","0","0","0","0","0","0","0","0","0","0","0","0","0","0","0","0","0","0","0","0","0","0","0","0","0","0","0","0","0","0","0","0","0","0","0","0","0","0","0","0","0","0","1","0","0","0","0","0","0","0","0","0","0","0","0","0","0","0","0","0","2","B","ผ่าน"
"609","สำนักงานตำรวจแห่งชาติ","กองบัญชาการตำรวจตระเวนชายแดน","กองบังคับการตำรวจตระเวนชายแดนภาค 3","กองกำกับการตำรวจตระเวนชายแดนที่ 34","SCH_G3_0123","2003-05-16","16/05/2546","0","0","0","0","0","0","0","0","0","0","0","0","0","0","0","0","0","0","0","0","0","0","0","0","0","0","0","0","0","0","0","0","0","0","0","0","0","0","0","0","0","0","0","0","0","0","0","0","0","0","0","0","0","0","0","0","0","0","0","0","0","0","0","0","0","0","0","0","0","0","0","0","0","0","0","0","A","ผ่าน"
"610","สำนักงานตำรวจแห่งชาติ","กองบัญชาการตำรวจตระเวนชายแดน","กองบังคับการตำรวจตระเวนชายแดนภาค 3","กองกำกับการตำรวจตระเวนชายแดนที่ 34","SCH_G3_0124","2017-05-16","16/05/2560","0","0","0","0","0","0","0","0","0","0","0","0","0","0","0","0","0","0","0","0","0","0","0","0","0","0","0","0","0","0","0","0","0","0","0","0","0","0","0","0","0","0","0","0","0","0","0","0","0","0","0","0","0","0","0","0","0","0","0","0","0","0","0","0","0","0","0","0","0","0","0","0","0","0","0","0","A","ผ่าน"
"611","สำนักงานตำรวจแห่งชาติ","กองบัญชาการตำรวจตระเวนชายแดน","กองบังคับการตำรวจตระเวนชายแดนภาค 3","กองกำกับการตำรวจตระเวนชายแดนที่ 34","SCH_G3_0125","2021-06-14","14/06/2564","0","0","0","0","0","0","0","0","0","0","0","0","0","0","0","0","0","0","0","0","0","0","0","0","0","0","0","0","0","0","0","0","0","0","0","0","0","0","0","0","0","0","0","0","0","0","0","0","0","0","0","0","0","0","0","0","0","0","0","0","0","0","0","0","0","0","0","0","0","0","0","0","0","0","0","0","A","ผ่าน"
"612","สำนักงานตำรวจแห่งชาติ","กองบัญชาการตำรวจตระเวนชายแดน","กองบังคับการตำรวจตระเวนชายแดนภาค 3","กองกำกับการตำรวจตระเวนชายแดนที่ 34","SCH_G3_0126","1972-09-07","07/09/2515","0","0","0","0","0","0","0","0","0","0","0","0","0","0","0","0","0","0","0","0","0","0","0","0","0","0","0","0","0","0","0","0","0","0","0","0","0","0","0","0","0","0","0","0","0","0","0","0","0","0","0","0","0","0","0","0","0","0","0","0","0","0","0","0","0","0","0","0","0","0","0","0","0","0","0","0","A","ผ่าน"
"613","สำนักงานตำรวจแห่งชาติ","กองบัญชาการตำรวจตระเวนชายแดน","กองบังคับการตำรวจตระเวนชายแดนภาค 3","กองกำกับการตำรวจตระเวนชายแดนที่ 34","SCH_G3_0127","1985-03-15","15/03/2528","0","0","0","0","0","0","0","0","0","0","0","0","0","0","0","0","0","0","0","0","0","0","0","0","0","0","0","0","0","0","0","0","0","0","0","0","0","0","0","0","0","0","0","0","0","0","0","0","0","0","0","0","0","0","0","0","0","0","0","0","0","0","0","0","0","0","0","0","0","0","0","0","0","0","0","0","A","ผ่าน"
"614","สำนักงานตำรวจแห่งชาติ","กองบัญชาการตำรวจตระเวนชายแดน","กองบังคับการตำรวจตระเวนชายแดนภาค 3","กองกำกับการตำรวจตระเวนชายแดนที่ 34","SCH_G3_0128","1983-05-16","16/05/2526","0","0","0","0","0","0","0","0","0","0","0","0","0","0","0","0","0","0","0","0","0","0","0","0","0","0","0","0","0","0","0","0","0","0","0","0","0","0","0","0","0","0","0","0","0","0","0","0","0","0","0","0","0","0","0","0","0","0","0","0","0","0","0","0","0","0","0","0","0","0","0","0","0","0","0","0","A","ผ่าน"
"615","สำนักงานตำรวจแห่งชาติ","กองบัญชาการตำรวจตระเวนชายแดน","กองบังคับการตำรวจตระเวนชายแดนภาค 3","กองกำกับการตำรวจตระเวนชายแดนที่ 34","SCH_G3_0130","2003-05-16","16/05/2546","0","0","0","0","0","0","0","0","0","0","0","0","0","0","0","0","0","0","0","0","0","0","0","0","0","0","0","0","0","0","0","0","0","0","0","0","0","0","0","0","0","0","0","0","0","0","0","0","0","0","0","0","0","0","0","0","0","0","0","0","0","0","0","0","0","0","0","0","0","0","0","0","0","0","0","0","A","ผ่าน"
"616","สำนักงานตำรวจแห่งชาติ","กองบัญชาการตำรวจตระเวนชายแดน","กองบังคับการตำรวจตระเวนชายแดนภาค 3","กองกำกับการตำรวจตระเวนชายแดนที่ 34","SCH_G3_0131","2002-05-16","16/05/2545","0","0","0","0","0","0","0","0","0","0","0","0","0","0","0","0","0","0","0","0","0","0","0","0","0","0","0","0","0","0","0","0","0","0","0","0","0","0","0","0","0","0","0","0","0","0","0","0","0","0","0","0","0","0","0","0","0","0","0","0","0","0","0","0","0","0","0","0","0","0","0","0","0","0","0","0","A","ผ่าน"
"617","สำนักงานตำรวจแห่งชาติ","กองบัญชาการตำรวจตระเวนชายแดน","กองบังคับการตำรวจตระเวนชายแดนภาค 3","กองกำกับการตำรวจตระเวนชายแดนที่ 34","SCH_G3_0132","2023-02-08","08/02/2566","0","0","0","0","0","0","0","0","0","0","0","0","0","0","0","0","0","0","0","0","0","0","0","0","0","0","0","0","0","0","0","0","0","0","0","0","0","0","0","0","0","0","0","0","0","0","0","0","0","0","0","0","0","0","0","0","0","0","0","0","0","0","0","0","0","0","0","0","0","0","0","0","0","0","0","0","A","ผ่าน"
"618","สำนักงานตำรวจแห่งชาติ","กองบัญชาการตำรวจตระเวนชายแดน","กองบังคับการตำรวจตระเวนชายแดนภาค 3","กองกำกับการตำรวจตระเวนชายแดนที่ 34","SCH_G3_0133","2002-07-16","16/07/2545","0","0","0","0","0","1","0","0","0","0","0","0","0","0","0","0","0","0","0","0","0","0","0","0","0","0","0","0","0","0","0","0","0","0","0","0","0","0","0","0","0","0","0","0","0","0","0","0","0","0","0","0","0","0","0","0","0","0","0","0","0","0","0","0","0","0","0","0","0","0","0","0","0","0","0","1","B","ผ่าน"
"619","สำนักงานตำรวจแห่งชาติ","กองบัญชาการตำรวจตระเวนชายแดน","กองบังคับการตำรวจตระเวนชายแดนภาค 3","กองกำกับการตำรวจตระเวนชายแดนที่ 34","SCH_G3_0135","2004-01-30","30/01/2547","0","0","0","0","0","1","0","0","0","0","0","0","0","0","0","0","0","0","0","0","0","0","0","0","0","0","0","0","0","0","0","0","0","0","0","0","0","0","0","0","0","0","0","0","0","0","0","0","0","0","0","0","0","0","0","0","0","0","0","0","0","0","0","0","0","0","0","0","0","0","0","0","0","0","0","1","B","ผ่าน"
"620","สำนักงานตำรวจแห่งชาติ","กองบัญชาการตำรวจตระเวนชายแดน","กองบังคับการตำรวจตระเวนชายแดนภาค 3","กองกำกับการตำรวจตระเวนชายแดนที่ 34","SCH_G3_0136","1998-05-01","01/05/2541","0","0","0","0","0","0","0","0","0","0","0","0","0","0","0","0","0","0","0","0","0","0","0","0","0","0","0","0","0","0","0","0","0","0","0","0","0","0","0","0","0","0","0","0","0","0","0","0","0","0","0","0","0","0","0","0","0","0","0","0","0","0","0","0","0","0","0","0","0","0","0","0","0","0","0","0","A","ผ่าน"
"621","สำนักงานตำรวจแห่งชาติ","กองบัญชาการตำรวจตระเวนชายแดน","กองบังคับการตำรวจตระเวนชายแดนภาค 3","กองกำกับการตำรวจตระเวนชายแดนที่ 34","SCH_G3_0137","2014-05-16","16/05/2557","0","0","0","0","0","0","0","0","0","0","0","0","0","0","0","0","0","0","0","0","0","0","0","0","0","0","0","0","0","0","0","0","0","0","0","0","0","0","0","0","0","0","0","0","0","0","0","0","0","0","0","0","0","0","0","0","0","0","0","0","0","0","0","0","0","0","0","0","0","0","0","0","0","0","0","0","A","ผ่าน"
"622","สำนักงานตำรวจแห่งชาติ","กองบัญชาการตำรวจตระเวนชายแดน","กองบังคับการตำรวจตระเวนชายแดนภาค 3","กองกำกับการตำรวจตระเวนชายแดนที่ 34","SCH_G3_0138","1985-02-25","25/02/2528","0","0","0","0","0","0","0","0","0","0","0","0","0","0","0","0","0","0","0","0","0","0","0","0","0","0","0","0","0","0","0","0","0","0","0","0","0","0","0","0","0","0","0","0","0","0","0","0","0","0","0","0","0","0","0","0","0","0","0","0","0","0","0","0","0","0","0","0","0","0","0","0","0","0","0","0","A","ผ่าน"
"623","สำนักงานตำรวจแห่งชาติ","กองบัญชาการตำรวจตระเวนชายแดน","กองบังคับการตำรวจตระเวนชายแดนภาค 3","กองกำกับการตำรวจตระเวนชายแดนที่ 34","SCH_G3_0140","1996-07-19","19/07/2539","0","0","0","0","0","1","0","0","0","0","0","1","1","0","0","0","0","0","0","0","0","0","0","0","0","1","0","0","0","0","0","0","0","0","0","0","0","0","0","0","0","0","0","0","0","1","0","0","0","0","0","0","0","0","0","0","0","0","0","0","0","0","0","0","0","0","0","0","0","0","0","0","0","0","0","5","B","ผ่าน"
"624","สำนักงานตำรวจแห่งชาติ","กองบัญชาการตำรวจตระเวนชายแดน","กองบังคับการตำรวจตระเวนชายแดนภาค 3","กองกำกับการตำรวจตระเวนชายแดนที่ 34","SCH_G3_0141","2013-04-13","13/04/2556","0","0","0","0","0","1","0","0","0","0","0","0","0","0","1","0","0","0","0","0","0","0","0","0","0","0","0","0","0","0","0","0","0","0","0","0","0","0","0","0","0","0","0","0","0","0","0","0","0","0","0","0","0","0","0","0","0","0","0","0","0","0","0","0","0","0","0","0","0","0","0","0","0","0","0","2","B","ผ่าน"
"625","สำนักงานตำรวจแห่งชาติ","กองบัญชาการตำรวจตระเวนชายแดน","กองบังคับการตำรวจตระเวนชายแดนภาค 3","กองกำกับการตำรวจตระเวนชายแดนที่ 34","SCH_G3_0142","2016-05-10","10/05/2559","0","1","0","1","1","1","1","1","1","1","1","1","1","0","1","0","0","0","0","0","1","0","0","1","1","1","0","1","0","0","0","0","0","0","0","0","0","0","0","0","0","0","0","0","0","0","0","0","0","0","0","0","0","0","0","0","0","0","0","0","0","0","0","0","0","0","0","0","0","0","0","0","0","0","0","17","D","ไม่ผ่าน"
"626","สำนักงานตำรวจแห่งชาติ","กองบัญชาการตำรวจตระเวนชายแดน","กองบังคับการตำรวจตระเวนชายแดนภาค 3","กองกำกับการตำรวจตระเวนชายแดนที่ 31","SCH_G3_0143","1979-08-18","18/08/2522","0","0","0","0","0","0","0","0","0","0","0","0","0","0","0","0","0","0","0","0","0","0","0","0","0","0","0","0","0","0","0","0","0","0","0","0","0","0","0","0","0","0","0","0","0","0","0","0","0","0","0","0","0","0","0","0","0","0","0","0","0","0","0","0","0","0","0","0","0","0","0","0","0","0","0","0","A","ผ่าน"
"627","สำนักงานตำรวจแห่งชาติ","กองบัญชาการตำรวจตระเวนชายแดน","กองบังคับการตำรวจตระเวนชายแดนภาค 3","กองกำกับการตำรวจตระเวนชายแดนที่ 31","SCH_G3_0144","1973-07-22","22/07/2516","0","0","0","0","0","0","0","0","0","0","0","0","0","0","0","0","0","0","0","0","0","0","0","0","0","0","0","0","0","0","0","0","0","0","0","0","0","0","0","0","0","0","0","0","0","0","0","0","0","0","0","0","0","0","0","0","0","0","0","0","0","0","0","0","0","0","0","0","0","0","0","0","0","0","0","0","A","ผ่าน"
"628","สำนักงานตำรวจแห่งชาติ","กองบัญชาการตำรวจตระเวนชายแดน","กองบังคับการตำรวจตระเวนชายแดนภาค 3","กองกำกับการตำรวจตระเวนชายแดนที่ 31","SCH_G3_0145","1991-07-23","23/07/2534","0","0","0","0","0","0","0","0","0","0","0","0","0","0","0","0","0","0","0","0","0","0","0","0","0","0","0","0","0","0","0","0","0","0","0","0","0","0","0","0","0","0","0","0","0","0","0","0","0","0","0","0","0","0","0","0","0","0","0","0","0","0","0","0","0","0","0","0","0","0","0","0","0","0","0","0","A","ผ่าน"
"629","สำนักงานตำรวจแห่งชาติ","กองบัญชาการตำรวจตระเวนชายแดน","กองบังคับการตำรวจตระเวนชายแดนภาค 3","กองกำกับการตำรวจตระเวนชายแดนที่ 31","SCH_G3_0146","1993-07-15","15/07/2536","0","0","0","0","0","0","0","0","0","0","0","0","0","0","0","0","0","0","0","0","0","0","0","0","0","0","0","0","0","0","0","0","0","0","0","0","0","0","0","0","0","0","0","0","0","0","0","0","0","0","0","0","0","0","0","0","0","0","0","0","0","0","0","0","0","0","0","0","0","0","0","0","0","0","0","0","A","ผ่าน"
"630","สำนักงานตำรวจแห่งชาติ","กองบัญชาการตำรวจตระเวนชายแดน","กองบังคับการตำรวจตระเวนชายแดนภาค 3","กองกำกับการตำรวจตระเวนชายแดนที่ 31","SCH_G3_0147","2021-07-14","14/07/2564","0","0","0","0","0","0","0","0","0","0","0","0","0","0","0","0","0","0","0","0","0","0","0","0","0","0","0","0","0","0","0","0","0","0","0","0","0","0","0","0","0","0","0","0","0","0","0","0","0","0","0","0","0","1","0","0","0","0","0","0","0","0","0","0","0","0","0","0","0","0","0","0","0","0","0","1","B","ผ่าน"
"631","สำนักงานตำรวจแห่งชาติ","กองบัญชาการตำรวจตระเวนชายแดน","กองบังคับการตำรวจตระเวนชายแดนภาค 1","กองกำกับการตำรวจตระเวนชายแดนที่ 13","SCH_G3_0148","2020-07-01","01/07/2563","0","0","0","0","0","1","0","0","0","0","0","0","0","0","0","0","0","0","0","0","0","0","0","0","0","0","0","0","0","0","0","0","0","0","0","0","0","0","0","0","0","0","0","0","0","0","0","0","0","0","0","0","0","0","0","0","0","0","0","0","0","0","0","0","0","0","0","0","0","0","0","0","0","0","0","1","B","ผ่าน"
"632","สำนักงานตำรวจแห่งชาติ","กองบัญชาการตำรวจตระเวนชายแดน","กองบังคับการตำรวจตระเวนชายแดนภาค 1","กองกำกับการตำรวจตระเวนชายแดนที่ 13","SCH_G3_0149","2021-07-12","12/07/2564","0","0","0","0","0","0","0","0","0","0","0","0","0","0","0","0","0","0","0","0","0","0","0","0","0","0","0","0","0","0","0","0","0","0","0","0","0","0","0","0","0","0","0","0","0","0","0","0","0","0","0","0","0","0","0","0","0","0","0","0","0","0","0","0","0","0","0","0","0","0","0","0","0","0","0","0","A","ผ่าน"
"633","สำนักงานตำรวจแห่งชาติ","กองบัญชาการตำรวจตระเวนชายแดน","กองบังคับการตำรวจตระเวนชายแดนภาค 1","กองกำกับการตำรวจตระเวนชายแดนที่ 13","SCH_G3_0150","2023-01-26","26/01/2566","0","0","0","0","0","0","0","0","0","0","0","0","0","0","0","0","0","0","0","0","0","0","0","0","0","0","0","0","0","0","0","0","0","0","0","0","0","0","0","0","0","0","0","0","0","0","0","0","0","0","0","0","0","0","0","0","0","0","0","0","0","0","0","0","0","0","0","0","0","0","0","0","0","0","0","0","A","ผ่าน"
"634","สำนักงานตำรวจแห่งชาติ","กองบัญชาการตำรวจตระเวนชายแดน","กองบังคับการตำรวจตระเวนชายแดนภาค 1","กองกำกับการตำรวจตระเวนชายแดนที่ 13","SCH_G3_0151","1983-05-23","23/05/2526","0","0","0","0","0","0","0","0","0","0","0","0","0","0","0","0","0","0","0","0","0","0","0","0","0","0","0","0","0","0","0","0","0","0","0","0","0","0","0","0","0","0","0","0","0","0","0","0","0","0","0","0","0","0","0","0","0","0","0","0","0","0","0","0","0","0","0","0","0","0","0","0","0","0","0","0","A","ผ่าน"
"635","สำนักงานตำรวจแห่งชาติ","กองบัญชาการตำรวจตระเวนชายแดน","กองบังคับการตำรวจตระเวนชายแดนภาค 1","กองกำกับการตำรวจตระเวนชายแดนที่ 13","SCH_G3_0152","2024-03-13","13/03/2567","0","0","0","0","0","0","0","0","0","0","0","0","0","0","0","0","0","0","0","0","0","0","0","0","0","0","0","0","0","0","0","0","0","0","0","0","0","0","0","0","0","0","0","0","0","0","0","0","0","0","0","0","0","0","0","0","0","0","0","0","0","0","0","0","0","0","0","0","0","0","0","0","0","0","0","0","A","ผ่าน"
"636","สำนักงานตำรวจแห่งชาติ","กองบัญชาการตำรวจตระเวนชายแดน","กองบังคับการตำรวจตระเวนชายแดนภาค 1","กองกำกับการตำรวจตระเวนชายแดนที่ 13","SCH_G3_0153","2021-07-06","06/07/2564","0","0","0","0","0","0","0","0","0","0","0","0","0","0","0","0","0","0","0","0","0","0","0","0","0","0","0","0","0","0","0","0","0","0","0","0","0","0","0","0","0","0","0","0","0","0","0","0","0","0","0","0","0","0","0","0","0","0","0","0","0","0","0","0","0","0","0","0","0","0","0","0","0","0","0","0","A","ผ่าน"
"637","สำนักงานตำรวจแห่งชาติ","กองบัญชาการตำรวจตระเวนชายแดน","กองบังคับการตำรวจตระเวนชายแดนภาค 1","กองกำกับการตำรวจตระเวนชายแดนที่ 13","SCH_G3_0154","2010-05-17","17/05/2553","0","0","0","0","0","0","0","0","0","0","0","0","0","0","0","0","0","0","0","0","0","0","0","0","0","0","0","0","0","0","0","0","0","0","0","0","0","0","0","0","0","0","0","0","0","0","0","0","0","0","0","0","0","0","0","0","0","0","0","0","0","0","0","0","0","0","0","0","0","0","0","0","0","0","0","0","A","ผ่าน"
"638","สำนักงานตำรวจแห่งชาติ","กองบัญชาการตำรวจตระเวนชายแดน","กองบังคับการตำรวจตระเวนชายแดนภาค 1","กองกำกับการตำรวจตระเวนชายแดนที่ 13","SCH_G3_0155","2017-05-15","15/05/2560","0","0","0","0","0","0","0","0","0","0","0","0","0","0","0","0","0","0","0","0","0","0","0","0","0","0","0","0","0","0","0","0","0","0","0","0","0","0","0","0","0","0","0","0","0","0","0","0","0","0","0","0","0","0","0","0","0","0","0","0","0","0","0","0","0","0","0","0","0","0","0","0","0","0","0","0","A","ผ่าน"
"639","สำนักงานตำรวจแห่งชาติ","กองบัญชาการตำรวจตระเวนชายแดน","กองบังคับการตำรวจตระเวนชายแดนภาค 1","กองกำกับการตำรวจตระเวนชายแดนที่ 13","SCH_G3_0156","2026-04-11","11/04/2569","0","0","0","0","0","0","0","0","0","0","0","0","0","0","0","0","0","0","0","0","0","0","0","0","0","0","0","0","0","0","0","0","0","0","0","0","0","0","0","0","0","0","0","0","0","0","0","0","0","0","0","0","0","0","0","1","0","0","0","0","0","0","0","1","0","0","0","0","0","0","0","0","0","0","0","2","B","ผ่าน"
"640","สำนักงานตำรวจแห่งชาติ","กองบัญชาการตำรวจตระเวนชายแดน","กองบังคับการตำรวจตระเวนชายแดนภาค 1","กองกำกับการตำรวจตระเวนชายแดนที่ 13","SCH_G3_0157","","","0","0","0","0","0","0","0","0","0","0","0","0","0","0","0","0","0","0","0","0","0","0","0","0","0","0","0","0","0","0","0","0","0","0","0","0","0","0","0","0","0","0","0","0","0","0","0","0","0","0","0","0","0","0","0","0","0","0","0","0","0","0","0","0","0","0","0","0","0","0","0","0","0","0","0","0","A","ผ่าน"
"641","สำนักงานตำรวจแห่งชาติ","กองบัญชาการตำรวจตระเวนชายแดน","กองบังคับการตำรวจตระเวนชายแดนภาค 1","กองกำกับการตำรวจตระเวนชายแดนที่ 13","SCH_G3_0158","2014-02-24","24/02/2557","0","0","0","0","0","0","0","0","0","0","0","0","0","0","0","0","0","0","0","0","0","0","0","0","0","0","0","0","0","0","0","0","0","0","0","0","0","0","0","0","0","0","0","0","0","0","0","0","0","0","0","0","0","0","0","1","0","0","0","0","0","0","0","0","0","0","0","0","0","0","0","0","0","0","0","1","B","ผ่าน"
"642","สำนักงานตำรวจแห่งชาติ","กองบัญชาการตำรวจตระเวนชายแดน","กองบังคับการตำรวจตระเวนชายแดนภาค 1","กองกำกับการตำรวจตระเวนชายแดนที่ 13","SCH_G3_0159","1970-08-26","26/08/2513","0","0","0","0","0","0","0","0","0","0","0","0","0","0","0","0","0","0","0","0","0","0","0","0","0","0","0","0","0","0","0","0","0","0","0","0","0","0","0","0","0","0","0","0","0","0","0","0","0","0","0","0","0","0","0","0","0","0","0","0","0","0","0","0","0","0","0","0","0","0","0","0","0","0","0","0","A","ผ่าน"
"643","สำนักงานตำรวจแห่งชาติ","กองบัญชาการตำรวจตระเวนชายแดน","กองบังคับการตำรวจตระเวนชายแดนภาค 1","กองกำกับการตำรวจตระเวนชายแดนที่ 13","SCH_G3_0160","2021-07-13","13/07/2564","0","0","0","0","0","0","0","0","0","0","0","0","0","0","0","0","0","0","0","0","0","0","0","0","0","0","0","0","0","0","0","0","0","0","0","0","0","0","0","0","0","0","0","0","0","0","0","0","0","0","0","0","0","0","0","0","0","0","0","0","0","0","0","0","0","0","0","0","0","0","0","0","0","0","0","0","A","ผ่าน"
"644","สำนักงานตำรวจแห่งชาติ","กองบัญชาการตำรวจตระเวนชายแดน","กองบังคับการตำรวจตระเวนชายแดนภาค 1","กองกำกับการตำรวจตระเวนชายแดนที่ 13","SCH_G3_0161","2021-07-15","15/07/2564","0","0","0","0","0","0","0","0","0","0","0","0","0","0","0","0","0","0","0","0","0","0","0","0","0","0","0","0","0","0","0","0","0","0","0","0","0","0","0","0","0","0","0","0","0","0","0","0","0","0","0","0","0","0","0","0","0","0","0","0","0","0","0","0","0","0","0","0","0","0","0","0","0","0","0","0","A","ผ่าน"
"645","สำนักงานตำรวจแห่งชาติ","กองบัญชาการตำรวจตระเวนชายแดน","กองบังคับการตำรวจตระเวนชายแดนภาค 1","กองกำกับการตำรวจตระเวนชายแดนที่ 13","SCH_G3_0162","1997-05-19","19/05/2540","0","0","0","0","0","0","0","0","0","0","0","0","0","0","0","0","0","0","0","0","0","0","0","0","0","0","0","0","0","0","0","0","0","0","0","0","0","0","0","0","0","0","0","0","0","0","0","0","0","0","0","0","0","0","0","0","0","0","0","0","0","0","0","0","0","0","0","0","0","0","1","0","0","0","0","1","B","ผ่าน"
"646","สำนักงานตำรวจแห่งชาติ","กองบัญชาการตำรวจตระเวนชายแดน","กองบังคับการตำรวจตระเวนชายแดนภาค 1","กองกำกับการตำรวจตระเวนชายแดนที่ 13","SCH_G3_0163","","","0","0","0","0","0","0","0","0","0","0","0","0","0","0","0","0","0","0","0","0","0","0","0","0","0","0","0","0","0","0","0","0","0","0","0","0","0","0","0","0","0","0","0","0","0","0","0","0","0","0","0","0","0","0","0","0","0","0","0","0","0","0","0","0","0","0","0","0","0","0","1","0","0","0","0","1","B","ผ่าน"
"647","สำนักงานตำรวจแห่งชาติ","กองบัญชาการตำรวจตระเวนชายแดน","กองบังคับการตำรวจตระเวนชายแดนภาค 1","กองกำกับการตำรวจตระเวนชายแดนที่ 14","SCH_G3_0164","1985-01-01","01/01/2528","0","0","0","0","0","0","0","0","0","0","0","0","0","0","0","0","0","0","0","0","0","0","0","0","0","0","0","0","0","0","0","0","0","0","0","0","0","0","0","0","0","0","0","0","0","0","0","0","0","0","0","0","0","0","0","0","0","0","0","0","0","0","0","0","0","0","0","0","0","0","0","0","0","0","0","0","A","ผ่าน"
"648","สำนักงานตำรวจแห่งชาติ","กองบัญชาการตำรวจตระเวนชายแดน","กองบังคับการตำรวจตระเวนชายแดนภาค 1","กองกำกับการตำรวจตระเวนชายแดนที่ 14","SCH_G3_0165","2021-04-09","09/04/2564","0","0","0","0","0","1","0","0","0","0","0","0","0","0","0","0","0","0","0","0","0","0","0","0","0","0","0","0","0","0","0","0","0","0","0","0","0","0","0","0","0","0","0","0","0","0","0","0","0","0","0","0","0","0","0","0","0","0","0","0","0","0","0","0","0","0","0","0","0","0","0","0","0","0","0","1","B","ผ่าน"
"649","สำนักงานตำรวจแห่งชาติ","กองบัญชาการตำรวจตระเวนชายแดน","กองบังคับการตำรวจตระเวนชายแดนภาค 1","กองกำกับการตำรวจตระเวนชายแดนที่ 14","SCH_G3_0166","2020-07-01","01/07/2563","0","0","0","0","0","0","0","0","0","0","0","0","0","0","0","0","0","0","0","0","0","0","0","0","0","0","0","0","0","0","0","0","0","0","0","0","0","0","0","0","0","0","0","0","0","0","0","0","0","0","0","0","0","0","0","0","0","0","0","0","0","0","0","0","0","0","0","0","0","0","0","0","0","0","0","0","A","ผ่าน"
"650","สำนักงานตำรวจแห่งชาติ","กองบัญชาการตำรวจตระเวนชายแดน","กองบังคับการตำรวจตระเวนชายแดนภาค 1","กองกำกับการตำรวจตระเวนชายแดนที่ 14","SCH_G3_0167","1981-07-23","23/07/2524","0","0","0","0","0","0","0","0","0","0","0","0","0","0","0","0","0","0","0","0","0","0","0","0","0","0","0","0","0","0","0","0","0","0","0","0","0","0","0","0","0","0","0","0","0","0","0","0","0","0","0","0","0","0","0","0","0","0","0","0","0","0","0","0","0","0","0","0","0","0","0","0","0","0","0","0","A","ผ่าน"
"651","สำนักงานตำรวจแห่งชาติ","กองบัญชาการตำรวจตระเวนชายแดน","กองบังคับการตำรวจตระเวนชายแดนภาค 1","กองกำกับการตำรวจตระเวนชายแดนที่ 14","SCH_G3_0168","2014-05-16","16/05/2557","0","0","0","0","0","0","0","0","0","0","0","0","0","0","0","0","0","0","0","0","0","0","0","0","0","0","0","0","0","0","0","0","0","0","0","0","0","0","0","0","0","0","0","0","0","0","0","0","0","0","0","0","0","0","0","0","0","0","0","0","0","0","0","0","0","0","0","0","0","0","0","0","0","0","0","0","A","ผ่าน"
"652","สำนักงานตำรวจแห่งชาติ","กองบัญชาการตำรวจตระเวนชายแดน","กองบังคับการตำรวจตระเวนชายแดนภาค 1","กองกำกับการตำรวจตระเวนชายแดนที่ 14","SCH_G3_0169","1978-04-21","21/04/2521","0","0","0","0","0","1","0","0","0","0","0","0","0","0","0","0","0","0","0","0","0","0","0","0","0","0","0","0","0","0","0","0","0","0","0","0","0","0","0","0","0","0","0","0","0","0","0","0","0","0","0","0","0","0","0","0","0","0","0","0","0","0","0","1","0","0","0","0","0","0","0","0","0","0","0","2","B","ผ่าน"
"653","สำนักงานตำรวจแห่งชาติ","กองบัญชาการตำรวจตระเวนชายแดน","กองบังคับการตำรวจตระเวนชายแดนภาค 1","กองกำกับการตำรวจตระเวนชายแดนที่ 14","SCH_G3_0170","1991-05-22","22/05/2534","0","0","0","0","0","0","0","0","0","0","0","0","0","0","0","0","0","0","0","0","0","0","0","0","0","0","0","0","0","0","0","0","0","0","0","0","0","0","0","0","0","0","0","0","0","0","0","0","0","0","0","0","0","0","0","0","0","0","0","0","0","0","0","0","0","0","0","0","0","0","0","0","0","0","0","0","A","ผ่าน"
"654","สำนักงานตำรวจแห่งชาติ","กองบัญชาการตำรวจตระเวนชายแดน","กองบังคับการตำรวจตระเวนชายแดนภาค 1","กองกำกับการตำรวจตระเวนชายแดนที่ 14","SCH_G3_0171","1982-10-13","13/10/2525","0","0","0","0","0","0","0","0","0","0","0","0","0","0","0","0","0","0","0","0","0","0","0","0","0","0","0","0","0","0","0","0","0","0","0","0","0","0","0","0","0","0","0","0","0","0","0","0","0","0","0","0","0","0","0","0","0","0","0","0","0","0","0","0","0","0","0","0","0","0","0","0","0","0","0","0","A","ผ่าน"
"655","สำนักงานตำรวจแห่งชาติ","กองบัญชาการตำรวจตระเวนชายแดน","กองบังคับการตำรวจตระเวนชายแดนภาค 1","กองกำกับการตำรวจตระเวนชายแดนที่ 14","SCH_G3_0172","2020-08-06","06/08/2563","0","0","0","0","0","0","0","0","0","0","0","0","0","0","0","0","0","0","0","0","0","0","0","0","0","0","0","0","0","0","0","0","0","0","0","0","0","0","0","0","0","0","0","0","0","0","0","0","0","0","0","0","0","0","0","0","0","0","0","0","0","0","0","0","0","0","0","0","0","0","0","0","0","0","0","0","A","ผ่าน"
"656","สำนักงานตำรวจแห่งชาติ","กองบัญชาการตำรวจตระเวนชายแดน","กองบังคับการตำรวจตระเวนชายแดนภาค 1","กองกำกับการตำรวจตระเวนชายแดนที่ 14","SCH_G3_0173","2025-03-26","26/03/2568","0","0","0","0","0","0","0","0","0","0","0","0","0","0","0","0","0","0","0","0","0","0","0","0","0","0","0","0","0","0","0","0","0","0","0","0","0","0","0","0","0","0","0","0","0","0","0","0","0","0","0","0","0","0","0","0","0","0","0","0","0","0","0","0","0","0","0","0","0","0","0","0","0","0","0","0","A","ผ่าน"
"657","สำนักงานตำรวจแห่งชาติ","กองบัญชาการตำรวจตระเวนชายแดน","กองบังคับการตำรวจตระเวนชายแดนภาค 1","กองกำกับการตำรวจตระเวนชายแดนที่ 14","SCH_G3_0174","1999-11-01","01/11/2542","0","0","0","0","0","0","0","0","0","0","0","0","0","0","0","0","0","0","0","0","0","0","0","0","0","0","0","0","0","0","0","0","0","0","0","0","0","0","0","0","0","0","0","0","0","0","0","0","0","0","0","0","0","0","0","0","0","0","0","0","0","0","0","0","0","0","0","0","0","0","0","0","0","0","0","0","A","ผ่าน"
"658","สำนักงานตำรวจแห่งชาติ","กองบัญชาการตำรวจตระเวนชายแดน","กองบังคับการตำรวจตระเวนชายแดนภาค 4","กองกำกับการตำรวจตระเวนชายแดนที่ 42","SCH_G3_0175","2014-05-16","16/05/2557","0","0","0","0","0","0","0","0","0","0","0","0","0","0","0","0","0","0","0","0","0","0","0","0","0","0","0","0","0","0","0","0","0","0","0","0","0","0","0","0","0","0","0","0","0","0","0","0","0","0","0","0","0","0","0","0","0","0","0","0","0","0","0","0","0","0","0","0","0","0","0","0","0","0","0","0","A","ผ่าน"
"659","สำนักงานตำรวจแห่งชาติ","กองบัญชาการตำรวจตระเวนชายแดน","กองบังคับการตำรวจตระเวนชายแดนภาค 4","กองกำกับการตำรวจตระเวนชายแดนที่ 42","SCH_G3_0176","2014-05-16","16/05/2557","0","0","0","0","0","0","0","0","0","0","0","0","0","0","0","0","0","0","0","0","0","0","0","0","0","0","0","0","0","0","0","0","0","0","0","0","0","0","0","0","0","0","0","0","0","0","0","0","0","0","0","0","0","0","0","0","0","0","0","0","0","0","0","0","0","0","0","0","0","0","0","0","0","0","0","0","A","ผ่าน"
"660","สำนักงานตำรวจแห่งชาติ","กองบัญชาการตำรวจตระเวนชายแดน","กองบังคับการตำรวจตระเวนชายแดนภาค 4","กองกำกับการตำรวจตระเวนชายแดนที่ 42","SCH_G3_0177","2023-05-15","15/05/2566","1","0","0","0","0","1","0","0","0","0","0","1","0","0","0","1","0","0","1","0","0","0","0","1","0","0","0","1","1","1","1","0","0","0","0","0","0","0","0","0","0","0","0","0","1","0","0","0","0","0","0","0","0","0","0","0","0","0","0","0","0","0","0","0","0","0","0","0","1","0","0","0","0","0","0","12","C","ผ่าน"
"661","สำนักงานตำรวจแห่งชาติ","กองบัญชาการตำรวจตระเวนชายแดน","กองบังคับการตำรวจตระเวนชายแดนภาค 4","กองกำกับการตำรวจตระเวนชายแดนที่ 42","SCH_G3_0178","2014-05-16","16/05/2557","0","0","0","0","0","0","0","0","0","0","0","0","0","0","0","0","0","0","0","0","0","0","0","0","0","0","0","0","0","0","0","0","0","0","0","0","0","0","0","0","0","0","0","0","0","0","0","0","0","0","0","0","0","0","0","0","1","0","0","0","0","0","0","0","0","0","0","0","0","0","0","0","0","0","0","1","B","ผ่าน"
"662","สำนักงานตำรวจแห่งชาติ","กองบัญชาการตำรวจตระเวนชายแดน","กองบังคับการตำรวจตระเวนชายแดนภาค 4","กองกำกับการตำรวจตระเวนชายแดนที่ 41","SCH_G3_0179","1988-05-09","09/05/2531","0","0","0","0","0","0","0","0","0","0","0","0","0","0","0","0","0","0","0","0","0","0","0","0","0","0","0","0","0","0","0","0","0","0","0","0","0","0","0","0","0","0","0","0","0","0","0","0","0","0","0","0","0","0","0","0","0","0","0","0","0","0","0","0","0","0","0","0","0","0","0","0","0","0","0","0","A","ผ่าน"
"663","สำนักงานตำรวจแห่งชาติ","กองบัญชาการตำรวจตระเวนชายแดน","กองบังคับการตำรวจตระเวนชายแดนภาค 4","กองกำกับการตำรวจตระเวนชายแดนที่ 41","SCH_G3_0180","","","0","0","0","0","0","0","0","0","0","0","0","0","0","0","0","0","0","0","0","0","0","0","0","0","0","0","0","0","0","0","0","0","0","0","0","0","0","0","0","0","0","0","0","0","0","0","0","0","0","0","0","0","0","0","0","0","0","0","0","0","0","0","0","0","0","0","0","0","0","0","0","0","0","0","0","0","A","ผ่าน"
"664","สำนักงานตำรวจแห่งชาติ","กองบัญชาการตำรวจตระเวนชายแดน","กองบังคับการตำรวจตระเวนชายแดนภาค 4","กองกำกับการตำรวจตระเวนชายแดนที่ 41","SCH_G3_0181","1997-05-16","16/05/2540","0","0","0","0","0","1","0","0","0","0","0","0","0","0","0","0","0","0","0","0","0","0","0","0","0","0","0","0","0","0","0","0","0","0","0","0","0","0","0","0","0","0","0","0","0","0","0","0","0","0","0","0","0","0","0","0","0","0","0","0","0","0","0","0","0","0","0","0","0","0","0","0","0","0","0","1","B","ผ่าน"
"665","สำนักงานตำรวจแห่งชาติ","กองบัญชาการตำรวจตระเวนชายแดน","กองบังคับการตำรวจตระเวนชายแดนภาค 4","กองกำกับการตำรวจตระเวนชายแดนที่ 41","SCH_G3_0182","1987-07-06","06/07/2530","0","0","0","0","0","0","0","0","0","0","0","0","0","0","0","0","0","0","0","0","0","0","0","0","0","0","0","0","0","0","0","0","0","0","0","0","0","0","0","0","0","0","0","0","0","0","0","0","0","0","0","0","0","0","0","0","0","0","0","0","0","0","0","0","0","0","0","0","0","0","0","0","0","0","0","0","A","ผ่าน"
"666","สำนักงานตำรวจแห่งชาติ","กองบัญชาการตำรวจตระเวนชายแดน","กองบังคับการตำรวจตระเวนชายแดนภาค 4","กองกำกับการตำรวจตระเวนชายแดนที่ 41","SCH_G3_0183","2020-07-01","01/07/2563","0","0","0","0","0","0","0","0","0","0","0","0","0","0","0","0","0","0","0","0","0","0","0","0","0","0","0","0","0","0","0","0","0","0","0","0","0","0","0","0","0","0","0","0","0","0","0","0","0","0","0","0","0","0","0","0","0","0","0","0","0","0","0","0","0","0","0","0","0","0","0","0","0","0","0","0","A","ผ่าน"
"667","สำนักงานตำรวจแห่งชาติ","กองบัญชาการตำรวจตระเวนชายแดน","กองบังคับการตำรวจตระเวนชายแดนภาค 4","กองกำกับการตำรวจตระเวนชายแดนที่ 41","SCH_G3_0184","2003-07-15","15/07/2546","0","0","0","0","0","0","0","0","0","0","0","0","0","0","0","0","0","0","0","0","0","0","0","0","0","0","0","0","0","0","0","0","0","0","0","0","0","0","0","0","0","0","0","0","0","0","0","0","0","0","0","0","0","1","0","1","0","0","0","0","0","0","0","0","0","0","0","0","0","0","0","0","0","0","0","2","B","ผ่าน"
"668","สำนักงานตำรวจแห่งชาติ","กองบัญชาการตำรวจตระเวนชายแดน","กองบังคับการตำรวจตระเวนชายแดนภาค 4","กองกำกับการตำรวจตระเวนชายแดนที่ 41","SCH_G3_0185","2021-05-17","17/05/2564","0","0","0","0","0","0","0","0","0","0","0","0","0","0","0","0","0","0","0","0","0","0","0","0","0","0","0","0","0","0","0","0","0","0","0","0","0","0","0","0","0","0","0","0","0","0","0","0","0","0","0","0","0","0","0","0","0","0","0","0","0","0","0","0","0","0","0","0","0","0","0","0","0","0","0","0","A","ผ่าน"
"669","สำนักงานตำรวจแห่งชาติ","กองบัญชาการตำรวจตระเวนชายแดน","กองบังคับการตำรวจตระเวนชายแดนภาค 4","กองกำกับการตำรวจตระเวนชายแดนที่ 41","SCH_G3_0186","1988-07-15","15/07/2531","0","0","0","0","0","0","0","0","0","0","0","0","0","0","0","0","0","0","0","0","0","0","0","0","0","0","0","0","0","0","0","0","0","0","0","0","0","0","0","0","0","0","0","0","0","0","0","0","0","0","0","0","0","0","0","0","0","0","0","0","0","0","0","0","0","0","0","0","0","0","0","0","0","0","0","0","A","ผ่าน"
"670","สำนักงานตำรวจแห่งชาติ","กองบัญชาการตำรวจตระเวนชายแดน","กองบังคับการตำรวจตระเวนชายแดนภาค 4","กองกำกับการตำรวจตระเวนชายแดนที่ 41","SCH_G3_0187","1988-02-01","01/02/2531","0","0","0","0","0","0","0","0","0","0","0","0","0","0","0","0","0","0","0","0","0","0","0","0","0","0","0","0","0","0","0","0","0","0","0","0","0","0","0","0","0","0","0","0","0","0","0","0","0","0","0","0","0","0","0","0","0","0","0","0","0","0","0","0","0","0","0","0","0","0","0","0","0","0","0","0","A","ผ่าน"
"671","สำนักงานตำรวจแห่งชาติ","กองบัญชาการตำรวจตระเวนชายแดน","กองบังคับการตำรวจตระเวนชายแดนภาค 4","กองกำกับการตำรวจตระเวนชายแดนที่ 41","SCH_G3_0188","1989-05-13","13/05/2532","0","0","0","0","0","0","0","0","0","0","0","0","0","0","0","0","0","0","0","0","0","0","0","0","0","0","0","0","0","0","0","0","0","0","0","0","0","0","0","0","0","0","0","0","0","0","0","0","0","0","0","0","0","0","0","0","0","0","0","0","0","0","0","0","0","0","0","0","0","0","0","0","0","0","0","0","A","ผ่าน"
"672","สำนักงานตำรวจแห่งชาติ","กองบัญชาการตำรวจตระเวนชายแดน","กองบังคับการตำรวจตระเวนชายแดนภาค 4","กองกำกับการตำรวจตระเวนชายแดนที่ 41","SCH_G3_0189","2022-03-14","14/03/2565","0","0","0","0","0","0","0","0","0","0","0","0","0","0","0","0","0","0","0","0","0","0","0","0","0","0","0","0","0","0","0","0","0","0","0","0","0","0","0","0","0","0","0","0","0","0","0","0","0","0","0","0","0","0","0","0","0","0","0","0","0","0","0","0","0","0","0","0","0","0","0","0","0","0","0","0","A","ผ่าน"
"673","สำนักงานตำรวจแห่งชาติ","กองบัญชาการตำรวจตระเวนชายแดน","กองบังคับการตำรวจตระเวนชายแดนภาค 4","กองกำกับการตำรวจตระเวนชายแดนที่ 43","SCH_G3_0190","2025-02-20","20/02/2568","0","0","0","0","0","0","0","0","0","0","0","0","0","0","0","0","0","0","0","0","0","0","0","0","0","0","0","0","0","0","0","0","0","0","0","0","0","0","0","0","0","0","0","0","0","0","0","0","0","0","0","0","0","0","0","0","0","0","0","0","0","0","0","0","0","0","0","0","0","0","0","0","0","0","0","0","A","ผ่าน"
"674","สำนักงานตำรวจแห่งชาติ","กองบัญชาการตำรวจตระเวนชายแดน","กองบังคับการตำรวจตระเวนชายแดนภาค 4","กองกำกับการตำรวจตระเวนชายแดนที่ 43","SCH_G3_0191","1986-06-29","29/06/2529","0","0","0","0","0","0","0","0","0","0","0","0","0","0","0","0","0","0","0","0","0","0","0","0","0","0","0","0","0","0","0","0","0","0","0","0","0","0","0","0","0","0","0","0","0","0","0","0","0","0","0","0","0","0","0","0","0","0","0","0","0","0","0","0","0","0","0","0","0","0","0","0","0","0","0","0","A","ผ่าน"
"675","สำนักงานตำรวจแห่งชาติ","กองบัญชาการตำรวจตระเวนชายแดน","กองบังคับการตำรวจตระเวนชายแดนภาค 4","กองกำกับการตำรวจตระเวนชายแดนที่ 43","SCH_G3_0192","2023-05-16","16/05/2566","0","0","0","0","0","0","0","0","0","0","0","0","0","0","0","0","0","0","0","0","0","0","0","0","0","0","0","0","0","0","0","0","0","0","0","0","0","0","0","0","0","0","0","0","0","0","0","0","0","0","0","0","0","0","0","0","0","0","0","0","0","0","0","0","0","0","0","0","0","0","0","0","0","0","0","0","A","ผ่าน"
"676","สำนักงานตำรวจแห่งชาติ","กองบัญชาการตำรวจตระเวนชายแดน","กองบังคับการตำรวจตระเวนชายแดนภาค 4","กองกำกับการตำรวจตระเวนชายแดนที่ 43","SCH_G3_0193","1975-06-18","18/06/2518","0","0","0","0","0","0","0","0","0","0","0","0","0","0","0","0","0","0","0","0","0","0","0","0","0","0","0","0","0","0","0","0","0","0","0","0","0","0","0","0","0","0","0","0","0","0","0","0","0","0","0","0","0","0","0","0","0","0","0","0","0","0","0","0","0","0","0","0","0","0","0","0","0","0","0","0","A","ผ่าน"
"677","สำนักงานตำรวจแห่งชาติ","กองบัญชาการตำรวจตระเวนชายแดน","กองบังคับการตำรวจตระเวนชายแดนภาค 4","กองกำกับการตำรวจตระเวนชายแดนที่ 43","SCH_G3_0194","1983-05-26","26/05/2526","0","0","0","0","0","0","0","0","0","0","0","0","0","0","0","0","0","0","0","0","0","0","0","0","0","0","0","0","0","0","0","0","0","0","0","0","0","0","0","0","0","0","0","0","0","0","0","0","0","0","0","0","0","0","0","0","0","0","0","0","0","0","0","0","0","0","0","0","0","0","0","0","0","0","0","0","A","ผ่าน"
"678","สำนักงานตำรวจแห่งชาติ","กองบัญชาการตำรวจตระเวนชายแดน","กองบังคับการตำรวจตระเวนชายแดนภาค 4","กองกำกับการตำรวจตระเวนชายแดนที่ 43","SCH_G3_0195","1959-10-12","12/10/2502","0","0","0","0","0","0","0","0","0","0","0","0","0","0","0","0","0","0","0","0","0","0","0","0","0","0","0","0","0","0","0","0","0","0","0","0","0","0","0","0","0","0","0","0","0","0","0","0","0","0","0","0","0","0","0","0","0","0","0","0","0","0","0","0","0","0","0","0","0","0","0","0","0","0","0","0","A","ผ่าน"
"679","สำนักงานตำรวจแห่งชาติ","กองบัญชาการตำรวจตระเวนชายแดน","กองบังคับการตำรวจตระเวนชายแดนภาค 4","กองกำกับการตำรวจตระเวนชายแดนที่ 43","SCH_G3_0196","","","0","0","0","0","0","0","0","0","0","0","0","0","0","0","0","0","0","0","0","0","0","0","0","0","0","0","0","0","0","0","0","0","0","0","0","0","0","0","0","0","0","0","0","0","0","0","0","0","0","0","0","0","0","0","0","0","0","0","0","0","0","0","0","0","0","0","0","0","0","0","0","0","0","0","0","0","A","ผ่าน"
"680","สำนักงานตำรวจแห่งชาติ","กองบัญชาการตำรวจตระเวนชายแดน","กองบังคับการตำรวจตระเวนชายแดนภาค 4","กองกำกับการตำรวจตระเวนชายแดนที่ 43","SCH_G3_0197","2025-03-25","25/03/2568","0","0","0","0","0","0","0","0","0","0","0","0","0","0","0","0","0","0","0","0","0","0","0","0","0","0","0","0","0","0","0","0","0","0","0","0","0","0","0","0","0","0","0","0","0","0","0","0","0","0","0","0","0","0","0","0","0","0","0","0","0","0","0","0","0","0","0","0","0","0","0","0","0","0","0","0","A","ผ่าน"
"681","สำนักงานตำรวจแห่งชาติ","กองบัญชาการตำรวจตระเวนชายแดน","กองบังคับการตำรวจตระเวนชายแดนภาค 4","กองกำกับการตำรวจตระเวนชายแดนที่ 43","SCH_G3_0198","1998-11-09","09/11/2541","0","0","0","0","0","0","0","0","0","0","0","0","0","0","0","0","0","0","0","0","0","0","0","0","0","0","0","0","0","0","0","0","0","0","0","0","0","0","0","0","0","0","0","0","0","0","0","0","0","0","0","0","0","0","0","0","0","0","0","0","0","0","0","0","0","0","0","0","0","0","0","0","0","0","0","0","A","ผ่าน"
"682","สำนักงานตำรวจแห่งชาติ","กองบัญชาการตำรวจตระเวนชายแดน","กองบังคับการตำรวจตระเวนชายแดนภาค 4","กองกำกับการตำรวจตระเวนชายแดนที่ 43","SCH_G3_0199","2010-05-17","17/05/2553","0","0","0","0","0","0","0","0","0","0","0","0","0","0","0","0","0","0","0","0","0","0","0","0","0","0","0","0","0","0","0","0","0","0","0","0","0","0","0","0","0","0","0","0","0","0","0","0","0","0","0","0","0","0","0","0","0","0","0","0","0","0","0","0","0","0","0","0","0","0","0","0","0","0","0","0","A","ผ่าน"
"683","สำนักงานตำรวจแห่งชาติ","กองบัญชาการตำรวจตระเวนชายแดน","กองบังคับการตำรวจตระเวนชายแดนภาค 4","กองกำกับการตำรวจตระเวนชายแดนที่ 43","SCH_G3_0200","2025-05-16","16/05/2568","0","0","0","0","0","0","0","0","0","0","0","0","0","0","0","0","0","0","0","0","0","0","0","0","0","0","0","0","0","0","0","0","0","0","0","0","0","0","0","0","0","0","0","0","0","0","0","0","0","0","0","0","0","0","0","0","0","0","0","0","0","0","0","0","0","0","0","0","0","0","0","0","0","0","0","0","A","ผ่าน"
"684","สำนักงานตำรวจแห่งชาติ","กองบัญชาการตำรวจตระเวนชายแดน","กองบังคับการตำรวจตระเวนชายแดนภาค 4","กองกำกับการตำรวจตระเวนชายแดนที่ 43","SCH_G3_0201","","","0","0","0","0","0","0","0","0","0","0","0","0","0","0","0","0","0","0","0","0","0","0","0","0","0","0","0","0","0","0","0","0","0","0","0","0","0","0","0","0","0","0","0","0","0","0","0","0","0","0","0","0","0","0","0","0","0","0","0","0","0","0","0","0","0","0","0","0","0","0","0","0","0","0","0","0","A","ผ่าน"
"685","สำนักงานตำรวจแห่งชาติ","กองบัญชาการตำรวจตระเวนชายแดน","กองบังคับการตำรวจตระเวนชายแดนภาค 4","กองกำกับการตำรวจตระเวนชายแดนที่ 43","SCH_G3_0202","1985-06-14","14/06/2528","0","0","0","0","0","0","0","0","0","0","0","0","0","0","0","0","0","0","0","0","0","0","0","0","0","0","0","0","0","0","0","0","0","0","0","0","0","0","0","0","0","0","0","0","0","0","0","0","0","0","0","0","0","0","0","0","0","0","0","0","0","0","0","0","0","0","0","0","0","0","0","0","0","0","0","0","A","ผ่าน"
"686","สำนักงานตำรวจแห่งชาติ","กองบัญชาการตำรวจตระเวนชายแดน","กองบังคับการตำรวจตระเวนชายแดนภาค 4","กองกำกับการตำรวจตระเวนชายแดนที่ 43","SCH_G3_0203","1988-05-05","05/05/2531","0","0","0","0","0","1","0","0","0","0","0","0","0","0","0","0","0","0","0","0","0","0","0","0","0","0","0","0","0","0","0","0","0","0","0","0","0","0","0","0","0","0","0","0","0","0","0","0","0","0","0","0","0","0","0","0","0","0","0","0","0","0","0","0","0","0","0","0","0","0","0","0","0","0","0","1","B","ผ่าน"
"687","สำนักงานตำรวจแห่งชาติ","กองบัญชาการตำรวจตระเวนชายแดน","กองบังคับการตำรวจตระเวนชายแดนภาค 4","กองกำกับการตำรวจตระเวนชายแดนที่ 43","SCH_G3_0204","1990-02-14","14/02/2533","0","0","0","0","0","1","0","0","0","0","0","0","0","0","0","0","0","0","0","0","0","0","0","0","0","0","0","0","0","0","0","0","0","0","0","0","0","0","0","0","0","0","0","0","0","0","0","0","0","0","0","0","0","0","0","0","0","0","0","0","0","0","0","0","0","0","0","0","0","0","0","0","0","0","0","1","B","ผ่าน"
"688","สำนักงานตำรวจแห่งชาติ","กองบัญชาการตำรวจตระเวนชายแดน","กองบังคับการตำรวจตระเวนชายแดนภาค 4","กองกำกับการตำรวจตระเวนชายแดนที่ 44","SCH_G3_0205","1995-09-28","28/09/2538","0","0","0","0","0","1","0","0","0","0","0","0","0","0","0","0","0","0","0","0","0","0","0","0","0","0","0","0","0","0","0","0","0","0","0","0","0","0","0","0","0","0","0","0","0","0","0","0","0","0","0","0","0","0","0","1","0","0","0","0","0","0","0","0","0","0","0","0","0","0","0","0","0","0","0","2","B","ผ่าน"
"689","สำนักงานตำรวจแห่งชาติ","กองบัญชาการตำรวจตระเวนชายแดน","กองบังคับการตำรวจตระเวนชายแดนภาค 4","กองกำกับการตำรวจตระเวนชายแดนที่ 44","SCH_G3_0206","2021-06-14","14/06/2564","0","0","0","0","0","0","0","0","0","0","0","0","0","0","0","0","0","0","0","0","0","0","0","0","0","0","0","0","0","0","0","0","0","0","0","0","0","0","0","0","0","0","0","0","0","0","0","0","0","0","0","0","0","0","0","0","0","0","0","0","0","0","0","0","0","0","0","0","0","0","0","0","0","0","0","0","A","ผ่าน"
"690","สำนักงานตำรวจแห่งชาติ","กองบัญชาการตำรวจตระเวนชายแดน","กองบังคับการตำรวจตระเวนชายแดนภาค 4","กองกำกับการตำรวจตระเวนชายแดนที่ 44","SCH_G3_0207","2015-05-18","18/05/2558","0","0","0","0","0","0","0","0","0","0","0","0","0","0","1","0","0","0","0","0","0","0","0","0","0","0","0","0","0","0","0","0","0","0","0","0","0","0","0","0","0","0","0","0","0","0","0","0","0","0","0","0","0","0","0","0","0","0","0","0","0","0","0","0","0","0","0","0","0","0","0","0","0","0","0","1","B","ผ่าน"
"691","สำนักงานตำรวจแห่งชาติ","กองบัญชาการตำรวจตระเวนชายแดน","กองบังคับการตำรวจตระเวนชายแดนภาค 4","กองกำกับการตำรวจตระเวนชายแดนที่ 44","SCH_G3_0208","1967-05-16","16/05/2510","0","0","0","0","0","0","0","0","0","0","0","0","0","0","0","0","0","0","0","0","0","0","0","0","0","0","0","0","0","0","0","0","0","0","0","0","0","0","0","0","0","0","0","0","0","0","0","0","0","0","0","0","0","0","0","0","0","0","0","0","0","0","0","0","0","0","0","0","0","0","0","0","0","0","0","0","A","ผ่าน"
"692","สำนักงานตำรวจแห่งชาติ","กองบัญชาการตำรวจตระเวนชายแดน","กองบังคับการตำรวจตระเวนชายแดนภาค 4","กองกำกับการตำรวจตระเวนชายแดนที่ 44","SCH_G3_0209","2021-07-08","08/07/2564","0","0","0","0","0","0","0","0","0","0","0","0","0","0","0","0","0","0","0","0","0","0","0","0","0","0","0","0","0","0","0","0","0","0","0","0","0","0","0","0","0","0","0","0","0","0","0","0","0","0","0","0","0","0","0","0","0","0","0","0","0","0","0","0","0","0","0","0","0","0","0","0","0","0","0","0","A","ผ่าน"
"693","สำนักงานตำรวจแห่งชาติ","กองบัญชาการตำรวจตระเวนชายแดน","กองบังคับการตำรวจตระเวนชายแดนภาค 4","กองกำกับการตำรวจตระเวนชายแดนที่ 44","SCH_G3_0210","1988-06-01","01/06/2531","0","0","0","0","0","0","0","0","0","0","0","0","0","0","0","0","0","0","0","0","0","0","0","0","0","0","0","0","0","0","0","0","0","0","0","0","0","0","0","0","0","0","0","0","0","0","0","0","0","0","0","0","0","0","0","0","0","0","0","0","0","0","0","0","0","0","0","0","0","0","0","0","0","0","0","0","A","ผ่าน"
"694","สำนักงานตำรวจแห่งชาติ","กองบัญชาการตำรวจตระเวนชายแดน","กองบังคับการตำรวจตระเวนชายแดนภาค 4","กองกำกับการตำรวจตระเวนชายแดนที่ 44","SCH_G3_0211","1974-07-17","17/07/2517","0","0","0","0","0","0","0","0","0","0","0","0","0","0","0","0","0","0","0","0","0","0","0","0","0","0","0","0","0","0","0","0","0","0","0","0","0","0","0","0","0","0","0","0","0","0","0","0","0","0","0","0","0","0","0","0","0","0","0","0","0","0","0","0","0","0","0","0","0","0","0","0","0","0","0","0","A","ผ่าน"
"695","สำนักงานตำรวจแห่งชาติ","กองบัญชาการตำรวจตระเวนชายแดน","กองบังคับการตำรวจตระเวนชายแดนภาค 4","กองกำกับการตำรวจตระเวนชายแดนที่ 44","SCH_G3_0212","2000-05-16","16/05/2543","0","0","0","0","0","0","0","0","0","0","0","0","0","0","0","0","0","0","0","0","0","0","0","0","0","0","0","0","0","0","0","0","0","0","0","0","0","0","0","0","0","0","0","0","0","0","0","0","0","0","0","0","0","0","0","0","0","0","0","0","0","0","0","0","0","0","0","0","0","0","0","0","0","0","0","0","A","ผ่าน"
"696","สำนักงานตำรวจแห่งชาติ","กองบัญชาการตำรวจตระเวนชายแดน","กองบังคับการตำรวจตระเวนชายแดนภาค 4","กองกำกับการตำรวจตระเวนชายแดนที่ 44","SCH_G3_0213","1991-07-15","15/07/2534","1","1","1","1","1","1","1","1","1","1","1","1","1","1","1","1","1","1","1","1","1","1","1","1","1","1","0","0","0","0","0","0","0","0","0","0","0","0","0","0","0","0","0","0","0","0","0","0","0","0","0","0","0","1","0","1","0","0","0","0","0","0","0","1","1","0","0","0","1","0","0","0","0","0","0","31","D","ไม่ผ่าน"
"697","สำนักงานตำรวจแห่งชาติ","กองบัญชาการตำรวจตระเวนชายแดน","กองบังคับการตำรวจตระเวนชายแดนภาค 4","กองกำกับการตำรวจตระเวนชายแดนที่ 44","SCH_G3_0214","1993-05-16","16/05/2536","0","0","0","0","0","0","0","0","0","1","0","0","0","0","1","0","0","0","0","0","0","0","0","0","0","0","0","0","0","0","0","0","0","0","0","0","0","0","0","0","0","0","0","0","0","0","0","0","0","0","0","0","0","0","0","0","0","0","0","0","0","0","0","0","0","0","0","0","0","0","0","0","0","0","0","2","B","ผ่าน"
"698","สำนักงานตำรวจแห่งชาติ","กองบัญชาการตำรวจตระเวนชายแดน","กองบังคับการตำรวจตระเวนชายแดนภาค 4","กองกำกับการตำรวจตระเวนชายแดนที่ 44","SCH_G3_0215","1993-06-18","18/06/2536","0","0","0","0","0","0","0","0","0","0","0","0","0","0","0","0","0","0","0","0","0","0","0","0","0","0","0","0","0","0","0","0","0","0","0","0","0","0","0","0","0","0","0","0","0","0","0","0","0","0","0","0","0","0","0","0","0","0","0","0","0","0","0","0","0","0","0","0","0","0","0","0","0","0","0","0","A","ผ่าน"
"699","สำนักงานตำรวจแห่งชาติ","กองบัญชาการตำรวจตระเวนชายแดน","กองบังคับการตำรวจตระเวนชายแดนภาค 4","กองกำกับการตำรวจตระเวนชายแดนที่ 44","SCH_G3_0216","1990-06-13","13/06/2533","0","0","0","0","0","0","0","0","0","1","0","0","0","0","0","0","0","0","0","0","0","0","0","0","0","0","0","0","0","0","0","0","0","0","0","0","0","0","0","0","0","0","0","0","0","0","0","0","0","0","0","0","0","0","0","0","0","0","0","0","0","0","0","0","0","0","0","0","0","0","0","0","0","0","0","1","B","ผ่าน"
"700","สำนักงานตำรวจแห่งชาติ","กองบัญชาการตำรวจตระเวนชายแดน","กองบังคับการตำรวจตระเวนชายแดนภาค 1","กองกำกับการตำรวจตระเวนชายแดนที่ 11","SCH_G3_0001","1985-02-27","27/02/2528","0","0","0","0","0","0","0","0","0","0","0","0","0","0","0","0","0","0","0","0","0","0","0","0","0","0","0","0","0","0","0","0","0","0","0","0","0","0","0","0","0","0","0","0","0","0","0","0","0","0","0","0","0","0","0","0","0","0","0","0","0","0","0","0","0","0","0","0","0","0","0","0","0","0","0","0","A","ผ่าน"
"701","สำนักงานตำรวจแห่งชาติ","กองบัญชาการตำรวจตระเวนชายแดน","กองบังคับการตำรวจตระเวนชายแดนภาค 1","กองกำกับการตำรวจตระเวนชายแดนที่ 11","SCH_G3_0002","1986-07-30","30/07/2529","0","0","0","0","0","1","0","0","0","0","1","0","1","0","1","0","0","0","0","0","0","0","0","0","0","1","0","1","0","0","0","0","0","0","0","0","0","0","0","0","0","0","0","0","0","0","0","0","0","0","0","0","0","0","0","0","0","0","0","0","0","0","0","0","0","0","0","0","0","0","0","0","0","0","0","6","B","ผ่าน"
"702","สำนักงานตำรวจแห่งชาติ","กองบัญชาการตำรวจตระเวนชายแดน","กองบังคับการตำรวจตระเวนชายแดนภาค 1","กองกำกับการตำรวจตระเวนชายแดนที่ 11","SCH_G3_0003","1987-03-03","03/03/2530","0","0","0","0","0","0","0","0","0","0","0","0","0","0","0","0","0","0","0","0","0","0","0","0","0","0","0","0","0","0","0","0","0","0","0","0","0","0","0","0","0","0","0","0","0","0","0","0","0","0","0","0","0","0","0","0","0","0","0","0","0","0","0","0","0","0","0","0","0","0","0","0","0","0","0","0","A","ผ่าน"
"703","สำนักงานตำรวจแห่งชาติ","กองบัญชาการตำรวจตระเวนชายแดน","กองบังคับการตำรวจตระเวนชายแดนภาค 1","กองกำกับการตำรวจตระเวนชายแดนที่ 11","SCH_G3_0004","2025-05-16","16/05/2568","0","0","0","0","0","1","0","0","0","0","0","0","0","0","0","0","0","0","0","0","0","0","0","0","0","0","0","0","0","0","0","0","0","0","0","0","0","0","0","0","0","0","0","0","0","0","0","0","0","0","0","0","0","0","0","0","0","0","0","0","0","0","0","0","0","0","0","0","0","0","0","0","0","0","0","1","B","ผ่าน"
"704","สำนักงานตำรวจแห่งชาติ","กองบัญชาการตำรวจตระเวนชายแดน","กองบังคับการตำรวจตระเวนชายแดนภาค 1","กองกำกับการตำรวจตระเวนชายแดนที่ 11","SCH_G3_0005","1991-03-15","15/03/2534","0","0","0","0","0","1","0","0","0","0","0","0","0","0","0","0","0","0","0","0","0","0","0","0","0","0","0","0","0","0","0","0","0","0","0","0","0","0","0","0","0","0","0","0","0","0","0","0","0","0","0","0","0","0","0","0","0","0","0","0","0","0","0","0","0","0","0","0","0","0","0","0","0","0","0","1","B","ผ่าน"
"705","สำนักงานตำรวจแห่งชาติ","กองบัญชาการตำรวจตระเวนชายแดน","กองบังคับการตำรวจตระเวนชายแดนภาค 1","กองกำกับการตำรวจตระเวนชายแดนที่ 11","SCH_G3_0006","2002-05-16","16/05/2545","0","0","0","0","0","0","0","0","0","0","0","0","0","0","0","0","0","0","0","0","0","0","0","0","0","0","0","0","0","0","0","0","0","0","0","0","0","0","0","0","0","0","0","0","0","0","0","0","0","0","0","0","0","0","0","0","0","0","0","0","0","0","0","0","0","0","0","0","0","0","0","0","0","0","0","0","A","ผ่าน"
"706","สำนักงานตำรวจแห่งชาติ","กองบัญชาการตำรวจตระเวนชายแดน","กองบังคับการตำรวจตระเวนชายแดนภาค 1","กองกำกับการตำรวจตระเวนชายแดนที่ 11","SCH_G3_0007","1993-11-01","01/11/2536","0","0","0","0","0","0","0","0","0","0","0","0","0","0","0","0","0","0","0","0","0","0","0","0","0","0","0","0","0","0","0","0","0","0","0","0","0","0","0","0","0","0","0","0","0","0","0","0","0","0","0","0","0","0","0","0","0","0","0","0","0","0","0","0","0","0","0","0","0","0","0","0","0","0","0","0","A","ผ่าน"
"707","สำนักงานตำรวจแห่งชาติ","กองบัญชาการตำรวจตระเวนชายแดน","กองบังคับการตำรวจตระเวนชายแดนภาค 1","กองกำกับการตำรวจตระเวนชายแดนที่ 11","SCH_G3_0008","1999-05-16","16/05/2542","0","0","0","0","0","0","0","0","0","0","0","0","0","0","0","0","0","0","0","0","0","0","0","0","0","0","0","0","0","0","0","0","0","0","0","0","0","0","0","0","0","0","0","0","0","0","0","0","0","0","0","0","0","0","0","1","0","0","0","0","0","0","0","0","0","0","0","0","0","0","0","0","0","0","0","1","B","ผ่าน"
"708","สำนักงานตำรวจแห่งชาติ","กองบัญชาการตำรวจตระเวนชายแดน","กองบังคับการตำรวจตระเวนชายแดนภาค 1","กองกำกับการตำรวจตระเวนชายแดนที่ 12","SCH_G3_0009","2021-07-12","12/07/2564","0","0","0","0","0","0","0","0","0","0","0","0","0","0","0","0","0","0","0","0","0","0","0","0","0","0","0","0","0","0","0","0","0","0","0","0","0","0","0","0","0","0","0","0","0","0","0","0","0","0","0","0","0","0","0","0","0","0","0","0","0","0","0","0","0","0","0","0","0","0","0","0","0","0","0","0","A","ผ่าน"
"709","สำนักงานตำรวจแห่งชาติ","กองบัญชาการตำรวจตระเวนชายแดน","กองบังคับการตำรวจตระเวนชายแดนภาค 1","กองกำกับการตำรวจตระเวนชายแดนที่ 12","SCH_G3_0010","2017-05-16","16/05/2560","0","0","0","0","0","0","0","0","0","0","0","0","0","0","0","0","0","0","0","0","0","0","0","0","0","0","0","0","0","0","0","0","0","0","0","0","0","0","0","0","0","0","0","0","0","0","0","0","0","0","0","0","0","0","0","0","0","0","0","0","0","0","0","0","0","0","0","0","0","0","0","0","0","0","0","0","A","ผ่าน"
"710","สำนักงานตำรวจแห่งชาติ","กองบัญชาการตำรวจตระเวนชายแดน","กองบังคับการตำรวจตระเวนชายแดนภาค 1","กองกำกับการตำรวจตระเวนชายแดนที่ 12","SCH_G3_0011","2017-05-16","16/05/2560","0","0","0","0","0","0","0","0","0","0","0","0","0","0","0","0","0","0","0","0","0","0","0","0","0","0","0","0","0","0","0","0","0","0","0","0","0","0","0","0","0","0","0","0","0","0","0","0","0","0","0","0","0","0","0","0","0","0","0","0","0","0","0","0","0","0","0","0","0","0","0","0","0","0","0","0","A","ผ่าน"
"711","สำนักงานตำรวจแห่งชาติ","กองบัญชาการตำรวจตระเวนชายแดน","กองบังคับการตำรวจตระเวนชายแดนภาค 1","กองกำกับการตำรวจตระเวนชายแดนที่ 12","SCH_G3_0012","","","0","0","0","0","0","0","0","0","0","0","0","0","0","0","0","0","0","0","0","0","0","0","0","0","0","0","0","0","0","0","0","0","0","0","0","0","0","0","0","0","0","0","0","0","0","0","0","0","0","0","0","0","0","0","0","1","0","0","0","0","0","0","0","0","0","0","0","0","0","0","0","0","0","0","0","1","B","ผ่าน"
"712","สำนักงานตำรวจแห่งชาติ","กองบัญชาการตำรวจตระเวนชายแดน","กองบังคับการตำรวจตระเวนชายแดนภาค 1","กองกำกับการตำรวจตระเวนชายแดนที่ 12","SCH_G3_0013","1970-10-27","27/10/2513","0","0","0","0","0","0","0","0","0","0","0","0","0","0","0","0","0","0","0","0","0","0","0","0","0","0","0","0","0","0","0","0","0","0","0","0","0","0","0","0","0","0","0","0","0","0","0","0","0","0","0","0","0","0","0","0","0","0","0","0","0","0","0","0","0","0","0","0","0","0","0","0","0","0","0","0","A","ผ่าน"
"713","สำนักงานตำรวจแห่งชาติ","กองบัญชาการตำรวจตระเวนชายแดน","กองบังคับการตำรวจตระเวนชายแดนภาค 1","กองกำกับการตำรวจตระเวนชายแดนที่ 12","SCH_G3_0014","2025-06-03","03/06/2568","0","0","0","0","0","0","0","0","0","0","0","0","0","0","0","0","0","0","0","0","0","0","0","0","0","0","0","0","0","0","0","0","0","0","0","0","0","0","0","0","0","0","0","0","0","0","0","0","0","0","0","0","0","0","0","0","0","0","0","0","0","0","0","0","0","0","0","0","0","0","0","0","0","0","0","0","A","ผ่าน"
"714","สำนักงานตำรวจแห่งชาติ","กองบัญชาการตำรวจตระเวนชายแดน","กองบังคับการตำรวจตระเวนชายแดนภาค 1","กองกำกับการตำรวจตระเวนชายแดนที่ 12","SCH_G3_0015","1982-02-09","09/02/2525","0","0","0","0","0","0","0","0","0","0","0","0","0","0","0","0","0","0","0","0","0","0","0","0","0","0","0","0","0","0","0","0","0","0","0","0","0","0","0","0","0","0","0","0","0","0","0","0","0","0","0","0","0","0","0","0","0","0","0","0","0","0","0","0","0","0","0","0","0","0","0","0","0","0","0","0","A","ผ่าน"
"715","สำนักงานตำรวจแห่งชาติ","กองบัญชาการตำรวจตระเวนชายแดน","กองบังคับการตำรวจตระเวนชายแดนภาค 1","กองกำกับการตำรวจตระเวนชายแดนที่ 12","SCH_G3_0016","1977-06-20","20/06/2520","0","0","0","0","0","0","0","0","0","0","0","0","0","0","0","0","0","0","0","0","0","0","0","0","0","0","0","0","0","0","0","0","0","0","0","0","0","0","0","0","0","0","0","0","0","0","0","0","0","0","0","0","0","0","0","0","0","0","0","0","0","0","0","0","0","0","0","0","0","0","0","0","0","0","0","0","A","ผ่าน"
"716","สำนักงานตำรวจแห่งชาติ","กองบัญชาการตำรวจตระเวนชายแดน","กองบังคับการตำรวจตระเวนชายแดนภาค 1","กองกำกับการตำรวจตระเวนชายแดนที่ 12","SCH_G3_0017","","","0","0","0","0","0","0","0","0","0","0","0","0","0","0","0","0","0","0","0","0","0","0","0","0","0","0","0","0","0","0","0","0","0","0","0","0","0","0","0","0","0","0","0","0","0","0","0","0","0","0","0","0","0","0","0","0","0","0","0","0","0","0","0","0","0","0","0","0","0","0","0","0","0","0","0","0","A","ผ่าน"
"717","สำนักงานตำรวจแห่งชาติ","กองบัญชาการตำรวจตระเวนชายแดน","กองบังคับการตำรวจตระเวนชายแดนภาค 1","กองกำกับการตำรวจตระเวนชายแดนที่ 12","SCH_G3_0018","1995-06-01","01/06/2538","0","0","0","0","0","0","0","0","0","0","0","0","0","0","0","0","0","0","0","0","0","0","0","0","0","0","0","0","0","0","0","0","0","0","0","0","0","0","0","0","0","0","0","0","0","0","0","0","0","0","0","0","0","0","0","0","0","0","0","0","0","0","0","0","0","0","0","0","0","0","0","0","0","0","0","0","A","ผ่าน"
"718","สำนักงานตำรวจแห่งชาติ","กองบัญชาการตำรวจตระเวนชายแดน","กองบังคับการตำรวจตระเวนชายแดนภาค 2","กองกำกับการตำรวจตระเวนชายแดนที่ 21","SCH_G3_0020","","","0","0","0","0","0","0","0","0","0","0","0","0","0","0","0","0","0","0","0","0","0","0","0","0","0","0","0","0","0","0","0","0","0","0","0","0","0","0","0","0","0","0","0","0","0","0","0","0","0","0","0","0","0","0","0","0","0","0","0","0","0","0","0","0","0","0","0","0","0","0","0","0","0","0","0","0","A","ผ่าน"
"719","สำนักงานตำรวจแห่งชาติ","กองบัญชาการตำรวจตระเวนชายแดน","กองบังคับการตำรวจตระเวนชายแดนภาค 2","กองกำกับการตำรวจตระเวนชายแดนที่ 21","SCH_G3_0021","1992-01-25","25/01/2535","0","0","0","0","0","0","0","0","0","0","0","0","0","0","0","0","0","0","0","0","0","0","0","0","0","0","0","0","0","0","0","0","0","0","0","0","0","0","0","0","0","0","0","0","0","0","0","0","0","0","0","0","0","0","0","0","0","0","0","0","0","0","0","0","0","0","0","0","0","0","0","0","0","0","0","0","A","ผ่าน"
"720","สำนักงานตำรวจแห่งชาติ","กองบัญชาการตำรวจตระเวนชายแดน","กองบังคับการตำรวจตระเวนชายแดนภาค 2","กองกำกับการตำรวจตระเวนชายแดนที่ 21","SCH_G3_0022","","","0","0","0","0","0","0","0","0","0","0","0","0","0","0","0","0","0","0","0","0","0","0","0","0","0","0","0","0","0","0","0","0","0","0","0","0","0","0","0","0","0","0","0","0","0","0","0","0","0","0","0","0","0","0","0","0","0","0","0","0","0","0","0","0","0","0","0","0","0","0","0","0","0","0","0","0","A","ผ่าน"
"721","สำนักงานตำรวจแห่งชาติ","กองบัญชาการตำรวจตระเวนชายแดน","กองบังคับการตำรวจตระเวนชายแดนภาค 2","กองกำกับการตำรวจตระเวนชายแดนที่ 21","SCH_G3_0023","1997-03-30","30/03/2540","0","0","0","0","0","0","0","0","0","0","0","0","0","0","0","0","0","0","0","0","0","0","0","0","0","0","0","0","0","0","0","0","0","0","0","0","0","0","0","0","0","0","0","0","0","0","0","0","0","0","0","0","0","0","0","0","0","0","0","0","0","0","0","0","0","0","0","0","0","0","0","0","0","0","0","0","A","ผ่าน"
"722","สำนักงานตำรวจแห่งชาติ","กองบัญชาการตำรวจตระเวนชายแดน","กองบังคับการตำรวจตระเวนชายแดนภาค 2","กองกำกับการตำรวจตระเวนชายแดนที่ 21","SCH_G3_0024","2025-05-16","16/05/2568","0","0","0","0","0","0","0","0","0","0","0","0","0","0","0","0","0","0","0","0","0","0","0","0","0","0","0","0","0","0","0","0","0","0","0","0","0","0","0","0","0","0","0","0","0","0","0","0","0","0","0","0","0","0","0","0","0","0","0","0","0","0","0","0","0","0","0","0","0","0","0","0","0","0","0","0","A","ผ่าน"
"723","สำนักงานตำรวจแห่งชาติ","กองบัญชาการตำรวจตระเวนชายแดน","กองบังคับการตำรวจตระเวนชายแดนภาค 2","กองกำกับการตำรวจตระเวนชายแดนที่ 21","SCH_G3_0025","2025-04-24","24/04/2568","0","0","0","0","0","0","0","0","0","0","0","0","0","0","0","0","0","0","0","0","0","0","0","0","0","0","0","0","0","0","0","0","0","0","0","0","0","0","0","0","0","0","0","0","0","0","0","0","0","0","0","0","0","0","0","0","0","0","0","0","0","0","0","0","0","0","0","0","0","0","0","0","0","0","0","0","A","ผ่าน"
"724","สำนักงานตำรวจแห่งชาติ","กองบัญชาการตำรวจตระเวนชายแดน","กองบังคับการตำรวจตระเวนชายแดนภาค 2","กองกำกับการตำรวจตระเวนชายแดนที่ 21","SCH_G3_0026","2023-04-29","29/04/2566","0","0","0","0","0","0","0","0","0","0","0","0","0","0","0","0","0","0","0","0","0","0","0","0","0","0","0","0","0","0","0","0","0","0","0","0","0","0","0","0","0","0","0","0","0","0","0","0","0","0","0","0","0","0","0","0","0","0","0","0","0","0","0","0","0","0","0","0","0","0","0","0","0","0","0","0","A","ผ่าน"
"725","สำนักงานตำรวจแห่งชาติ","กองบัญชาการตำรวจตระเวนชายแดน","กองบังคับการตำรวจตระเวนชายแดนภาค 2","กองกำกับการตำรวจตระเวนชายแดนที่ 22","SCH_G3_0029","1982-03-25","25/03/2525","0","0","0","0","0","0","0","0","0","0","0","0","0","0","0","0","0","0","0","0","0","0","0","0","0","0","0","0","0","0","0","0","0","0","0","0","0","0","0","0","0","0","0","0","0","0","0","0","0","0","0","0","0","0","0","0","0","0","0","0","0","0","0","0","0","0","0","0","0","0","0","0","0","0","0","0","A","ผ่าน"
"726","สำนักงานตำรวจแห่งชาติ","กองบัญชาการตำรวจตระเวนชายแดน","กองบังคับการตำรวจตระเวนชายแดนภาค 2","กองกำกับการตำรวจตระเวนชายแดนที่ 22","SCH_G3_0030","2024-08-27","27/08/2567","0","0","0","0","0","1","0","0","0","0","0","0","0","0","0","0","0","0","0","0","0","0","0","0","0","0","0","0","0","0","0","0","0","0","0","0","0","0","0","0","0","0","0","0","0","0","0","0","0","0","0","0","0","0","0","0","0","0","0","0","0","0","0","0","0","0","0","0","0","0","0","0","0","0","0","1","B","ผ่าน"
"727","สำนักงานตำรวจแห่งชาติ","กองบัญชาการตำรวจตระเวนชายแดน","กองบังคับการตำรวจตระเวนชายแดนภาค 2","กองกำกับการตำรวจตระเวนชายแดนที่ 22","SCH_G3_0031","2014-05-16","16/05/2557","0","0","0","0","0","0","0","0","0","0","0","0","0","0","0","0","0","0","0","0","0","0","0","0","0","0","0","0","0","0","0","0","0","0","0","0","0","0","0","0","0","0","0","0","0","0","0","0","0","0","0","0","0","0","0","0","0","0","0","0","0","0","0","0","0","0","0","0","0","0","0","0","0","0","0","0","A","ผ่าน"
"728","สำนักงานตำรวจแห่งชาติ","กองบัญชาการตำรวจตระเวนชายแดน","กองบังคับการตำรวจตระเวนชายแดนภาค 2","กองกำกับการตำรวจตระเวนชายแดนที่ 22","SCH_G3_0032","2024-04-23","23/04/2567","0","0","0","0","0","1","0","0","0","0","0","0","0","0","0","0","0","0","0","0","0","0","0","0","0","0","0","0","0","0","0","0","0","0","0","0","0","0","0","0","0","0","0","0","0","0","0","0","0","0","0","0","0","0","0","0","0","0","0","0","0","0","0","0","0","0","0","0","0","0","0","0","0","0","0","1","B","ผ่าน"
"729","สำนักงานตำรวจแห่งชาติ","กองบัญชาการตำรวจตระเวนชายแดน","กองบังคับการตำรวจตระเวนชายแดนภาค 2","กองกำกับการตำรวจตระเวนชายแดนที่ 22","SCH_G3_0034","2024-04-27","27/04/2567","0","0","0","0","0","0","0","0","0","0","0","0","0","0","0","0","0","0","0","0","0","0","0","0","0","0","0","0","0","0","0","0","0","0","0","0","0","0","0","0","0","0","0","0","0","0","0","0","0","0","0","0","0","0","0","0","0","0","0","0","0","0","0","0","0","0","0","0","0","0","0","0","0","0","0","0","A","ผ่าน"
"730","สำนักงานตำรวจแห่งชาติ","กองบัญชาการตำรวจตระเวนชายแดน","กองบังคับการตำรวจตระเวนชายแดนภาค 2","กองกำกับการตำรวจตระเวนชายแดนที่ 22","SCH_G3_0040","2015-05-18","18/05/2558","0","0","0","0","0","0","0","0","0","0","0","0","0","0","0","0","0","0","0","0","0","0","0","0","0","0","0","0","0","0","0","0","0","0","0","0","0","0","0","0","0","0","0","0","0","0","0","0","0","0","0","0","0","0","0","0","0","0","0","0","0","0","0","0","0","0","0","0","0","0","0","0","0","0","0","0","A","ผ่าน"
"731","สำนักงานตำรวจแห่งชาติ","กองบัญชาการตำรวจตระเวนชายแดน","กองบังคับการตำรวจตระเวนชายแดนภาค 2","กองกำกับการตำรวจตระเวนชายแดนที่ 24","SCH_G3_0041","2022-02-25","25/02/2565","0","0","0","0","0","0","0","0","0","0","0","0","0","0","0","0","0","0","0","0","0","0","0","0","0","0","0","0","0","0","0","0","0","0","0","0","0","0","0","0","0","0","0","0","0","0","0","0","0","0","0","0","0","0","0","0","0","0","0","0","0","0","0","0","0","0","0","0","0","0","0","0","0","0","0","0","A","ผ่าน"
"732","สำนักงานตำรวจแห่งชาติ","กองบัญชาการตำรวจตระเวนชายแดน","กองบังคับการตำรวจตระเวนชายแดนภาค 2","กองกำกับการตำรวจตระเวนชายแดนที่ 24","SCH_G3_0042","1995-06-10","10/06/2538","0","0","0","0","0","0","0","0","0","0","0","0","0","0","0","0","0","0","0","0","0","0","0","0","0","0","0","0","0","0","0","0","0","0","0","0","0","0","0","0","0","0","0","0","0","0","0","0","0","0","0","0","0","0","0","0","0","0","0","0","0","0","0","0","0","0","0","0","0","0","0","0","0","0","0","0","A","ผ่าน"
"733","สำนักงานตำรวจแห่งชาติ","กองบัญชาการตำรวจตระเวนชายแดน","กองบังคับการตำรวจตระเวนชายแดนภาค 2","กองกำกับการตำรวจตระเวนชายแดนที่ 24","SCH_G3_0043","2021-07-22","22/07/2564","0","0","0","0","0","1","0","0","0","0","0","0","0","0","0","0","0","0","0","0","0","0","0","0","0","0","0","0","0","0","0","0","0","0","0","0","0","0","0","0","0","0","0","0","0","0","0","0","0","0","0","0","0","0","0","0","0","0","0","0","0","0","0","0","0","0","0","0","0","0","0","0","0","0","0","1","B","ผ่าน"
"734","สำนักงานตำรวจแห่งชาติ","กองบัญชาการตำรวจตระเวนชายแดน","กองบังคับการตำรวจตระเวนชายแดนภาค 2","กองกำกับการตำรวจตระเวนชายแดนที่ 24","SCH_G3_0044","2015-05-18","18/05/2558","0","0","0","0","0","0","0","0","0","0","0","0","0","0","0","0","0","0","0","0","0","0","0","0","0","0","0","0","0","0","0","0","0","0","0","0","0","0","0","0","0","0","0","0","0","0","0","0","0","0","0","0","0","0","0","0","0","0","0","0","0","0","0","0","0","0","0","0","0","0","0","0","0","0","0","0","A","ผ่าน"
"735","สำนักงานตำรวจแห่งชาติ","กองบัญชาการตำรวจตระเวนชายแดน","กองบังคับการตำรวจตระเวนชายแดนภาค 2","กองกำกับการตำรวจตระเวนชายแดนที่ 24","SCH_G3_0046","2005-11-07","07/11/2548","0","0","0","0","0","0","0","0","0","0","0","0","0","0","0","0","0","0","0","0","0","0","0","0","0","0","0","0","0","0","0","0","0","0","0","0","0","0","0","0","0","0","0","0","0","0","0","0","0","0","0","0","0","0","0","0","0","0","0","0","0","0","0","0","0","0","0","0","0","0","0","0","0","0","0","0","A","ผ่าน"
"736","สำนักงานตำรวจแห่งชาติ","กองบัญชาการตำรวจตระเวนชายแดน","กองบังคับการตำรวจตระเวนชายแดนภาค 2","กองกำกับการตำรวจตระเวนชายแดนที่ 24","SCH_G3_0049","2021-07-22","22/07/2564","0","0","0","0","0","0","0","0","0","0","0","0","0","0","0","0","0","0","0","0","0","0","0","0","0","0","0","0","0","0","0","0","0","0","0","0","0","0","0","0","0","0","0","0","0","0","0","0","0","0","0","0","0","0","0","0","0","0","0","0","0","0","0","0","0","0","0","0","0","0","0","0","0","0","0","0","A","ผ่าน"
"737","สำนักงานตำรวจแห่งชาติ","กองบัญชาการตำรวจตระเวนชายแดน","กองบังคับการตำรวจตระเวนชายแดนภาค 2","กองกำกับการตำรวจตระเวนชายแดนที่ 24","SCH_G3_0051","1977-09-20","20/09/2520","0","0","0","0","0","0","0","0","0","0","0","0","0","0","0","0","0","0","0","0","0","0","0","0","0","0","0","0","0","0","0","0","0","0","0","0","0","0","0","0","0","0","0","0","0","0","0","0","0","0","0","0","0","0","0","0","0","0","0","0","0","0","0","0","0","0","0","0","0","0","0","0","0","0","0","0","A","ผ่าน"
"738","สำนักงานตำรวจแห่งชาติ","กองบัญชาการตำรวจตระเวนชายแดน","กองบังคับการตำรวจตระเวนชายแดนภาค 2","กองกำกับการตำรวจตระเวนชายแดนที่ 24","SCH_G3_0052","1980-12-23","23/12/2523","0","0","0","0","0","0","0","0","0","0","0","0","0","0","0","0","0","0","0","0","0","0","0","0","0","0","0","0","0","0","0","0","0","0","0","0","0","0","0","0","0","0","0","0","0","0","0","0","0","0","0","0","0","0","0","0","0","0","0","0","0","0","0","0","0","0","0","0","0","0","0","0","0","0","0","0","A","ผ่าน"
"739","สำนักงานตำรวจแห่งชาติ","กองบัญชาการตำรวจตระเวนชายแดน","กองบังคับการตำรวจตระเวนชายแดนภาค 2","กองกำกับการตำรวจตระเวนชายแดนที่ 24","SCH_G3_0053","1986-05-05","05/05/2529","0","0","0","0","0","0","0","0","0","0","0","0","0","0","0","0","0","0","0","0","0","0","0","0","0","0","0","0","0","0","0","0","0","0","0","0","0","0","0","0","0","0","0","0","0","0","0","0","0","0","0","0","0","0","0","0","0","0","0","0","0","0","0","0","0","0","0","0","0","0","0","0","0","0","0","0","A","ผ่าน"
"740","สำนักงานตำรวจแห่งชาติ","กองบัญชาการตำรวจตระเวนชายแดน","กองบังคับการตำรวจตระเวนชายแดนภาค 2","กองกำกับการตำรวจตระเวนชายแดนที่ 24","SCH_G3_0054","","","0","0","0","0","0","0","0","0","0","0","0","0","0","0","0","0","0","0","0","0","0","0","0","0","0","0","0","0","0","0","0","0","0","0","0","0","0","0","0","0","0","0","0","0","0","0","0","0","0","0","0","0","0","0","0","0","0","0","0","0","0","0","0","0","0","0","0","0","0","0","0","0","0","0","0","0","A","ผ่าน"
"741","สำนักงานตำรวจแห่งชาติ","กองบัญชาการตำรวจตระเวนชายแดน","กองบังคับการตำรวจตระเวนชายแดนภาค 2","กองกำกับการตำรวจตระเวนชายแดนที่ 24","SCH_G3_0055","2024-05-16","16/05/2567","0","0","0","0","0","0","0","0","0","0","0","0","0","0","0","0","0","0","0","0","0","0","0","0","0","0","0","0","0","0","0","0","0","0","0","0","0","0","0","0","0","0","0","0","0","0","0","0","0","0","0","0","0","0","0","0","0","0","0","0","0","0","0","0","0","0","0","0","0","0","0","0","0","0","0","0","A","ผ่าน"
"742","สำนักงานตำรวจแห่งชาติ","กองบัญชาการตำรวจตระเวนชายแดน","กองบังคับการตำรวจตระเวนชายแดนภาค 2","กองกำกับการตำรวจตระเวนชายแดนที่ 24","SCH_G3_0056","1995-06-14","14/06/2538","0","0","0","0","0","0","0","0","0","0","0","0","0","0","0","0","0","0","0","0","0","0","0","0","0","0","0","0","0","0","0","0","0","0","0","0","0","0","0","0","0","0","0","0","0","0","0","0","0","0","0","0","0","0","0","0","0","0","0","0","0","0","0","0","0","0","0","0","0","0","0","0","0","0","0","0","A","ผ่าน"
"743","สำนักงานตำรวจแห่งชาติ","กองบัญชาการตำรวจตระเวนชายแดน","กองบังคับการตำรวจตระเวนชายแดนภาค 2","กองกำกับการตำรวจตระเวนชายแดนที่ 23","SCH_G3_0057","2025-05-15","15/05/2568","0","0","0","0","0","0","0","0","0","0","0","0","0","0","0","0","0","0","0","0","0","0","0","0","0","0","0","0","0","0","0","0","0","0","0","0","0","0","0","0","0","0","0","0","0","0","0","0","0","0","0","0","0","0","0","0","0","0","0","0","0","0","0","0","0","0","0","0","0","0","0","0","0","0","0","0","A","ผ่าน"
"744","สำนักงานตำรวจแห่งชาติ","กองบัญชาการตำรวจตระเวนชายแดน","กองบังคับการตำรวจตระเวนชายแดนภาค 2","กองกำกับการตำรวจตระเวนชายแดนที่ 23","SCH_G3_0059","1977-10-01","01/10/2520","0","0","0","0","0","0","0","0","0","0","0","0","0","0","0","0","0","0","0","0","0","0","0","0","0","0","0","0","0","0","0","0","0","0","0","0","0","0","0","0","0","0","0","0","0","0","0","0","0","0","0","0","0","0","0","0","0","0","0","0","0","0","0","0","0","0","0","0","0","0","0","0","0","0","0","0","A","ผ่าน"
"745","สำนักงานตำรวจแห่งชาติ","กองบัญชาการตำรวจตระเวนชายแดน","กองบังคับการตำรวจตระเวนชายแดนภาค 2","กองกำกับการตำรวจตระเวนชายแดนที่ 23","SCH_G3_0060","2014-01-07","07/01/2557","0","0","0","0","0","0","0","0","0","0","0","0","0","0","0","0","0","0","0","0","0","0","0","0","0","0","0","0","0","0","0","0","0","0","0","0","0","0","0","0","0","0","0","0","0","0","0","0","0","0","0","0","0","0","0","0","0","0","0","0","0","0","0","0","0","0","0","0","0","0","0","0","0","0","0","0","A","ผ่าน"
"746","สำนักงานตำรวจแห่งชาติ","กองบัญชาการตำรวจตระเวนชายแดน","กองบังคับการตำรวจตระเวนชายแดนภาค 2","กองกำกับการตำรวจตระเวนชายแดนที่ 23","SCH_G3_0061","2014-05-16","16/05/2557","0","0","0","0","0","0","0","0","0","0","0","0","0","0","0","0","0","0","0","0","0","0","0","0","0","0","0","0","0","0","0","0","0","0","0","0","0","0","0","0","0","0","0","0","0","0","0","0","0","0","0","0","0","0","0","0","0","0","0","0","0","0","0","0","0","0","0","0","0","0","0","0","0","0","0","0","A","ผ่าน"
"747","สำนักงานตำรวจแห่งชาติ","กองบัญชาการตำรวจตระเวนชายแดน","กองบังคับการตำรวจตระเวนชายแดนภาค 2","กองกำกับการตำรวจตระเวนชายแดนที่ 23","SCH_G3_0063","1976-06-01","01/06/2519","0","0","0","0","0","0","0","0","0","0","0","0","0","0","0","0","0","0","0","0","0","0","0","0","0","0","0","0","0","0","0","0","0","0","0","0","0","0","0","0","0","0","0","0","0","0","0","0","0","0","0","0","0","0","0","0","0","0","0","0","0","0","0","0","0","0","0","0","0","0","0","0","0","0","0","0","A","ผ่าน"
"748","สำนักงานตำรวจแห่งชาติ","กองบัญชาการตำรวจตระเวนชายแดน","กองบังคับการตำรวจตระเวนชายแดนภาค 2","กองกำกับการตำรวจตระเวนชายแดนที่ 23","SCH_G3_0066","2015-05-12","12/05/2558","0","0","0","0","0","0","0","0","0","0","0","0","0","0","1","0","0","0","0","0","0","0","0","0","0","0","0","0","0","0","0","0","0","0","0","0","0","0","0","0","0","0","0","0","0","0","0","0","0","0","0","0","0","0","0","0","0","0","0","0","0","0","0","0","0","0","0","0","0","0","0","0","0","0","0","1","B","ผ่าน"
"749","สำนักงานตำรวจแห่งชาติ","กองบัญชาการตำรวจตระเวนชายแดน","กองบังคับการตำรวจตระเวนชายแดนภาค 3","กองกำกับการตำรวจตระเวนชายแดนที่ 33","SCH_G3_0067","2021-05-17","17/05/2564","0","0","0","0","1","0","0","0","0","0","0","1","0","0","0","0","0","0","0","0","0","0","0","0","0","0","0","0","0","0","0","0","0","0","0","0","0","0","0","0","0","0","0","0","0","0","0","0","0","0","0","0","0","0","0","0","0","0","0","0","0","0","0","0","0","0","0","1","0","0","0","0","0","0","0","3","B","ผ่าน"
"750","สำนักงานตำรวจแห่งชาติ","กองบัญชาการตำรวจตระเวนชายแดน","กองบังคับการตำรวจตระเวนชายแดนภาค 3","กองกำกับการตำรวจตระเวนชายแดนที่ 33","SCH_G3_0068","2021-07-08","08/07/2564","0","0","0","0","0","0","0","0","0","0","0","0","0","0","0","0","0","0","0","0","0","0","0","0","0","0","0","0","0","0","0","0","0","0","0","0","0","0","0","0","0","0","0","0","0","0","0","0","0","0","0","0","0","0","0","0","0","0","0","0","0","0","0","0","0","0","0","0","0","0","0","0","0","0","0","0","A","ผ่าน"
"751","สำนักงานตำรวจแห่งชาติ","กองบัญชาการตำรวจตระเวนชายแดน","กองบังคับการตำรวจตระเวนชายแดนภาค 3","กองกำกับการตำรวจตระเวนชายแดนที่ 33","SCH_G3_0069","2025-03-20","20/03/2568","0","0","0","0","0","0","0","0","0","0","0","0","0","0","0","0","0","0","0","0","0","0","0","0","0","0","0","0","0","0","0","0","0","0","0","0","0","0","0","0","0","0","0","0","0","0","0","0","0","0","0","0","0","0","0","0","0","0","0","0","0","0","0","0","0","0","0","0","0","0","0","0","0","0","0","0","A","ผ่าน"
"752","สำนักงานตำรวจแห่งชาติ","กองบัญชาการตำรวจตระเวนชายแดน","กองบังคับการตำรวจตระเวนชายแดนภาค 3","กองกำกับการตำรวจตระเวนชายแดนที่ 33","SCH_G3_0070","2017-05-16","16/05/2560","0","0","0","0","0","0","0","0","0","0","0","0","0","0","0","0","0","0","0","0","0","0","0","0","0","0","0","0","0","0","0","0","0","0","0","0","0","0","0","0","0","0","0","0","0","0","0","0","0","0","0","0","0","0","1","1","0","0","0","0","0","0","0","1","0","0","0","0","0","0","0","0","0","0","0","3","B","ผ่าน"
"753","สำนักงานตำรวจแห่งชาติ","กองบัญชาการตำรวจตระเวนชายแดน","กองบังคับการตำรวจตระเวนชายแดนภาค 3","กองกำกับการตำรวจตระเวนชายแดนที่ 33","SCH_G3_0071","2018-05-16","16/05/2561","0","0","0","0","0","0","0","0","0","0","0","0","0","0","0","0","0","0","0","0","0","0","0","0","0","0","0","0","0","0","0","0","0","0","0","0","0","0","0","0","0","0","0","0","0","0","0","0","0","0","0","0","0","0","0","0","0","0","0","0","0","0","0","0","0","0","0","0","0","0","0","0","0","0","0","0","A","ผ่าน"
"754","สำนักงานตำรวจแห่งชาติ","กองบัญชาการตำรวจตระเวนชายแดน","กองบังคับการตำรวจตระเวนชายแดนภาค 3","กองกำกับการตำรวจตระเวนชายแดนที่ 33","SCH_G3_0072","2021-07-09","09/07/2564","0","0","0","0","0","0","0","0","0","0","0","0","0","0","0","0","0","0","0","0","0","0","0","0","0","0","0","0","0","0","0","0","0","0","0","0","0","0","0","0","0","0","0","0","0","0","0","0","0","0","0","0","0","0","0","0","0","0","0","0","0","0","0","0","0","0","0","0","0","0","0","0","0","0","0","0","A","ผ่าน"
"755","สำนักงานตำรวจแห่งชาติ","กองบัญชาการตำรวจตระเวนชายแดน","กองบังคับการตำรวจตระเวนชายแดนภาค 3","กองกำกับการตำรวจตระเวนชายแดนที่ 33","SCH_G3_0073","1998-07-25","25/07/2541","0","0","0","0","0","0","0","0","0","0","0","0","0","0","0","0","0","0","0","0","0","0","0","0","0","0","0","0","0","0","0","0","0","0","0","0","0","0","0","0","0","0","0","0","0","0","0","0","0","0","0","0","0","0","0","0","0","0","0","0","0","0","0","0","0","0","0","0","0","0","0","0","0","0","0","0","A","ผ่าน"
"756","สำนักงานตำรวจแห่งชาติ","กองบัญชาการตำรวจตระเวนชายแดน","กองบังคับการตำรวจตระเวนชายแดนภาค 3","กองกำกับการตำรวจตระเวนชายแดนที่ 33","SCH_G3_0074","1992-06-27","27/06/2535","0","0","0","0","0","0","0","0","0","0","0","0","0","0","0","0","0","0","0","0","0","0","0","0","0","0","0","0","0","0","0","0","0","0","0","0","0","0","0","0","0","0","0","0","0","0","0","0","0","0","0","0","0","0","0","0","0","0","0","0","0","0","0","0","0","0","0","0","0","0","0","0","0","0","0","0","A","ผ่าน"
"757","สำนักงานตำรวจแห่งชาติ","กองบัญชาการตำรวจตระเวนชายแดน","กองบังคับการตำรวจตระเวนชายแดนภาค 3","กองกำกับการตำรวจตระเวนชายแดนที่ 33","SCH_G3_0075","1967-01-10","10/01/2510","0","0","0","0","0","0","0","0","0","0","0","0","0","0","0","0","0","0","0","0","0","0","0","0","0","0","0","0","0","0","0","0","0","0","0","0","0","0","0","0","0","0","0","0","0","0","0","0","0","0","0","0","0","0","0","0","0","0","0","0","0","0","0","0","0","0","0","0","0","0","0","0","0","0","0","0","A","ผ่าน"
"758","สำนักงานตำรวจแห่งชาติ","กองบัญชาการตำรวจตระเวนชายแดน","กองบังคับการตำรวจตระเวนชายแดนภาค 3","กองกำกับการตำรวจตระเวนชายแดนที่ 33","SCH_G3_0076","1962-01-11","11/01/2505","0","1","0","1","0","1","0","0","0","1","1","1","0","0","1","0","0","0","0","0","0","0","0","0","0","0","0","0","0","0","0","0","0","0","0","0","0","0","0","0","0","0","0","0","0","0","0","0","0","0","0","0","0","0","0","0","0","0","0","0","0","0","0","0","0","0","0","0","0","0","0","0","0","0","0","7","B","ผ่าน"
"759","สำนักงานตำรวจแห่งชาติ","กองบัญชาการตำรวจตระเวนชายแดน","กองบังคับการตำรวจตระเวนชายแดนภาค 3","กองกำกับการตำรวจตระเวนชายแดนที่ 33","SCH_G3_0078","1965-12-01","01/12/2508","0","0","0","0","0","0","0","0","0","0","0","0","0","0","0","0","0","0","0","0","0","0","0","0","0","0","0","0","0","0","0","0","0","0","0","0","0","0","0","0","0","0","0","0","0","0","0","0","0","0","0","0","0","0","0","0","0","0","0","0","0","0","0","0","0","0","0","0","0","0","0","0","0","0","0","0","A","ผ่าน"
"760","สำนักงานตำรวจแห่งชาติ","กองบัญชาการตำรวจตระเวนชายแดน","กองบังคับการตำรวจตระเวนชายแดนภาค 3","กองกำกับการตำรวจตระเวนชายแดนที่ 33","SCH_G3_0079","2012-04-20","20/04/2555","0","0","0","0","0","0","0","0","0","0","0","0","0","0","0","0","0","0","0","0","0","0","0","0","0","0","0","0","0","0","0","0","0","0","0","0","0","0","0","0","0","0","0","0","0","0","0","0","0","0","0","0","0","0","0","0","0","0","0","0","0","0","0","0","0","0","0","0","0","0","0","0","0","0","0","0","A","ผ่าน"
"761","สำนักงานตำรวจแห่งชาติ","กองบัญชาการตำรวจตระเวนชายแดน","กองบังคับการตำรวจตระเวนชายแดนภาค 3","กองกำกับการตำรวจตระเวนชายแดนที่ 33","SCH_G3_0081","2015-05-18","18/05/2558","0","0","0","0","0","0","0","0","0","0","0","0","0","0","0","0","0","0","0","0","0","0","0","0","0","0","0","0","0","0","0","0","0","0","0","0","0","0","0","0","0","0","0","0","0","0","0","0","0","0","0","0","0","0","0","0","0","0","0","0","0","0","0","0","0","0","0","0","0","0","0","0","0","0","0","0","A","ผ่าน"
"762","สำนักงานตำรวจแห่งชาติ","กองบัญชาการตำรวจตระเวนชายแดน","กองบังคับการตำรวจตระเวนชายแดนภาค 3","กองกำกับการตำรวจตระเวนชายแดนที่ 33","SCH_G3_0084","2019-05-16","16/05/2562","0","0","0","0","0","1","0","0","0","0","0","0","0","0","0","0","0","0","0","0","0","0","0","0","0","0","0","0","0","0","0","0","0","0","0","0","0","0","0","0","0","0","0","0","0","0","0","0","0","0","0","0","0","0","0","0","0","0","0","0","0","0","0","0","0","0","0","0","0","0","0","0","0","0","0","1","B","ผ่าน"
"763","สำนักงานตำรวจแห่งชาติ","กองบัญชาการตำรวจตระเวนชายแดน","กองบังคับการตำรวจตระเวนชายแดนภาค 3","กองกำกับการตำรวจตระเวนชายแดนที่ 31","SCH_G3_0085","1958-05-01","01/05/2501","0","0","0","0","0","0","0","0","0","0","0","0","0","0","0","0","0","0","0","0","0","0","0","0","0","0","0","0","0","0","0","0","0","0","0","0","0","0","0","0","0","0","0","0","0","0","0","0","0","0","0","0","0","0","0","0","0","0","0","0","0","0","0","0","0","0","0","0","0","0","0","0","0","0","0","0","A","ผ่าน"
"764","สำนักงานตำรวจแห่งชาติ","กองบัญชาการตำรวจตระเวนชายแดน","กองบังคับการตำรวจตระเวนชายแดนภาค 3","กองกำกับการตำรวจตระเวนชายแดนที่ 31","SCH_G3_0086","1986-08-01","01/08/2529","0","0","0","0","0","0","0","0","0","0","0","0","0","0","0","0","0","0","0","0","0","0","0","0","0","0","0","0","0","0","0","0","0","0","0","0","0","0","0","0","0","0","0","0","0","0","0","0","0","0","0","0","0","0","0","0","0","0","0","0","0","0","0","0","0","0","0","0","0","0","0","0","0","0","0","0","A","ผ่าน"
"765","สำนักงานตำรวจแห่งชาติ","กองบัญชาการตำรวจตระเวนชายแดน","กองบังคับการตำรวจตระเวนชายแดนภาค 3","กองกำกับการตำรวจตระเวนชายแดนที่ 32","SCH_G3_0087","2020-01-24","24/01/2563","0","0","0","0","0","0","0","0","0","0","0","0","0","0","0","0","0","0","0","0","0","0","0","0","0","0","0","0","0","0","0","0","0","0","0","0","0","0","0","0","0","0","0","0","0","0","0","0","0","0","0","0","0","0","0","0","0","0","0","0","0","0","0","0","0","0","0","0","0","0","0","0","0","0","0","0","A","ผ่าน"
"766","สำนักงานตำรวจแห่งชาติ","กองบัญชาการตำรวจตระเวนชายแดน","กองบังคับการตำรวจตระเวนชายแดนภาค 3","กองกำกับการตำรวจตระเวนชายแดนที่ 32","SCH_G3_0088","1995-01-26","26/01/2538","0","0","0","0","0","1","0","0","0","0","0","0","0","0","0","0","0","0","0","0","0","0","0","0","0","0","0","0","0","0","0","0","0","0","0","0","0","0","0","0","0","0","0","0","0","0","0","0","0","0","0","0","0","0","0","0","0","0","0","0","0","0","0","0","0","0","0","0","0","0","0","0","0","0","0","1","B","ผ่าน"
"767","สำนักงานตำรวจแห่งชาติ","กองบัญชาการตำรวจตระเวนชายแดน","กองบังคับการตำรวจตระเวนชายแดนภาค 3","กองกำกับการตำรวจตระเวนชายแดนที่ 32","SCH_G3_0089","","","0","0","0","0","0","0","0","0","0","0","0","0","0","0","0","0","0","0","0","0","0","0","0","0","0","0","0","0","0","0","0","0","0","0","0","0","0","0","0","0","0","0","0","0","0","0","0","0","0","0","0","0","0","0","0","0","0","0","0","0","0","0","0","0","0","0","0","0","0","0","0","0","0","0","0","0","A","ผ่าน"
"768","สำนักงานตำรวจแห่งชาติ","กองบัญชาการตำรวจตระเวนชายแดน","กองบังคับการตำรวจตระเวนชายแดนภาค 3","กองกำกับการตำรวจตระเวนชายแดนที่ 32","SCH_G3_0090","2018-02-10","10/02/2561","0","0","0","0","0","0","0","0","1","0","1","0","0","0","0","0","0","1","0","0","0","0","0","1","0","0","0","0","0","0","0","0","0","0","0","0","0","0","0","0","0","0","0","0","0","1","0","0","0","0","0","0","0","0","0","0","0","0","0","0","0","0","0","0","0","0","0","0","0","0","0","0","0","0","0","5","B","ผ่าน"
"769","สำนักงานตำรวจแห่งชาติ","กองบัญชาการตำรวจตระเวนชายแดน","กองบังคับการตำรวจตระเวนชายแดนภาค 3","กองกำกับการตำรวจตระเวนชายแดนที่ 32","SCH_G3_0091","1985-01-12","12/01/2528","0","0","0","0","0","0","0","0","0","0","0","0","0","0","0","0","0","0","0","0","0","0","0","0","0","0","0","0","0","0","0","0","0","0","0","0","0","0","0","0","0","0","0","0","0","0","0","0","0","0","0","0","0","0","0","0","0","0","0","0","0","0","0","0","0","0","0","0","0","0","0","0","0","0","0","0","A","ผ่าน"
"770","สำนักงานตำรวจแห่งชาติ","กองบัญชาการตำรวจตระเวนชายแดน","กองบังคับการตำรวจตระเวนชายแดนภาค 3","กองกำกับการตำรวจตระเวนชายแดนที่ 32","SCH_G3_0093","2021-06-14","14/06/2564","0","0","0","0","0","1","0","0","0","0","0","0","0","0","0","0","0","0","0","0","0","0","0","0","0","0","0","0","0","0","0","0","0","0","0","0","0","0","0","0","0","0","0","0","0","0","0","0","0","0","0","0","0","0","0","1","0","0","0","0","0","0","0","0","0","0","0","0","0","0","0","0","0","0","0","2","B","ผ่าน"
"771","สำนักงานตำรวจแห่งชาติ","กองบัญชาการตำรวจตระเวนชายแดน","กองบังคับการตำรวจตระเวนชายแดนภาค 3","กองกำกับการตำรวจตระเวนชายแดนที่ 32","SCH_G3_0094","2025-02-17","17/02/2568","0","0","0","0","0","0","0","0","0","0","0","0","0","0","0","0","0","0","0","0","0","0","0","0","0","0","0","0","0","0","0","0","0","0","0","0","0","0","0","0","0","0","0","0","0","0","0","0","0","0","0","0","0","0","0","0","0","0","0","0","0","0","0","0","0","0","0","0","0","0","0","0","0","0","0","0","A","ผ่าน"
"772","สำนักงานตำรวจแห่งชาติ","กองบัญชาการตำรวจตระเวนชายแดน","กองบังคับการตำรวจตระเวนชายแดนภาค 3","กองกำกับการตำรวจตระเวนชายแดนที่ 32","SCH_G3_0095","1965-05-08","08/05/2508","0","0","0","0","0","0","0","0","0","0","0","1","1","0","0","0","0","0","0","0","0","0","0","0","0","0","0","1","0","0","0","0","0","0","0","0","0","0","0","0","0","0","0","0","0","0","0","0","0","0","0","0","0","0","0","0","1","0","0","0","0","0","0","1","0","0","0","0","0","0","0","0","0","0","0","5","B","ผ่าน"
"773","สำนักงานตำรวจแห่งชาติ","กองบัญชาการตำรวจตระเวนชายแดน","กองบังคับการตำรวจตระเวนชายแดนภาค 3","กองกำกับการตำรวจตระเวนชายแดนที่ 32","SCH_G3_0096","1960-10-01","01/10/2503","0","0","0","0","0","0","0","0","0","0","0","0","0","0","0","0","0","0","0","0","0","0","0","0","0","0","0","0","0","0","0","0","0","0","0","0","0","0","0","0","0","0","0","0","0","0","0","0","0","0","0","0","0","0","0","1","0","0","0","0","0","0","0","0","0","0","0","0","0","0","0","0","0","0","0","1","B","ผ่าน"
"774","สำนักงานตำรวจแห่งชาติ","กองบัญชาการตำรวจตระเวนชายแดน","กองบังคับการตำรวจตระเวนชายแดนภาค 3","กองกำกับการตำรวจตระเวนชายแดนที่ 32","SCH_G3_0097","2024-05-16","16/05/2567","0","0","0","0","0","0","0","0","0","0","0","0","0","0","0","0","0","0","0","0","0","0","0","0","0","0","0","0","0","0","0","0","0","0","0","0","0","0","0","0","0","0","0","0","0","0","0","0","0","0","0","0","0","0","0","0","0","0","0","0","0","0","0","0","0","0","0","0","0","0","0","0","0","0","0","0","A","ผ่าน"
"775","สำนักงานตำรวจแห่งชาติ","กองบัญชาการตำรวจตระเวนชายแดน","กองบังคับการตำรวจตระเวนชายแดนภาค 3","กองกำกับการตำรวจตระเวนชายแดนที่ 32","SCH_G3_0098","1974-01-09","09/01/2517","0","0","0","0","0","0","0","0","0","0","0","0","0","0","0","0","0","0","0","0","0","0","0","0","0","0","0","0","0","0","0","0","0","0","0","0","0","0","0","0","0","0","0","0","0","0","0","0","0","0","0","0","0","0","0","0","0","0","0","0","0","0","0","0","0","0","0","0","0","0","0","0","0","0","0","0","A","ผ่าน"
"776","สำนักงานตำรวจแห่งชาติ","กองบัญชาการตำรวจตระเวนชายแดน","กองบังคับการตำรวจตระเวนชายแดนภาค 3","กองกำกับการตำรวจตระเวนชายแดนที่ 32","SCH_G3_0099","2014-05-16","16/05/2557","0","0","0","0","0","0","0","0","0","0","0","0","0","0","0","0","0","0","0","0","0","0","0","0","0","0","0","0","0","0","0","0","0","0","0","0","0","0","0","0","0","0","0","0","0","0","0","0","0","0","0","0","0","0","0","0","0","0","0","0","0","0","0","0","0","0","0","0","0","0","0","0","0","0","0","0","A","ผ่าน"
"777","สำนักงานตำรวจแห่งชาติ","กองบัญชาการตำรวจตระเวนชายแดน","กองบังคับการตำรวจตระเวนชายแดนภาค 3","กองกำกับการตำรวจตระเวนชายแดนที่ 32","SCH_G3_0100","2021-07-28","28/07/2564","0","0","0","0","0","0","0","0","0","0","0","0","0","0","0","0","0","0","0","0","0","0","0","0","0","0","0","0","0","0","0","0","0","0","0","0","0","0","0","0","0","0","0","0","0","0","0","0","0","0","0","0","0","0","0","0","0","0","0","0","0","0","0","0","0","0","0","0","0","0","0","0","0","0","0","0","A","ผ่าน"
"778","สำนักงานตำรวจแห่งชาติ","กองบัญชาการตำรวจตระเวนชายแดน","กองบังคับการตำรวจตระเวนชายแดนภาค 3","กองกำกับการตำรวจตระเวนชายแดนที่ 32","SCH_G3_0101","1965-01-01","01/01/2508","0","0","0","0","0","0","0","0","0","0","0","0","0","0","0","0","0","0","0","0","0","0","0","0","0","0","0","0","0","0","0","0","0","0","0","0","0","0","0","0","0","0","0","0","0","0","0","0","0","0","0","0","0","0","0","0","0","0","0","0","0","0","0","0","0","0","0","0","0","0","0","0","0","0","0","0","A","ผ่าน"
"779","สำนักงานตำรวจแห่งชาติ","กองบัญชาการตำรวจตระเวนชายแดน","กองบังคับการตำรวจตระเวนชายแดนภาค 3","กองกำกับการตำรวจตระเวนชายแดนที่ 33","SCH_G3_0104","2015-05-16","16/05/2558","0","0","0","0","0","0","0","0","0","0","0","0","0","0","0","0","0","0","0","0","0","0","0","0","0","0","0","0","0","0","0","0","0","0","0","0","0","0","0","0","0","0","0","0","0","0","0","0","0","0","0","0","0","0","0","0","0","0","0","0","0","0","0","0","0","0","0","0","0","0","0","0","0","0","0","0","A","ผ่าน"
"780","สำนักงานตำรวจแห่งชาติ","กองบัญชาการตำรวจตระเวนชายแดน","กองบังคับการตำรวจตระเวนชายแดนภาค 3","กองกำกับการตำรวจตระเวนชายแดนที่ 33","SCH_G3_0106","2016-05-16","16/05/2559","0","0","0","0","0","1","0","0","0","0","0","0","0","0","0","0","0","0","0","0","0","0","0","0","0","1","0","0","0","0","0","0","0","0","0","0","0","0","0","0","0","0","0","0","0","0","0","0","0","0","0","0","0","0","0","1","0","0","0","0","0","0","0","0","0","0","0","1","1","1","1","0","0","0","0","7","B","ผ่าน"
"781","สำนักงานตำรวจแห่งชาติ","กองบัญชาการตำรวจตระเวนชายแดน","กองบังคับการตำรวจตระเวนชายแดนภาค 3","กองกำกับการตำรวจตระเวนชายแดนที่ 33","SCH_G3_0107","2008-05-15","15/05/2551","0","0","0","0","0","0","0","0","0","0","0","0","0","0","0","0","0","0","0","0","0","0","0","0","0","0","0","0","0","0","0","0","0","0","0","0","0","0","0","0","0","0","0","0","0","0","0","0","0","0","0","0","0","0","0","0","0","0","0","0","0","0","0","0","0","0","0","0","0","0","0","0","0","0","0","0","A","ผ่าน"
"782","สำนักงานตำรวจแห่งชาติ","กองบัญชาการตำรวจตระเวนชายแดน","กองบังคับการตำรวจตระเวนชายแดนภาค 3","กองกำกับการตำรวจตระเวนชายแดนที่ 33","SCH_G3_0108","2022-05-17","17/05/2565","0","0","0","0","0","0","0","0","0","0","0","0","0","0","0","0","0","0","0","0","0","0","0","0","0","0","0","0","0","0","0","0","0","0","0","0","0","0","0","0","0","0","0","0","0","0","0","0","0","0","0","0","0","0","0","0","0","0","0","0","0","0","0","0","0","0","0","0","0","0","0","0","0","0","0","0","A","ผ่าน"
"783","สำนักงานตำรวจแห่งชาติ","กองบัญชาการตำรวจตระเวนชายแดน","กองบังคับการตำรวจตระเวนชายแดนภาค 3","กองกำกับการตำรวจตระเวนชายแดนที่ 33","SCH_G3_0110","2021-07-30","30/07/2564","0","0","0","0","0","0","0","0","0","0","0","0","0","0","0","0","0","0","0","0","0","0","0","0","0","0","0","0","0","0","0","0","0","0","0","0","0","0","0","0","0","0","0","0","0","0","0","0","0","0","0","0","0","0","0","0","0","0","0","0","0","0","0","0","0","0","0","0","0","0","0","0","0","0","0","0","A","ผ่าน"
"784","สำนักงานตำรวจแห่งชาติ","กองบัญชาการตำรวจตระเวนชายแดน","กองบังคับการตำรวจตระเวนชายแดนภาค 3","กองกำกับการตำรวจตระเวนชายแดนที่ 33","SCH_G3_0111","1982-08-05","05/08/2525","0","0","0","0","0","1","0","0","0","0","0","0","0","0","0","0","0","0","0","0","0","0","0","0","0","0","1","1","1","1","1","0","0","0","0","0","0","0","0","0","0","0","0","0","1","1","0","0","0","0","0","0","0","0","0","0","0","0","0","0","0","0","0","0","0","0","0","0","0","0","0","0","0","0","0","8","C","ผ่าน"
"785","สำนักงานตำรวจแห่งชาติ","กองบัญชาการตำรวจตระเวนชายแดน","กองบังคับการตำรวจตระเวนชายแดนภาค 3","กองกำกับการตำรวจตระเวนชายแดนที่ 33","SCH_G3_0112","2021-07-30","30/07/2564","0","0","0","0","0","0","0","0","0","0","0","0","0","0","0","0","0","0","0","0","0","0","0","0","0","0","0","0","0","0","0","0","0","0","0","0","0","0","0","0","0","0","0","0","0","0","0","0","0","0","0","0","0","0","0","1","0","0","0","0","0","0","0","0","0","0","0","0","0","0","0","0","0","0","0","1","B","ผ่าน"
"786","สำนักงานตำรวจแห่งชาติ","กองบัญชาการตำรวจตระเวนชายแดน","กองบังคับการตำรวจตระเวนชายแดนภาค 3","กองกำกับการตำรวจตระเวนชายแดนที่ 33","SCH_G3_0113","","","0","0","0","0","0","1","0","0","0","0","0","0","0","0","1","0","0","0","0","0","0","0","0","0","0","0","0","0","0","0","0","0","0","0","0","0","0","0","0","0","0","0","0","0","0","0","0","0","0","0","0","0","0","1","1","1","0","1","0","1","0","1","0","0","0","0","0","0","0","0","1","1","1","1","1","13","C","ผ่าน"
"787","สำนักงานตำรวจแห่งชาติ","กองบัญชาการตำรวจตระเวนชายแดน","กองบังคับการตำรวจตระเวนชายแดนภาค 3","กองกำกับการตำรวจตระเวนชายแดนที่ 33","SCH_G3_0114","","","0","0","0","0","0","0","0","0","0","0","0","0","0","0","0","0","0","0","0","0","0","0","0","0","0","0","0","0","0","0","0","0","0","0","0","0","0","0","0","0","0","0","0","0","0","0","0","0","0","0","0","0","0","0","0","0","0","0","0","0","0","0","0","0","0","0","0","0","0","0","0","0","0","0","0","0","A","ผ่าน"
"788","สำนักงานตำรวจแห่งชาติ","กองบัญชาการตำรวจตระเวนชายแดน","กองบังคับการตำรวจตระเวนชายแดนภาค 3","กองกำกับการตำรวจตระเวนชายแดนที่ 33","SCH_G3_0115","1991-04-04","04/04/2534","0","0","0","0","0","0","0","0","0","0","0","0","0","0","0","0","0","0","0","0","0","0","0","0","0","0","0","1","0","0","0","0","0","0","0","0","0","0","0","0","0","0","0","0","0","0","0","0","0","0","0","0","0","0","0","0","0","0","0","0","0","0","0","0","0","0","0","0","0","0","0","0","0","0","0","1","B","ผ่าน"
"789","สำนักงานตำรวจแห่งชาติ","กองบัญชาการตำรวจตระเวนชายแดน","กองบังคับการตำรวจตระเวนชายแดนภาค 3","กองกำกับการตำรวจตระเวนชายแดนที่ 33","SCH_G3_0116","2014-05-16","16/05/2557","0","0","0","0","0","0","0","0","0","0","0","0","0","0","0","0","0","0","0","0","0","0","0","0","0","0","0","0","0","0","0","0","0","0","0","0","0","0","0","0","0","0","0","0","0","0","0","0","0","0","0","0","0","0","0","0","0","0","0","0","0","0","0","0","0","0","0","0","0","0","0","0","0","0","0","0","A","ผ่าน"
"790","สำนักงานตำรวจแห่งชาติ","กองบัญชาการตำรวจตระเวนชายแดน","กองบังคับการตำรวจตระเวนชายแดนภาค 3","กองกำกับการตำรวจตระเวนชายแดนที่ 33","SCH_G3_0117","2016-05-01","01/05/2559","0","0","0","0","0","0","0","0","0","0","0","0","0","0","0","0","0","0","0","0","0","0","0","0","0","0","0","0","0","0","0","0","0","0","0","0","0","0","0","0","0","0","0","0","0","0","0","0","0","0","0","0","0","0","0","1","0","0","0","0","0","0","0","0","0","0","0","0","0","0","0","0","0","0","0","1","B","ผ่าน"
"791","สำนักงานตำรวจแห่งชาติ","กองบัญชาการตำรวจตระเวนชายแดน","กองบังคับการตำรวจตระเวนชายแดนภาค 3","กองกำกับการตำรวจตระเวนชายแดนที่ 34","SCH_G3_0120","2002-02-07","07/02/2545","0","0","0","0","0","0","0","0","0","0","0","0","0","0","0","0","0","0","0","0","0","0","0","0","0","0","0","0","0","0","0","0","0","0","0","0","0","0","0","0","0","0","0","0","0","0","0","0","0","0","0","0","0","0","0","0","0","0","0","0","0","0","0","0","0","0","0","0","0","0","0","0","0","0","0","0","A","ผ่าน"
"792","สำนักงานตำรวจแห่งชาติ","กองบัญชาการตำรวจตระเวนชายแดน","กองบังคับการตำรวจตระเวนชายแดนภาค 3","กองกำกับการตำรวจตระเวนชายแดนที่ 34","SCH_G3_0121","2002-05-16","16/05/2545","0","0","0","0","0","1","0","0","0","0","0","0","0","0","0","0","0","0","0","0","0","0","0","0","0","0","0","0","0","0","0","0","0","0","0","0","0","0","0","0","0","0","0","0","0","0","0","0","0","0","0","0","0","0","0","0","0","0","0","0","0","0","0","0","0","0","0","0","0","0","0","0","0","0","0","1","B","ผ่าน"
"793","สำนักงานตำรวจแห่งชาติ","กองบัญชาการตำรวจตระเวนชายแดน","กองบังคับการตำรวจตระเวนชายแดนภาค 3","กองกำกับการตำรวจตระเวนชายแดนที่ 34","SCH_G3_0122","2003-05-16","16/05/2546","0","1","0","0","0","0","1","0","0","0","0","0","0","0","0","0","0","0","0","0","0","0","0","0","0","0","0","0","0","0","0","0","0","0","0","0","0","0","0","0","0","0","0","0","1","0","0","0","0","0","0","0","0","0","0","0","0","0","0","0","0","0","0","0","0","0","0","0","0","0","0","0","0","0","0","3","B","ผ่าน"
"794","สำนักงานตำรวจแห่งชาติ","กองบัญชาการตำรวจตระเวนชายแดน","กองบังคับการตำรวจตระเวนชายแดนภาค 3","กองกำกับการตำรวจตระเวนชายแดนที่ 34","SCH_G3_0123","2003-05-16","16/05/2546","0","0","0","0","0","0","0","0","0","0","0","0","0","0","0","0","0","0","0","0","0","0","0","0","0","0","0","0","0","0","0","0","0","0","0","0","0","0","0","0","0","0","0","0","0","0","0","0","0","0","0","0","0","0","0","0","0","0","0","0","0","0","0","0","0","0","0","0","0","0","0","0","0","0","0","0","A","ผ่าน"
"795","สำนักงานตำรวจแห่งชาติ","กองบัญชาการตำรวจตระเวนชายแดน","กองบังคับการตำรวจตระเวนชายแดนภาค 3","กองกำกับการตำรวจตระเวนชายแดนที่ 34","SCH_G3_0124","2017-05-16","16/05/2560","0","0","0","0","0","0","0","0","0","0","0","0","0","0","0","0","0","0","0","0","0","0","0","0","0","0","0","0","0","0","0","0","0","0","0","0","0","0","0","0","0","0","0","0","0","0","0","0","0","0","0","0","0","0","0","0","0","0","0","0","0","0","0","0","0","0","0","0","0","0","0","0","0","0","0","0","A","ผ่าน"
"796","สำนักงานตำรวจแห่งชาติ","กองบัญชาการตำรวจตระเวนชายแดน","กองบังคับการตำรวจตระเวนชายแดนภาค 3","กองกำกับการตำรวจตระเวนชายแดนที่ 34","SCH_G3_0125","2021-06-14","14/06/2564","0","0","0","0","0","0","0","0","0","0","0","0","0","0","0","0","0","0","0","0","0","0","0","0","0","0","0","0","0","0","0","0","0","0","0","0","0","0","0","0","0","0","0","0","0","0","0","0","0","0","0","0","0","0","0","0","0","0","0","0","0","0","0","0","0","0","0","0","0","0","0","0","0","0","0","0","A","ผ่าน"
"797","สำนักงานตำรวจแห่งชาติ","กองบัญชาการตำรวจตระเวนชายแดน","กองบังคับการตำรวจตระเวนชายแดนภาค 3","กองกำกับการตำรวจตระเวนชายแดนที่ 34","SCH_G3_0126","1972-09-07","07/09/2515","0","0","0","0","0","0","0","0","0","0","0","0","0","0","0","0","0","0","0","0","0","0","0","0","0","0","0","0","0","0","0","0","0","0","0","0","0","0","0","0","0","0","0","0","0","0","0","0","0","0","0","0","0","0","0","0","0","0","0","0","0","0","0","0","0","0","0","0","0","0","0","0","0","0","0","0","A","ผ่าน"
"798","สำนักงานตำรวจแห่งชาติ","กองบัญชาการตำรวจตระเวนชายแดน","กองบังคับการตำรวจตระเวนชายแดนภาค 3","กองกำกับการตำรวจตระเวนชายแดนที่ 34","SCH_G3_0127","1985-03-15","15/03/2528","0","0","0","0","0","1","0","0","0","0","0","0","0","0","0","0","0","0","0","0","0","0","0","0","0","0","0","0","0","0","0","0","0","0","0","0","0","0","0","0","0","0","0","0","0","0","0","0","0","0","0","0","0","0","0","0","0","0","0","0","0","0","0","0","0","0","0","0","0","0","0","0","0","0","0","1","B","ผ่าน"
"799","สำนักงานตำรวจแห่งชาติ","กองบัญชาการตำรวจตระเวนชายแดน","กองบังคับการตำรวจตระเวนชายแดนภาค 3","กองกำกับการตำรวจตระเวนชายแดนที่ 34","SCH_G3_0128","1983-05-16","16/05/2526","0","0","0","0","0","0","0","0","0","0","0","0","0","0","0","0","0","0","0","0","0","0","0","0","0","0","0","0","0","0","0","0","0","0","0","0","0","0","0","0","0","0","0","0","0","0","0","0","0","0","0","0","0","0","0","0","0","0","0","0","0","0","0","0","0","0","0","0","0","0","0","0","0","0","0","0","A","ผ่าน"
"800","สำนักงานตำรวจแห่งชาติ","กองบัญชาการตำรวจตระเวนชายแดน","กองบังคับการตำรวจตระเวนชายแดนภาค 3","กองกำกับการตำรวจตระเวนชายแดนที่ 34","SCH_G3_0131","2002-05-16","16/05/2545","0","0","0","0","0","0","0","0","0","0","0","0","0","0","0","0","0","0","0","0","0","0","0","0","0","0","0","0","0","0","0","0","0","0","0","0","0","0","0","0","0","0","0","0","0","0","0","0","0","0","0","0","0","0","0","0","0","0","0","0","0","0","0","0","0","0","0","0","0","0","0","0","0","0","0","0","A","ผ่าน"
"801","สำนักงานตำรวจแห่งชาติ","กองบัญชาการตำรวจตระเวนชายแดน","กองบังคับการตำรวจตระเวนชายแดนภาค 3","กองกำกับการตำรวจตระเวนชายแดนที่ 34","SCH_G3_0132","2023-02-08","08/02/2566","0","0","0","0","0","0","0","0","0","0","0","0","0","0","0","0","0","0","0","0","0","0","0","0","0","0","0","0","0","0","0","0","0","0","0","0","0","0","0","0","0","0","0","0","0","0","0","0","0","0","0","0","0","0","0","0","0","0","0","0","0","0","0","0","0","0","0","0","0","0","0","0","0","0","0","0","A","ผ่าน"
"802","สำนักงานตำรวจแห่งชาติ","กองบัญชาการตำรวจตระเวนชายแดน","กองบังคับการตำรวจตระเวนชายแดนภาค 3","กองกำกับการตำรวจตระเวนชายแดนที่ 34","SCH_G3_0134","2002-05-16","16/05/2545","0","0","0","0","0","0","0","0","0","0","0","0","0","0","0","0","0","0","0","0","0","0","0","0","0","0","0","0","0","0","0","0","0","0","0","0","0","0","0","0","0","0","0","0","0","0","0","0","0","0","0","0","0","0","0","0","0","0","0","0","0","0","0","0","0","0","0","0","0","0","0","0","0","0","0","0","A","ผ่าน"
"803","สำนักงานตำรวจแห่งชาติ","กองบัญชาการตำรวจตระเวนชายแดน","กองบังคับการตำรวจตระเวนชายแดนภาค 3","กองกำกับการตำรวจตระเวนชายแดนที่ 34","SCH_G3_0135","2004-01-30","30/01/2547","0","0","0","0","0","0","0","0","0","0","0","0","0","0","0","0","0","0","0","0","0","0","0","0","0","0","0","0","0","0","0","0","0","0","0","0","0","0","0","0","0","0","0","0","0","0","0","0","0","0","0","0","0","0","0","0","0","0","0","0","0","0","0","0","0","0","0","0","0","0","0","0","0","0","0","0","A","ผ่าน"
"804","สำนักงานตำรวจแห่งชาติ","กองบัญชาการตำรวจตระเวนชายแดน","กองบังคับการตำรวจตระเวนชายแดนภาค 3","กองกำกับการตำรวจตระเวนชายแดนที่ 34","SCH_G3_0136","1998-05-01","01/05/2541","0","0","0","0","0","0","0","0","0","0","0","0","0","0","0","0","0","0","0","0","1","0","0","0","0","0","0","0","0","0","0","0","0","0","0","0","0","0","0","0","0","0","0","0","0","0","0","0","0","0","0","0","0","0","0","0","0","0","0","0","0","0","0","0","0","0","0","0","0","0","0","0","0","0","0","1","B","ผ่าน"
"805","สำนักงานตำรวจแห่งชาติ","กองบัญชาการตำรวจตระเวนชายแดน","กองบังคับการตำรวจตระเวนชายแดนภาค 3","กองกำกับการตำรวจตระเวนชายแดนที่ 34","SCH_G3_0137","2014-05-16","16/05/2557","0","0","0","0","0","1","0","0","0","0","0","0","0","0","0","0","0","0","0","0","0","0","0","0","0","0","0","0","0","0","0","0","0","0","0","0","0","0","0","0","0","0","0","0","0","0","0","0","0","0","0","0","0","0","0","0","0","0","0","0","0","0","0","0","0","0","0","0","0","0","0","0","0","0","0","1","B","ผ่าน"
"806","สำนักงานตำรวจแห่งชาติ","กองบัญชาการตำรวจตระเวนชายแดน","กองบังคับการตำรวจตระเวนชายแดนภาค 3","กองกำกับการตำรวจตระเวนชายแดนที่ 34","SCH_G3_0140","1996-07-19","19/07/2539","0","0","0","0","0","0","0","0","0","0","0","0","0","0","0","0","0","0","0","0","0","0","0","0","0","0","0","0","0","0","0","0","0","0","0","0","0","0","0","0","0","0","0","0","0","0","0","0","0","0","0","0","0","0","0","1","0","0","0","0","0","0","0","1","0","0","0","0","0","0","0","0","0","0","0","2","B","ผ่าน"
"807","สำนักงานตำรวจแห่งชาติ","กองบัญชาการตำรวจตระเวนชายแดน","กองบังคับการตำรวจตระเวนชายแดนภาค 3","กองกำกับการตำรวจตระเวนชายแดนที่ 34","SCH_G3_0141","2013-04-13","13/04/2556","0","0","0","0","0","0","0","0","0","0","0","0","0","0","0","0","0","0","0","0","0","0","0","0","0","0","0","0","0","0","0","0","0","0","0","0","0","0","0","0","0","0","0","0","0","0","0","0","0","0","0","0","0","0","0","0","0","0","0","0","0","0","0","0","0","0","0","0","0","0","0","0","0","0","0","0","A","ผ่าน"
"808","สำนักงานตำรวจแห่งชาติ","กองบัญชาการตำรวจตระเวนชายแดน","กองบังคับการตำรวจตระเวนชายแดนภาค 3","กองกำกับการตำรวจตระเวนชายแดนที่ 31","SCH_G3_0143","1979-08-18","18/08/2522","0","0","0","0","0","0","0","0","0","0","0","0","0","0","0","0","0","0","0","0","0","0","0","0","0","0","0","0","0","0","0","0","0","0","0","0","0","0","0","0","0","0","0","0","0","0","0","0","0","0","0","0","0","0","0","0","0","0","0","0","0","0","0","0","0","0","0","0","0","0","0","0","0","0","0","0","A","ผ่าน"
"809","สำนักงานตำรวจแห่งชาติ","กองบัญชาการตำรวจตระเวนชายแดน","กองบังคับการตำรวจตระเวนชายแดนภาค 3","กองกำกับการตำรวจตระเวนชายแดนที่ 31","SCH_G3_0144","1973-07-22","22/07/2516","0","0","0","0","0","0","0","0","0","0","0","0","0","0","0","0","0","0","0","0","0","0","0","0","0","0","0","0","0","0","0","0","0","0","0","0","0","0","0","0","0","0","0","0","0","0","0","0","0","0","0","0","0","0","0","0","0","0","0","0","0","0","0","0","0","0","0","0","0","0","0","0","0","0","0","0","A","ผ่าน"
"810","สำนักงานตำรวจแห่งชาติ","กองบัญชาการตำรวจตระเวนชายแดน","กองบังคับการตำรวจตระเวนชายแดนภาค 3","กองกำกับการตำรวจตระเวนชายแดนที่ 31","SCH_G3_0145","1991-07-23","23/07/2534","0","0","0","0","0","0","0","0","0","0","0","0","0","0","0","0","0","0","0","0","0","0","0","0","0","0","0","0","0","0","0","0","0","0","0","0","0","0","0","0","0","0","0","0","0","0","0","0","0","0","0","0","0","0","0","0","0","0","0","0","0","0","0","0","0","0","0","0","0","0","0","0","0","0","0","0","A","ผ่าน"
"811","สำนักงานตำรวจแห่งชาติ","กองบัญชาการตำรวจตระเวนชายแดน","กองบังคับการตำรวจตระเวนชายแดนภาค 3","กองกำกับการตำรวจตระเวนชายแดนที่ 31","SCH_G3_0146","1993-07-15","15/07/2536","0","0","0","0","1","1","0","0","0","0","0","0","0","0","0","0","0","0","0","0","0","0","0","0","0","0","0","0","0","0","0","0","0","0","0","0","0","0","0","0","0","0","0","0","0","0","0","0","0","0","0","0","0","0","0","0","0","0","0","0","0","0","0","0","0","0","0","0","0","0","0","0","0","0","0","2","B","ผ่าน"
"812","สำนักงานตำรวจแห่งชาติ","กองบัญชาการตำรวจตระเวนชายแดน","กองบังคับการตำรวจตระเวนชายแดนภาค 3","กองกำกับการตำรวจตระเวนชายแดนที่ 31","SCH_G3_0147","2021-07-14","14/07/2564","0","0","0","0","0","0","0","0","0","0","0","0","0","0","0","0","0","0","0","0","0","0","0","0","0","0","0","0","0","0","0","0","0","0","0","0","0","0","0","0","0","0","0","0","0","0","0","0","0","0","0","0","0","0","0","0","0","0","0","0","0","0","0","0","0","0","0","0","0","0","0","0","0","0","0","0","A","ผ่าน"
"813","สำนักงานตำรวจแห่งชาติ","กองบัญชาการตำรวจตระเวนชายแดน","กองบังคับการตำรวจตระเวนชายแดนภาค 1","กองกำกับการตำรวจตระเวนชายแดนที่ 13","SCH_G3_0148","2020-07-01","01/07/2563","0","0","0","0","0","0","0","0","0","0","0","0","0","0","0","0","0","0","0","0","0","0","0","0","0","0","0","0","0","0","0","0","0","0","0","0","0","0","0","0","0","0","0","0","0","0","0","0","0","0","0","0","0","0","0","0","0","0","0","0","0","0","0","0","0","0","0","0","0","0","0","0","0","0","0","0","A","ผ่าน"
"814","สำนักงานตำรวจแห่งชาติ","กองบัญชาการตำรวจตระเวนชายแดน","กองบังคับการตำรวจตระเวนชายแดนภาค 1","กองกำกับการตำรวจตระเวนชายแดนที่ 13","SCH_G3_0149","2021-07-12","12/07/2564","0","0","0","0","0","0","0","0","0","0","0","0","0","0","0","0","0","0","0","0","0","0","0","0","0","0","0","0","0","0","0","0","0","0","0","0","0","0","0","0","0","0","0","0","0","0","0","0","0","0","0","0","0","0","0","0","0","0","0","0","0","0","0","0","0","0","0","0","0","0","0","0","0","0","0","0","A","ผ่าน"
"815","สำนักงานตำรวจแห่งชาติ","กองบัญชาการตำรวจตระเวนชายแดน","กองบังคับการตำรวจตระเวนชายแดนภาค 1","กองกำกับการตำรวจตระเวนชายแดนที่ 13","SCH_G3_0150","2023-01-26","26/01/2566","0","0","0","0","0","0","0","0","0","0","0","0","0","0","0","0","0","0","0","0","0","0","0","0","0","0","0","0","0","0","0","0","0","0","0","0","0","0","0","0","0","0","0","0","0","0","0","0","0","0","0","0","0","0","0","0","0","0","0","0","0","0","0","0","0","0","0","0","0","0","0","0","0","0","0","0","A","ผ่าน"
"816","สำนักงานตำรวจแห่งชาติ","กองบัญชาการตำรวจตระเวนชายแดน","กองบังคับการตำรวจตระเวนชายแดนภาค 1","กองกำกับการตำรวจตระเวนชายแดนที่ 13","SCH_G3_0151","1983-05-23","23/05/2526","0","0","0","0","0","0","0","0","0","0","0","0","0","0","0","0","0","0","0","0","0","0","0","0","0","0","0","0","0","0","0","0","0","0","0","0","0","0","0","0","0","0","0","0","0","0","0","0","0","0","0","0","0","0","0","0","0","0","0","0","0","0","0","0","0","0","0","0","0","0","0","0","0","0","0","0","A","ผ่าน"
"817","สำนักงานตำรวจแห่งชาติ","กองบัญชาการตำรวจตระเวนชายแดน","กองบังคับการตำรวจตระเวนชายแดนภาค 1","กองกำกับการตำรวจตระเวนชายแดนที่ 13","SCH_G3_0152","2024-03-13","13/03/2567","0","0","0","0","0","0","0","0","0","0","0","0","0","0","0","0","0","0","0","0","0","0","0","0","0","0","0","0","0","0","0","0","0","0","0","0","0","0","0","0","0","0","0","0","0","0","0","0","0","0","0","0","0","0","0","0","0","0","0","0","0","0","0","0","0","0","0","0","0","0","0","0","0","0","0","0","A","ผ่าน"
"818","สำนักงานตำรวจแห่งชาติ","กองบัญชาการตำรวจตระเวนชายแดน","กองบังคับการตำรวจตระเวนชายแดนภาค 1","กองกำกับการตำรวจตระเวนชายแดนที่ 13","SCH_G3_0153","2021-07-06","06/07/2564","0","0","0","0","0","0","0","0","0","0","0","0","0","0","0","0","0","0","0","0","0","0","0","0","0","0","0","0","0","0","0","0","0","0","0","0","0","0","0","0","0","0","0","0","0","0","0","0","0","0","0","0","0","0","0","0","0","0","0","0","0","0","0","0","0","0","0","0","0","0","0","0","0","0","0","0","A","ผ่าน"
"819","สำนักงานตำรวจแห่งชาติ","กองบัญชาการตำรวจตระเวนชายแดน","กองบังคับการตำรวจตระเวนชายแดนภาค 1","กองกำกับการตำรวจตระเวนชายแดนที่ 13","SCH_G3_0154","2010-05-17","17/05/2553","0","0","0","0","0","0","0","0","0","0","0","0","0","0","0","0","0","0","0","0","0","0","0","0","0","0","0","0","0","0","0","0","0","0","0","0","0","0","0","0","0","0","0","0","0","0","0","0","0","0","0","0","0","0","0","0","0","0","0","0","0","0","0","0","0","0","0","0","0","0","0","0","0","0","0","0","A","ผ่าน"
"820","สำนักงานตำรวจแห่งชาติ","กองบัญชาการตำรวจตระเวนชายแดน","กองบังคับการตำรวจตระเวนชายแดนภาค 1","กองกำกับการตำรวจตระเวนชายแดนที่ 13","SCH_G3_0155","2017-05-15","15/05/2560","0","0","0","0","0","0","0","0","0","0","0","0","0","0","0","0","0","0","0","0","0","0","0","0","0","0","0","0","0","0","0","0","0","0","0","0","0","0","0","0","0","0","0","0","0","0","0","0","0","0","0","0","0","0","0","0","0","0","0","0","0","0","0","0","0","0","0","0","0","0","0","0","0","0","0","0","A","ผ่าน"
"821","สำนักงานตำรวจแห่งชาติ","กองบัญชาการตำรวจตระเวนชายแดน","กองบังคับการตำรวจตระเวนชายแดนภาค 1","กองกำกับการตำรวจตระเวนชายแดนที่ 13","SCH_G3_0156","2026-04-11","11/04/2569","0","0","0","0","0","0","0","0","0","0","0","0","0","0","0","0","0","0","0","0","0","0","0","0","0","0","0","0","0","0","0","0","0","0","0","0","0","0","0","0","0","0","0","0","0","0","0","0","0","0","0","0","0","0","0","0","0","0","0","0","0","0","0","0","0","0","0","0","0","0","0","0","0","0","0","0","A","ผ่าน"
"822","สำนักงานตำรวจแห่งชาติ","กองบัญชาการตำรวจตระเวนชายแดน","กองบังคับการตำรวจตระเวนชายแดนภาค 1","กองกำกับการตำรวจตระเวนชายแดนที่ 13","SCH_G3_0157","","","0","0","0","0","0","0","0","0","0","0","0","0","0","0","0","0","0","0","0","0","0","0","0","0","0","0","0","0","0","0","0","0","0","0","0","0","0","0","0","0","0","0","0","0","0","0","0","0","0","0","0","0","0","0","0","0","0","0","0","0","0","0","0","0","0","0","0","0","0","0","0","0","0","0","0","0","A","ผ่าน"
"823","สำนักงานตำรวจแห่งชาติ","กองบัญชาการตำรวจตระเวนชายแดน","กองบังคับการตำรวจตระเวนชายแดนภาค 1","กองกำกับการตำรวจตระเวนชายแดนที่ 13","SCH_G3_0158","2014-02-24","24/02/2557","0","0","0","0","0","0","0","0","0","0","0","0","0","0","0","0","0","0","0","0","0","0","0","0","0","0","0","0","0","0","0","0","0","0","0","0","0","0","0","0","0","0","0","0","0","0","0","0","0","0","0","0","0","0","0","0","0","0","0","0","0","0","0","0","0","0","0","0","0","0","0","0","0","0","0","0","A","ผ่าน"
"824","สำนักงานตำรวจแห่งชาติ","กองบัญชาการตำรวจตระเวนชายแดน","กองบังคับการตำรวจตระเวนชายแดนภาค 1","กองกำกับการตำรวจตระเวนชายแดนที่ 13","SCH_G3_0159","1970-08-26","26/08/2513","0","0","0","0","0","0","0","0","0","0","0","0","0","0","0","0","0","0","0","0","0","0","0","0","0","0","0","0","0","0","0","0","0","0","0","0","0","0","0","0","0","0","0","0","0","0","0","0","0","0","0","0","0","0","0","0","0","0","0","0","0","0","0","0","0","0","0","0","0","0","0","0","0","0","0","0","A","ผ่าน"
"825","สำนักงานตำรวจแห่งชาติ","กองบัญชาการตำรวจตระเวนชายแดน","กองบังคับการตำรวจตระเวนชายแดนภาค 1","กองกำกับการตำรวจตระเวนชายแดนที่ 13","SCH_G3_0160","2021-07-13","13/07/2564","0","0","0","0","0","0","0","0","0","0","0","0","0","0","0","0","0","0","0","0","0","0","0","0","0","0","0","0","0","0","0","0","0","0","0","0","0","0","0","0","0","0","0","0","0","0","0","0","0","0","0","0","0","0","0","0","0","0","0","0","0","0","0","0","0","0","0","0","0","0","0","0","0","0","0","0","A","ผ่าน"
"826","สำนักงานตำรวจแห่งชาติ","กองบัญชาการตำรวจตระเวนชายแดน","กองบังคับการตำรวจตระเวนชายแดนภาค 1","กองกำกับการตำรวจตระเวนชายแดนที่ 13","SCH_G3_0161","2021-07-15","15/07/2564","0","0","0","0","0","0","0","0","0","0","0","0","0","0","0","0","0","0","0","0","0","0","0","0","0","0","0","0","0","0","0","0","0","0","0","0","0","0","0","0","0","0","0","0","0","0","0","0","0","0","0","0","0","0","0","0","0","0","0","0","0","0","0","0","0","0","0","0","0","0","0","0","0","0","0","0","A","ผ่าน"
"827","สำนักงานตำรวจแห่งชาติ","กองบัญชาการตำรวจตระเวนชายแดน","กองบังคับการตำรวจตระเวนชายแดนภาค 1","กองกำกับการตำรวจตระเวนชายแดนที่ 13","SCH_G3_0162","1997-05-19","19/05/2540","0","0","0","0","0","0","0","0","0","0","0","0","0","0","0","0","0","0","0","0","0","0","0","0","0","0","0","0","0","0","0","0","0","0","0","0","0","0","0","0","0","0","0","0","0","0","0","0","0","0","0","0","0","0","0","0","0","0","0","0","0","0","0","0","0","0","0","0","0","0","0","0","0","0","0","0","A","ผ่าน"
"828","สำนักงานตำรวจแห่งชาติ","กองบัญชาการตำรวจตระเวนชายแดน","กองบังคับการตำรวจตระเวนชายแดนภาค 1","กองกำกับการตำรวจตระเวนชายแดนที่ 13","SCH_G3_0163","","","0","0","0","0","0","0","0","0","0","0","0","0","0","0","0","0","0","0","0","0","0","0","0","0","0","0","0","0","0","0","0","0","0","0","0","0","0","0","0","0","0","0","0","0","0","0","0","0","0","0","0","0","0","0","0","0","0","0","0","0","0","0","0","0","0","0","0","0","0","0","0","0","0","0","0","0","A","ผ่าน"
"829","สำนักงานตำรวจแห่งชาติ","กองบัญชาการตำรวจตระเวนชายแดน","กองบังคับการตำรวจตระเวนชายแดนภาค 1","กองกำกับการตำรวจตระเวนชายแดนที่ 14","SCH_G3_0164","1985-01-01","01/01/2528","0","0","0","0","0","0","0","0","0","0","0","0","0","0","0","0","0","0","0","0","0","0","0","0","0","0","0","0","0","0","0","0","0","0","0","0","0","0","0","0","0","0","0","0","0","0","0","0","0","0","0","0","0","0","0","0","0","0","0","0","0","0","0","0","0","0","0","0","0","0","0","0","0","0","0","0","A","ผ่าน"
"830","สำนักงานตำรวจแห่งชาติ","กองบัญชาการตำรวจตระเวนชายแดน","กองบังคับการตำรวจตระเวนชายแดนภาค 1","กองกำกับการตำรวจตระเวนชายแดนที่ 14","SCH_G3_0165","2021-04-09","09/04/2564","0","0","0","0","0","1","0","0","0","0","0","0","0","0","0","0","0","0","0","0","0","0","0","0","0","0","0","0","0","0","0","0","0","0","0","0","0","0","0","0","0","0","0","0","0","0","0","0","0","0","0","0","0","0","0","0","0","0","0","0","0","0","0","0","0","0","0","0","0","0","0","0","0","0","0","1","B","ผ่าน"
"831","สำนักงานตำรวจแห่งชาติ","กองบัญชาการตำรวจตระเวนชายแดน","กองบังคับการตำรวจตระเวนชายแดนภาค 1","กองกำกับการตำรวจตระเวนชายแดนที่ 14","SCH_G3_0166","2020-07-01","01/07/2563","0","0","0","0","0","0","0","0","0","0","0","0","0","0","0","0","0","0","0","0","0","0","0","0","0","0","0","0","0","0","0","0","0","0","0","0","0","0","0","0","0","0","0","0","0","0","0","0","0","0","0","0","0","0","0","0","0","0","0","0","0","0","0","0","0","0","0","0","0","0","0","0","0","0","0","0","A","ผ่าน"
"832","สำนักงานตำรวจแห่งชาติ","กองบัญชาการตำรวจตระเวนชายแดน","กองบังคับการตำรวจตระเวนชายแดนภาค 1","กองกำกับการตำรวจตระเวนชายแดนที่ 14","SCH_G3_0167","1981-07-23","23/07/2524","0","0","0","0","0","0","0","0","0","0","0","0","0","0","0","0","0","0","0","0","0","0","0","0","0","0","0","0","0","0","0","0","0","0","0","0","0","0","0","0","0","0","0","0","0","0","0","0","0","0","0","0","0","0","0","0","0","0","0","0","0","0","0","0","0","0","0","0","0","0","0","0","0","0","0","0","A","ผ่าน"
"833","สำนักงานตำรวจแห่งชาติ","กองบัญชาการตำรวจตระเวนชายแดน","กองบังคับการตำรวจตระเวนชายแดนภาค 1","กองกำกับการตำรวจตระเวนชายแดนที่ 14","SCH_G3_0168","2014-05-16","16/05/2557","0","0","0","0","0","0","0","0","0","0","0","0","0","0","0","0","0","0","0","0","0","0","0","0","0","0","0","0","0","0","0","0","0","0","0","0","0","0","0","0","0","0","0","0","0","0","0","0","0","0","0","0","0","0","0","0","0","0","0","0","0","0","0","0","0","0","0","0","0","0","0","0","0","0","0","0","A","ผ่าน"
"834","สำนักงานตำรวจแห่งชาติ","กองบัญชาการตำรวจตระเวนชายแดน","กองบังคับการตำรวจตระเวนชายแดนภาค 1","กองกำกับการตำรวจตระเวนชายแดนที่ 14","SCH_G3_0169","1978-04-21","21/04/2521","0","0","0","0","0","1","0","0","0","0","0","0","0","0","0","0","0","0","0","0","0","0","0","0","0","0","0","0","0","0","0","0","0","0","0","0","0","0","0","0","0","0","0","0","0","0","0","0","0","0","0","0","0","0","0","0","0","0","0","0","0","0","0","0","0","0","0","0","0","0","0","0","0","0","0","1","B","ผ่าน"
"835","สำนักงานตำรวจแห่งชาติ","กองบัญชาการตำรวจตระเวนชายแดน","กองบังคับการตำรวจตระเวนชายแดนภาค 1","กองกำกับการตำรวจตระเวนชายแดนที่ 14","SCH_G3_0170","1991-05-22","22/05/2534","0","0","0","0","0","1","0","0","0","0","0","0","0","0","0","0","0","0","0","0","0","0","0","0","0","0","0","0","0","0","0","0","0","0","0","0","0","0","0","0","0","0","0","0","0","0","0","0","0","0","0","0","0","0","0","0","0","0","0","0","0","0","0","0","0","0","0","0","0","0","0","0","0","0","0","1","B","ผ่าน"
"836","สำนักงานตำรวจแห่งชาติ","กองบัญชาการตำรวจตระเวนชายแดน","กองบังคับการตำรวจตระเวนชายแดนภาค 1","กองกำกับการตำรวจตระเวนชายแดนที่ 14","SCH_G3_0171","1982-10-13","13/10/2525","0","0","0","0","0","0","0","0","0","0","0","0","0","0","0","0","0","0","0","0","0","0","0","0","0","0","0","0","0","0","0","0","0","0","0","0","0","0","0","0","0","0","0","0","0","0","0","0","0","0","0","0","0","0","0","0","0","0","0","0","0","0","0","0","0","0","0","0","0","0","0","0","0","0","0","0","A","ผ่าน"
"837","สำนักงานตำรวจแห่งชาติ","กองบัญชาการตำรวจตระเวนชายแดน","กองบังคับการตำรวจตระเวนชายแดนภาค 1","กองกำกับการตำรวจตระเวนชายแดนที่ 14","SCH_G3_0172","2020-08-06","06/08/2563","0","0","0","0","0","0","0","0","0","0","0","0","0","0","0","0","0","0","0","0","0","0","0","0","0","0","0","0","0","0","0","0","0","0","0","0","0","0","0","0","0","0","0","0","0","0","0","0","0","0","0","0","0","0","0","0","0","0","0","0","0","0","0","0","0","0","0","0","0","0","0","0","0","0","0","0","A","ผ่าน"
"838","สำนักงานตำรวจแห่งชาติ","กองบัญชาการตำรวจตระเวนชายแดน","กองบังคับการตำรวจตระเวนชายแดนภาค 1","กองกำกับการตำรวจตระเวนชายแดนที่ 14","SCH_G3_0173","2025-03-26","26/03/2568","0","0","0","0","0","0","0","0","0","0","0","0","0","0","0","0","0","0","0","0","0","0","0","0","0","0","0","0","0","0","0","0","0","0","0","0","0","0","0","0","0","0","0","0","0","0","0","0","0","0","0","0","0","0","0","0","0","0","0","0","0","0","0","0","0","0","0","0","0","0","0","0","0","0","0","0","A","ผ่าน"
"839","สำนักงานตำรวจแห่งชาติ","กองบัญชาการตำรวจตระเวนชายแดน","กองบังคับการตำรวจตระเวนชายแดนภาค 1","กองกำกับการตำรวจตระเวนชายแดนที่ 14","SCH_G3_0174","1999-11-01","01/11/2542","0","0","0","0","0","0","0","0","0","0","0","0","0","0","0","0","0","0","0","0","0","0","0","0","0","0","0","0","0","0","0","0","0","0","0","0","0","0","0","0","0","0","0","0","0","0","0","0","0","0","0","0","0","0","0","0","0","0","0","0","0","0","0","0","0","0","0","0","0","0","0","0","0","0","0","0","A","ผ่าน"
"840","สำนักงานตำรวจแห่งชาติ","กองบัญชาการตำรวจตระเวนชายแดน","กองบังคับการตำรวจตระเวนชายแดนภาค 4","กองกำกับการตำรวจตระเวนชายแดนที่ 42","SCH_G3_0175","2014-05-16","16/05/2557","0","0","0","0","0","0","0","0","0","0","0","0","0","0","0","0","0","0","0","0","0","0","0","0","0","0","0","0","0","0","0","0","0","0","0","0","0","0","0","0","0","0","0","0","0","0","0","0","0","0","0","0","0","0","0","0","0","0","0","0","0","0","0","0","0","0","0","0","0","0","0","0","0","0","0","0","A","ผ่าน"
"841","สำนักงานตำรวจแห่งชาติ","กองบัญชาการตำรวจตระเวนชายแดน","กองบังคับการตำรวจตระเวนชายแดนภาค 4","กองกำกับการตำรวจตระเวนชายแดนที่ 42","SCH_G3_0176","2014-05-16","16/05/2557","0","0","0","0","0","0","0","0","0","0","0","0","0","0","0","0","0","0","0","0","0","0","0","0","0","0","0","0","0","0","0","0","0","0","0","0","0","0","0","0","0","0","0","0","0","0","0","0","0","0","0","0","0","0","0","0","0","0","0","0","0","0","0","0","0","0","0","0","0","0","0","0","0","0","0","0","A","ผ่าน"
"842","สำนักงานตำรวจแห่งชาติ","กองบัญชาการตำรวจตระเวนชายแดน","กองบังคับการตำรวจตระเวนชายแดนภาค 4","กองกำกับการตำรวจตระเวนชายแดนที่ 42","SCH_G3_0177","2023-05-15","15/05/2566","0","0","0","0","1","0","0","0","0","0","0","0","0","1","1","0","0","0","1","0","0","0","0","0","0","1","0","0","0","0","0","0","0","0","0","0","0","0","0","0","0","0","0","0","0","1","0","0","0","0","0","0","0","0","0","0","0","0","0","0","0","0","0","0","0","0","0","0","0","0","0","0","0","0","0","6","B","ผ่าน"
"843","สำนักงานตำรวจแห่งชาติ","กองบัญชาการตำรวจตระเวนชายแดน","กองบังคับการตำรวจตระเวนชายแดนภาค 4","กองกำกับการตำรวจตระเวนชายแดนที่ 42","SCH_G3_0178","2014-05-16","16/05/2557","0","0","0","0","0","0","0","0","0","0","0","0","0","0","0","0","0","0","0","0","0","0","0","0","0","0","0","0","0","0","0","0","0","0","0","0","0","0","0","0","0","0","0","0","0","0","0","0","0","0","0","0","0","0","0","0","0","0","0","0","0","0","0","0","0","0","0","0","0","0","0","0","0","0","0","0","A","ผ่าน"
"844","สำนักงานตำรวจแห่งชาติ","กองบัญชาการตำรวจตระเวนชายแดน","กองบังคับการตำรวจตระเวนชายแดนภาค 4","กองกำกับการตำรวจตระเวนชายแดนที่ 41","SCH_G3_0179","1988-05-09","09/05/2531","0","0","0","0","0","0","0","0","0","0","0","0","0","0","0","0","0","0","0","0","0","0","0","0","0","0","0","0","0","0","0","0","0","0","0","0","0","0","0","0","0","0","0","0","0","0","0","0","0","0","0","0","0","0","0","0","0","0","0","0","0","0","0","0","0","0","0","0","0","0","0","0","0","0","0","0","A","ผ่าน"
"845","สำนักงานตำรวจแห่งชาติ","กองบัญชาการตำรวจตระเวนชายแดน","กองบังคับการตำรวจตระเวนชายแดนภาค 4","กองกำกับการตำรวจตระเวนชายแดนที่ 41","SCH_G3_0180","","","0","0","0","0","0","0","0","0","0","0","0","0","0","0","0","0","0","0","0","0","0","0","0","0","0","0","0","0","0","0","0","0","0","0","0","0","0","0","0","0","0","0","0","0","0","0","0","0","0","0","0","0","0","0","0","0","0","0","0","0","0","0","0","0","0","0","0","0","0","0","0","0","0","0","0","0","A","ผ่าน"
"846","สำนักงานตำรวจแห่งชาติ","กองบัญชาการตำรวจตระเวนชายแดน","กองบังคับการตำรวจตระเวนชายแดนภาค 4","กองกำกับการตำรวจตระเวนชายแดนที่ 41","SCH_G3_0181","1997-05-16","16/05/2540","0","0","0","0","0","1","0","0","0","0","0","0","0","0","0","0","0","0","0","0","0","0","0","0","0","0","0","0","0","0","0","0","0","0","0","0","0","0","0","0","0","0","0","0","0","0","0","0","0","0","0","0","0","0","0","0","0","0","0","0","0","0","0","0","0","0","0","0","0","0","0","0","0","0","0","1","B","ผ่าน"
"847","สำนักงานตำรวจแห่งชาติ","กองบัญชาการตำรวจตระเวนชายแดน","กองบังคับการตำรวจตระเวนชายแดนภาค 4","กองกำกับการตำรวจตระเวนชายแดนที่ 41","SCH_G3_0182","1987-07-06","06/07/2530","0","0","0","0","0","0","0","0","0","0","0","0","0","0","0","0","0","0","0","0","0","0","0","0","0","0","0","0","0","0","0","0","0","0","0","0","0","0","0","0","0","0","0","0","0","0","0","0","0","0","0","0","0","0","0","0","0","0","0","0","0","0","0","0","0","0","0","0","0","0","0","0","0","0","0","0","A","ผ่าน"
"848","สำนักงานตำรวจแห่งชาติ","กองบัญชาการตำรวจตระเวนชายแดน","กองบังคับการตำรวจตระเวนชายแดนภาค 4","กองกำกับการตำรวจตระเวนชายแดนที่ 41","SCH_G3_0183","2020-07-01","01/07/2563","0","0","0","0","0","0","0","0","0","0","0","0","0","0","0","0","0","0","0","0","0","0","0","0","0","0","0","0","0","0","0","0","0","0","0","0","0","0","0","0","0","0","0","0","0","0","0","0","0","0","0","0","0","0","0","0","0","0","0","0","0","0","0","0","0","0","0","0","0","0","0","0","0","0","0","0","A","ผ่าน"
"849","สำนักงานตำรวจแห่งชาติ","กองบัญชาการตำรวจตระเวนชายแดน","กองบังคับการตำรวจตระเวนชายแดนภาค 4","กองกำกับการตำรวจตระเวนชายแดนที่ 41","SCH_G3_0184","2003-07-15","15/07/2546","0","0","0","0","0","0","0","0","0","0","0","0","0","0","0","0","0","0","0","0","0","0","0","0","0","0","0","0","0","0","0","0","0","0","0","0","0","0","0","0","0","0","0","0","0","0","0","0","0","0","0","0","0","0","0","0","0","0","0","0","0","0","0","0","0","0","0","0","0","0","0","0","0","0","0","0","A","ผ่าน"
"850","สำนักงานตำรวจแห่งชาติ","กองบัญชาการตำรวจตระเวนชายแดน","กองบังคับการตำรวจตระเวนชายแดนภาค 4","กองกำกับการตำรวจตระเวนชายแดนที่ 41","SCH_G3_0185","2021-05-17","17/05/2564","0","0","0","0","0","0","0","0","0","0","0","0","0","0","0","0","0","0","0","0","0","0","0","0","0","0","0","0","0","0","0","0","0","0","0","0","0","0","0","0","0","0","0","0","0","0","0","0","0","0","0","0","0","0","0","0","0","0","0","0","0","0","0","0","0","0","0","0","0","0","0","0","0","0","0","0","A","ผ่าน"
"851","สำนักงานตำรวจแห่งชาติ","กองบัญชาการตำรวจตระเวนชายแดน","กองบังคับการตำรวจตระเวนชายแดนภาค 4","กองกำกับการตำรวจตระเวนชายแดนที่ 41","SCH_G3_0186","1988-07-15","15/07/2531","0","0","0","0","0","0","0","0","0","0","0","0","0","0","0","0","0","0","0","0","0","0","0","0","0","0","0","0","0","0","0","0","0","0","0","0","0","0","0","0","0","0","0","0","0","0","0","0","0","0","0","0","0","0","0","0","0","0","0","0","0","0","0","0","0","0","0","0","0","0","0","0","0","0","0","0","A","ผ่าน"
"852","สำนักงานตำรวจแห่งชาติ","กองบัญชาการตำรวจตระเวนชายแดน","กองบังคับการตำรวจตระเวนชายแดนภาค 4","กองกำกับการตำรวจตระเวนชายแดนที่ 41","SCH_G3_0187","1988-02-01","01/02/2531","0","0","0","0","0","0","0","0","0","0","0","0","0","0","0","0","0","0","0","0","0","0","0","0","0","0","0","0","0","0","0","0","0","0","0","0","0","0","0","0","0","0","0","0","0","0","0","0","0","0","0","0","0","0","0","0","0","0","0","0","0","0","0","0","0","0","0","0","0","0","0","0","0","0","0","0","A","ผ่าน"
"853","สำนักงานตำรวจแห่งชาติ","กองบัญชาการตำรวจตระเวนชายแดน","กองบังคับการตำรวจตระเวนชายแดนภาค 4","กองกำกับการตำรวจตระเวนชายแดนที่ 41","SCH_G3_0188","1989-05-13","13/05/2532","0","0","0","0","0","0","0","0","0","0","0","0","0","0","0","0","0","0","0","0","0","0","0","0","0","0","0","0","0","0","0","0","0","0","0","0","0","0","0","0","0","0","0","0","0","0","0","0","0","0","0","0","0","0","0","0","0","0","0","0","0","0","0","0","0","0","0","0","0","0","0","0","0","0","0","0","A","ผ่าน"
"854","สำนักงานตำรวจแห่งชาติ","กองบัญชาการตำรวจตระเวนชายแดน","กองบังคับการตำรวจตระเวนชายแดนภาค 4","กองกำกับการตำรวจตระเวนชายแดนที่ 41","SCH_G3_0189","2022-03-14","14/03/2565","0","0","0","0","0","0","0","0","0","0","0","0","0","0","0","0","0","0","0","0","0","0","0","0","0","0","0","0","0","0","0","0","0","0","0","0","0","0","0","0","0","0","0","0","0","0","0","0","0","0","0","0","0","0","0","1","0","0","0","0","0","0","0","0","0","0","0","0","0","0","0","0","0","0","0","1","B","ผ่าน"
"855","สำนักงานตำรวจแห่งชาติ","กองบัญชาการตำรวจตระเวนชายแดน","กองบังคับการตำรวจตระเวนชายแดนภาค 4","กองกำกับการตำรวจตระเวนชายแดนที่ 43","SCH_G3_0190","2025-02-20","20/02/2568","0","0","0","0","0","0","0","0","0","0","0","0","0","0","0","0","0","0","0","0","0","0","0","0","0","0","0","0","0","0","0","0","0","0","0","0","0","0","0","0","0","0","0","0","0","0","0","0","0","0","0","0","0","0","0","0","0","0","0","0","0","0","0","0","0","0","0","0","0","0","0","0","0","0","0","0","A","ผ่าน"
"856","สำนักงานตำรวจแห่งชาติ","กองบัญชาการตำรวจตระเวนชายแดน","กองบังคับการตำรวจตระเวนชายแดนภาค 4","กองกำกับการตำรวจตระเวนชายแดนที่ 43","SCH_G3_0191","1986-06-29","29/06/2529","0","0","0","0","0","0","0","0","0","0","0","0","0","0","0","0","0","0","0","0","0","0","0","0","0","0","0","0","0","0","0","0","0","0","0","0","0","0","0","0","0","0","0","0","0","0","0","0","0","0","0","0","0","0","0","0","0","0","0","0","0","0","0","0","0","0","0","0","0","0","0","0","0","0","0","0","A","ผ่าน"
"857","สำนักงานตำรวจแห่งชาติ","กองบัญชาการตำรวจตระเวนชายแดน","กองบังคับการตำรวจตระเวนชายแดนภาค 4","กองกำกับการตำรวจตระเวนชายแดนที่ 43","SCH_G3_0192","2023-05-16","16/05/2566","0","0","0","0","0","0","0","0","0","0","0","0","0","0","0","0","0","0","0","0","0","0","0","0","0","0","0","0","0","0","0","0","0","0","0","0","0","0","0","0","0","0","0","0","0","0","0","0","0","0","0","0","0","0","0","0","0","0","0","0","0","0","0","0","0","0","0","0","0","0","0","0","0","0","0","0","A","ผ่าน"
"858","สำนักงานตำรวจแห่งชาติ","กองบัญชาการตำรวจตระเวนชายแดน","กองบังคับการตำรวจตระเวนชายแดนภาค 4","กองกำกับการตำรวจตระเวนชายแดนที่ 43","SCH_G3_0193","1975-06-18","18/06/2518","0","0","0","0","0","0","0","0","0","0","0","0","0","0","0","0","0","0","0","0","0","0","0","0","0","0","0","0","0","0","0","0","0","0","0","0","0","0","0","0","0","0","0","0","0","0","0","0","0","0","0","0","0","0","0","0","0","0","0","0","0","0","0","0","0","0","0","0","0","0","0","0","0","0","0","0","A","ผ่าน"
"859","สำนักงานตำรวจแห่งชาติ","กองบัญชาการตำรวจตระเวนชายแดน","กองบังคับการตำรวจตระเวนชายแดนภาค 4","กองกำกับการตำรวจตระเวนชายแดนที่ 43","SCH_G3_0194","1983-05-26","26/05/2526","0","0","0","0","0","0","0","0","0","0","0","0","0","0","0","0","0","0","0","0","0","0","0","0","0","0","0","0","0","0","0","0","0","0","0","0","0","0","0","0","0","0","0","0","0","0","0","0","0","0","0","0","0","0","0","0","0","0","0","0","0","0","0","0","0","0","0","0","0","0","0","0","0","0","0","0","A","ผ่าน"
"860","สำนักงานตำรวจแห่งชาติ","กองบัญชาการตำรวจตระเวนชายแดน","กองบังคับการตำรวจตระเวนชายแดนภาค 4","กองกำกับการตำรวจตระเวนชายแดนที่ 43","SCH_G3_0195","1959-10-12","12/10/2502","0","0","0","0","0","0","0","0","0","0","0","0","0","0","0","0","0","0","0","0","0","0","0","0","0","0","0","0","0","0","0","0","0","0","0","0","0","0","0","0","0","0","0","0","0","0","0","0","0","0","0","0","0","0","0","0","0","0","0","0","0","0","0","0","0","0","0","0","0","0","0","0","0","0","0","0","A","ผ่าน"
"861","สำนักงานตำรวจแห่งชาติ","กองบัญชาการตำรวจตระเวนชายแดน","กองบังคับการตำรวจตระเวนชายแดนภาค 4","กองกำกับการตำรวจตระเวนชายแดนที่ 43","SCH_G3_0196","","","0","0","0","0","0","0","0","0","0","0","0","0","0","0","0","0","0","0","0","0","0","0","0","0","0","0","0","0","0","0","0","0","0","0","0","0","0","0","0","0","0","0","0","0","0","0","0","0","0","0","0","0","0","0","0","0","0","0","0","0","0","0","0","0","0","0","0","0","0","0","0","0","0","0","0","0","A","ผ่าน"
"862","สำนักงานตำรวจแห่งชาติ","กองบัญชาการตำรวจตระเวนชายแดน","กองบังคับการตำรวจตระเวนชายแดนภาค 4","กองกำกับการตำรวจตระเวนชายแดนที่ 43","SCH_G3_0197","2025-03-25","25/03/2568","0","0","0","0","0","0","0","0","0","0","0","0","0","0","0","0","0","0","0","0","0","0","0","0","0","0","0","0","0","0","0","0","0","0","0","0","0","0","0","0","0","0","0","0","0","0","0","0","0","0","0","0","0","0","0","0","0","0","0","0","0","0","0","0","0","0","0","0","0","0","0","0","0","0","0","0","A","ผ่าน"
"863","สำนักงานตำรวจแห่งชาติ","กองบัญชาการตำรวจตระเวนชายแดน","กองบังคับการตำรวจตระเวนชายแดนภาค 4","กองกำกับการตำรวจตระเวนชายแดนที่ 43","SCH_G3_0198","1998-11-09","09/11/2541","0","0","0","0","0","0","0","0","0","0","0","0","0","0","0","0","0","0","0","0","0","0","0","0","0","0","0","0","0","0","0","0","0","0","0","0","0","0","0","0","0","0","0","0","0","0","0","0","0","0","0","0","0","0","0","0","0","0","0","0","0","0","0","0","0","0","0","0","0","0","0","0","0","0","0","0","A","ผ่าน"
"864","สำนักงานตำรวจแห่งชาติ","กองบัญชาการตำรวจตระเวนชายแดน","กองบังคับการตำรวจตระเวนชายแดนภาค 4","กองกำกับการตำรวจตระเวนชายแดนที่ 43","SCH_G3_0199","2010-05-17","17/05/2553","0","0","0","0","0","0","0","0","0","0","0","0","0","0","0","0","0","0","0","0","0","0","0","0","0","0","0","0","0","0","0","0","0","0","0","0","0","0","0","0","0","0","0","0","0","0","0","0","0","0","0","0","0","0","0","0","0","0","0","0","0","0","0","0","0","0","0","0","0","0","0","0","0","0","0","0","A","ผ่าน"
"865","สำนักงานตำรวจแห่งชาติ","กองบัญชาการตำรวจตระเวนชายแดน","กองบังคับการตำรวจตระเวนชายแดนภาค 4","กองกำกับการตำรวจตระเวนชายแดนที่ 43","SCH_G3_0200","2025-05-16","16/05/2568","0","0","0","0","0","0","0","0","0","0","0","0","0","0","0","0","0","0","0","0","0","0","0","0","0","0","0","0","0","0","0","0","0","0","0","0","0","0","0","0","0","0","0","0","0","0","0","0","0","0","0","0","0","0","0","0","0","0","0","0","0","0","0","0","0","0","0","0","0","0","0","0","0","0","0","0","A","ผ่าน"
"866","สำนักงานตำรวจแห่งชาติ","กองบัญชาการตำรวจตระเวนชายแดน","กองบังคับการตำรวจตระเวนชายแดนภาค 4","กองกำกับการตำรวจตระเวนชายแดนที่ 43","SCH_G3_0201","","","0","0","0","0","0","0","0","0","0","0","0","0","0","0","0","0","0","0","0","0","0","0","0","0","0","0","0","0","0","0","0","0","0","0","0","0","0","0","0","0","0","0","0","0","0","0","0","0","0","0","0","0","0","0","0","0","0","0","0","0","0","0","0","0","0","0","0","0","0","0","0","0","0","0","0","0","A","ผ่าน"
"867","สำนักงานตำรวจแห่งชาติ","กองบัญชาการตำรวจตระเวนชายแดน","กองบังคับการตำรวจตระเวนชายแดนภาค 4","กองกำกับการตำรวจตระเวนชายแดนที่ 43","SCH_G3_0202","1985-06-14","14/06/2528","0","0","0","0","0","0","0","0","0","0","0","0","0","0","0","0","0","0","0","0","0","0","0","0","0","0","0","0","0","0","0","0","0","0","0","0","0","0","0","0","0","0","0","0","0","0","0","0","0","0","0","0","0","0","0","0","0","0","0","0","0","0","0","0","0","0","0","0","0","0","0","0","0","0","0","0","A","ผ่าน"
"868","สำนักงานตำรวจแห่งชาติ","กองบัญชาการตำรวจตระเวนชายแดน","กองบังคับการตำรวจตระเวนชายแดนภาค 4","กองกำกับการตำรวจตระเวนชายแดนที่ 43","SCH_G3_0203","1988-05-05","05/05/2531","0","0","0","0","0","0","0","0","0","0","0","0","0","0","0","0","0","0","0","0","0","0","0","0","0","0","0","0","0","0","0","0","0","0","0","0","0","0","0","0","0","0","0","0","0","0","0","0","0","0","0","0","0","0","0","0","0","0","0","0","0","0","0","0","0","0","0","0","0","0","0","0","0","0","0","0","A","ผ่าน"
"869","สำนักงานตำรวจแห่งชาติ","กองบัญชาการตำรวจตระเวนชายแดน","กองบังคับการตำรวจตระเวนชายแดนภาค 4","กองกำกับการตำรวจตระเวนชายแดนที่ 43","SCH_G3_0204","1990-02-14","14/02/2533","0","0","0","0","0","0","0","0","0","0","0","0","0","0","0","0","0","0","0","0","0","0","0","0","0","0","0","0","0","0","0","0","0","0","0","0","0","0","0","0","0","0","0","0","0","0","0","0","0","0","0","0","0","0","0","0","0","0","0","0","0","0","0","0","0","0","0","0","0","0","0","0","0","0","0","0","A","ผ่าน"
"870","สำนักงานตำรวจแห่งชาติ","กองบัญชาการตำรวจตระเวนชายแดน","กองบังคับการตำรวจตระเวนชายแดนภาค 4","กองกำกับการตำรวจตระเวนชายแดนที่ 44","SCH_G3_0206","2021-06-14","14/06/2564","0","0","0","0","0","1","0","0","0","0","0","0","0","0","0","0","0","0","0","0","0","0","0","0","0","0","0","0","0","0","0","0","0","0","0","0","0","0","0","0","0","0","0","0","0","0","0","0","0","0","0","0","0","0","0","1","0","0","0","0","0","0","0","0","0","0","0","0","0","0","0","0","0","0","0","2","B","ผ่าน"
"871","สำนักงานตำรวจแห่งชาติ","กองบัญชาการตำรวจตระเวนชายแดน","กองบังคับการตำรวจตระเวนชายแดนภาค 4","กองกำกับการตำรวจตระเวนชายแดนที่ 44","SCH_G3_0207","2015-05-18","18/05/2558","0","0","0","0","0","0","0","0","0","0","0","0","0","0","0","0","0","0","0","0","0","0","0","0","0","0","1","1","1","1","1","1","1","1","1","1","1","1","1","1","1","1","1","1","1","1","1","1","1","1","1","1","1","1","1","1","1","1","1","1","1","1","1","1","1","0","0","0","0","0","0","0","0","0","0","39","D","ไม่ผ่าน"
"872","สำนักงานตำรวจแห่งชาติ","กองบัญชาการตำรวจตระเวนชายแดน","กองบังคับการตำรวจตระเวนชายแดนภาค 4","กองกำกับการตำรวจตระเวนชายแดนที่ 44","SCH_G3_0208","1967-05-16","16/05/2510","0","0","0","0","0","0","0","0","0","0","0","0","0","0","0","0","0","0","0","0","0","0","0","0","0","0","0","0","0","0","0","0","0","0","0","0","0","0","0","0","0","0","0","0","0","0","0","0","0","0","0","0","0","0","0","0","0","0","0","0","0","0","0","0","0","0","0","0","0","0","0","0","0","0","0","0","A","ผ่าน"
"873","สำนักงานตำรวจแห่งชาติ","กองบัญชาการตำรวจตระเวนชายแดน","กองบังคับการตำรวจตระเวนชายแดนภาค 4","กองกำกับการตำรวจตระเวนชายแดนที่ 44","SCH_G3_0209","2021-07-08","08/07/2564","0","0","0","0","0","0","0","0","0","0","0","0","0","0","0","0","0","0","0","0","0","0","0","0","0","0","0","0","0","0","0","0","0","0","0","0","0","0","0","0","0","0","0","0","0","0","0","0","0","0","0","0","0","0","0","0","0","0","0","0","0","0","0","0","0","0","0","0","0","0","0","0","0","0","0","0","A","ผ่าน"
"874","สำนักงานตำรวจแห่งชาติ","กองบัญชาการตำรวจตระเวนชายแดน","กองบังคับการตำรวจตระเวนชายแดนภาค 4","กองกำกับการตำรวจตระเวนชายแดนที่ 44","SCH_G3_0210","1988-06-01","01/06/2531","0","0","0","0","0","0","0","0","0","0","0","0","0","0","0","0","0","0","0","0","0","0","0","0","0","0","0","0","0","0","0","0","0","0","0","0","0","0","0","0","0","0","0","0","0","0","0","0","0","0","0","0","0","0","0","0","0","0","0","0","0","0","0","0","0","0","0","0","0","0","0","0","0","0","0","0","A","ผ่าน"
"875","สำนักงานตำรวจแห่งชาติ","กองบัญชาการตำรวจตระเวนชายแดน","กองบังคับการตำรวจตระเวนชายแดนภาค 4","กองกำกับการตำรวจตระเวนชายแดนที่ 44","SCH_G3_0211","1974-07-17","17/07/2517","0","0","0","0","0","0","0","0","0","0","0","0","0","0","0","0","0","0","0","0","0","0","0","0","0","0","0","0","0","0","0","0","0","0","0","0","0","0","0","0","0","0","0","0","0","0","0","0","0","0","0","0","0","0","0","0","0","0","0","0","0","0","0","0","0","0","0","0","0","0","0","0","0","0","0","0","A","ผ่าน"
"876","สำนักงานตำรวจแห่งชาติ","กองบัญชาการตำรวจตระเวนชายแดน","กองบังคับการตำรวจตระเวนชายแดนภาค 4","กองกำกับการตำรวจตระเวนชายแดนที่ 44","SCH_G3_0212","2000-05-16","16/05/2543","0","0","0","0","0","0","0","0","0","0","0","0","0","0","0","0","0","0","0","0","0","0","0","0","0","0","0","0","0","0","0","0","0","0","0","0","0","0","0","0","0","0","0","0","0","0","0","0","0","0","0","0","0","0","0","0","0","0","0","0","0","0","0","0","0","0","0","0","0","0","0","0","0","0","0","0","A","ผ่าน"
"877","สำนักงานตำรวจแห่งชาติ","กองบัญชาการตำรวจตระเวนชายแดน","กองบังคับการตำรวจตระเวนชายแดนภาค 4","กองกำกับการตำรวจตระเวนชายแดนที่ 44","SCH_G3_0213","1991-07-15","15/07/2534","0","0","0","0","0","0","0","0","0","0","0","0","0","0","0","0","0","0","0","0","0","0","0","0","0","0","0","0","0","0","0","0","0","0","0","0","0","0","0","0","0","0","0","0","0","0","0","0","0","0","0","0","0","0","0","0","0","0","0","0","0","0","0","0","0","0","0","0","0","0","0","0","0","0","0","0","A","ผ่าน"
"878","สำนักงานตำรวจแห่งชาติ","กองบัญชาการตำรวจตระเวนชายแดน","กองบังคับการตำรวจตระเวนชายแดนภาค 4","กองกำกับการตำรวจตระเวนชายแดนที่ 44","SCH_G3_0214","1993-05-16","16/05/2536","0","0","0","0","0","0","0","0","0","0","0","0","0","0","0","0","0","0","0","0","0","0","0","0","0","0","0","0","0","0","0","0","0","0","0","0","0","0","0","0","0","0","0","0","0","0","0","0","0","0","0","0","0","0","0","0","0","0","0","0","0","0","0","0","0","0","0","0","0","0","0","0","0","0","0","0","A","ผ่าน"
"879","สำนักงานตำรวจแห่งชาติ","กองบัญชาการตำรวจตระเวนชายแดน","กองบังคับการตำรวจตระเวนชายแดนภาค 4","กองกำกับการตำรวจตระเวนชายแดนที่ 44","SCH_G3_0215","1993-06-18","18/06/2536","0","0","0","0","0","0","0","0","0","0","0","0","0","0","0","0","0","0","0","0","0","0","0","0","0","0","0","0","0","0","0","0","0","0","0","0","0","0","0","0","0","0","0","0","0","0","0","0","0","0","0","0","0","0","0","0","0","0","0","0","0","0","0","0","0","0","0","0","0","0","0","0","0","0","0","0","A","ผ่าน"
"880","สำนักงานตำรวจแห่งชาติ","กองบัญชาการตำรวจตระเวนชายแดน","กองบังคับการตำรวจตระเวนชายแดนภาค 4","กองกำกับการตำรวจตระเวนชายแดนที่ 44","SCH_G3_0216","1990-06-13","13/06/2533","0","0","0","0","0","0","0","0","0","0","0","0","0","0","0","0","0","0","0","0","0","0","0","0","0","0","0","0","0","0","0","0","0","0","0","0","0","0","0","0","0","0","0","0","0","0","0","0","0","0","0","0","0","0","0","0","0","0","0","0","0","0","0","0","0","0","0","0","0","0","0","0","0","0","0","0","A","ผ่าน"
"881","สำนักงานตำรวจแห่งชาติ","กองบัญชาการตำรวจตระเวนชายแดน","กองบังคับการตำรวจตระเวนชายแดนภาค 1","กองกำกับการตำรวจตระเวนชายแดนที่ 11","SCH_G3_0002","1986-07-30","30/07/2529","0","0","0","0","0","0","0","0","0","0","0","0","0","0","0","0","0","0","0","0","0","0","0","0","0","0","0","0","0","0","0","0","0","0","0","0","0","0","0","0","0","0","0","0","0","0","0","0","0","0","0","0","0","0","0","0","0","0","0","0","0","0","0","0","0","0","0","0","0","0","0","0","0","0","0","0","A","ผ่าน"
"882","สำนักงานตำรวจแห่งชาติ","กองบัญชาการตำรวจตระเวนชายแดน","กองบังคับการตำรวจตระเวนชายแดนภาค 1","กองกำกับการตำรวจตระเวนชายแดนที่ 11","SCH_G3_0003","1987-03-03","03/03/2530","0","0","0","0","0","0","0","0","0","0","0","0","0","0","0","0","0","0","0","0","0","0","0","0","0","0","0","0","0","0","0","0","0","0","0","0","0","0","0","0","0","0","0","0","0","0","0","0","0","0","0","0","0","0","0","0","0","0","0","0","0","0","0","0","0","0","0","0","0","0","0","0","0","0","0","0","A","ผ่าน"
"883","สำนักงานตำรวจแห่งชาติ","กองบัญชาการตำรวจตระเวนชายแดน","กองบังคับการตำรวจตระเวนชายแดนภาค 1","กองกำกับการตำรวจตระเวนชายแดนที่ 11","SCH_G3_0004","2025-05-16","16/05/2568","0","0","0","0","0","1","0","0","0","0","0","0","0","0","0","0","0","0","0","0","0","0","0","0","0","0","0","0","0","0","0","0","0","0","0","0","0","0","0","0","0","0","0","0","0","0","0","0","0","0","0","0","0","0","0","0","0","0","0","0","0","0","0","0","0","0","0","0","0","0","0","0","0","0","0","1","B","ผ่าน"
"884","สำนักงานตำรวจแห่งชาติ","กองบัญชาการตำรวจตระเวนชายแดน","กองบังคับการตำรวจตระเวนชายแดนภาค 1","กองกำกับการตำรวจตระเวนชายแดนที่ 11","SCH_G3_0005","1991-03-15","15/03/2534","0","0","0","0","0","0","0","0","0","0","0","0","0","0","0","0","0","0","0","0","0","0","0","0","0","0","0","0","0","0","0","0","0","0","0","0","0","0","0","0","0","0","0","0","0","0","0","0","0","0","0","0","0","0","0","1","0","0","1","0","0","0","0","0","0","0","0","0","0","0","0","0","0","0","0","2","B","ผ่าน"
"885","สำนักงานตำรวจแห่งชาติ","กองบัญชาการตำรวจตระเวนชายแดน","กองบังคับการตำรวจตระเวนชายแดนภาค 1","กองกำกับการตำรวจตระเวนชายแดนที่ 11","SCH_G3_0006","2002-05-16","16/05/2545","0","0","0","0","0","0","0","0","0","0","0","0","0","0","0","0","0","0","0","0","0","0","0","0","0","0","0","0","0","0","0","0","0","0","0","0","0","0","0","0","0","0","0","0","0","0","0","0","0","0","0","0","0","0","0","0","0","0","0","0","0","0","0","0","0","0","0","0","0","0","0","0","0","0","0","0","A","ผ่าน"
"886","สำนักงานตำรวจแห่งชาติ","กองบัญชาการตำรวจตระเวนชายแดน","กองบังคับการตำรวจตระเวนชายแดนภาค 1","กองกำกับการตำรวจตระเวนชายแดนที่ 11","SCH_G3_0007","1993-11-01","01/11/2536","0","0","0","0","0","0","0","0","0","0","0","0","0","0","0","0","0","0","0","0","0","0","0","0","0","0","0","0","0","0","0","0","0","0","0","0","0","0","0","0","0","0","0","0","0","0","0","0","0","0","0","0","0","0","0","0","0","0","0","0","0","0","0","0","0","0","0","0","0","0","0","0","0","0","0","0","A","ผ่าน"
"887","สำนักงานตำรวจแห่งชาติ","กองบัญชาการตำรวจตระเวนชายแดน","กองบังคับการตำรวจตระเวนชายแดนภาค 1","กองกำกับการตำรวจตระเวนชายแดนที่ 11","SCH_G3_0008","1999-05-16","16/05/2542","0","0","0","0","0","0","0","0","0","0","0","0","0","0","0","0","0","0","0","0","0","0","0","0","0","0","0","0","0","0","0","0","0","0","0","0","0","0","0","0","0","0","0","0","0","0","0","0","0","0","0","0","0","0","0","1","0","0","0","0","0","0","0","0","0","0","0","0","0","0","0","0","0","0","0","1","B","ผ่าน"
"888","สำนักงานตำรวจแห่งชาติ","กองบัญชาการตำรวจตระเวนชายแดน","กองบังคับการตำรวจตระเวนชายแดนภาค 1","กองกำกับการตำรวจตระเวนชายแดนที่ 12","SCH_G3_0009","2021-07-12","12/07/2564","0","0","0","0","0","0","0","0","0","0","0","0","0","0","0","0","0","0","0","0","0","0","0","0","0","0","0","0","0","0","0","0","0","0","0","0","0","0","0","0","0","0","0","0","0","0","0","0","0","0","0","0","0","0","0","0","0","0","0","0","0","0","0","0","0","0","0","0","0","0","0","0","0","0","0","0","A","ผ่าน"
"889","สำนักงานตำรวจแห่งชาติ","กองบัญชาการตำรวจตระเวนชายแดน","กองบังคับการตำรวจตระเวนชายแดนภาค 1","กองกำกับการตำรวจตระเวนชายแดนที่ 12","SCH_G3_0010","2017-05-16","16/05/2560","0","0","0","0","0","1","0","0","0","0","0","0","0","0","0","0","0","0","0","0","0","0","0","0","0","0","0","0","0","0","0","0","0","0","0","0","0","0","0","0","0","0","0","0","0","0","0","0","0","0","0","0","0","0","0","0","0","0","0","0","0","0","0","0","0","0","0","0","0","0","0","0","0","0","0","1","B","ผ่าน"
"890","สำนักงานตำรวจแห่งชาติ","กองบัญชาการตำรวจตระเวนชายแดน","กองบังคับการตำรวจตระเวนชายแดนภาค 1","กองกำกับการตำรวจตระเวนชายแดนที่ 12","SCH_G3_0011","2017-05-16","16/05/2560","0","0","0","0","0","0","0","0","0","0","0","0","0","0","0","0","0","0","0","0","0","0","0","0","0","0","0","0","0","0","0","0","0","0","0","0","0","0","0","0","0","0","0","0","0","0","0","0","0","0","0","0","0","0","0","0","0","0","0","0","0","0","0","0","0","0","0","0","0","0","0","0","0","0","0","0","A","ผ่าน"
"891","สำนักงานตำรวจแห่งชาติ","กองบัญชาการตำรวจตระเวนชายแดน","กองบังคับการตำรวจตระเวนชายแดนภาค 1","กองกำกับการตำรวจตระเวนชายแดนที่ 12","SCH_G3_0012","","","0","0","0","0","0","0","0","0","0","0","0","0","0","0","0","0","0","0","0","0","0","0","0","0","0","0","0","0","0","0","0","0","0","0","0","0","0","0","0","0","0","0","0","0","0","0","0","0","0","0","0","0","0","0","0","0","0","0","0","0","0","0","0","0","0","0","0","0","0","0","0","0","0","0","0","0","A","ผ่าน"
"892","สำนักงานตำรวจแห่งชาติ","กองบัญชาการตำรวจตระเวนชายแดน","กองบังคับการตำรวจตระเวนชายแดนภาค 1","กองกำกับการตำรวจตระเวนชายแดนที่ 12","SCH_G3_0013","1970-10-27","27/10/2513","0","0","0","0","0","0","0","0","0","0","0","0","0","0","0","0","0","0","0","0","0","0","0","0","0","0","0","0","0","0","0","0","0","0","0","0","0","0","0","0","0","0","0","0","0","0","0","0","0","0","0","0","0","0","0","0","0","0","0","0","0","0","0","0","0","0","0","0","0","0","0","0","0","0","0","0","A","ผ่าน"
"893","สำนักงานตำรวจแห่งชาติ","กองบัญชาการตำรวจตระเวนชายแดน","กองบังคับการตำรวจตระเวนชายแดนภาค 1","กองกำกับการตำรวจตระเวนชายแดนที่ 12","SCH_G3_0014","2025-06-03","03/06/2568","0","0","0","0","0","0","0","0","0","0","0","0","0","0","0","0","0","0","0","0","0","0","0","0","0","0","0","0","0","0","0","0","0","0","0","0","0","0","0","0","0","0","0","0","0","0","0","0","0","0","0","0","0","0","0","0","0","0","0","0","0","0","0","0","0","0","0","0","0","0","0","0","0","0","0","0","A","ผ่าน"
"894","สำนักงานตำรวจแห่งชาติ","กองบัญชาการตำรวจตระเวนชายแดน","กองบังคับการตำรวจตระเวนชายแดนภาค 1","กองกำกับการตำรวจตระเวนชายแดนที่ 12","SCH_G3_0015","1982-02-09","09/02/2525","0","0","0","0","0","0","0","0","0","0","0","0","0","0","0","0","0","0","0","0","0","0","0","0","0","0","0","0","0","0","0","0","0","0","0","0","0","0","0","0","0","0","0","0","0","0","0","0","0","0","0","0","0","0","0","0","0","0","0","0","0","0","0","0","0","0","0","0","0","0","0","0","0","0","0","0","A","ผ่าน"
"895","สำนักงานตำรวจแห่งชาติ","กองบัญชาการตำรวจตระเวนชายแดน","กองบังคับการตำรวจตระเวนชายแดนภาค 1","กองกำกับการตำรวจตระเวนชายแดนที่ 12","SCH_G3_0016","1977-06-20","20/06/2520","0","0","0","0","0","0","0","0","0","0","0","0","0","0","0","0","0","0","0","0","0","0","0","0","0","0","0","0","0","0","0","0","0","0","0","0","0","0","0","0","0","0","0","0","0","0","0","0","0","0","0","0","0","0","0","0","0","0","0","0","0","0","0","0","0","0","0","0","0","0","0","0","0","0","0","0","A","ผ่าน"
"896","สำนักงานตำรวจแห่งชาติ","กองบัญชาการตำรวจตระเวนชายแดน","กองบังคับการตำรวจตระเวนชายแดนภาค 1","กองกำกับการตำรวจตระเวนชายแดนที่ 12","SCH_G3_0017","","","0","0","0","0","0","0","0","0","0","0","0","0","0","0","0","0","0","0","0","0","0","0","0","0","0","0","0","0","0","0","0","0","0","0","0","0","0","0","0","0","0","0","0","0","0","0","0","0","0","0","0","0","0","0","0","0","0","0","0","0","0","0","0","0","0","0","0","0","0","0","0","0","0","0","0","0","A","ผ่าน"
"897","สำนักงานตำรวจแห่งชาติ","กองบัญชาการตำรวจตระเวนชายแดน","กองบังคับการตำรวจตระเวนชายแดนภาค 1","กองกำกับการตำรวจตระเวนชายแดนที่ 12","SCH_G3_0018","1995-06-01","01/06/2538","0","0","0","0","0","0","0","0","0","0","0","0","0","0","0","0","0","0","0","0","0","0","0","0","0","0","0","0","0","0","0","0","0","0","0","0","0","0","0","0","0","0","0","0","0","0","0","0","0","0","0","0","0","0","0","0","0","0","0","0","0","0","0","0","0","0","0","0","0","0","0","0","0","0","0","0","A","ผ่าน"
"898","สำนักงานตำรวจแห่งชาติ","กองบัญชาการตำรวจตระเวนชายแดน","กองบังคับการตำรวจตระเวนชายแดนภาค 2","กองกำกับการตำรวจตระเวนชายแดนที่ 21","SCH_G3_0020","","","0","0","0","0","0","0","0","0","0","0","0","0","0","0","0","0","0","0","0","0","0","0","0","0","0","0","0","0","0","0","0","0","0","0","0","0","0","0","0","0","0","0","0","0","0","0","0","0","0","0","0","0","0","0","0","0","0","0","0","0","0","0","0","0","0","0","0","0","0","0","0","0","0","0","0","0","A","ผ่าน"
"899","สำนักงานตำรวจแห่งชาติ","กองบัญชาการตำรวจตระเวนชายแดน","กองบังคับการตำรวจตระเวนชายแดนภาค 2","กองกำกับการตำรวจตระเวนชายแดนที่ 21","SCH_G3_0021","1992-01-25","25/01/2535","0","0","0","0","0","0","0","0","0","0","0","0","0","0","0","0","0","0","0","0","0","0","0","0","0","0","0","0","0","0","0","0","0","0","0","0","0","0","0","0","0","0","0","0","0","0","0","0","0","0","0","0","0","0","0","0","0","0","0","0","0","0","0","0","0","0","0","0","0","0","0","0","0","0","0","0","A","ผ่าน"
"900","สำนักงานตำรวจแห่งชาติ","กองบัญชาการตำรวจตระเวนชายแดน","กองบังคับการตำรวจตระเวนชายแดนภาค 2","กองกำกับการตำรวจตระเวนชายแดนที่ 21","SCH_G3_0022","","","0","0","0","0","0","0","0","0","0","0","0","0","0","0","0","0","0","0","0","0","0","0","0","0","0","0","0","0","0","0","0","0","0","0","0","0","0","0","0","0","0","0","0","0","0","0","0","0","0","0","0","0","0","0","0","0","0","0","0","0","0","0","0","0","0","0","0","0","0","0","0","0","0","0","0","0","A","ผ่าน"
"901","สำนักงานตำรวจแห่งชาติ","กองบัญชาการตำรวจตระเวนชายแดน","กองบังคับการตำรวจตระเวนชายแดนภาค 2","กองกำกับการตำรวจตระเวนชายแดนที่ 21","SCH_G3_0023","1997-03-30","30/03/2540","0","0","0","0","0","0","0","0","0","0","0","0","0","0","0","0","0","0","0","0","0","0","0","0","0","0","0","0","0","0","0","0","0","0","0","0","0","0","0","0","0","0","0","0","0","0","0","0","0","0","0","0","0","0","0","0","0","0","0","0","0","0","0","0","0","0","0","0","0","0","0","0","0","0","0","0","A","ผ่าน"
"902","สำนักงานตำรวจแห่งชาติ","กองบัญชาการตำรวจตระเวนชายแดน","กองบังคับการตำรวจตระเวนชายแดนภาค 2","กองกำกับการตำรวจตระเวนชายแดนที่ 21","SCH_G3_0024","2025-05-16","16/05/2568","0","0","0","0","0","0","0","0","0","0","0","0","0","0","0","0","0","0","0","0","0","0","0","0","0","0","0","0","0","0","0","0","0","0","0","0","0","0","0","0","0","0","0","0","0","0","0","0","0","0","0","0","0","0","0","0","0","0","0","0","0","0","0","0","0","0","0","0","0","0","0","0","0","0","0","0","A","ผ่าน"
"903","สำนักงานตำรวจแห่งชาติ","กองบัญชาการตำรวจตระเวนชายแดน","กองบังคับการตำรวจตระเวนชายแดนภาค 2","กองกำกับการตำรวจตระเวนชายแดนที่ 21","SCH_G3_0025","2025-04-24","24/04/2568","0","0","0","0","0","1","0","0","0","0","0","0","0","0","0","0","0","0","0","0","0","0","0","0","0","0","0","0","0","0","0","0","0","0","0","0","0","0","0","0","0","0","0","0","0","0","0","0","0","0","0","0","0","0","0","0","0","0","0","0","0","0","0","0","0","0","0","0","0","0","0","0","0","0","0","1","B","ผ่าน"
"904","สำนักงานตำรวจแห่งชาติ","กองบัญชาการตำรวจตระเวนชายแดน","กองบังคับการตำรวจตระเวนชายแดนภาค 2","กองกำกับการตำรวจตระเวนชายแดนที่ 21","SCH_G3_0026","2023-04-29","29/04/2566","0","0","0","0","0","0","0","0","0","0","0","0","0","0","0","0","0","0","0","0","0","0","0","0","0","0","0","0","0","0","0","0","0","0","0","0","0","0","0","0","0","0","0","0","0","0","0","0","0","0","0","0","0","0","0","0","0","0","0","0","0","0","0","0","0","0","0","0","0","0","0","0","0","0","0","0","A","ผ่าน"
"905","สำนักงานตำรวจแห่งชาติ","กองบัญชาการตำรวจตระเวนชายแดน","กองบังคับการตำรวจตระเวนชายแดนภาค 2","กองกำกับการตำรวจตระเวนชายแดนที่ 22","SCH_G3_0029","1982-03-25","25/03/2525","0","0","0","0","0","1","0","0","0","0","0","0","0","0","0","0","0","0","0","0","0","0","0","0","0","0","0","0","0","0","0","0","0","0","0","0","0","0","0","0","0","0","0","0","0","0","0","0","0","0","0","0","0","0","0","0","0","0","0","0","0","0","0","0","0","0","0","0","0","0","0","0","0","0","0","1","B","ผ่าน"
"906","สำนักงานตำรวจแห่งชาติ","กองบัญชาการตำรวจตระเวนชายแดน","กองบังคับการตำรวจตระเวนชายแดนภาค 2","กองกำกับการตำรวจตระเวนชายแดนที่ 22","SCH_G3_0030","2024-08-27","27/08/2567","0","0","0","0","0","0","0","0","0","0","0","0","0","0","0","0","0","0","0","0","0","0","0","0","0","0","0","0","0","0","0","0","0","0","0","0","0","0","0","0","0","0","0","0","0","0","0","0","0","0","0","0","0","0","0","0","0","0","0","0","0","0","0","0","0","0","0","0","0","0","0","0","0","0","0","0","A","ผ่าน"
"907","สำนักงานตำรวจแห่งชาติ","กองบัญชาการตำรวจตระเวนชายแดน","กองบังคับการตำรวจตระเวนชายแดนภาค 2","กองกำกับการตำรวจตระเวนชายแดนที่ 22","SCH_G3_0031","2014-05-16","16/05/2557","0","0","0","0","0","0","0","0","0","0","0","0","0","0","0","0","0","0","0","0","0","0","0","0","0","0","0","0","0","0","0","0","0","0","0","0","0","0","0","0","0","0","0","0","0","0","0","0","0","0","0","0","0","0","0","0","0","0","0","0","0","0","0","0","0","0","0","0","0","0","0","0","0","0","0","0","A","ผ่าน"
"908","สำนักงานตำรวจแห่งชาติ","กองบัญชาการตำรวจตระเวนชายแดน","กองบังคับการตำรวจตระเวนชายแดนภาค 2","กองกำกับการตำรวจตระเวนชายแดนที่ 22","SCH_G3_0032","2024-04-23","23/04/2567","0","0","0","0","0","0","0","0","0","0","0","0","0","0","0","0","0","0","0","0","0","0","0","0","0","0","0","0","0","0","0","0","0","0","0","0","0","0","0","0","0","0","0","0","0","0","0","0","0","0","0","0","0","0","0","0","0","0","0","0","0","0","0","0","0","0","0","0","0","0","0","0","0","0","0","0","A","ผ่าน"
"909","สำนักงานตำรวจแห่งชาติ","กองบัญชาการตำรวจตระเวนชายแดน","กองบังคับการตำรวจตระเวนชายแดนภาค 2","กองกำกับการตำรวจตระเวนชายแดนที่ 22","SCH_G3_0038","1986-08-11","11/08/2529","0","0","0","0","0","0","0","0","0","0","0","0","0","0","0","0","0","0","0","0","0","0","0","0","0","0","0","0","0","0","0","0","0","0","0","0","0","0","0","0","0","0","0","0","0","0","0","0","0","0","0","0","0","0","0","0","0","0","0","0","0","0","0","1","0","0","0","1","1","1","0","0","0","0","0","4","B","ผ่าน"
"910","สำนักงานตำรวจแห่งชาติ","กองบัญชาการตำรวจตระเวนชายแดน","กองบังคับการตำรวจตระเวนชายแดนภาค 2","กองกำกับการตำรวจตระเวนชายแดนที่ 22","SCH_G3_0040","2015-05-18","18/05/2558","0","0","0","0","0","0","0","0","0","0","0","0","0","0","0","0","0","0","0","0","0","0","0","0","0","0","0","0","0","0","0","0","0","0","0","0","0","0","0","0","0","0","0","0","0","0","0","0","0","0","0","0","0","0","0","0","0","0","0","0","0","0","0","0","0","0","0","0","0","0","0","0","0","0","0","0","A","ผ่าน"
"911","สำนักงานตำรวจแห่งชาติ","กองบัญชาการตำรวจตระเวนชายแดน","กองบังคับการตำรวจตระเวนชายแดนภาค 2","กองกำกับการตำรวจตระเวนชายแดนที่ 24","SCH_G3_0042","1995-06-10","10/06/2538","0","0","0","0","0","0","0","0","0","0","0","0","0","0","0","0","0","0","0","0","0","0","0","0","0","0","0","0","0","0","0","0","0","0","0","0","0","0","0","0","0","0","0","0","0","0","0","0","0","0","0","0","0","0","0","0","0","0","0","0","0","0","0","0","0","0","0","0","0","0","0","0","0","0","0","0","A","ผ่าน"
"912","สำนักงานตำรวจแห่งชาติ","กองบัญชาการตำรวจตระเวนชายแดน","กองบังคับการตำรวจตระเวนชายแดนภาค 2","กองกำกับการตำรวจตระเวนชายแดนที่ 24","SCH_G3_0043","2021-07-22","22/07/2564","0","0","0","0","0","0","0","0","0","0","0","0","0","0","0","0","0","0","0","0","0","0","0","0","0","0","0","0","0","0","0","0","0","0","0","0","0","0","0","0","0","0","0","0","0","0","0","0","0","0","0","0","0","0","0","0","0","0","0","0","0","0","0","0","0","0","0","0","0","0","0","0","0","0","0","0","A","ผ่าน"
"913","สำนักงานตำรวจแห่งชาติ","กองบัญชาการตำรวจตระเวนชายแดน","กองบังคับการตำรวจตระเวนชายแดนภาค 2","กองกำกับการตำรวจตระเวนชายแดนที่ 24","SCH_G3_0046","2005-11-07","07/11/2548","0","0","0","0","0","0","0","0","0","0","0","0","0","0","0","0","0","0","0","0","0","0","0","0","0","0","0","0","0","0","0","0","0","0","0","0","0","0","0","0","0","0","0","0","0","0","0","0","0","0","0","0","0","0","0","0","0","0","0","0","0","0","0","0","0","0","0","0","0","0","0","0","0","0","0","0","A","ผ่าน"
"914","สำนักงานตำรวจแห่งชาติ","กองบัญชาการตำรวจตระเวนชายแดน","กองบังคับการตำรวจตระเวนชายแดนภาค 2","กองกำกับการตำรวจตระเวนชายแดนที่ 24","SCH_G3_0049","2021-07-22","22/07/2564","0","0","0","0","0","0","0","0","0","0","0","0","0","0","0","0","0","0","0","0","0","0","0","0","0","0","0","0","0","0","0","0","0","0","0","0","0","0","0","0","0","0","0","0","0","0","0","0","0","0","0","0","0","0","0","0","0","0","0","0","0","0","0","0","0","0","0","0","0","0","0","0","0","0","0","0","A","ผ่าน"
"915","สำนักงานตำรวจแห่งชาติ","กองบัญชาการตำรวจตระเวนชายแดน","กองบังคับการตำรวจตระเวนชายแดนภาค 2","กองกำกับการตำรวจตระเวนชายแดนที่ 24","SCH_G3_0051","1977-09-20","20/09/2520","0","0","0","0","0","0","0","0","0","0","0","0","0","0","0","0","0","0","0","0","0","0","0","0","0","0","0","0","0","0","0","0","0","0","0","0","0","0","0","0","0","0","0","0","0","0","0","0","0","0","0","0","0","0","0","0","0","0","0","0","0","0","0","0","0","0","0","0","0","0","0","0","0","0","0","0","A","ผ่าน"
"916","สำนักงานตำรวจแห่งชาติ","กองบัญชาการตำรวจตระเวนชายแดน","กองบังคับการตำรวจตระเวนชายแดนภาค 2","กองกำกับการตำรวจตระเวนชายแดนที่ 24","SCH_G3_0052","1980-12-23","23/12/2523","0","0","0","0","0","0","0","0","0","0","0","0","0","0","0","0","0","0","0","0","0","0","0","0","0","0","0","0","0","0","0","0","0","0","0","0","0","0","0","0","0","0","0","0","0","0","0","0","0","0","0","0","0","0","0","0","0","0","0","0","0","0","0","0","0","0","0","0","0","0","0","0","0","0","0","0","A","ผ่าน"
"917","สำนักงานตำรวจแห่งชาติ","กองบัญชาการตำรวจตระเวนชายแดน","กองบังคับการตำรวจตระเวนชายแดนภาค 2","กองกำกับการตำรวจตระเวนชายแดนที่ 24","SCH_G3_0053","1986-05-05","05/05/2529","0","0","0","0","0","0","0","0","0","0","0","0","0","0","0","0","0","0","0","0","0","0","0","0","0","0","0","0","0","0","0","0","0","0","0","0","0","0","0","0","0","0","0","0","0","0","0","0","0","0","0","0","0","0","0","0","0","0","0","0","0","0","0","0","0","0","0","0","0","0","0","0","0","0","0","0","A","ผ่าน"
"918","สำนักงานตำรวจแห่งชาติ","กองบัญชาการตำรวจตระเวนชายแดน","กองบังคับการตำรวจตระเวนชายแดนภาค 2","กองกำกับการตำรวจตระเวนชายแดนที่ 24","SCH_G3_0056","1995-06-14","14/06/2538","0","0","0","0","0","0","0","0","0","0","0","0","0","0","0","0","0","0","0","0","0","0","0","0","0","0","0","0","0","0","0","0","0","0","0","0","0","0","0","0","0","0","0","0","0","0","0","0","0","0","0","0","0","0","0","0","0","0","0","0","0","0","0","0","0","0","0","0","0","0","0","0","0","0","0","0","A","ผ่าน"
"919","สำนักงานตำรวจแห่งชาติ","กองบัญชาการตำรวจตระเวนชายแดน","กองบังคับการตำรวจตระเวนชายแดนภาค 2","กองกำกับการตำรวจตระเวนชายแดนที่ 23","SCH_G3_0057","2025-05-15","15/05/2568","0","0","0","0","0","0","0","0","0","0","0","0","0","0","0","0","0","0","0","0","0","0","0","0","0","0","0","0","0","0","0","0","0","0","0","0","0","0","0","0","0","0","0","0","0","0","0","0","0","0","0","0","0","0","0","0","0","0","0","0","0","0","0","0","0","0","0","0","0","0","0","0","0","0","0","0","A","ผ่าน"
"920","สำนักงานตำรวจแห่งชาติ","กองบัญชาการตำรวจตระเวนชายแดน","กองบังคับการตำรวจตระเวนชายแดนภาค 2","กองกำกับการตำรวจตระเวนชายแดนที่ 23","SCH_G3_0061","2014-05-16","16/05/2557","0","0","0","0","0","0","0","0","0","0","0","0","0","0","0","0","0","0","0","0","0","0","0","0","0","0","0","0","0","0","0","0","0","0","0","0","0","0","0","0","0","0","0","0","0","0","0","0","0","0","0","0","0","0","0","0","0","0","0","0","0","0","0","0","0","0","0","0","0","0","0","0","0","0","0","0","A","ผ่าน"
"921","สำนักงานตำรวจแห่งชาติ","กองบัญชาการตำรวจตระเวนชายแดน","กองบังคับการตำรวจตระเวนชายแดนภาค 2","กองกำกับการตำรวจตระเวนชายแดนที่ 23","SCH_G3_0063","1976-06-01","01/06/2519","0","0","0","0","0","0","0","0","0","0","0","0","0","0","0","0","0","0","0","0","0","0","0","0","0","0","0","0","0","0","0","0","0","0","0","0","0","0","0","0","0","0","0","0","0","0","0","0","0","0","0","0","0","0","0","0","0","0","0","0","0","0","0","0","0","0","0","0","0","0","0","0","0","0","0","0","A","ผ่าน"
"922","สำนักงานตำรวจแห่งชาติ","กองบัญชาการตำรวจตระเวนชายแดน","กองบังคับการตำรวจตระเวนชายแดนภาค 2","กองกำกับการตำรวจตระเวนชายแดนที่ 23","SCH_G3_0065","2000-02-16","16/02/2543","0","0","0","0","0","0","0","0","0","0","0","0","0","0","0","0","0","0","0","0","0","0","0","0","0","0","0","0","0","0","0","0","0","0","0","0","0","0","0","0","0","0","0","0","0","0","0","0","0","0","0","0","0","0","0","0","0","0","0","0","0","0","0","0","0","0","0","0","0","0","0","0","0","0","0","0","A","ผ่าน"
"923","สำนักงานตำรวจแห่งชาติ","กองบัญชาการตำรวจตระเวนชายแดน","กองบังคับการตำรวจตระเวนชายแดนภาค 2","กองกำกับการตำรวจตระเวนชายแดนที่ 23","SCH_G3_0066","2015-05-12","12/05/2558","0","0","0","0","0","0","0","0","0","0","0","0","0","0","1","0","0","0","0","0","0","0","0","0","0","0","0","0","0","0","0","0","0","0","0","0","0","0","0","0","0","0","0","0","0","0","0","0","0","0","0","0","0","0","0","0","0","0","0","0","0","0","0","0","0","0","0","0","0","0","0","0","0","0","0","1","B","ผ่าน"
"924","สำนักงานตำรวจแห่งชาติ","กองบัญชาการตำรวจตระเวนชายแดน","กองบังคับการตำรวจตระเวนชายแดนภาค 3","กองกำกับการตำรวจตระเวนชายแดนที่ 33","SCH_G3_0068","2021-07-08","08/07/2564","0","0","0","0","0","1","0","0","0","0","0","0","0","0","0","0","0","0","0","0","0","0","0","0","0","0","0","0","0","0","0","0","0","0","0","0","0","0","0","0","0","0","0","0","0","0","0","0","0","0","0","0","0","0","0","0","0","0","0","0","0","0","0","0","0","0","0","0","0","0","0","0","0","0","0","1","B","ผ่าน"
"925","สำนักงานตำรวจแห่งชาติ","กองบัญชาการตำรวจตระเวนชายแดน","กองบังคับการตำรวจตระเวนชายแดนภาค 3","กองกำกับการตำรวจตระเวนชายแดนที่ 33","SCH_G3_0069","2025-03-20","20/03/2568","0","0","0","0","0","0","0","0","0","0","0","0","0","0","0","0","0","0","0","0","0","0","0","0","0","0","0","0","0","0","0","0","0","0","0","0","0","0","0","0","0","0","0","0","0","0","0","0","0","0","0","0","0","0","0","0","0","0","0","0","0","0","0","0","0","0","0","0","0","0","0","0","0","0","0","0","A","ผ่าน"
"926","สำนักงานตำรวจแห่งชาติ","กองบัญชาการตำรวจตระเวนชายแดน","กองบังคับการตำรวจตระเวนชายแดนภาค 3","กองกำกับการตำรวจตระเวนชายแดนที่ 33","SCH_G3_0070","2017-05-16","16/05/2560","0","0","0","0","0","1","0","0","0","0","0","0","0","0","0","0","0","0","0","0","0","0","0","0","0","0","0","0","0","0","0","0","0","0","0","0","0","0","0","0","0","0","0","0","0","0","0","0","0","0","0","0","0","0","0","1","0","0","0","0","0","0","0","0","0","0","0","0","0","0","0","0","0","0","0","2","B","ผ่าน"
"927","สำนักงานตำรวจแห่งชาติ","กองบัญชาการตำรวจตระเวนชายแดน","กองบังคับการตำรวจตระเวนชายแดนภาค 3","กองกำกับการตำรวจตระเวนชายแดนที่ 33","SCH_G3_0071","2018-05-16","16/05/2561","0","0","0","0","0","0","0","0","0","0","0","0","0","0","0","0","0","0","0","0","0","0","0","0","0","0","0","0","0","0","0","0","0","0","0","0","0","0","0","0","0","0","0","0","0","0","0","0","0","0","0","0","0","0","0","0","0","0","0","0","0","0","0","0","0","0","0","0","0","0","0","0","0","0","0","0","A","ผ่าน"
"928","สำนักงานตำรวจแห่งชาติ","กองบัญชาการตำรวจตระเวนชายแดน","กองบังคับการตำรวจตระเวนชายแดนภาค 3","กองกำกับการตำรวจตระเวนชายแดนที่ 33","SCH_G3_0072","2021-07-09","09/07/2564","0","0","0","0","0","1","0","0","0","0","0","0","0","0","0","0","0","0","0","0","0","0","0","0","0","0","0","0","0","0","0","0","0","0","0","0","0","0","0","0","0","0","0","0","0","0","0","0","0","0","0","0","0","0","0","0","0","0","0","0","0","0","0","0","0","0","0","0","0","0","0","0","0","0","0","1","B","ผ่าน"
"929","สำนักงานตำรวจแห่งชาติ","กองบัญชาการตำรวจตระเวนชายแดน","กองบังคับการตำรวจตระเวนชายแดนภาค 3","กองกำกับการตำรวจตระเวนชายแดนที่ 33","SCH_G3_0074","1992-06-27","27/06/2535","0","0","0","0","0","1","0","0","0","0","0","0","0","0","0","0","0","0","0","0","0","0","0","0","0","0","0","0","0","0","0","0","0","0","0","0","0","0","0","0","0","0","0","0","0","0","0","0","0","0","0","0","0","0","0","0","0","0","0","0","0","0","0","0","0","0","0","0","0","0","0","0","0","0","0","1","B","ผ่าน"
"930","สำนักงานตำรวจแห่งชาติ","กองบัญชาการตำรวจตระเวนชายแดน","กองบังคับการตำรวจตระเวนชายแดนภาค 3","กองกำกับการตำรวจตระเวนชายแดนที่ 33","SCH_G3_0075","1967-01-10","10/01/2510","0","0","0","0","0","0","0","0","0","0","0","0","0","0","0","0","0","0","0","0","0","0","0","0","0","0","0","0","0","0","0","0","0","0","0","0","0","0","0","0","0","0","0","0","0","0","0","0","0","0","0","0","0","0","0","0","0","0","0","0","0","0","0","0","0","0","0","0","0","0","0","0","0","0","0","0","A","ผ่าน"
"931","สำนักงานตำรวจแห่งชาติ","กองบัญชาการตำรวจตระเวนชายแดน","กองบังคับการตำรวจตระเวนชายแดนภาค 3","กองกำกับการตำรวจตระเวนชายแดนที่ 33","SCH_G3_0076","1962-01-11","11/01/2505","0","0","0","0","0","0","0","0","0","0","0","0","0","0","0","0","0","0","0","0","0","0","0","0","0","0","0","0","0","0","0","0","0","0","0","0","0","0","0","0","0","0","0","0","0","0","0","0","0","0","0","0","0","1","1","1","1","1","1","1","1","1","1","1","1","1","1","1","1","1","1","1","1","1","1","22","D","ไม่ผ่าน"
"932","สำนักงานตำรวจแห่งชาติ","กองบัญชาการตำรวจตระเวนชายแดน","กองบังคับการตำรวจตระเวนชายแดนภาค 3","กองกำกับการตำรวจตระเวนชายแดนที่ 33","SCH_G3_0077","1971-06-14","14/06/2514","0","0","0","0","0","1","0","0","0","0","0","0","0","0","0","0","0","0","0","0","0","0","0","0","0","0","0","0","0","0","0","0","0","0","0","0","0","0","0","0","0","0","0","0","0","0","0","0","0","0","0","0","0","1","1","1","1","1","1","1","1","1","1","1","1","1","1","1","1","1","1","1","1","1","1","23","D","ไม่ผ่าน"
"933","สำนักงานตำรวจแห่งชาติ","กองบัญชาการตำรวจตระเวนชายแดน","กองบังคับการตำรวจตระเวนชายแดนภาค 3","กองกำกับการตำรวจตระเวนชายแดนที่ 33","SCH_G3_0078","1965-12-01","01/12/2508","0","0","0","0","0","0","0","0","0","0","0","0","0","0","0","0","0","0","0","0","0","0","0","0","0","0","0","0","0","0","0","0","0","0","0","0","0","0","0","0","0","0","0","0","0","0","0","0","0","0","0","0","0","0","0","0","1","0","0","0","0","0","1","1","1","1","1","0","0","0","0","0","0","0","0","6","B","ผ่าน"
"934","สำนักงานตำรวจแห่งชาติ","กองบัญชาการตำรวจตระเวนชายแดน","กองบังคับการตำรวจตระเวนชายแดนภาค 3","กองกำกับการตำรวจตระเวนชายแดนที่ 33","SCH_G3_0079","2012-04-20","20/04/2555","0","0","0","0","0","0","0","0","0","0","0","0","0","0","0","0","0","0","0","0","0","0","0","0","0","0","0","0","0","0","0","0","0","0","0","0","0","0","0","0","0","0","0","0","0","0","0","0","0","0","0","0","0","0","0","0","0","0","0","0","0","0","0","0","0","0","0","0","0","0","0","0","0","0","0","0","A","ผ่าน"
"935","สำนักงานตำรวจแห่งชาติ","กองบัญชาการตำรวจตระเวนชายแดน","กองบังคับการตำรวจตระเวนชายแดนภาค 3","กองกำกับการตำรวจตระเวนชายแดนที่ 33","SCH_G3_0081","2015-05-18","18/05/2558","0","0","0","0","0","0","0","0","0","0","0","0","0","0","0","0","0","0","0","0","0","0","0","0","0","0","0","0","0","0","0","0","0","0","0","0","0","0","0","0","0","0","0","0","0","0","0","0","0","0","0","0","0","0","0","0","0","0","0","0","0","0","0","0","0","0","0","0","0","0","0","0","0","0","0","0","A","ผ่าน"
"936","สำนักงานตำรวจแห่งชาติ","กองบัญชาการตำรวจตระเวนชายแดน","","","SCH_G3_0082","","","0","0","0","0","0","0","0","0","0","0","0","0","0","0","0","0","0","0","0","0","0","0","0","0","0","0","0","0","0","0","0","0","0","0","0","0","0","0","0","0","0","0","0","0","0","0","0","0","0","0","0","0","0","0","0","0","0","0","0","0","0","0","0","0","0","0","0","0","0","0","0","0","0","0","0","0","A","ผ่าน"
"937","สำนักงานตำรวจแห่งชาติ","กองบัญชาการตำรวจตระเวนชายแดน","กองบังคับการตำรวจตระเวนชายแดนภาค 3","กองกำกับการตำรวจตระเวนชายแดนที่ 33","SCH_G3_0083","1965-06-01","01/06/2508","1","1","1","1","1","1","1","1","1","1","1","1","1","1","1","1","1","1","1","1","1","1","1","1","1","1","1","1","1","1","1","1","1","1","1","1","1","1","1","1","1","1","0","0","0","0","0","0","0","0","0","0","0","0","0","0","0","0","0","0","0","0","0","0","0","0","0","0","0","0","0","0","0","0","0","42","D","ไม่ผ่าน"
"938","สำนักงานตำรวจแห่งชาติ","กองบัญชาการตำรวจตระเวนชายแดน","กองบังคับการตำรวจตระเวนชายแดนภาค 3","กองกำกับการตำรวจตระเวนชายแดนที่ 31","SCH_G3_0085","1958-05-01","01/05/2501","0","0","0","0","0","0","0","0","0","0","0","0","0","0","0","0","0","0","0","0","0","0","0","0","0","0","0","0","0","0","0","0","0","0","0","0","0","0","0","0","0","0","0","0","0","0","0","0","0","0","0","0","0","0","0","0","0","0","0","0","0","0","0","0","0","0","0","0","0","0","0","0","0","0","0","0","A","ผ่าน"
"939","สำนักงานตำรวจแห่งชาติ","กองบัญชาการตำรวจตระเวนชายแดน","กองบังคับการตำรวจตระเวนชายแดนภาค 3","กองกำกับการตำรวจตระเวนชายแดนที่ 31","SCH_G3_0086","1986-08-01","01/08/2529","0","0","0","0","0","0","0","0","0","0","0","0","0","0","0","0","0","0","0","0","0","0","0","0","0","0","0","0","0","0","0","0","0","0","0","0","0","0","0","0","0","0","0","0","0","0","0","0","0","0","0","0","0","0","0","0","0","0","0","0","0","0","0","0","0","0","0","0","0","0","0","0","0","0","0","0","A","ผ่าน"
"940","สำนักงานตำรวจแห่งชาติ","กองบัญชาการตำรวจตระเวนชายแดน","กองบังคับการตำรวจตระเวนชายแดนภาค 3","กองกำกับการตำรวจตระเวนชายแดนที่ 32","SCH_G3_0087","2020-01-24","24/01/2563","0","0","0","0","0","0","0","0","0","0","0","0","0","0","0","0","0","0","0","0","0","0","0","0","0","0","0","0","0","0","0","0","0","0","0","0","0","0","0","0","0","0","0","0","0","0","0","0","0","0","0","0","0","0","0","0","0","0","0","0","0","0","0","0","0","0","0","0","0","0","0","0","0","0","0","0","A","ผ่าน"
"941","สำนักงานตำรวจแห่งชาติ","กองบัญชาการตำรวจตระเวนชายแดน","กองบังคับการตำรวจตระเวนชายแดนภาค 3","กองกำกับการตำรวจตระเวนชายแดนที่ 32","SCH_G3_0088","1995-01-26","26/01/2538","0","0","0","0","0","1","0","0","0","0","0","0","0","0","0","0","0","0","0","0","0","0","0","0","0","0","0","0","0","0","0","0","0","0","0","0","0","0","0","0","0","0","0","0","0","0","0","0","0","0","0","0","0","0","0","0","0","0","0","0","0","0","0","0","0","0","0","0","0","0","0","0","0","0","0","1","B","ผ่าน"
"942","สำนักงานตำรวจแห่งชาติ","กองบัญชาการตำรวจตระเวนชายแดน","กองบังคับการตำรวจตระเวนชายแดนภาค 3","กองกำกับการตำรวจตระเวนชายแดนที่ 32","SCH_G3_0089","","","0","0","0","0","0","0","0","0","0","0","0","0","0","0","0","0","0","0","0","0","0","0","0","0","0","0","0","0","0","0","0","0","0","0","0","0","0","0","0","0","0","0","0","0","0","0","0","0","0","0","0","0","0","0","0","0","0","0","0","0","0","0","0","0","0","0","0","0","0","0","0","0","0","0","0","0","A","ผ่าน"
"943","สำนักงานตำรวจแห่งชาติ","กองบัญชาการตำรวจตระเวนชายแดน","กองบังคับการตำรวจตระเวนชายแดนภาค 3","กองกำกับการตำรวจตระเวนชายแดนที่ 32","SCH_G3_0090","2018-02-10","10/02/2561","0","0","0","0","0","0","0","0","0","1","1","1","0","0","0","0","0","0","0","1","0","0","0","0","0","0","0","0","0","0","0","0","0","0","0","0","0","0","0","0","0","0","0","0","0","0","0","0","0","0","0","0","0","0","0","0","0","0","0","0","0","0","0","0","0","0","0","0","0","0","0","0","0","0","0","4","B","ผ่าน"
"944","สำนักงานตำรวจแห่งชาติ","กองบัญชาการตำรวจตระเวนชายแดน","กองบังคับการตำรวจตระเวนชายแดนภาค 3","กองกำกับการตำรวจตระเวนชายแดนที่ 32","SCH_G3_0091","1985-01-12","12/01/2528","0","0","0","0","0","0","0","0","0","0","0","0","0","0","0","0","0","0","0","0","0","0","0","0","0","0","0","0","0","0","0","0","0","0","0","0","0","0","0","0","0","0","0","0","0","0","0","0","0","0","0","0","0","0","0","0","0","0","0","0","0","0","0","0","0","0","0","0","0","0","0","0","0","0","0","0","A","ผ่าน"
"945","สำนักงานตำรวจแห่งชาติ","กองบัญชาการตำรวจตระเวนชายแดน","กองบังคับการตำรวจตระเวนชายแดนภาค 3","กองกำกับการตำรวจตระเวนชายแดนที่ 32","SCH_G3_0093","2021-06-14","14/06/2564","0","0","0","0","0","1","0","0","0","0","0","0","0","0","0","0","0","0","0","0","0","0","0","0","0","0","0","0","0","0","0","0","0","0","0","0","0","0","0","0","0","0","0","0","0","0","0","0","0","0","0","0","0","0","0","1","0","0","0","0","0","0","0","0","0","0","0","0","0","0","0","0","0","0","0","2","B","ผ่าน"
"946","สำนักงานตำรวจแห่งชาติ","กองบัญชาการตำรวจตระเวนชายแดน","กองบังคับการตำรวจตระเวนชายแดนภาค 3","กองกำกับการตำรวจตระเวนชายแดนที่ 32","SCH_G3_0094","2025-02-17","17/02/2568","0","0","0","0","0","0","0","0","0","0","0","0","0","0","0","0","0","0","0","0","0","0","0","0","0","0","0","0","0","0","0","0","0","0","0","0","0","0","0","0","0","0","0","0","0","0","0","0","0","0","0","0","0","0","0","0","0","0","0","0","0","0","0","0","0","0","0","0","0","0","0","0","0","0","0","0","A","ผ่าน"
"947","สำนักงานตำรวจแห่งชาติ","กองบัญชาการตำรวจตระเวนชายแดน","กองบังคับการตำรวจตระเวนชายแดนภาค 3","กองกำกับการตำรวจตระเวนชายแดนที่ 32","SCH_G3_0095","1965-05-08","08/05/2508","0","0","0","0","0","0","0","0","0","0","0","0","0","0","0","0","0","0","0","0","0","0","0","0","0","0","0","0","0","0","0","0","0","0","0","0","0","0","0","0","0","0","0","0","0","0","0","0","0","0","0","0","0","0","0","0","0","0","0","0","0","0","0","0","0","0","0","0","0","0","0","0","0","0","0","0","A","ผ่าน"
"948","สำนักงานตำรวจแห่งชาติ","กองบัญชาการตำรวจตระเวนชายแดน","กองบังคับการตำรวจตระเวนชายแดนภาค 3","กองกำกับการตำรวจตระเวนชายแดนที่ 32","SCH_G3_0096","1960-10-01","01/10/2503","0","0","0","0","0","0","0","0","0","0","0","0","0","0","0","0","0","0","0","0","0","0","0","0","0","0","0","0","0","0","0","0","0","0","0","0","0","0","0","0","0","0","0","0","0","0","0","0","0","0","0","0","0","0","0","0","0","0","0","0","0","0","0","0","0","0","0","0","0","0","0","0","0","0","0","0","A","ผ่าน"
"949","สำนักงานตำรวจแห่งชาติ","กองบัญชาการตำรวจตระเวนชายแดน","กองบังคับการตำรวจตระเวนชายแดนภาค 3","กองกำกับการตำรวจตระเวนชายแดนที่ 32","SCH_G3_0098","1974-01-09","09/01/2517","0","0","0","0","0","0","0","0","0","0","0","0","0","0","0","0","0","0","0","0","0","0","0","0","0","0","0","0","0","0","0","0","0","0","0","0","0","0","0","0","0","0","0","0","0","0","0","0","0","0","0","0","0","0","0","0","0","0","0","0","0","0","0","0","0","0","0","0","0","0","0","0","0","0","0","0","A","ผ่าน"
"950","สำนักงานตำรวจแห่งชาติ","กองบัญชาการตำรวจตระเวนชายแดน","กองบังคับการตำรวจตระเวนชายแดนภาค 3","กองกำกับการตำรวจตระเวนชายแดนที่ 32","SCH_G3_0099","2014-05-16","16/05/2557","0","0","0","0","0","0","0","0","0","0","0","0","0","0","0","0","0","0","0","0","0","0","0","0","0","0","0","0","0","0","0","0","0","0","0","0","0","0","0","0","0","0","0","0","0","0","0","0","0","0","0","0","0","0","0","0","0","0","0","0","0","0","0","0","0","0","0","0","0","0","0","0","0","0","0","0","A","ผ่าน"
"951","สำนักงานตำรวจแห่งชาติ","กองบัญชาการตำรวจตระเวนชายแดน","กองบังคับการตำรวจตระเวนชายแดนภาค 3","กองกำกับการตำรวจตระเวนชายแดนที่ 32","SCH_G3_0100","2021-07-28","28/07/2564","0","0","0","0","0","0","0","0","0","0","0","0","0","0","0","0","0","0","0","0","0","0","0","0","0","0","0","0","0","0","0","0","0","0","0","0","0","0","0","0","0","0","0","0","0","0","0","0","0","0","0","0","0","0","0","0","0","0","0","0","0","0","0","0","0","0","0","0","0","0","0","0","0","0","0","0","A","ผ่าน"
"952","สำนักงานตำรวจแห่งชาติ","กองบัญชาการตำรวจตระเวนชายแดน","กองบังคับการตำรวจตระเวนชายแดนภาค 3","กองกำกับการตำรวจตระเวนชายแดนที่ 32","SCH_G3_0101","1965-01-01","01/01/2508","0","0","0","0","0","0","0","0","0","0","0","0","0","0","0","0","0","0","0","0","0","0","0","0","0","0","0","0","0","0","0","0","0","0","0","0","0","0","0","0","0","0","0","0","0","0","0","0","0","0","0","0","0","0","0","0","0","0","0","0","0","0","0","0","0","0","0","0","0","0","0","0","0","0","0","0","A","ผ่าน"
"953","สำนักงานตำรวจแห่งชาติ","กองบัญชาการตำรวจตระเวนชายแดน","กองบังคับการตำรวจตระเวนชายแดนภาค 3","กองกำกับการตำรวจตระเวนชายแดนที่ 32","SCH_G3_0103","2023-05-17","17/05/2566","0","0","0","0","0","0","0","0","0","0","0","0","0","0","0","0","0","0","0","0","0","0","0","0","0","0","0","0","0","0","0","0","0","0","0","0","0","0","0","0","0","0","0","0","0","0","0","0","0","0","0","0","0","0","0","0","0","0","0","0","0","0","0","0","0","0","0","0","0","0","0","0","0","0","0","0","A","ผ่าน"
"954","สำนักงานตำรวจแห่งชาติ","กองบัญชาการตำรวจตระเวนชายแดน","กองบังคับการตำรวจตระเวนชายแดนภาค 3","กองกำกับการตำรวจตระเวนชายแดนที่ 33","SCH_G3_0104","2015-05-16","16/05/2558","0","0","0","0","0","0","0","0","0","0","0","0","0","0","0","0","0","0","0","0","0","0","0","0","0","0","0","0","0","0","0","0","0","0","0","0","0","0","0","0","0","0","0","0","0","0","0","0","0","0","0","0","0","0","0","0","0","0","0","0","0","0","0","0","0","0","0","0","0","0","0","0","0","0","0","0","A","ผ่าน"
"955","สำนักงานตำรวจแห่งชาติ","กองบัญชาการตำรวจตระเวนชายแดน","กองบังคับการตำรวจตระเวนชายแดนภาค 3","กองกำกับการตำรวจตระเวนชายแดนที่ 33","SCH_G3_0105","2016-11-24","24/11/2559","0","0","0","0","0","1","0","0","0","0","0","0","0","0","0","0","0","0","0","0","0","0","0","0","0","0","0","1","1","1","1","0","0","0","0","0","0","1","0","0","0","0","0","0","0","0","0","0","0","0","0","0","0","0","0","0","0","0","0","0","0","0","0","0","0","0","0","0","0","0","0","0","0","0","0","6","B","ผ่าน"
"956","สำนักงานตำรวจแห่งชาติ","กองบัญชาการตำรวจตระเวนชายแดน","กองบังคับการตำรวจตระเวนชายแดนภาค 3","กองกำกับการตำรวจตระเวนชายแดนที่ 33","SCH_G3_0106","2016-05-16","16/05/2559","0","0","0","0","0","0","0","0","0","0","0","0","0","0","0","0","0","0","0","0","0","0","0","0","0","0","0","0","0","0","0","0","0","0","0","0","0","0","0","0","0","0","0","0","0","0","0","0","0","0","0","0","0","0","0","0","0","0","0","0","0","0","0","0","0","0","0","0","0","0","0","0","0","0","0","0","A","ผ่าน"
"957","สำนักงานตำรวจแห่งชาติ","กองบัญชาการตำรวจตระเวนชายแดน","กองบังคับการตำรวจตระเวนชายแดนภาค 3","กองกำกับการตำรวจตระเวนชายแดนที่ 33","SCH_G3_0107","2008-05-15","15/05/2551","0","0","0","0","0","0","0","0","0","0","0","0","0","0","0","0","0","0","0","0","0","0","0","0","0","0","0","0","0","0","0","0","0","0","0","0","0","0","0","0","0","0","0","0","0","0","0","0","0","0","0","0","0","0","0","0","0","0","0","0","0","0","0","0","0","0","0","0","0","0","0","0","0","0","0","0","A","ผ่าน"
"958","สำนักงานตำรวจแห่งชาติ","กองบัญชาการตำรวจตระเวนชายแดน","กองบังคับการตำรวจตระเวนชายแดนภาค 3","กองกำกับการตำรวจตระเวนชายแดนที่ 33","SCH_G3_0108","2022-05-17","17/05/2565","0","0","0","0","0","0","0","0","0","0","0","0","0","0","0","0","0","0","0","0","1","0","0","0","0","0","0","0","0","0","0","0","0","0","0","0","0","0","0","0","0","0","0","0","0","0","0","0","0","0","0","0","0","0","0","0","0","0","0","0","0","0","0","0","0","0","0","0","0","0","0","0","0","0","0","1","B","ผ่าน"
"959","สำนักงานตำรวจแห่งชาติ","กองบัญชาการตำรวจตระเวนชายแดน","กองบังคับการตำรวจตระเวนชายแดนภาค 3","กองกำกับการตำรวจตระเวนชายแดนที่ 33","SCH_G3_0109","2026-05-16","16/05/2569","0","0","0","0","0","0","0","0","0","0","0","0","0","0","0","0","0","0","0","0","0","0","0","0","0","0","0","0","0","0","0","0","0","0","0","0","0","0","0","0","0","0","0","0","0","0","0","0","0","0","0","0","0","0","0","0","0","0","0","0","0","0","0","0","0","0","0","0","0","0","0","0","0","0","0","0","A","ผ่าน"
"960","สำนักงานตำรวจแห่งชาติ","กองบัญชาการตำรวจตระเวนชายแดน","กองบังคับการตำรวจตระเวนชายแดนภาค 3","กองกำกับการตำรวจตระเวนชายแดนที่ 33","SCH_G3_0110","2021-07-30","30/07/2564","0","0","0","0","0","1","0","0","0","0","0","0","0","0","0","0","0","0","0","0","0","0","0","0","0","0","0","0","0","0","0","0","0","0","0","0","0","0","0","0","0","0","0","0","0","0","0","0","0","0","0","0","0","0","0","0","0","0","0","0","0","0","0","0","0","0","0","0","0","0","0","0","0","0","0","1","B","ผ่าน"
"961","สำนักงานตำรวจแห่งชาติ","กองบัญชาการตำรวจตระเวนชายแดน","กองบังคับการตำรวจตระเวนชายแดนภาค 3","กองกำกับการตำรวจตระเวนชายแดนที่ 33","SCH_G3_0112","2021-07-30","30/07/2564","0","0","0","0","0","0","0","0","0","0","0","0","0","0","1","0","0","0","0","0","0","0","0","0","0","1","0","0","0","0","0","0","0","0","0","0","0","0","0","0","0","0","0","0","0","0","0","0","0","0","0","0","0","0","0","1","0","0","0","0","0","0","0","1","1","0","0","0","0","0","0","0","0","0","0","5","B","ผ่าน"
"962","สำนักงานตำรวจแห่งชาติ","กองบัญชาการตำรวจตระเวนชายแดน","กองบังคับการตำรวจตระเวนชายแดนภาค 3","กองกำกับการตำรวจตระเวนชายแดนที่ 33","SCH_G3_0113","","","0","0","0","0","0","1","0","0","0","0","0","0","0","0","0","0","0","0","0","0","0","0","0","0","0","0","0","0","0","0","0","0","0","0","0","0","0","0","0","0","0","0","0","0","0","0","0","0","0","0","0","0","0","0","0","0","0","0","0","0","0","0","0","0","0","0","0","0","0","0","0","0","0","0","0","1","B","ผ่าน"
"963","สำนักงานตำรวจแห่งชาติ","กองบัญชาการตำรวจตระเวนชายแดน","กองบังคับการตำรวจตระเวนชายแดนภาค 3","กองกำกับการตำรวจตระเวนชายแดนที่ 33","SCH_G3_0114","","","0","0","0","0","0","0","0","0","0","0","0","0","0","0","0","0","0","0","0","0","0","0","0","0","0","0","0","0","0","0","0","0","0","0","0","0","0","0","0","0","0","0","0","0","0","0","0","0","0","0","0","0","0","0","0","0","0","0","0","0","0","0","0","0","0","0","0","0","0","0","0","0","0","0","0","0","A","ผ่าน"
"964","สำนักงานตำรวจแห่งชาติ","กองบัญชาการตำรวจตระเวนชายแดน","กองบังคับการตำรวจตระเวนชายแดนภาค 3","กองกำกับการตำรวจตระเวนชายแดนที่ 33","SCH_G3_0115","1991-04-04","04/04/2534","0","0","0","0","0","0","0","0","0","0","0","0","0","0","0","0","0","0","0","0","0","0","0","0","0","0","0","0","0","0","0","0","0","0","0","0","0","0","0","0","0","0","0","0","0","0","0","0","0","0","0","0","0","0","0","0","0","0","0","0","0","0","0","0","0","0","0","0","0","0","0","0","0","0","0","0","A","ผ่าน"
"965","สำนักงานตำรวจแห่งชาติ","กองบัญชาการตำรวจตระเวนชายแดน","กองบังคับการตำรวจตระเวนชายแดนภาค 3","กองกำกับการตำรวจตระเวนชายแดนที่ 33","SCH_G3_0117","2016-05-01","01/05/2559","0","0","0","0","0","0","0","0","0","0","0","0","0","0","0","0","0","0","0","0","0","0","0","0","0","0","0","0","0","0","0","0","0","0","0","0","0","0","0","0","0","0","0","0","0","0","0","0","0","0","0","0","0","0","0","0","0","0","0","0","0","0","0","0","0","0","0","0","0","0","0","0","0","0","0","0","A","ผ่าน"
"966","สำนักงานตำรวจแห่งชาติ","กองบัญชาการตำรวจตระเวนชายแดน","กองบังคับการตำรวจตระเวนชายแดนภาค 3","กองกำกับการตำรวจตระเวนชายแดนที่ 34","SCH_G3_0120","2002-02-07","07/02/2545","0","0","0","0","0","1","0","0","0","0","0","0","0","0","0","0","0","0","0","0","0","0","0","0","0","0","0","0","0","0","0","0","0","0","0","0","0","0","0","0","0","0","0","0","0","0","0","0","0","0","0","0","0","0","0","1","0","0","0","0","0","0","0","0","0","0","0","0","0","0","0","0","0","0","0","2","B","ผ่าน"
"967","สำนักงานตำรวจแห่งชาติ","กองบัญชาการตำรวจตระเวนชายแดน","กองบังคับการตำรวจตระเวนชายแดนภาค 3","กองกำกับการตำรวจตระเวนชายแดนที่ 34","SCH_G3_0121","2002-05-16","16/05/2545","0","0","0","0","0","0","0","0","0","0","0","0","0","0","0","0","0","0","0","0","0","0","0","0","0","0","0","0","0","0","0","0","0","0","0","0","0","0","0","0","0","0","0","0","0","0","0","0","0","0","0","0","0","0","0","0","0","0","0","0","0","0","0","0","0","0","0","0","0","0","0","0","0","0","0","0","A","ผ่าน"
"968","สำนักงานตำรวจแห่งชาติ","กองบัญชาการตำรวจตระเวนชายแดน","กองบังคับการตำรวจตระเวนชายแดนภาค 3","กองกำกับการตำรวจตระเวนชายแดนที่ 34","SCH_G3_0122","2003-05-16","16/05/2546","0","0","0","0","0","0","0","0","0","0","0","0","0","0","0","0","0","0","0","0","1","0","0","0","0","0","0","0","0","0","0","0","0","0","0","0","0","0","0","0","0","0","0","0","0","0","0","0","0","0","0","0","0","0","0","0","0","0","0","0","0","0","0","0","0","0","0","0","0","0","0","0","0","0","0","1","B","ผ่าน"
"969","สำนักงานตำรวจแห่งชาติ","กองบัญชาการตำรวจตระเวนชายแดน","กองบังคับการตำรวจตระเวนชายแดนภาค 3","กองกำกับการตำรวจตระเวนชายแดนที่ 34","SCH_G3_0123","2003-05-16","16/05/2546","0","0","0","0","0","0","0","0","0","0","0","0","0","0","0","0","0","0","0","0","0","0","0","0","0","0","0","0","0","0","0","0","0","0","0","0","0","0","0","0","0","0","0","0","0","0","0","0","0","0","0","0","0","0","0","0","0","0","0","0","0","0","0","0","0","0","0","0","0","0","0","0","0","0","0","0","A","ผ่าน"
"970","สำนักงานตำรวจแห่งชาติ","กองบัญชาการตำรวจตระเวนชายแดน","กองบังคับการตำรวจตระเวนชายแดนภาค 3","กองกำกับการตำรวจตระเวนชายแดนที่ 34","SCH_G3_0124","2017-05-16","16/05/2560","0","0","0","0","0","0","0","0","0","0","0","0","0","0","0","0","0","0","0","0","0","0","0","0","0","0","0","0","0","0","0","0","0","0","0","0","0","0","0","0","0","0","0","0","0","0","0","0","0","0","0","0","0","0","0","0","0","0","0","0","0","0","0","0","0","0","0","0","0","0","0","0","0","0","0","0","A","ผ่าน"
"971","สำนักงานตำรวจแห่งชาติ","กองบัญชาการตำรวจตระเวนชายแดน","กองบังคับการตำรวจตระเวนชายแดนภาค 3","กองกำกับการตำรวจตระเวนชายแดนที่ 34","SCH_G3_0125","2021-06-14","14/06/2564","0","0","0","0","0","0","0","0","0","0","0","0","0","0","0","0","0","0","0","0","0","0","0","0","0","0","0","0","0","0","0","0","0","0","0","0","0","0","0","0","0","0","0","0","0","0","0","0","0","0","0","0","0","0","0","0","0","0","0","0","0","0","0","0","0","0","0","0","0","0","0","0","0","0","0","0","A","ผ่าน"
"972","สำนักงานตำรวจแห่งชาติ","กองบัญชาการตำรวจตระเวนชายแดน","กองบังคับการตำรวจตระเวนชายแดนภาค 3","กองกำกับการตำรวจตระเวนชายแดนที่ 34","SCH_G3_0126","1972-09-07","07/09/2515","0","0","0","0","0","0","0","0","0","0","0","0","0","0","0","0","0","0","0","0","0","0","0","0","0","0","0","0","0","0","0","0","0","0","0","0","0","0","0","0","0","0","0","0","0","0","0","0","0","0","0","0","0","0","0","0","0","0","0","0","0","0","0","0","0","0","0","0","0","0","0","0","0","0","0","0","A","ผ่าน"
"973","สำนักงานตำรวจแห่งชาติ","กองบัญชาการตำรวจตระเวนชายแดน","กองบังคับการตำรวจตระเวนชายแดนภาค 3","กองกำกับการตำรวจตระเวนชายแดนที่ 34","SCH_G3_0128","1983-05-16","16/05/2526","0","0","0","0","0","0","0","0","0","0","0","0","0","0","0","0","0","0","0","0","0","0","0","0","0","0","0","0","0","0","0","0","0","0","0","0","0","0","0","0","0","0","0","0","0","0","0","0","0","0","0","0","0","0","0","0","0","0","0","0","0","0","0","0","0","0","0","0","0","0","0","0","0","0","0","0","A","ผ่าน"
"974","สำนักงานตำรวจแห่งชาติ","กองบัญชาการตำรวจตระเวนชายแดน","กองบังคับการตำรวจตระเวนชายแดนภาค 3","กองกำกับการตำรวจตระเวนชายแดนที่ 34","SCH_G3_0131","2002-05-16","16/05/2545","0","0","0","0","0","0","0","0","0","0","0","0","0","0","0","0","0","0","0","0","0","0","0","0","0","0","0","0","0","0","0","0","0","0","0","0","0","0","0","0","0","0","0","0","0","0","0","0","0","0","0","0","0","0","0","0","0","0","0","0","0","0","0","0","0","0","0","0","0","0","0","0","0","0","0","0","A","ผ่าน"
"975","สำนักงานตำรวจแห่งชาติ","กองบัญชาการตำรวจตระเวนชายแดน","กองบังคับการตำรวจตระเวนชายแดนภาค 3","กองกำกับการตำรวจตระเวนชายแดนที่ 34","SCH_G3_0132","2023-02-08","08/02/2566","0","0","0","0","0","0","0","0","0","0","0","0","0","0","0","0","0","0","0","0","0","0","0","0","0","0","0","0","0","0","0","0","0","0","0","0","0","0","0","0","0","0","0","0","0","0","0","0","0","0","0","0","0","0","0","0","0","0","0","0","0","0","0","0","0","0","0","0","0","0","0","0","0","0","0","0","A","ผ่าน"
"976","สำนักงานตำรวจแห่งชาติ","กองบัญชาการตำรวจตระเวนชายแดน","กองบังคับการตำรวจตระเวนชายแดนภาค 3","กองกำกับการตำรวจตระเวนชายแดนที่ 34","SCH_G3_0134","2002-05-16","16/05/2545","0","0","0","0","0","0","0","0","0","0","0","0","0","0","0","0","0","0","0","0","0","0","0","0","0","0","0","0","0","0","0","0","0","0","0","0","0","0","0","0","0","0","0","0","0","0","0","0","0","0","0","0","0","0","0","0","0","0","0","0","0","0","0","0","0","0","0","0","0","0","0","0","0","0","0","0","A","ผ่าน"
"977","สำนักงานตำรวจแห่งชาติ","กองบัญชาการตำรวจตระเวนชายแดน","กองบังคับการตำรวจตระเวนชายแดนภาค 3","กองกำกับการตำรวจตระเวนชายแดนที่ 34","SCH_G3_0135","2004-01-30","30/01/2547","0","0","0","0","0","0","0","0","0","0","0","0","0","0","0","0","0","0","0","0","0","0","0","0","0","0","0","0","0","0","0","0","0","0","0","0","0","0","0","0","0","0","0","0","0","0","0","0","0","0","0","0","0","0","0","0","0","0","0","0","0","0","0","0","0","0","0","0","0","0","0","0","0","0","0","0","A","ผ่าน"
"978","สำนักงานตำรวจแห่งชาติ","กองบัญชาการตำรวจตระเวนชายแดน","กองบังคับการตำรวจตระเวนชายแดนภาค 3","กองกำกับการตำรวจตระเวนชายแดนที่ 34","SCH_G3_0136","1998-05-01","01/05/2541","0","0","0","0","0","0","0","0","0","0","0","0","0","0","0","0","0","0","0","0","1","0","0","0","0","0","0","0","0","0","0","0","0","0","0","0","0","0","0","0","0","0","0","0","0","0","0","0","0","0","0","0","0","0","0","0","0","0","0","0","0","0","0","0","0","0","0","0","0","0","0","0","0","0","0","1","B","ผ่าน"
"979","สำนักงานตำรวจแห่งชาติ","กองบัญชาการตำรวจตระเวนชายแดน","กองบังคับการตำรวจตระเวนชายแดนภาค 3","กองกำกับการตำรวจตระเวนชายแดนที่ 34","SCH_G3_0137","2014-05-16","16/05/2557","0","0","0","0","0","0","0","0","0","0","0","0","0","0","0","0","0","0","0","0","0","0","0","0","0","0","0","0","0","0","0","0","0","0","0","0","0","0","0","0","0","0","0","0","0","0","0","0","0","0","0","0","0","0","0","0","0","0","0","0","0","0","0","0","0","0","0","0","0","0","0","0","0","0","0","0","A","ผ่าน"
"980","สำนักงานตำรวจแห่งชาติ","กองบัญชาการตำรวจตระเวนชายแดน","กองบังคับการตำรวจตระเวนชายแดนภาค 3","กองกำกับการตำรวจตระเวนชายแดนที่ 34","SCH_G3_0140","1996-07-19","19/07/2539","0","0","0","0","0","1","0","0","0","0","0","0","0","0","0","0","0","0","0","0","0","0","0","0","0","0","0","0","0","0","0","0","0","0","0","0","0","0","0","0","0","0","0","0","0","0","0","0","0","0","0","0","0","0","1","0","0","0","0","0","0","0","0","0","0","0","0","0","0","0","1","0","0","0","0","3","B","ผ่าน"
"981","สำนักงานตำรวจแห่งชาติ","กองบัญชาการตำรวจตระเวนชายแดน","กองบังคับการตำรวจตระเวนชายแดนภาค 3","กองกำกับการตำรวจตระเวนชายแดนที่ 34","SCH_G3_0141","2013-04-13","13/04/2556","0","0","0","0","0","0","0","0","0","0","0","0","0","0","0","0","0","0","0","0","0","0","0","0","0","0","0","0","0","0","0","0","0","0","0","0","0","0","0","0","0","0","0","0","0","0","0","0","0","0","0","0","0","0","0","0","0","0","0","0","0","0","0","0","0","0","0","0","0","0","0","0","0","0","0","0","A","ผ่าน"
"982","สำนักงานตำรวจแห่งชาติ","กองบัญชาการตำรวจตระเวนชายแดน","กองบังคับการตำรวจตระเวนชายแดนภาค 3","กองกำกับการตำรวจตระเวนชายแดนที่ 31","SCH_G3_0143","1979-08-18","18/08/2522","0","0","0","0","0","0","0","0","0","0","0","0","0","0","0","0","0","0","0","0","0","0","0","0","0","0","0","0","0","0","0","0","0","0","0","0","0","0","0","0","0","0","0","0","0","0","0","0","0","0","0","0","0","0","0","0","0","0","0","0","0","0","0","0","0","0","0","0","0","0","0","0","0","0","0","0","A","ผ่าน"
"983","สำนักงานตำรวจแห่งชาติ","กองบัญชาการตำรวจตระเวนชายแดน","กองบังคับการตำรวจตระเวนชายแดนภาค 3","กองกำกับการตำรวจตระเวนชายแดนที่ 31","SCH_G3_0144","1973-07-22","22/07/2516","0","0","0","0","0","0","0","0","0","0","0","0","0","0","0","0","0","0","0","0","0","0","0","0","0","0","0","0","0","0","0","0","0","0","0","0","0","0","0","0","0","0","0","0","0","0","0","0","0","0","0","0","0","0","0","0","0","0","0","0","0","0","0","0","0","0","0","0","0","0","0","0","0","0","0","0","A","ผ่าน"
"984","สำนักงานตำรวจแห่งชาติ","กองบัญชาการตำรวจตระเวนชายแดน","กองบังคับการตำรวจตระเวนชายแดนภาค 3","กองกำกับการตำรวจตระเวนชายแดนที่ 31","SCH_G3_0145","1991-07-23","23/07/2534","0","0","0","0","0","0","0","0","0","0","0","0","0","0","0","0","0","0","0","0","0","0","0","0","0","0","0","0","0","0","0","0","0","0","0","0","0","0","0","0","0","0","0","0","0","0","0","0","0","0","0","0","0","0","0","0","0","0","0","0","0","0","0","0","0","0","0","0","0","0","0","0","0","0","0","0","A","ผ่าน"
"985","สำนักงานตำรวจแห่งชาติ","กองบัญชาการตำรวจตระเวนชายแดน","กองบังคับการตำรวจตระเวนชายแดนภาค 3","กองกำกับการตำรวจตระเวนชายแดนที่ 31","SCH_G3_0146","1993-07-15","15/07/2536","0","0","0","0","0","0","0","0","0","1","0","0","0","0","0","0","0","0","0","0","0","0","0","0","0","0","0","0","0","0","0","0","0","0","0","0","0","0","0","0","0","0","0","0","0","0","0","0","0","0","0","0","0","0","0","0","0","0","0","0","0","0","0","0","0","0","0","0","0","0","0","0","0","0","0","1","B","ผ่าน"
"986","สำนักงานตำรวจแห่งชาติ","กองบัญชาการตำรวจตระเวนชายแดน","กองบังคับการตำรวจตระเวนชายแดนภาค 3","กองกำกับการตำรวจตระเวนชายแดนที่ 31","SCH_G3_0147","2021-07-14","14/07/2564","0","0","0","0","0","0","0","0","0","0","0","0","0","0","0","0","0","0","0","0","0","0","0","0","0","0","0","0","0","0","0","0","0","0","0","0","0","0","0","0","0","0","0","0","0","0","0","0","0","0","0","0","0","0","0","0","0","0","0","0","0","0","0","0","0","0","0","0","0","0","0","0","0","0","0","0","A","ผ่าน"
"987","สำนักงานตำรวจแห่งชาติ","กองบัญชาการตำรวจตระเวนชายแดน","กองบังคับการตำรวจตระเวนชายแดนภาค 1","กองกำกับการตำรวจตระเวนชายแดนที่ 13","SCH_G3_0148","2020-07-01","01/07/2563","0","0","0","0","0","0","0","0","0","0","0","0","0","0","0","0","0","0","0","0","0","0","0","0","0","0","0","0","0","0","0","0","0","0","0","0","0","0","0","0","0","0","0","0","0","0","0","0","0","0","0","0","0","0","0","0","0","0","0","0","0","0","0","0","0","0","0","0","0","0","0","0","0","0","0","0","A","ผ่าน"
"988","สำนักงานตำรวจแห่งชาติ","กองบัญชาการตำรวจตระเวนชายแดน","กองบังคับการตำรวจตระเวนชายแดนภาค 1","กองกำกับการตำรวจตระเวนชายแดนที่ 13","SCH_G3_0149","2021-07-12","12/07/2564","0","0","0","0","0","0","0","0","0","0","0","0","0","0","0","0","0","0","0","0","0","0","0","0","0","0","0","0","0","0","0","0","0","0","0","0","0","0","0","0","0","0","0","0","0","0","0","0","0","0","0","0","0","0","0","0","0","0","0","0","0","0","0","0","0","0","0","0","0","0","0","0","0","0","0","0","A","ผ่าน"
"989","สำนักงานตำรวจแห่งชาติ","กองบัญชาการตำรวจตระเวนชายแดน","กองบังคับการตำรวจตระเวนชายแดนภาค 1","กองกำกับการตำรวจตระเวนชายแดนที่ 13","SCH_G3_0150","2023-01-26","26/01/2566","0","0","0","0","0","0","0","0","0","0","0","0","0","0","0","0","0","0","0","0","0","0","0","0","0","0","0","0","0","0","0","0","0","0","0","0","0","0","0","0","0","0","0","0","0","0","0","0","0","0","0","0","0","0","0","0","0","0","0","0","0","0","0","0","0","0","0","0","0","0","0","0","0","0","0","0","A","ผ่าน"
"990","สำนักงานตำรวจแห่งชาติ","กองบัญชาการตำรวจตระเวนชายแดน","กองบังคับการตำรวจตระเวนชายแดนภาค 1","กองกำกับการตำรวจตระเวนชายแดนที่ 13","SCH_G3_0151","1983-05-23","23/05/2526","0","0","0","0","0","0","0","0","0","0","0","0","0","0","0","0","0","0","0","0","0","0","0","0","0","0","0","0","0","0","0","0","0","0","0","0","0","0","0","0","0","0","0","0","0","0","0","0","0","0","0","0","0","0","0","0","0","0","0","0","0","0","0","0","0","0","0","0","0","0","0","0","0","0","0","0","A","ผ่าน"
"991","สำนักงานตำรวจแห่งชาติ","กองบัญชาการตำรวจตระเวนชายแดน","กองบังคับการตำรวจตระเวนชายแดนภาค 1","กองกำกับการตำรวจตระเวนชายแดนที่ 13","SCH_G3_0152","2024-03-13","13/03/2567","0","0","0","0","0","0","0","0","0","0","0","0","0","0","0","0","0","0","0","0","0","0","0","0","0","0","0","0","0","0","0","0","0","0","0","0","0","0","0","0","0","0","0","0","0","0","0","0","0","0","0","0","0","0","0","0","0","0","0","0","0","0","0","0","0","0","0","0","0","0","0","0","0","0","0","0","A","ผ่าน"
"992","สำนักงานตำรวจแห่งชาติ","กองบัญชาการตำรวจตระเวนชายแดน","กองบังคับการตำรวจตระเวนชายแดนภาค 1","กองกำกับการตำรวจตระเวนชายแดนที่ 13","SCH_G3_0153","2021-07-06","06/07/2564","0","0","0","0","0","0","0","0","0","0","0","0","0","0","0","0","0","0","0","0","0","0","0","0","0","0","0","0","0","0","0","0","0","0","0","0","0","0","0","0","0","0","0","0","0","0","0","0","0","0","0","0","0","0","0","0","0","0","0","0","0","0","0","0","0","0","0","0","0","0","0","0","0","0","0","0","A","ผ่าน"
"993","สำนักงานตำรวจแห่งชาติ","กองบัญชาการตำรวจตระเวนชายแดน","กองบังคับการตำรวจตระเวนชายแดนภาค 1","กองกำกับการตำรวจตระเวนชายแดนที่ 13","SCH_G3_0154","2010-05-17","17/05/2553","0","0","0","0","0","1","0","0","0","0","0","0","0","0","0","0","0","0","0","0","0","0","0","0","0","0","0","0","0","0","0","0","0","0","0","0","0","0","0","0","0","0","0","0","0","0","0","0","0","0","0","0","0","0","0","0","0","0","0","0","0","0","0","0","0","0","0","0","0","0","0","0","0","0","0","1","B","ผ่าน"
"994","สำนักงานตำรวจแห่งชาติ","กองบัญชาการตำรวจตระเวนชายแดน","กองบังคับการตำรวจตระเวนชายแดนภาค 1","กองกำกับการตำรวจตระเวนชายแดนที่ 13","SCH_G3_0155","2017-05-15","15/05/2560","0","0","0","0","0","0","0","0","0","0","0","0","0","0","0","0","0","0","0","0","0","0","0","0","0","0","0","0","0","0","0","0","0","0","0","0","0","0","0","0","0","0","0","0","0","0","0","0","0","0","0","0","0","0","0","0","0","0","0","0","0","0","0","0","0","0","0","0","0","0","0","0","0","0","0","0","A","ผ่าน"
"995","สำนักงานตำรวจแห่งชาติ","กองบัญชาการตำรวจตระเวนชายแดน","กองบังคับการตำรวจตระเวนชายแดนภาค 1","กองกำกับการตำรวจตระเวนชายแดนที่ 13","SCH_G3_0156","2026-04-11","11/04/2569","0","0","0","0","0","0","0","0","0","0","0","0","0","0","0","0","0","0","0","0","0","0","0","0","0","0","0","0","0","0","0","0","0","0","0","0","0","0","0","0","0","0","0","0","0","0","0","0","0","0","0","0","0","0","0","0","0","0","0","0","0","0","0","0","0","0","0","0","0","0","0","0","0","0","0","0","A","ผ่าน"
"996","สำนักงานตำรวจแห่งชาติ","กองบัญชาการตำรวจตระเวนชายแดน","กองบังคับการตำรวจตระเวนชายแดนภาค 1","กองกำกับการตำรวจตระเวนชายแดนที่ 13","SCH_G3_0157","","","0","0","0","0","0","0","0","0","0","0","0","0","0","0","0","0","0","0","0","0","0","0","0","0","0","0","0","0","0","0","0","0","0","0","0","0","0","0","0","0","0","0","0","0","0","0","0","0","0","0","0","0","0","0","0","0","0","0","0","0","0","0","0","0","0","0","0","0","0","0","0","0","0","0","0","0","A","ผ่าน"
"997","สำนักงานตำรวจแห่งชาติ","กองบัญชาการตำรวจตระเวนชายแดน","กองบังคับการตำรวจตระเวนชายแดนภาค 1","กองกำกับการตำรวจตระเวนชายแดนที่ 13","SCH_G3_0158","2014-02-24","24/02/2557","0","0","0","0","0","0","0","0","0","0","0","0","0","0","0","0","0","0","0","0","0","0","0","0","0","0","0","0","0","0","0","0","0","0","0","0","0","0","0","0","0","0","0","0","0","0","0","0","0","0","0","0","0","0","0","0","0","0","0","0","0","0","0","0","0","0","0","0","0","0","0","0","0","0","0","0","A","ผ่าน"
"998","สำนักงานตำรวจแห่งชาติ","กองบัญชาการตำรวจตระเวนชายแดน","กองบังคับการตำรวจตระเวนชายแดนภาค 1","กองกำกับการตำรวจตระเวนชายแดนที่ 13","SCH_G3_0159","1970-08-26","26/08/2513","0","0","0","0","0","0","0","0","0","0","0","0","0","0","0","0","0","0","0","0","0","0","0","0","0","0","0","0","0","0","0","0","0","0","0","0","0","0","0","0","0","0","0","0","0","0","0","0","0","0","0","0","0","0","0","0","0","0","0","0","0","0","0","0","0","0","0","0","0","0","0","0","0","0","0","0","A","ผ่าน"
"999","สำนักงานตำรวจแห่งชาติ","กองบัญชาการตำรวจตระเวนชายแดน","กองบังคับการตำรวจตระเวนชายแดนภาค 1","กองกำกับการตำรวจตระเวนชายแดนที่ 13","SCH_G3_0160","2021-07-13","13/07/2564","0","0","0","0","0","0","0","0","0","0","0","0","0","0","0","0","0","0","0","0","0","0","0","0","0","0","0","0","0","0","0","0","0","0","0","0","0","0","0","0","0","0","0","0","0","0","0","0","0","0","0","0","0","0","0","0","0","0","0","0","0","0","0","0","0","0","0","0","0","0","0","0","0","0","0","0","A","ผ่าน"
"1000","สำนักงานตำรวจแห่งชาติ","กองบัญชาการตำรวจตระเวนชายแดน","กองบังคับการตำรวจตระเวนชายแดนภาค 1","กองกำกับการตำรวจตระเวนชายแดนที่ 13","SCH_G3_0161","2021-07-15","15/07/2564","0","0","0","0","0","0","0","0","0","0","0","0","0","0","0","0","0","0","0","0","0","0","0","0","0","0","0","0","0","0","0","0","0","0","0","0","0","0","0","0","0","0","0","0","0","0","0","0","0","0","0","0","0","0","0","0","0","0","0","0","0","0","0","0","0","0","0","0","0","0","0","0","0","0","0","0","A","ผ่าน"
"1001","สำนักงานตำรวจแห่งชาติ","กองบัญชาการตำรวจตระเวนชายแดน","กองบังคับการตำรวจตระเวนชายแดนภาค 1","กองกำกับการตำรวจตระเวนชายแดนที่ 13","SCH_G3_0162","1997-05-19","19/05/2540","0","0","0","0","0","0","0","0","0","0","0","0","0","0","0","0","0","0","0","0","0","0","0","0","0","0","0","0","0","0","0","0","0","0","0","0","0","0","0","0","0","0","0","0","0","0","0","0","0","0","0","0","0","0","0","0","0","0","0","0","0","0","0","0","0","0","0","0","0","0","0","0","0","0","0","0","A","ผ่าน"
"1002","สำนักงานตำรวจแห่งชาติ","กองบัญชาการตำรวจตระเวนชายแดน","กองบังคับการตำรวจตระเวนชายแดนภาค 1","กองกำกับการตำรวจตระเวนชายแดนที่ 13","SCH_G3_0163","","","0","0","0","0","0","0","0","0","0","0","0","0","0","0","0","0","0","0","0","0","0","0","0","0","0","0","0","0","0","0","0","0","0","0","0","0","0","0","0","0","0","0","0","0","0","0","0","0","0","0","0","0","0","0","0","0","0","0","0","0","0","0","0","0","0","0","0","0","0","0","0","0","0","0","0","0","A","ผ่าน"
"1003","สำนักงานตำรวจแห่งชาติ","กองบัญชาการตำรวจตระเวนชายแดน","กองบังคับการตำรวจตระเวนชายแดนภาค 1","กองกำกับการตำรวจตระเวนชายแดนที่ 14","SCH_G3_0164","1985-01-01","01/01/2528","0","0","0","0","0","0","0","0","0","0","0","0","0","0","0","0","0","0","0","0","0","0","0","0","0","0","0","0","0","0","0","0","0","0","0","0","0","0","0","0","0","0","0","0","0","0","0","0","0","0","0","0","0","0","0","0","0","0","0","0","0","0","0","0","0","0","0","0","0","0","0","0","0","0","0","0","A","ผ่าน"
"1004","สำนักงานตำรวจแห่งชาติ","กองบัญชาการตำรวจตระเวนชายแดน","กองบังคับการตำรวจตระเวนชายแดนภาค 1","กองกำกับการตำรวจตระเวนชายแดนที่ 14","SCH_G3_0165","2021-04-09","09/04/2564","0","0","0","0","0","1","0","0","0","0","0","0","0","0","0","0","0","0","0","0","0","0","0","0","0","0","0","0","0","0","0","0","0","0","0","0","0","0","0","0","0","0","0","0","0","0","0","0","0","0","0","0","0","0","0","0","0","0","0","0","0","0","0","0","0","0","0","0","0","0","0","0","0","0","0","1","B","ผ่าน"
"1005","สำนักงานตำรวจแห่งชาติ","กองบัญชาการตำรวจตระเวนชายแดน","กองบังคับการตำรวจตระเวนชายแดนภาค 1","กองกำกับการตำรวจตระเวนชายแดนที่ 14","SCH_G3_0166","2020-07-01","01/07/2563","0","0","0","0","0","0","0","0","0","0","0","0","0","0","0","0","0","0","0","0","0","0","0","0","0","0","0","0","0","0","0","0","0","0","0","0","0","0","0","0","0","0","0","0","0","0","0","0","0","0","0","0","0","0","0","0","0","0","0","0","0","0","0","0","0","0","0","0","0","0","0","0","0","0","0","0","A","ผ่าน"
"1006","สำนักงานตำรวจแห่งชาติ","กองบัญชาการตำรวจตระเวนชายแดน","กองบังคับการตำรวจตระเวนชายแดนภาค 1","กองกำกับการตำรวจตระเวนชายแดนที่ 14","SCH_G3_0167","1981-07-23","23/07/2524","0","0","0","0","0","0","0","0","0","0","0","0","0","0","0","0","0","0","0","0","0","0","0","0","0","0","0","0","0","0","0","0","0","0","0","0","0","0","0","0","0","0","0","0","0","0","0","0","0","0","0","0","0","0","0","0","0","0","0","0","0","0","0","0","0","0","0","0","0","0","0","0","0","0","0","0","A","ผ่าน"
"1007","สำนักงานตำรวจแห่งชาติ","กองบัญชาการตำรวจตระเวนชายแดน","กองบังคับการตำรวจตระเวนชายแดนภาค 1","กองกำกับการตำรวจตระเวนชายแดนที่ 14","SCH_G3_0168","2014-05-16","16/05/2557","0","0","0","0","0","0","0","0","0","0","0","0","0","0","0","0","0","0","0","0","0","0","0","0","0","0","0","0","0","0","0","0","0","0","0","0","0","0","0","0","0","0","0","0","0","0","0","0","0","0","0","0","0","0","0","0","0","0","0","0","0","0","0","0","0","0","0","0","0","0","0","0","0","0","0","0","A","ผ่าน"
"1008","สำนักงานตำรวจแห่งชาติ","กองบัญชาการตำรวจตระเวนชายแดน","กองบังคับการตำรวจตระเวนชายแดนภาค 1","กองกำกับการตำรวจตระเวนชายแดนที่ 14","SCH_G3_0169","1978-04-21","21/04/2521","0","0","0","0","0","1","0","0","0","0","0","0","0","0","0","0","0","0","0","0","0","0","0","0","0","0","0","0","0","0","0","0","0","0","0","0","0","0","0","0","0","0","0","0","0","0","0","0","0","0","0","0","0","0","0","0","0","0","0","0","0","0","0","0","0","0","0","0","1","0","0","0","0","0","0","2","B","ผ่าน"
"1009","สำนักงานตำรวจแห่งชาติ","กองบัญชาการตำรวจตระเวนชายแดน","กองบังคับการตำรวจตระเวนชายแดนภาค 1","กองกำกับการตำรวจตระเวนชายแดนที่ 14","SCH_G3_0170","1991-05-22","22/05/2534","0","0","0","0","0","0","0","0","0","0","0","0","0","0","0","0","0","0","0","0","0","0","0","0","0","0","0","0","0","0","0","0","0","0","0","0","0","0","0","0","0","0","0","0","0","0","0","0","0","0","0","0","0","0","0","0","0","0","0","0","0","0","0","0","0","0","0","0","0","0","0","0","0","0","0","0","A","ผ่าน"
"1010","สำนักงานตำรวจแห่งชาติ","กองบัญชาการตำรวจตระเวนชายแดน","กองบังคับการตำรวจตระเวนชายแดนภาค 1","กองกำกับการตำรวจตระเวนชายแดนที่ 14","SCH_G3_0171","1982-10-13","13/10/2525","0","0","0","0","0","0","0","0","0","0","0","0","0","0","0","0","0","0","0","0","0","0","0","0","0","0","0","0","0","0","0","0","0","0","0","0","0","0","0","0","0","0","0","0","0","0","0","0","0","0","0","0","0","0","0","0","0","0","0","0","0","0","0","0","0","0","0","0","0","0","0","0","0","0","0","0","A","ผ่าน"
"1011","สำนักงานตำรวจแห่งชาติ","กองบัญชาการตำรวจตระเวนชายแดน","กองบังคับการตำรวจตระเวนชายแดนภาค 1","กองกำกับการตำรวจตระเวนชายแดนที่ 14","SCH_G3_0172","2020-08-06","06/08/2563","0","0","0","0","0","0","0","0","0","0","0","0","0","0","0","0","0","0","0","0","0","0","0","0","0","0","0","0","0","0","0","0","0","0","0","0","0","0","0","0","0","0","0","0","0","0","0","0","0","0","0","0","0","0","0","0","0","0","0","0","0","0","0","0","0","0","0","0","0","0","0","0","0","0","0","0","A","ผ่าน"
"1012","สำนักงานตำรวจแห่งชาติ","กองบัญชาการตำรวจตระเวนชายแดน","กองบังคับการตำรวจตระเวนชายแดนภาค 1","กองกำกับการตำรวจตระเวนชายแดนที่ 14","SCH_G3_0173","2025-03-26","26/03/2568","0","0","0","0","0","0","0","0","0","0","0","0","0","0","0","0","0","0","0","0","0","0","0","0","0","0","0","0","0","0","0","0","0","0","0","0","0","0","0","0","0","0","0","0","0","0","0","0","0","0","0","0","0","0","0","0","0","0","0","0","0","0","0","0","0","0","0","0","0","0","0","0","0","0","0","0","A","ผ่าน"
"1013","สำนักงานตำรวจแห่งชาติ","กองบัญชาการตำรวจตระเวนชายแดน","กองบังคับการตำรวจตระเวนชายแดนภาค 1","กองกำกับการตำรวจตระเวนชายแดนที่ 14","SCH_G3_0174","1999-11-01","01/11/2542","0","0","0","0","0","0","0","0","0","0","0","0","0","0","0","0","0","0","0","0","0","0","0","0","0","0","0","0","0","0","0","0","0","0","0","0","0","0","0","0","0","0","0","0","0","0","0","0","0","0","0","0","0","0","0","0","0","0","0","0","0","0","0","0","0","0","0","0","0","0","0","0","0","0","0","0","A","ผ่าน"
"1014","สำนักงานตำรวจแห่งชาติ","กองบัญชาการตำรวจตระเวนชายแดน","กองบังคับการตำรวจตระเวนชายแดนภาค 4","กองกำกับการตำรวจตระเวนชายแดนที่ 42","SCH_G3_0175","2014-05-16","16/05/2557","0","0","0","0","0","0","0","0","0","0","0","0","0","0","0","0","0","0","0","0","0","0","0","0","0","0","0","0","0","0","0","0","0","0","0","0","0","0","0","0","0","0","0","0","0","0","0","0","0","0","0","0","0","0","0","0","0","0","0","0","0","0","0","0","0","0","0","0","0","0","0","0","0","0","0","0","A","ผ่าน"
"1015","สำนักงานตำรวจแห่งชาติ","กองบัญชาการตำรวจตระเวนชายแดน","กองบังคับการตำรวจตระเวนชายแดนภาค 4","กองกำกับการตำรวจตระเวนชายแดนที่ 42","SCH_G3_0176","2014-05-16","16/05/2557","0","0","0","0","0","0","0","0","0","0","0","0","0","0","0","0","0","0","0","0","0","0","0","0","0","0","0","0","0","0","0","0","0","0","0","0","0","0","0","0","0","0","0","0","0","0","0","0","0","0","0","0","0","0","0","0","0","0","0","0","0","0","0","0","0","0","0","0","0","0","0","0","0","0","0","0","A","ผ่าน"
"1016","สำนักงานตำรวจแห่งชาติ","กองบัญชาการตำรวจตระเวนชายแดน","กองบังคับการตำรวจตระเวนชายแดนภาค 4","กองกำกับการตำรวจตระเวนชายแดนที่ 42","SCH_G3_0177","2023-05-15","15/05/2566","0","0","0","0","0","0","0","0","0","0","0","0","0","0","0","0","0","0","0","0","0","0","0","0","0","0","0","0","0","0","0","0","0","0","0","0","0","0","0","0","0","0","0","0","0","0","0","0","0","0","0","0","0","0","0","0","0","0","0","0","0","0","0","0","0","0","0","0","0","0","0","0","0","0","0","0","A","ผ่าน"
"1017","สำนักงานตำรวจแห่งชาติ","กองบัญชาการตำรวจตระเวนชายแดน","กองบังคับการตำรวจตระเวนชายแดนภาค 4","กองกำกับการตำรวจตระเวนชายแดนที่ 42","SCH_G3_0178","2014-05-16","16/05/2557","0","0","0","0","0","0","0","0","0","0","0","0","0","0","0","0","0","0","0","0","0","0","0","0","0","0","0","0","0","0","0","0","0","0","0","0","0","0","0","0","0","0","0","0","0","0","0","0","0","0","0","0","0","0","0","0","0","0","0","0","0","0","0","0","0","0","0","0","0","0","0","0","0","0","0","0","A","ผ่าน"
"1018","สำนักงานตำรวจแห่งชาติ","กองบัญชาการตำรวจตระเวนชายแดน","กองบังคับการตำรวจตระเวนชายแดนภาค 4","กองกำกับการตำรวจตระเวนชายแดนที่ 41","SCH_G3_0179","1988-05-09","09/05/2531","0","0","0","0","0","0","0","0","0","0","0","0","0","0","0","0","0","0","0","0","0","0","0","0","0","0","0","0","0","0","0","0","0","0","0","0","0","0","0","0","0","0","0","0","0","0","0","0","0","0","0","0","0","0","0","0","0","0","0","0","0","0","0","0","0","0","0","0","0","0","0","0","0","0","0","0","A","ผ่าน"
"1019","สำนักงานตำรวจแห่งชาติ","กองบัญชาการตำรวจตระเวนชายแดน","กองบังคับการตำรวจตระเวนชายแดนภาค 4","กองกำกับการตำรวจตระเวนชายแดนที่ 41","SCH_G3_0180","","","0","0","0","0","0","0","0","0","0","0","0","0","0","0","0","0","0","0","0","0","0","0","0","0","0","0","0","0","0","0","0","0","0","0","0","0","0","0","0","0","0","0","0","0","0","0","0","0","0","0","0","0","0","0","0","0","0","0","0","0","0","0","0","0","0","0","0","0","0","0","0","0","0","0","0","0","A","ผ่าน"
"1020","สำนักงานตำรวจแห่งชาติ","กองบัญชาการตำรวจตระเวนชายแดน","กองบังคับการตำรวจตระเวนชายแดนภาค 4","กองกำกับการตำรวจตระเวนชายแดนที่ 41","SCH_G3_0181","1997-05-16","16/05/2540","0","0","0","0","0","0","0","0","0","0","0","0","0","0","0","0","0","0","0","0","0","0","0","0","0","0","0","0","0","0","0","0","0","0","0","0","0","0","0","0","0","0","0","0","0","0","0","0","0","0","0","0","0","0","0","0","0","0","0","0","0","0","0","0","0","0","0","0","0","0","0","0","0","0","0","0","A","ผ่าน"
"1021","สำนักงานตำรวจแห่งชาติ","กองบัญชาการตำรวจตระเวนชายแดน","กองบังคับการตำรวจตระเวนชายแดนภาค 4","กองกำกับการตำรวจตระเวนชายแดนที่ 41","SCH_G3_0182","1987-07-06","06/07/2530","0","0","0","0","0","0","0","0","0","0","0","0","0","0","0","0","0","0","0","0","0","0","0","0","0","0","0","0","0","0","0","0","0","0","0","0","0","0","0","0","0","0","0","0","0","0","0","0","0","0","0","0","0","0","0","0","0","0","0","0","0","0","0","0","0","0","0","0","0","0","0","0","0","0","0","0","A","ผ่าน"
"1022","สำนักงานตำรวจแห่งชาติ","กองบัญชาการตำรวจตระเวนชายแดน","กองบังคับการตำรวจตระเวนชายแดนภาค 4","กองกำกับการตำรวจตระเวนชายแดนที่ 41","SCH_G3_0183","2020-07-01","01/07/2563","0","0","0","0","0","0","0","0","0","0","0","0","0","0","0","0","0","0","0","0","0","0","0","0","0","0","0","0","0","0","0","0","0","0","0","0","0","0","0","0","0","0","0","0","0","0","0","0","0","0","0","0","0","0","0","0","0","0","0","0","0","0","0","0","0","0","0","0","0","0","0","0","0","0","0","0","A","ผ่าน"
"1023","สำนักงานตำรวจแห่งชาติ","กองบัญชาการตำรวจตระเวนชายแดน","กองบังคับการตำรวจตระเวนชายแดนภาค 4","กองกำกับการตำรวจตระเวนชายแดนที่ 41","SCH_G3_0184","2003-07-15","15/07/2546","0","0","0","0","0","1","0","0","0","0","0","0","0","0","0","0","0","0","0","0","0","0","0","0","0","0","0","0","0","0","0","0","0","0","0","0","0","0","0","0","0","0","0","0","0","0","0","0","0","0","0","0","0","0","0","0","0","0","0","0","0","0","0","0","0","0","0","0","0","0","0","0","0","0","0","1","B","ผ่าน"
"1024","สำนักงานตำรวจแห่งชาติ","กองบัญชาการตำรวจตระเวนชายแดน","กองบังคับการตำรวจตระเวนชายแดนภาค 4","กองกำกับการตำรวจตระเวนชายแดนที่ 41","SCH_G3_0185","2021-05-17","17/05/2564","0","0","0","0","0","0","0","0","0","0","0","0","0","0","0","0","0","0","0","0","0","0","0","0","0","0","0","0","0","0","0","0","0","0","0","0","0","0","0","0","0","0","0","0","0","0","0","0","0","0","0","0","0","0","0","0","0","0","0","0","0","0","0","0","0","0","0","0","0","0","0","0","0","0","0","0","A","ผ่าน"
"1025","สำนักงานตำรวจแห่งชาติ","กองบัญชาการตำรวจตระเวนชายแดน","กองบังคับการตำรวจตระเวนชายแดนภาค 4","กองกำกับการตำรวจตระเวนชายแดนที่ 41","SCH_G3_0186","1988-07-15","15/07/2531","0","0","0","0","0","0","0","0","0","0","0","0","0","0","0","0","0","0","0","0","0","0","0","0","0","0","0","0","0","0","0","0","0","0","0","0","0","0","0","0","0","0","0","0","0","0","0","0","0","0","0","0","0","0","0","0","0","0","0","0","0","0","0","0","0","0","0","0","0","0","0","0","0","0","0","0","A","ผ่าน"
"1026","สำนักงานตำรวจแห่งชาติ","กองบัญชาการตำรวจตระเวนชายแดน","กองบังคับการตำรวจตระเวนชายแดนภาค 4","กองกำกับการตำรวจตระเวนชายแดนที่ 41","SCH_G3_0187","1988-02-01","01/02/2531","0","0","0","0","0","0","0","0","0","0","0","0","0","0","0","0","0","0","0","0","0","0","0","0","0","0","0","0","0","0","0","0","0","0","0","0","0","0","0","0","0","0","0","0","0","0","0","0","0","0","0","0","0","0","0","0","0","0","0","0","0","0","0","0","0","0","0","0","0","0","0","0","0","0","0","0","A","ผ่าน"
"1027","สำนักงานตำรวจแห่งชาติ","กองบัญชาการตำรวจตระเวนชายแดน","กองบังคับการตำรวจตระเวนชายแดนภาค 4","กองกำกับการตำรวจตระเวนชายแดนที่ 41","SCH_G3_0188","1989-05-13","13/05/2532","0","0","0","0","0","0","0","0","0","0","0","0","0","0","0","0","0","0","0","0","0","0","0","0","0","0","0","0","0","0","0","0","0","0","0","0","0","0","0","0","0","0","0","0","0","0","0","0","0","0","0","0","0","0","0","0","0","0","0","0","0","0","0","0","0","0","0","0","0","0","0","0","0","0","0","0","A","ผ่าน"
"1028","สำนักงานตำรวจแห่งชาติ","กองบัญชาการตำรวจตระเวนชายแดน","กองบังคับการตำรวจตระเวนชายแดนภาค 4","กองกำกับการตำรวจตระเวนชายแดนที่ 41","SCH_G3_0189","2022-03-14","14/03/2565","0","0","0","0","0","0","0","0","0","0","0","0","0","0","0","0","0","0","0","0","0","0","0","0","0","0","0","0","0","0","0","0","0","0","0","0","0","0","0","0","0","0","0","0","0","0","0","0","0","0","0","0","0","0","0","0","0","0","0","0","0","0","0","0","0","0","0","0","0","0","0","0","0","0","0","0","A","ผ่าน"
"1029","สำนักงานตำรวจแห่งชาติ","กองบัญชาการตำรวจตระเวนชายแดน","กองบังคับการตำรวจตระเวนชายแดนภาค 4","กองกำกับการตำรวจตระเวนชายแดนที่ 43","SCH_G3_0190","2025-02-20","20/02/2568","0","0","0","0","0","0","0","0","0","0","0","0","0","0","0","0","0","0","0","0","0","0","0","0","0","0","0","0","0","0","0","0","0","0","0","0","0","0","0","0","0","0","0","0","0","0","0","0","0","0","0","0","0","0","0","0","0","0","0","0","0","0","0","0","0","0","0","0","0","0","0","0","0","0","0","0","A","ผ่าน"
"1030","สำนักงานตำรวจแห่งชาติ","กองบัญชาการตำรวจตระเวนชายแดน","กองบังคับการตำรวจตระเวนชายแดนภาค 4","กองกำกับการตำรวจตระเวนชายแดนที่ 43","SCH_G3_0191","1986-06-29","29/06/2529","0","0","0","0","0","0","0","0","0","0","0","0","0","0","0","0","0","0","0","0","0","0","0","0","0","0","0","0","0","0","0","0","0","0","0","0","0","0","0","0","0","0","0","0","0","0","0","0","0","0","0","0","0","0","0","0","0","0","0","0","0","0","0","0","0","0","0","0","0","0","0","0","0","0","0","0","A","ผ่าน"
"1031","สำนักงานตำรวจแห่งชาติ","กองบัญชาการตำรวจตระเวนชายแดน","กองบังคับการตำรวจตระเวนชายแดนภาค 4","กองกำกับการตำรวจตระเวนชายแดนที่ 43","SCH_G3_0192","2023-05-16","16/05/2566","0","0","0","0","0","0","0","0","0","0","0","0","0","0","0","0","0","0","0","0","0","0","0","0","0","0","0","0","0","0","0","0","0","0","0","0","0","0","0","0","0","0","0","0","0","0","0","0","0","0","0","0","0","0","0","0","0","0","0","0","0","0","0","0","0","0","0","0","0","0","0","0","0","0","0","0","A","ผ่าน"
"1032","สำนักงานตำรวจแห่งชาติ","กองบัญชาการตำรวจตระเวนชายแดน","กองบังคับการตำรวจตระเวนชายแดนภาค 4","กองกำกับการตำรวจตระเวนชายแดนที่ 43","SCH_G3_0193","1975-06-18","18/06/2518","0","0","0","0","0","0","0","0","0","0","0","0","0","0","0","0","0","0","0","0","0","0","0","0","0","0","0","0","0","0","0","0","0","0","0","0","0","0","0","0","0","0","0","0","0","0","0","0","0","0","0","0","0","0","0","0","0","0","0","0","0","0","0","0","0","0","0","0","0","0","0","0","0","0","0","0","A","ผ่าน"
"1033","สำนักงานตำรวจแห่งชาติ","กองบัญชาการตำรวจตระเวนชายแดน","กองบังคับการตำรวจตระเวนชายแดนภาค 4","กองกำกับการตำรวจตระเวนชายแดนที่ 43","SCH_G3_0194","1983-05-26","26/05/2526","0","0","0","0","0","0","0","0","0","0","0","0","0","0","0","0","0","0","0","0","0","0","0","0","0","0","0","0","0","0","0","0","0","0","0","0","0","0","0","0","0","0","0","0","0","0","0","0","0","0","0","0","0","0","0","0","0","0","0","0","0","0","0","0","0","0","0","0","0","0","0","0","0","0","0","0","A","ผ่าน"
"1034","สำนักงานตำรวจแห่งชาติ","กองบัญชาการตำรวจตระเวนชายแดน","กองบังคับการตำรวจตระเวนชายแดนภาค 4","กองกำกับการตำรวจตระเวนชายแดนที่ 43","SCH_G3_0195","1959-10-12","12/10/2502","0","0","0","0","0","0","0","0","0","0","0","0","0","0","0","0","0","0","0","0","0","0","0","0","0","0","0","0","0","0","0","0","0","0","0","0","0","0","0","0","0","0","0","0","0","0","0","0","0","0","0","0","0","0","0","0","0","0","0","0","0","0","0","0","0","0","0","0","0","0","0","0","0","0","0","0","A","ผ่าน"
"1035","สำนักงานตำรวจแห่งชาติ","กองบัญชาการตำรวจตระเวนชายแดน","กองบังคับการตำรวจตระเวนชายแดนภาค 4","กองกำกับการตำรวจตระเวนชายแดนที่ 43","SCH_G3_0196","","","0","0","0","0","0","0","0","0","0","0","0","0","0","0","0","0","0","0","0","0","0","0","0","0","0","0","0","0","0","0","0","0","0","0","0","0","0","0","0","0","0","0","0","0","0","0","0","0","0","0","0","0","0","0","0","0","0","0","0","0","0","0","0","0","0","0","0","0","0","0","0","0","0","0","0","0","A","ผ่าน"
"1036","สำนักงานตำรวจแห่งชาติ","กองบัญชาการตำรวจตระเวนชายแดน","กองบังคับการตำรวจตระเวนชายแดนภาค 4","กองกำกับการตำรวจตระเวนชายแดนที่ 43","SCH_G3_0197","2025-03-25","25/03/2568","0","0","0","0","0","0","0","0","0","0","0","0","0","0","0","0","0","0","0","0","0","0","0","0","0","0","0","0","0","0","0","0","0","0","0","0","0","0","0","0","0","0","0","0","0","0","0","0","0","0","0","0","0","0","0","0","0","0","0","0","0","0","0","0","0","0","0","0","0","0","0","0","0","0","0","0","A","ผ่าน"
"1037","สำนักงานตำรวจแห่งชาติ","กองบัญชาการตำรวจตระเวนชายแดน","กองบังคับการตำรวจตระเวนชายแดนภาค 4","กองกำกับการตำรวจตระเวนชายแดนที่ 43","SCH_G3_0198","1998-11-09","09/11/2541","0","0","0","0","0","0","0","0","0","0","0","0","0","0","0","0","0","0","0","0","0","0","0","0","0","0","0","0","0","0","0","0","0","0","0","0","0","0","0","0","0","0","0","0","0","0","0","0","0","0","0","0","0","0","0","0","0","0","0","0","0","0","0","0","0","0","0","0","0","0","0","0","0","0","0","0","A","ผ่าน"
"1038","สำนักงานตำรวจแห่งชาติ","กองบัญชาการตำรวจตระเวนชายแดน","กองบังคับการตำรวจตระเวนชายแดนภาค 4","กองกำกับการตำรวจตระเวนชายแดนที่ 43","SCH_G3_0199","2010-05-17","17/05/2553","0","0","0","0","0","0","0","0","0","0","0","0","0","0","0","0","0","0","0","0","0","0","0","0","0","0","0","0","0","0","0","0","0","0","0","0","0","0","0","0","0","0","0","0","0","0","0","0","0","0","0","0","0","0","0","0","0","0","0","0","0","0","0","0","0","0","0","0","0","0","0","0","0","0","0","0","A","ผ่าน"
"1039","สำนักงานตำรวจแห่งชาติ","กองบัญชาการตำรวจตระเวนชายแดน","กองบังคับการตำรวจตระเวนชายแดนภาค 4","กองกำกับการตำรวจตระเวนชายแดนที่ 43","SCH_G3_0200","2025-05-16","16/05/2568","0","0","0","0","0","0","0","0","0","0","0","0","0","0","0","0","0","0","0","0","0","0","0","0","0","0","0","0","0","0","0","0","0","0","0","0","0","0","0","0","0","0","0","0","0","0","0","0","0","0","0","0","0","0","0","0","0","0","0","0","0","0","0","0","0","0","0","0","0","0","0","0","0","0","0","0","A","ผ่าน"
"1040","สำนักงานตำรวจแห่งชาติ","กองบัญชาการตำรวจตระเวนชายแดน","กองบังคับการตำรวจตระเวนชายแดนภาค 4","กองกำกับการตำรวจตระเวนชายแดนที่ 43","SCH_G3_0201","","","0","0","0","0","0","0","0","0","0","0","0","0","0","0","0","0","0","0","0","0","0","0","0","0","0","0","0","0","0","0","0","0","0","0","0","0","0","0","0","0","0","0","0","0","0","0","0","0","0","0","0","0","0","0","0","0","0","0","0","0","0","0","0","0","0","0","0","0","0","0","0","0","0","0","0","0","A","ผ่าน"
"1041","สำนักงานตำรวจแห่งชาติ","กองบัญชาการตำรวจตระเวนชายแดน","กองบังคับการตำรวจตระเวนชายแดนภาค 4","กองกำกับการตำรวจตระเวนชายแดนที่ 43","SCH_G3_0202","1985-06-14","14/06/2528","0","0","0","0","0","0","0","0","0","0","0","0","0","0","0","0","0","0","0","0","0","0","0","0","0","0","0","0","0","0","0","0","0","0","0","0","0","0","0","0","0","0","0","0","0","0","0","0","0","0","0","0","0","0","0","0","0","0","0","0","0","0","0","0","0","0","0","0","0","0","0","0","0","0","0","0","A","ผ่าน"
"1042","สำนักงานตำรวจแห่งชาติ","กองบัญชาการตำรวจตระเวนชายแดน","กองบังคับการตำรวจตระเวนชายแดนภาค 4","กองกำกับการตำรวจตระเวนชายแดนที่ 43","SCH_G3_0203","1988-05-05","05/05/2531","0","0","0","0","0","1","0","0","0","0","0","0","0","0","0","0","0","0","0","0","0","0","0","0","0","0","0","0","0","0","0","0","0","0","0","0","0","0","0","0","0","0","0","0","0","0","0","0","0","0","0","0","0","0","1","0","0","0","0","0","0","0","0","0","0","0","0","0","0","0","0","0","0","0","0","2","B","ผ่าน"
"1043","สำนักงานตำรวจแห่งชาติ","กองบัญชาการตำรวจตระเวนชายแดน","กองบังคับการตำรวจตระเวนชายแดนภาค 4","กองกำกับการตำรวจตระเวนชายแดนที่ 43","SCH_G3_0204","1990-02-14","14/02/2533","0","0","0","0","0","0","0","0","0","0","0","0","0","0","0","0","0","0","0","0","0","0","0","0","0","0","0","0","0","0","0","0","0","0","0","0","0","0","0","0","0","0","0","0","0","0","0","0","0","0","0","0","0","0","0","0","0","0","0","0","0","0","0","0","0","0","0","0","0","0","0","0","0","0","0","0","A","ผ่าน"
"1044","สำนักงานตำรวจแห่งชาติ","กองบัญชาการตำรวจตระเวนชายแดน","กองบังคับการตำรวจตระเวนชายแดนภาค 4","กองกำกับการตำรวจตระเวนชายแดนที่ 44","SCH_G3_0206","2021-06-14","14/06/2564","0","0","0","0","0","1","0","0","0","0","0","0","0","0","0","0","0","0","0","0","0","0","0","0","0","0","0","0","0","0","0","0","0","0","0","0","0","0","0","0","0","0","0","0","0","0","0","0","0","0","0","0","0","0","0","0","0","0","0","0","0","0","0","0","0","0","0","0","0","0","0","0","0","0","0","1","B","ผ่าน"
"1045","สำนักงานตำรวจแห่งชาติ","กองบัญชาการตำรวจตระเวนชายแดน","กองบังคับการตำรวจตระเวนชายแดนภาค 4","กองกำกับการตำรวจตระเวนชายแดนที่ 44","SCH_G3_0207","2015-05-18","18/05/2558","0","0","0","0","0","0","0","0","0","0","0","0","0","0","0","0","0","0","0","0","0","0","0","0","0","0","0","0","0","0","0","0","0","0","0","0","0","0","0","0","0","0","0","0","0","0","0","0","0","0","0","0","0","0","0","0","0","0","0","0","0","0","0","0","0","0","0","0","0","0","0","0","0","0","0","0","A","ผ่าน"
"1046","สำนักงานตำรวจแห่งชาติ","กองบัญชาการตำรวจตระเวนชายแดน","กองบังคับการตำรวจตระเวนชายแดนภาค 4","กองกำกับการตำรวจตระเวนชายแดนที่ 44","SCH_G3_0208","1967-05-16","16/05/2510","0","0","0","0","0","0","0","0","0","0","0","0","0","0","0","0","0","0","0","0","0","0","0","0","0","0","0","0","0","0","0","0","0","0","0","0","0","0","0","0","0","0","0","0","0","0","0","0","0","0","0","0","0","0","0","0","0","0","0","0","0","0","0","0","0","0","0","0","0","0","0","0","0","0","0","0","A","ผ่าน"
"1047","สำนักงานตำรวจแห่งชาติ","กองบัญชาการตำรวจตระเวนชายแดน","กองบังคับการตำรวจตระเวนชายแดนภาค 4","กองกำกับการตำรวจตระเวนชายแดนที่ 44","SCH_G3_0209","2021-07-08","08/07/2564","0","0","0","0","0","0","0","0","0","0","0","0","0","0","0","0","0","0","0","0","0","0","0","0","0","0","0","0","0","0","0","0","0","0","0","0","0","0","0","0","0","0","0","0","0","0","0","0","0","0","0","0","0","0","0","0","0","0","0","0","0","0","0","0","0","0","0","0","0","0","0","0","0","0","0","0","A","ผ่าน"
"1048","สำนักงานตำรวจแห่งชาติ","กองบัญชาการตำรวจตระเวนชายแดน","กองบังคับการตำรวจตระเวนชายแดนภาค 4","กองกำกับการตำรวจตระเวนชายแดนที่ 44","SCH_G3_0210","1988-06-01","01/06/2531","0","0","0","0","0","0","0","0","0","0","0","0","0","0","0","0","0","0","0","0","0","0","0","0","0","0","0","0","0","0","0","0","0","0","0","0","0","0","0","0","0","0","0","0","0","0","0","0","0","0","0","0","0","0","0","0","0","0","0","0","0","0","0","0","0","0","0","0","0","0","0","0","0","0","0","0","A","ผ่าน"
"1049","สำนักงานตำรวจแห่งชาติ","กองบัญชาการตำรวจตระเวนชายแดน","กองบังคับการตำรวจตระเวนชายแดนภาค 4","กองกำกับการตำรวจตระเวนชายแดนที่ 44","SCH_G3_0211","1974-07-17","17/07/2517","0","0","0","0","0","0","0","0","0","0","0","0","0","0","0","0","0","0","0","0","0","0","0","0","0","0","0","0","0","0","0","0","0","0","0","0","0","0","0","0","0","0","0","0","0","0","0","0","0","0","0","0","0","0","0","0","0","0","0","0","0","0","0","0","0","0","0","0","0","0","0","0","0","0","0","0","A","ผ่าน"
"1050","สำนักงานตำรวจแห่งชาติ","กองบัญชาการตำรวจตระเวนชายแดน","กองบังคับการตำรวจตระเวนชายแดนภาค 4","กองกำกับการตำรวจตระเวนชายแดนที่ 44","SCH_G3_0212","2000-05-16","16/05/2543","0","0","0","0","0","0","0","0","0","0","0","0","0","0","0","0","0","0","0","0","0","0","0","0","0","0","0","0","0","0","0","0","0","0","0","0","0","0","0","0","0","0","0","0","0","0","0","0","0","0","0","0","0","0","0","0","0","0","0","0","0","0","0","0","0","0","0","0","0","0","0","0","0","0","0","0","A","ผ่าน"
"1051","สำนักงานตำรวจแห่งชาติ","กองบัญชาการตำรวจตระเวนชายแดน","กองบังคับการตำรวจตระเวนชายแดนภาค 4","กองกำกับการตำรวจตระเวนชายแดนที่ 44","SCH_G3_0213","1991-07-15","15/07/2534","0","0","0","0","0","0","0","0","0","0","0","0","0","0","0","0","0","0","0","0","0","0","0","0","0","0","0","0","0","0","0","0","0","0","0","0","0","0","0","0","0","0","0","0","0","0","0","0","0","0","0","0","0","0","0","1","0","0","0","0","0","0","0","1","0","0","0","0","0","0","0","0","0","0","0","2","B","ผ่าน"
"1052","สำนักงานตำรวจแห่งชาติ","กองบัญชาการตำรวจตระเวนชายแดน","กองบังคับการตำรวจตระเวนชายแดนภาค 4","กองกำกับการตำรวจตระเวนชายแดนที่ 44","SCH_G3_0214","1993-05-16","16/05/2536","0","0","0","0","0","0","0","0","0","0","0","0","0","0","0","0","0","0","0","0","0","0","0","0","0","0","0","0","0","0","0","0","0","0","0","0","0","0","0","0","0","0","0","0","0","0","0","0","0","0","0","0","0","0","0","0","0","0","0","0","0","0","0","0","0","0","0","0","0","0","0","0","0","0","0","0","A","ผ่าน"
"1053","สำนักงานตำรวจแห่งชาติ","กองบัญชาการตำรวจตระเวนชายแดน","กองบังคับการตำรวจตระเวนชายแดนภาค 4","กองกำกับการตำรวจตระเวนชายแดนที่ 44","SCH_G3_0215","1993-06-18","18/06/2536","0","0","0","0","0","0","0","0","0","0","0","0","0","0","1","0","1","0","0","0","0","0","0","0","0","0","0","0","0","0","0","1","0","0","0","0","0","0","0","0","0","0","0","0","0","0","0","0","0","0","0","0","0","0","0","0","0","0","0","0","0","0","0","1","0","0","0","0","0","0","0","0","0","0","0","4","B","ผ่าน"
"1054","สำนักงานตำรวจแห่งชาติ","กองบัญชาการตำรวจตระเวนชายแดน","กองบังคับการตำรวจตระเวนชายแดนภาค 4","กองกำกับการตำรวจตระเวนชายแดนที่ 44","SCH_G3_0216","1990-06-13","13/06/2533","0","0","0","0","0","0","0","0","0","0","0","0","0","0","0","0","0","0","0","0","0","0","0","0","0","0","0","0","0","0","0","0","0","0","0","0","0","0","0","0","0","0","0","0","0","0","0","0","0","0","0","0","0","0","0","0","0","0","0","0","0","0","0","0","0","0","0","0","0","0","0","0","0","0","0","0","A","ผ่าน"
