"assessment_year_be","assessment_year_ce","ministry","affiliation_1","affiliation_2","affiliation_3","center_age_years","prev_indicator_1_1_1","prev_indicator_1_1_2","prev_indicator_1_1_3","prev_indicator_1_2_1","prev_indicator_1_2_2","prev_indicator_1_2_3","prev_indicator_1_2_4","prev_indicator_1_3_1","prev_indicator_1_3_2","prev_indicator_1_3_3","prev_indicator_1_3_4","prev_indicator_1_3_5","prev_indicator_1_3_6","prev_indicator_1_3_7","prev_indicator_1_3_8","prev_indicator_1_4_1","prev_indicator_1_4_2","prev_indicator_1_4_3","prev_indicator_1_4_4","prev_indicator_1_4_5","prev_indicator_1_4_6","prev_indicator_1_4_7","prev_indicator_1_5_1","prev_indicator_1_5_2","prev_indicator_1_5_3","prev_indicator_1_5_4","prev_indicator_2_1_1","prev_indicator_2_1_2","prev_indicator_2_1_3","prev_indicator_2_1_4","prev_indicator_2_1_5","prev_indicator_2_2_1","prev_indicator_2_2_2","prev_indicator_2_2_3","prev_indicator_2_2_4","prev_indicator_2_2_5","prev_indicator_2_3_1","prev_indicator_2_3_2","prev_indicator_2_3_3","prev_indicator_2_3_4","prev_indicator_2_3_5","prev_indicator_2_4_1","prev_indicator_2_4_2","prev_indicator_2_4_3","prev_indicator_2_5_1","prev_indicator_2_5_2","prev_indicator_3_1_1ก","prev_indicator_3_2_1ก","prev_indicator_3_2_2ก","prev_indicator_3_2_3ก","prev_indicator_3_2_4ก","prev_indicator_3_2_5ก","prev_indicator_3_2_6ก","prev_indicator_3_1_1ข","prev_indicator_3_1_2ข","prev_indicator_3_1_3ข","prev_indicator_3_2_1ข","prev_indicator_3_3_1ข","prev_indicator_3_3_2ข","prev_indicator_3_4_1ข","prev_indicator_3_4_2ข","prev_indicator_3_4_3ข","prev_indicator_3_5_1ข","prev_indicator_3_5_2ข","prev_indicator_3_5_3ข","prev_indicator_3_5_4ข","prev_indicator_3_5_5ข","prev_indicator_3_6_1ข","prev_indicator_3_6_2ข","prev_indicator_3_6_3ข","prev_indicator_3_6_4ข","prev_indicator_3_7_1ข","prev_indicator_3_7_2ข","prev_indicator_3_7_3ข","prev_indicator_3_7_4ข","prev_ImproveScore","prev_Quality_level","prev_target_label","past_2yr_fail_rate","past_3yr_avg_ImproveScore","consecutive_pass_years","consecutive_fail_years","ever_failed_before","target_label","Quality_level"
"2563","2020","สำนักงานตำรวจแห่งชาติ","กองบัญชาการตำรวจตระเวนชายแดน","กองบังคับการตำรวจตระเวนชายแดนภาค 1","กองกำกับการตำรวจตระเวนชายแดนที่ 11","35.8412","","","","","","","","","","","","","","","","","","","","","","","","","","","","","","","","","","","","","","","","","","","","","","","","","","","","","","","","","","","","","","","","","","","","","","","","","","","","","","","","","0","0","0","ผ่าน","A"
"2566","2023","สำนักงานตำรวจแห่งชาติ","กองบัญชาการตำรวจตระเวนชายแดน","กองบังคับการตำรวจตระเวนชายแดนภาค 1","กองกำกับการตำรวจตระเวนชายแดนที่ 11","38.8392","","","","","","","","","","","","","","","","","","","","","","","","","","","","","","","","","","","","","","","","","","","","","","","","","","","","","","","","","","","","","","","","","","","","","","","","","","","","","","","","0","0","0","0","ผ่าน","A"
"2567","2024","สำนักงานตำรวจแห่งชาติ","กองบัญชาการตำรวจตระเวนชายแดน","กองบังคับการตำรวจตระเวนชายแดนภาค 1","กองกำกับการตำรวจตระเวนชายแดนที่ 11","39.8412","0","0","0","0","0","0","0","0","0","0","0","0","0","0","0","0","0","0","0","0","0","0","0","0","0","0","0","0","0","0","0","0","0","0","0","0","0","0","0","0","0","0","0","0","0","0","0","0","0","0","0","0","0","0","0","0","0","0","0","0","0","0","0","0","0","0","0","0","0","0","0","0","0","0","0","0","A","ผ่าน","0","0","1","0","0","ผ่าน","A"
"2563","2020","สำนักงานตำรวจแห่งชาติ","กองบัญชาการตำรวจตระเวนชายแดน","กองบังคับการตำรวจตระเวนชายแดนภาค 1","กองกำกับการตำรวจตระเวนชายแดนที่ 11","34.423","","","","","","","","","","","","","","","","","","","","","","","","","","","","","","","","","","","","","","","","","","","","","","","","","","","","","","","","","","","","","","","","","","","","","","","","","","","","","","","","","0","0","0","ผ่าน","A"
"2566","2023","สำนักงานตำรวจแห่งชาติ","กองบัญชาการตำรวจตระเวนชายแดน","กองบังคับการตำรวจตระเวนชายแดนภาค 1","กองกำกับการตำรวจตระเวนชายแดนที่ 11","37.4209","","","","","","","","","","","","","","","","","","","","","","","","","","","","","","","","","","","","","","","","","","","","","","","","","","","","","","","","","","","","","","","","","","","","","","","","","","","","","","","","0","0","0","0","ผ่าน","B"
"2567","2024","สำนักงานตำรวจแห่งชาติ","กองบัญชาการตำรวจตระเวนชายแดน","กองบังคับการตำรวจตระเวนชายแดนภาค 1","กองกำกับการตำรวจตระเวนชายแดนที่ 11","38.423","0","0","0","0","0","1","0","0","0","0","0","0","0","0","0","0","0","0","0","0","0","0","0","0","0","0","0","0","0","0","0","0","0","0","0","0","0","0","0","0","0","0","0","0","0","0","0","0","0","0","0","0","0","0","0","0","0","0","0","0","0","0","0","0","0","0","0","0","0","0","0","0","0","0","0","1","B","ผ่าน","0","1","1","0","0","ผ่าน","B"
"2568","2025","สำนักงานตำรวจแห่งชาติ","กองบัญชาการตำรวจตระเวนชายแดน","กองบังคับการตำรวจตระเวนชายแดนภาค 1","กองกำกับการตำรวจตระเวนชายแดนที่ 11","39.4223","0","0","0","0","0","1","0","0","0","0","1","0","1","0","1","0","0","0","0","0","0","0","0","0","0","1","0","1","0","0","0","0","0","0","0","0","0","0","0","0","0","0","0","0","0","0","0","0","0","0","0","0","0","0","0","0","0","0","0","0","0","0","0","0","0","0","0","0","0","0","0","0","0","0","0","6","B","ผ่าน","0","3.5","2","0","0","ผ่าน","A"
"2563","2020","สำนักงานตำรวจแห่งชาติ","กองบัญชาการตำรวจตระเวนชายแดน","กองบังคับการตำรวจตระเวนชายแดนภาค 1","กองกำกับการตำรวจตระเวนชายแดนที่ 11","33.8316","","","","","","","","","","","","","","","","","","","","","","","","","","","","","","","","","","","","","","","","","","","","","","","","","","","","","","","","","","","","","","","","","","","","","","","","","","","","","","","","","0","0","0","ผ่าน","B"
"2565","2022","สำนักงานตำรวจแห่งชาติ","กองบัญชาการตำรวจตระเวนชายแดน","กองบังคับการตำรวจตระเวนชายแดนภาค 1","กองกำกับการตำรวจตระเวนชายแดนที่ 11","35.8303","","","","","","","","","","","","","","","","","","","","","","","","","","","","","","","","","","","","","","","","","","","","","","","","","","","","","","","","","","","","","","","","","","","","","","","","","","","","","","","0","4","0","0","0","ผ่าน","B"
"2566","2023","สำนักงานตำรวจแห่งชาติ","กองบัญชาการตำรวจตระเวนชายแดน","กองบังคับการตำรวจตระเวนชายแดนภาค 1","กองกำกับการตำรวจตระเวนชายแดนที่ 11","36.8296","0","0","0","0","0","1","0","0","0","0","0","0","0","0","0","0","0","0","0","0","0","0","0","0","0","0","0","0","0","0","0","0","0","0","0","0","0","0","0","0","0","0","0","0","0","0","0","0","0","0","0","0","0","0","0","0","0","0","0","0","0","0","0","0","0","0","0","0","0","0","1","0","0","0","0","2","B","ผ่าน","0","3","1","0","0","ผ่าน","A"
"2567","2024","สำนักงานตำรวจแห่งชาติ","กองบัญชาการตำรวจตระเวนชายแดน","กองบังคับการตำรวจตระเวนชายแดนภาค 1","กองกำกับการตำรวจตระเวนชายแดนที่ 11","37.8316","0","0","0","0","0","0","0","0","0","0","0","0","0","0","0","0","0","0","0","0","0","0","0","0","0","0","0","0","0","0","0","0","0","0","0","0","0","0","0","0","0","0","0","0","0","0","0","0","0","0","0","0","0","0","0","0","0","0","0","0","0","0","0","0","0","0","0","0","0","0","0","0","0","0","0","0","A","ผ่าน","0","1","2","0","0","ผ่าน","A"
"2568","2025","สำนักงานตำรวจแห่งชาติ","กองบัญชาการตำรวจตระเวนชายแดน","กองบังคับการตำรวจตระเวนชายแดนภาค 1","กองกำกับการตำรวจตระเวนชายแดนที่ 11","38.8309","0","0","0","0","0","0","0","0","0","0","0","0","0","0","0","0","0","0","0","0","0","0","0","0","0","0","0","0","0","0","0","0","0","0","0","0","0","0","0","0","0","0","0","0","0","0","0","0","0","0","0","0","0","0","0","0","0","0","0","0","0","0","0","0","0","0","0","0","0","0","0","0","0","0","0","0","A","ผ่าน","0","0.666667","3","0","0","ผ่าน","A"
"2563","2020","สำนักงานตำรวจแห่งชาติ","กองบัญชาการตำรวจตระเวนชายแดน","กองบังคับการตำรวจตระเวนชายแดนภาค 1","กองกำกับการตำรวจตระเวนชายแดนที่ 11","","","","","","","","","","","","","","","","","","","","","","","","","","","","","","","","","","","","","","","","","","","","","","","","","","","","","","","","","","","","","","","","","","","","","","","","","","","","","","","","","","0","0","0","ผ่าน","C"
"2566","2023","สำนักงานตำรวจแห่งชาติ","กองบัญชาการตำรวจตระเวนชายแดน","กองบังคับการตำรวจตระเวนชายแดนภาค 1","กองกำกับการตำรวจตระเวนชายแดนที่ 11","","","","","","","","","","","","","","","","","","","","","","","","","","","","","","","","","","","","","","","","","","","","","","","","","","","","","","","","","","","","","","","","","","","","","","","","","","","","","","","","","10","0","0","0","ผ่าน","B"
"2567","2024","สำนักงานตำรวจแห่งชาติ","กองบัญชาการตำรวจตระเวนชายแดน","กองบังคับการตำรวจตระเวนชายแดนภาค 1","กองกำกับการตำรวจตระเวนชายแดนที่ 11","","0","0","0","0","0","0","0","0","0","0","0","0","0","0","0","0","0","0","0","0","0","0","0","0","0","0","0","0","0","0","0","0","0","0","0","0","0","0","0","0","0","0","0","0","0","0","0","0","0","0","0","0","0","1","0","0","0","0","0","0","0","0","0","1","0","0","0","1","0","0","1","0","0","0","0","4","B","ผ่าน","0","4","1","0","0","ผ่าน","B"
"2568","2025","สำนักงานตำรวจแห่งชาติ","กองบัญชาการตำรวจตระเวนชายแดน","กองบังคับการตำรวจตระเวนชายแดนภาค 1","กองกำกับการตำรวจตระเวนชายแดนที่ 11","0.627","0","0","0","0","0","1","0","0","0","0","0","0","0","0","0","0","0","0","0","0","0","0","0","0","0","0","0","0","0","0","0","0","0","0","0","0","0","0","0","0","0","0","0","0","0","0","0","0","0","0","0","0","0","0","0","0","0","0","0","0","0","0","0","0","0","0","0","0","0","0","0","0","0","0","0","1","B","ผ่าน","0","2.5","2","0","0","ผ่าน","B"
"2563","2020","สำนักงานตำรวจแห่งชาติ","กองบัญชาการตำรวจตระเวนชายแดน","กองบังคับการตำรวจตระเวนชายแดนภาค 1","กองกำกับการตำรวจตระเวนชายแดนที่ 11","29.7988","","","","","","","","","","","","","","","","","","","","","","","","","","","","","","","","","","","","","","","","","","","","","","","","","","","","","","","","","","","","","","","","","","","","","","","","","","","","","","","","","0","0","0","ผ่าน","A"
"2566","2023","สำนักงานตำรวจแห่งชาติ","กองบัญชาการตำรวจตระเวนชายแดน","กองบังคับการตำรวจตระเวนชายแดนภาค 1","กองกำกับการตำรวจตระเวนชายแดนที่ 11","32.7967","","","","","","","","","","","","","","","","","","","","","","","","","","","","","","","","","","","","","","","","","","","","","","","","","","","","","","","","","","","","","","","","","","","","","","","","","","","","","","","","0","0","0","0","ผ่าน","B"
"2567","2024","สำนักงานตำรวจแห่งชาติ","กองบัญชาการตำรวจตระเวนชายแดน","กองบังคับการตำรวจตระเวนชายแดนภาค 1","กองกำกับการตำรวจตระเวนชายแดนที่ 11","33.7988","0","0","0","0","0","1","0","0","0","0","0","0","0","0","0","0","0","0","0","0","0","0","0","0","0","0","0","0","0","0","0","0","0","0","0","0","0","0","0","0","0","0","0","0","0","0","0","0","0","0","0","0","0","0","0","0","0","0","0","0","0","0","0","0","0","0","0","0","0","0","0","0","0","0","0","1","B","ผ่าน","0","1","1","0","0","ผ่าน","B"
"2568","2025","สำนักงานตำรวจแห่งชาติ","กองบัญชาการตำรวจตระเวนชายแดน","กองบังคับการตำรวจตระเวนชายแดนภาค 1","กองกำกับการตำรวจตระเวนชายแดนที่ 11","34.7981","0","0","0","0","0","1","0","0","0","0","0","0","0","0","0","0","0","0","0","0","0","0","0","0","0","0","0","0","0","0","0","0","0","0","0","0","0","0","0","0","0","0","0","0","0","0","0","0","0","0","0","0","0","0","0","0","0","0","0","0","0","0","0","0","0","0","0","0","0","0","0","0","0","0","0","1","B","ผ่าน","0","1","2","0","0","ผ่าน","B"
"2563","2020","สำนักงานตำรวจแห่งชาติ","กองบัญชาการตำรวจตระเวนชายแดน","กองบังคับการตำรวจตระเวนชายแดนภาค 1","กองกำกับการตำรวจตระเวนชายแดนที่ 11","18.6283","","","","","","","","","","","","","","","","","","","","","","","","","","","","","","","","","","","","","","","","","","","","","","","","","","","","","","","","","","","","","","","","","","","","","","","","","","","","","","","","","0","0","0","ผ่าน","A"
"2564","2021","สำนักงานตำรวจแห่งชาติ","กองบัญชาการตำรวจตระเวนชายแดน","กองบังคับการตำรวจตระเวนชายแดนภาค 1","กองกำกับการตำรวจตระเวนชายแดนที่ 11","19.6277","0","0","0","0","0","0","0","0","0","0","0","0","0","0","0","0","0","0","0","0","0","0","0","0","0","0","0","0","0","0","0","0","0","0","0","0","0","0","0","0","0","0","0","0","0","0","0","0","0","0","0","0","0","0","0","0","0","0","0","0","0","0","0","0","0","0","0","0","0","0","0","0","0","0","0","0","A","ผ่าน","0","0","1","0","0","ผ่าน","A"
"2565","2022","สำนักงานตำรวจแห่งชาติ","กองบัญชาการตำรวจตระเวนชายแดน","กองบังคับการตำรวจตระเวนชายแดนภาค 1","กองกำกับการตำรวจตระเวนชายแดนที่ 11","20.627","0","0","0","0","0","0","0","0","0","0","0","0","0","0","0","0","0","0","0","0","0","0","0","0","0","0","0","0","0","0","0","0","0","0","0","0","0","0","0","0","0","0","0","0","0","0","0","0","0","0","0","0","0","0","0","0","0","0","0","0","0","0","0","0","0","0","0","0","0","0","0","0","0","0","0","0","A","ผ่าน","0","0","2","0","0","ผ่าน","A"
"2566","2023","สำนักงานตำรวจแห่งชาติ","กองบัญชาการตำรวจตระเวนชายแดน","กองบังคับการตำรวจตระเวนชายแดนภาค 1","กองกำกับการตำรวจตระเวนชายแดนที่ 11","21.6263","0","0","0","0","0","0","0","0","0","0","0","0","0","0","0","0","0","0","0","0","0","0","0","0","0","0","0","0","0","0","0","0","0","0","0","0","0","0","0","0","0","0","0","0","0","0","0","0","0","0","0","0","0","0","0","0","0","0","0","0","0","0","0","0","0","0","0","0","0","0","0","0","0","0","0","0","A","ผ่าน","0","0","3","0","0","ผ่าน","A"
"2567","2024","สำนักงานตำรวจแห่งชาติ","กองบัญชาการตำรวจตระเวนชายแดน","กองบังคับการตำรวจตระเวนชายแดนภาค 1","กองกำกับการตำรวจตระเวนชายแดนที่ 11","22.6283","0","0","0","0","0","0","0","0","0","0","0","0","0","0","0","0","0","0","0","0","0","0","0","0","0","0","0","0","0","0","0","0","0","0","0","0","0","0","0","0","0","0","0","0","0","0","0","0","0","0","0","0","0","0","0","0","0","0","0","0","0","0","0","0","0","0","0","0","0","0","0","0","0","0","0","0","A","ผ่าน","0","0","4","0","0","ผ่าน","A"
"2568","2025","สำนักงานตำรวจแห่งชาติ","กองบัญชาการตำรวจตระเวนชายแดน","กองบังคับการตำรวจตระเวนชายแดนภาค 1","กองกำกับการตำรวจตระเวนชายแดนที่ 11","23.6277","0","0","0","0","0","0","0","0","0","0","0","0","0","0","0","0","0","0","0","0","0","0","0","0","0","0","0","0","0","0","0","0","0","0","0","0","0","0","0","0","0","0","0","0","0","0","0","0","0","0","0","0","0","0","0","0","0","0","0","0","0","0","0","0","0","0","0","0","0","0","0","0","0","0","0","0","A","ผ่าน","0","0","5","0","0","ผ่าน","A"
"2563","2020","สำนักงานตำรวจแห่งชาติ","กองบัญชาการตำรวจตระเวนชายแดน","กองบังคับการตำรวจตระเวนชายแดนภาค 1","กองกำกับการตำรวจตระเวนชายแดนที่ 11","27.165","","","","","","","","","","","","","","","","","","","","","","","","","","","","","","","","","","","","","","","","","","","","","","","","","","","","","","","","","","","","","","","","","","","","","","","","","","","","","","","","","0","0","0","ผ่าน","A"
"2564","2021","สำนักงานตำรวจแห่งชาติ","กองบัญชาการตำรวจตระเวนชายแดน","กองบังคับการตำรวจตระเวนชายแดนภาค 1","กองกำกับการตำรวจตระเวนชายแดนที่ 11","28.1643","0","0","0","0","0","0","0","0","0","0","0","0","0","0","0","0","0","0","0","0","0","0","0","0","0","0","0","0","0","0","0","0","0","0","0","0","0","0","0","0","0","0","0","0","0","0","0","0","0","0","0","0","0","0","0","0","0","0","0","0","0","0","0","0","0","0","0","0","0","0","0","0","0","0","0","0","A","ผ่าน","0","0","1","0","0","ผ่าน","A"
"2565","2022","สำนักงานตำรวจแห่งชาติ","กองบัญชาการตำรวจตระเวนชายแดน","กองบังคับการตำรวจตระเวนชายแดนภาค 1","กองกำกับการตำรวจตระเวนชายแดนที่ 11","29.1636","0","0","0","0","0","0","0","0","0","0","0","0","0","0","0","0","0","0","0","0","0","0","0","0","0","0","0","0","0","0","0","0","0","0","0","0","0","0","0","0","0","0","0","0","0","0","0","0","0","0","0","0","0","0","0","0","0","0","0","0","0","0","0","0","0","0","0","0","0","0","0","0","0","0","0","0","A","ผ่าน","0","0","2","0","0","ผ่าน","A"
"2566","2023","สำนักงานตำรวจแห่งชาติ","กองบัญชาการตำรวจตระเวนชายแดน","กองบังคับการตำรวจตระเวนชายแดนภาค 1","กองกำกับการตำรวจตระเวนชายแดนที่ 11","30.1629","0","0","0","0","0","0","0","0","0","0","0","0","0","0","0","0","0","0","0","0","0","0","0","0","0","0","0","0","0","0","0","0","0","0","0","0","0","0","0","0","0","0","0","0","0","0","0","0","0","0","0","0","0","0","0","0","0","0","0","0","0","0","0","0","0","0","0","0","0","0","0","0","0","0","0","0","A","ผ่าน","0","0","3","0","0","ผ่าน","A"
"2567","2024","สำนักงานตำรวจแห่งชาติ","กองบัญชาการตำรวจตระเวนชายแดน","กองบังคับการตำรวจตระเวนชายแดนภาค 1","กองกำกับการตำรวจตระเวนชายแดนที่ 11","31.165","0","0","0","0","0","0","0","0","0","0","0","0","0","0","0","0","0","0","0","0","0","0","0","0","0","0","0","0","0","0","0","0","0","0","0","0","0","0","0","0","0","0","0","0","0","0","0","0","0","0","0","0","0","0","0","0","0","0","0","0","0","0","0","0","0","0","0","0","0","0","0","0","0","0","0","0","A","ผ่าน","0","0","4","0","0","ผ่าน","A"
"2568","2025","สำนักงานตำรวจแห่งชาติ","กองบัญชาการตำรวจตระเวนชายแดน","กองบังคับการตำรวจตระเวนชายแดนภาค 1","กองกำกับการตำรวจตระเวนชายแดนที่ 11","32.1643","0","0","0","0","0","0","0","0","0","0","0","0","0","0","0","0","0","0","0","0","0","0","0","0","0","0","0","0","0","0","0","0","0","0","0","0","0","0","0","0","0","0","0","0","0","0","0","0","0","0","0","0","0","0","0","0","0","0","0","0","0","0","0","0","0","0","0","0","0","0","0","0","0","0","0","0","A","ผ่าน","0","0","5","0","0","ผ่าน","A"
"2563","2020","สำนักงานตำรวจแห่งชาติ","กองบัญชาการตำรวจตระเวนชายแดน","กองบังคับการตำรวจตระเวนชายแดนภาค 1","กองกำกับการตำรวจตระเวนชายแดนที่ 11","21.629","","","","","","","","","","","","","","","","","","","","","","","","","","","","","","","","","","","","","","","","","","","","","","","","","","","","","","","","","","","","","","","","","","","","","","","","","","","","","","","","","0","0","0","ผ่าน","A"
"2564","2021","สำนักงานตำรวจแห่งชาติ","กองบัญชาการตำรวจตระเวนชายแดน","กองบังคับการตำรวจตระเวนชายแดนภาค 1","กองกำกับการตำรวจตระเวนชายแดนที่ 11","22.6283","0","0","0","0","0","0","0","0","0","0","0","0","0","0","0","0","0","0","0","0","0","0","0","0","0","0","0","0","0","0","0","0","0","0","0","0","0","0","0","0","0","0","0","0","0","0","0","0","0","0","0","0","0","0","0","0","0","0","0","0","0","0","0","0","0","0","0","0","0","0","0","0","0","0","0","0","A","ผ่าน","0","0","1","0","0","ผ่าน","A"
"2565","2022","สำนักงานตำรวจแห่งชาติ","กองบัญชาการตำรวจตระเวนชายแดน","กองบังคับการตำรวจตระเวนชายแดนภาค 1","กองกำกับการตำรวจตระเวนชายแดนที่ 11","23.6277","0","0","0","0","0","0","0","0","0","0","0","0","0","0","0","0","0","0","0","0","0","0","0","0","0","0","0","0","0","0","0","0","0","0","0","0","0","0","0","0","0","0","0","0","0","0","0","0","0","0","0","0","0","0","0","0","0","0","0","0","0","0","0","0","0","0","0","0","0","0","0","0","0","0","0","0","A","ผ่าน","0","0","2","0","0","ผ่าน","A"
"2566","2023","สำนักงานตำรวจแห่งชาติ","กองบัญชาการตำรวจตระเวนชายแดน","กองบังคับการตำรวจตระเวนชายแดนภาค 1","กองกำกับการตำรวจตระเวนชายแดนที่ 11","24.627","0","0","0","0","0","0","0","0","0","0","0","0","0","0","0","0","0","0","0","0","0","0","0","0","0","0","0","0","0","0","0","0","0","0","0","0","0","0","0","0","0","0","0","0","0","0","0","0","0","0","0","0","0","0","0","0","0","0","0","0","0","0","0","0","0","0","0","0","0","0","0","0","0","0","0","0","A","ผ่าน","0","0","3","0","0","ผ่าน","C"
"2567","2024","สำนักงานตำรวจแห่งชาติ","กองบัญชาการตำรวจตระเวนชายแดน","กองบังคับการตำรวจตระเวนชายแดนภาค 1","กองกำกับการตำรวจตระเวนชายแดนที่ 11","25.629","0","0","0","1","0","0","0","0","0","0","0","0","0","0","1","0","0","0","0","0","0","0","1","0","0","0","0","0","0","0","1","0","0","0","1","1","1","1","1","1","1","1","0","0","1","1","0","0","0","0","0","0","0","0","0","1","0","0","0","0","0","0","0","0","0","0","0","0","0","0","0","0","0","0","0","15","C","ผ่าน","0","5","4","0","0","ผ่าน","B"
"2568","2025","สำนักงานตำรวจแห่งชาติ","กองบัญชาการตำรวจตระเวนชายแดน","กองบังคับการตำรวจตระเวนชายแดนภาค 1","กองกำกับการตำรวจตระเวนชายแดนที่ 11","26.6283","0","0","0","0","0","0","0","0","0","0","0","0","0","0","0","0","0","0","0","0","0","0","0","0","0","0","0","0","0","0","0","0","0","0","0","0","0","0","0","0","0","0","0","0","0","0","0","0","0","0","0","0","0","0","0","1","0","0","0","0","0","0","0","0","0","0","0","0","0","0","0","0","0","0","0","1","B","ผ่าน","0","5.333333","5","0","0","ผ่าน","B"
"2563","2020","สำนักงานตำรวจแห่งชาติ","กองบัญชาการตำรวจตระเวนชายแดน","กองบังคับการตำรวจตระเวนชายแดนภาค 1","กองกำกับการตำรวจตระเวนชายแดนที่ 12","","","","","","","","","","","","","","","","","","","","","","","","","","","","","","","","","","","","","","","","","","","","","","","","","","","","","","","","","","","","","","","","","","","","","","","","","","","","","","","","","","0","0","0","ผ่าน","B"
"2564","2021","สำนักงานตำรวจแห่งชาติ","กองบัญชาการตำรวจตระเวนชายแดน","กองบังคับการตำรวจตระเวนชายแดนภาค 1","กองกำกับการตำรวจตระเวนชายแดนที่ 12","0.4709","0","0","0","0","0","1","0","0","0","0","0","0","0","0","0","0","0","0","0","0","0","0","0","0","0","0","0","0","0","0","0","0","0","0","0","0","0","0","0","0","0","0","0","0","0","0","0","0","0","0","0","0","0","0","0","0","0","0","0","0","0","0","0","1","0","0","0","0","0","0","0","0","0","0","0","2","B","ผ่าน","0","2","1","0","0","ไม่ผ่าน","D"
"2565","2022","สำนักงานตำรวจแห่งชาติ","กองบัญชาการตำรวจตระเวนชายแดน","กองบังคับการตำรวจตระเวนชายแดนภาค 1","กองกำกับการตำรวจตระเวนชายแดนที่ 12","1.4702","1","1","1","1","1","1","1","1","1","1","1","1","1","1","1","1","1","1","1","1","1","1","1","1","1","1","1","1","1","1","1","1","1","1","1","1","1","1","1","1","1","1","1","1","1","1","0","0","0","0","0","0","0","1","1","1","1","1","1","1","1","1","1","1","1","1","1","1","1","1","1","1","1","1","1","68","D","ไม่ผ่าน","0.5","35","0","1","1","ไม่ผ่าน","D"
"2566","2023","สำนักงานตำรวจแห่งชาติ","กองบัญชาการตำรวจตระเวนชายแดน","กองบังคับการตำรวจตระเวนชายแดนภาค 1","กองกำกับการตำรวจตระเวนชายแดนที่ 12","2.4695","0","0","0","0","0","0","0","0","0","0","0","0","0","0","0","0","0","0","0","0","0","0","0","0","0","0","0","0","0","0","0","0","0","0","0","0","0","0","0","0","0","0","0","0","0","0","0","0","0","0","0","0","0","1","1","1","1","1","1","1","1","1","1","1","1","1","1","1","1","1","1","1","1","1","1","22","D","ไม่ผ่าน","1","30.666667","0","2","1","ผ่าน","B"
"2567","2024","สำนักงานตำรวจแห่งชาติ","กองบัญชาการตำรวจตระเวนชายแดน","กองบังคับการตำรวจตระเวนชายแดนภาค 1","กองกำกับการตำรวจตระเวนชายแดนที่ 12","3.4716","0","0","0","0","0","0","0","0","0","0","0","0","0","0","0","0","0","0","0","0","0","0","0","0","0","0","0","0","0","0","0","0","0","0","0","0","0","0","0","0","0","0","0","0","0","0","0","0","0","0","0","0","0","0","0","0","0","0","0","1","0","0","0","0","0","0","0","0","0","0","0","0","0","0","0","1","B","ผ่าน","0.5","30.333333","1","0","1","ผ่าน","A"
"2568","2025","สำนักงานตำรวจแห่งชาติ","กองบัญชาการตำรวจตระเวนชายแดน","กองบังคับการตำรวจตระเวนชายแดนภาค 1","กองกำกับการตำรวจตระเวนชายแดนที่ 12","4.4709","0","0","0","0","0","0","0","0","0","0","0","0","0","0","0","0","0","0","0","0","0","0","0","0","0","0","0","0","0","0","0","0","0","0","0","0","0","0","0","0","0","0","0","0","0","0","0","0","0","0","0","0","0","0","0","0","0","0","0","0","0","0","0","0","0","0","0","0","0","0","0","0","0","0","0","0","A","ผ่าน","0","7.666667","2","0","1","ผ่าน","A"
"2565","2022","สำนักงานตำรวจแห่งชาติ","กองบัญชาการตำรวจตระเวนชายแดน","กองบังคับการตำรวจตระเวนชายแดนภาค 1","กองกำกับการตำรวจตระเวนชายแดนที่ 12","5.6263","","","","","","","","","","","","","","","","","","","","","","","","","","","","","","","","","","","","","","","","","","","","","","","","","","","","","","","","","","","","","","","","","","","","","","","","","","","","","","","","","0","0","0","ผ่าน","B"
"2566","2023","สำนักงานตำรวจแห่งชาติ","กองบัญชาการตำรวจตระเวนชายแดน","กองบังคับการตำรวจตระเวนชายแดนภาค 1","กองกำกับการตำรวจตระเวนชายแดนที่ 12","6.6256","0","0","0","0","0","1","0","0","0","0","0","0","0","0","0","0","0","0","0","0","0","0","0","0","0","0","0","0","0","0","0","0","0","0","0","0","0","0","0","0","0","0","0","0","0","0","0","0","0","0","0","0","0","0","0","0","0","0","0","0","0","0","0","0","0","0","0","0","0","0","0","0","0","0","0","1","B","ผ่าน","0","1","1","0","0","ผ่าน","B"
"2567","2024","สำนักงานตำรวจแห่งชาติ","กองบัญชาการตำรวจตระเวนชายแดน","กองบังคับการตำรวจตระเวนชายแดนภาค 1","กองกำกับการตำรวจตระเวนชายแดนที่ 12","7.6277","0","0","0","0","0","1","0","0","0","0","0","0","0","0","0","0","0","0","0","0","0","0","0","0","0","0","0","0","0","0","0","0","0","0","0","0","0","0","0","0","0","0","0","0","0","0","0","0","0","0","0","0","0","0","0","0","0","0","0","0","0","0","0","0","0","0","0","0","0","0","0","0","0","0","0","1","B","ผ่าน","0","1","2","0","0","ผ่าน","A"
"2568","2025","สำนักงานตำรวจแห่งชาติ","กองบัญชาการตำรวจตระเวนชายแดน","กองบังคับการตำรวจตระเวนชายแดนภาค 1","กองกำกับการตำรวจตระเวนชายแดนที่ 12","8.627","0","0","0","0","0","0","0","0","0","0","0","0","0","0","0","0","0","0","0","0","0","0","0","0","0","0","0","0","0","0","0","0","0","0","0","0","0","0","0","0","0","0","0","0","0","0","0","0","0","0","0","0","0","0","0","0","0","0","0","0","0","0","0","0","0","0","0","0","0","0","0","0","0","0","0","0","A","ผ่าน","0","0.666667","3","0","0","ผ่าน","B"
"2563","2020","สำนักงานตำรวจแห่งชาติ","กองบัญชาการตำรวจตระเวนชายแดน","กองบังคับการตำรวจตระเวนชายแดนภาค 1","กองกำกับการตำรวจตระเวนชายแดนที่ 12","3.6277","","","","","","","","","","","","","","","","","","","","","","","","","","","","","","","","","","","","","","","","","","","","","","","","","","","","","","","","","","","","","","","","","","","","","","","","","","","","","","","","","0","0","0","ผ่าน","B"
"2565","2022","สำนักงานตำรวจแห่งชาติ","กองบัญชาการตำรวจตระเวนชายแดน","กองบังคับการตำรวจตระเวนชายแดนภาค 1","กองกำกับการตำรวจตระเวนชายแดนที่ 12","5.6263","","","","","","","","","","","","","","","","","","","","","","","","","","","","","","","","","","","","","","","","","","","","","","","","","","","","","","","","","","","","","","","","","","","","","","","","","","","","","","","0","1","0","0","0","ผ่าน","A"
"2566","2023","สำนักงานตำรวจแห่งชาติ","กองบัญชาการตำรวจตระเวนชายแดน","กองบังคับการตำรวจตระเวนชายแดนภาค 1","กองกำกับการตำรวจตระเวนชายแดนที่ 12","6.6256","0","0","0","0","0","0","0","0","0","0","0","0","0","0","0","0","0","0","0","0","0","0","0","0","0","0","0","0","0","0","0","0","0","0","0","0","0","0","0","0","0","0","0","0","0","0","0","0","0","0","0","0","0","0","0","0","0","0","0","0","0","0","0","0","0","0","0","0","0","0","0","0","0","0","0","0","A","ผ่าน","0","0.5","1","0","0","ผ่าน","A"
"2567","2024","สำนักงานตำรวจแห่งชาติ","กองบัญชาการตำรวจตระเวนชายแดน","กองบังคับการตำรวจตระเวนชายแดนภาค 1","กองกำกับการตำรวจตระเวนชายแดนที่ 12","7.6277","0","0","0","0","0","0","0","0","0","0","0","0","0","0","0","0","0","0","0","0","0","0","0","0","0","0","0","0","0","0","0","0","0","0","0","0","0","0","0","0","0","0","0","0","0","0","0","0","0","0","0","0","0","0","0","0","0","0","0","0","0","0","0","0","0","0","0","0","0","0","0","0","0","0","0","0","A","ผ่าน","0","0","2","0","0","ผ่าน","A"
"2568","2025","สำนักงานตำรวจแห่งชาติ","กองบัญชาการตำรวจตระเวนชายแดน","กองบังคับการตำรวจตระเวนชายแดนภาค 1","กองกำกับการตำรวจตระเวนชายแดนที่ 12","8.627","0","0","0","0","0","0","0","0","0","0","0","0","0","0","0","0","0","0","0","0","0","0","0","0","0","0","0","0","0","0","0","0","0","0","0","0","0","0","0","0","0","0","0","0","0","0","0","0","0","0","0","0","0","0","0","0","0","0","0","0","0","0","0","0","0","0","0","0","0","0","0","0","0","0","0","0","A","ผ่าน","0","0","3","0","0","ผ่าน","A"
"2564","2021","สำนักงานตำรวจแห่งชาติ","กองบัญชาการตำรวจตระเวนชายแดน","กองบังคับการตำรวจตระเวนชายแดนภาค 1","กองกำกับการตำรวจตระเวนชายแดนที่ 12","","","","","","","","","","","","","","","","","","","","","","","","","","","","","","","","","","","","","","","","","","","","","","","","","","","","","","","","","","","","","","","","","","","","","","","","","","","","","","","","","","0","0","0","ผ่าน","A"
"2565","2022","สำนักงานตำรวจแห่งชาติ","กองบัญชาการตำรวจตระเวนชายแดน","กองบังคับการตำรวจตระเวนชายแดนภาค 1","กองกำกับการตำรวจตระเวนชายแดนที่ 12","","0","0","0","0","0","0","0","0","0","0","0","0","0","0","0","0","0","0","0","0","0","0","0","0","0","0","0","0","0","0","0","0","0","0","0","0","0","0","0","0","0","0","0","0","0","0","0","0","0","0","0","0","0","0","0","0","0","0","0","0","0","0","0","0","0","0","0","0","0","0","0","0","0","0","0","0","A","ผ่าน","0","0","1","0","0","ผ่าน","A"
"2566","2023","สำนักงานตำรวจแห่งชาติ","กองบัญชาการตำรวจตระเวนชายแดน","กองบังคับการตำรวจตระเวนชายแดนภาค 1","กองกำกับการตำรวจตระเวนชายแดนที่ 12","","0","0","0","0","0","0","0","0","0","0","0","0","0","0","0","0","0","0","0","0","0","0","0","0","0","0","0","0","0","0","0","0","0","0","0","0","0","0","0","0","0","0","0","0","0","0","0","0","0","0","0","0","0","0","0","0","0","0","0","0","0","0","0","0","0","0","0","0","0","0","0","0","0","0","0","0","A","ผ่าน","0","0","2","0","0","ผ่าน","A"
"2567","2024","สำนักงานตำรวจแห่งชาติ","กองบัญชาการตำรวจตระเวนชายแดน","กองบังคับการตำรวจตระเวนชายแดนภาค 1","กองกำกับการตำรวจตระเวนชายแดนที่ 12","","0","0","0","0","0","0","0","0","0","0","0","0","0","0","0","0","0","0","0","0","0","0","0","0","0","0","0","0","0","0","0","0","0","0","0","0","0","0","0","0","0","0","0","0","0","0","0","0","0","0","0","0","0","0","0","0","0","0","0","0","0","0","0","0","0","0","0","0","0","0","0","0","0","0","0","0","A","ผ่าน","0","0","3","0","0","ผ่าน","B"
"2568","2025","สำนักงานตำรวจแห่งชาติ","กองบัญชาการตำรวจตระเวนชายแดน","กองบังคับการตำรวจตระเวนชายแดนภาค 1","กองกำกับการตำรวจตระเวนชายแดนที่ 12","","0","0","0","0","0","0","0","0","0","0","0","0","0","0","0","0","0","0","0","0","0","0","0","0","0","0","0","0","0","0","0","0","0","0","0","0","0","0","0","0","0","0","0","0","0","0","0","0","0","0","0","0","0","0","0","1","0","0","0","0","0","0","0","0","0","0","0","0","0","0","0","0","0","0","0","1","B","ผ่าน","0","0.333333","4","0","0","ผ่าน","A"
"2564","2021","สำนักงานตำรวจแห่งชาติ","กองบัญชาการตำรวจตระเวนชายแดน","กองบังคับการตำรวจตระเวนชายแดนภาค 1","กองกำกับการตำรวจตระเวนชายแดนที่ 12","51.1786","","","","","","","","","","","","","","","","","","","","","","","","","","","","","","","","","","","","","","","","","","","","","","","","","","","","","","","","","","","","","","","","","","","","","","","","","","","","","","","","","0","0","0","ผ่าน","A"
"2565","2022","สำนักงานตำรวจแห่งชาติ","กองบัญชาการตำรวจตระเวนชายแดน","กองบังคับการตำรวจตระเวนชายแดนภาค 1","กองกำกับการตำรวจตระเวนชายแดนที่ 12","52.178","0","0","0","0","0","0","0","0","0","0","0","0","0","0","0","0","0","0","0","0","0","0","0","0","0","0","0","0","0","0","0","0","0","0","0","0","0","0","0","0","0","0","0","0","0","0","0","0","0","0","0","0","0","0","0","0","0","0","0","0","0","0","0","0","0","0","0","0","0","0","0","0","0","0","0","0","A","ผ่าน","0","0","1","0","0","ผ่าน","A"
"2566","2023","สำนักงานตำรวจแห่งชาติ","กองบัญชาการตำรวจตระเวนชายแดน","กองบังคับการตำรวจตระเวนชายแดนภาค 1","กองกำกับการตำรวจตระเวนชายแดนที่ 12","53.1773","0","0","0","0","0","0","0","0","0","0","0","0","0","0","0","0","0","0","0","0","0","0","0","0","0","0","0","0","0","0","0","0","0","0","0","0","0","0","0","0","0","0","0","0","0","0","0","0","0","0","0","0","0","0","0","0","0","0","0","0","0","0","0","0","0","0","0","0","0","0","0","0","0","0","0","0","A","ผ่าน","0","0","2","0","0","ผ่าน","A"
"2567","2024","สำนักงานตำรวจแห่งชาติ","กองบัญชาการตำรวจตระเวนชายแดน","กองบังคับการตำรวจตระเวนชายแดนภาค 1","กองกำกับการตำรวจตระเวนชายแดนที่ 12","54.1793","0","0","0","0","0","0","0","0","0","0","0","0","0","0","0","0","0","0","0","0","0","0","0","0","0","0","0","0","0","0","0","0","0","0","0","0","0","0","0","0","0","0","0","0","0","0","0","0","0","0","0","0","0","0","0","0","0","0","0","0","0","0","0","0","0","0","0","0","0","0","0","0","0","0","0","0","A","ผ่าน","0","0","3","0","0","ผ่าน","A"
"2568","2025","สำนักงานตำรวจแห่งชาติ","กองบัญชาการตำรวจตระเวนชายแดน","กองบังคับการตำรวจตระเวนชายแดนภาค 1","กองกำกับการตำรวจตระเวนชายแดนที่ 12","55.1786","0","0","0","0","0","0","0","0","0","0","0","0","0","0","0","0","0","0","0","0","0","0","0","0","0","0","0","0","0","0","0","0","0","0","0","0","0","0","0","0","0","0","0","0","0","0","0","0","0","0","0","0","0","0","0","0","0","0","0","0","0","0","0","0","0","0","0","0","0","0","0","0","0","0","0","0","A","ผ่าน","0","0","4","0","0","ผ่าน","A"
"2563","2020","สำนักงานตำรวจแห่งชาติ","กองบัญชาการตำรวจตระเวนชายแดน","กองบังคับการตำรวจตระเวนชายแดนภาค 1","กองกำกับการตำรวจตระเวนชายแดนที่ 12","","","","","","","","","","","","","","","","","","","","","","","","","","","","","","","","","","","","","","","","","","","","","","","","","","","","","","","","","","","","","","","","","","","","","","","","","","","","","","","","","","0","0","0","ผ่าน","A"
"2564","2021","สำนักงานตำรวจแห่งชาติ","กองบัญชาการตำรวจตระเวนชายแดน","กองบังคับการตำรวจตระเวนชายแดนภาค 1","กองกำกับการตำรวจตระเวนชายแดนที่ 12","","0","0","0","0","0","0","0","0","0","0","0","0","0","0","0","0","0","0","0","0","0","0","0","0","0","0","0","0","0","0","0","0","0","0","0","0","0","0","0","0","0","0","0","0","0","0","0","0","0","0","0","0","0","0","0","0","0","0","0","0","0","0","0","0","0","0","0","0","0","0","0","0","0","0","0","0","A","ผ่าน","0","0","1","0","0","ผ่าน","A"
"2565","2022","สำนักงานตำรวจแห่งชาติ","กองบัญชาการตำรวจตระเวนชายแดน","กองบังคับการตำรวจตระเวนชายแดนภาค 1","กองกำกับการตำรวจตระเวนชายแดนที่ 12","","0","0","0","0","0","0","0","0","0","0","0","0","0","0","0","0","0","0","0","0","0","0","0","0","0","0","0","0","0","0","0","0","0","0","0","0","0","0","0","0","0","0","0","0","0","0","0","0","0","0","0","0","0","0","0","0","0","0","0","0","0","0","0","0","0","0","0","0","0","0","0","0","0","0","0","0","A","ผ่าน","0","0","2","0","0","ผ่าน","A"
"2566","2023","สำนักงานตำรวจแห่งชาติ","กองบัญชาการตำรวจตระเวนชายแดน","กองบังคับการตำรวจตระเวนชายแดนภาค 1","กองกำกับการตำรวจตระเวนชายแดนที่ 12","","0","0","0","0","0","0","0","0","0","0","0","0","0","0","0","0","0","0","0","0","0","0","0","0","0","0","0","0","0","0","0","0","0","0","0","0","0","0","0","0","0","0","0","0","0","0","0","0","0","0","0","0","0","0","0","0","0","0","0","0","0","0","0","0","0","0","0","0","0","0","0","0","0","0","0","0","A","ผ่าน","0","0","3","0","0","ผ่าน","A"
"2567","2024","สำนักงานตำรวจแห่งชาติ","กองบัญชาการตำรวจตระเวนชายแดน","กองบังคับการตำรวจตระเวนชายแดนภาค 1","กองกำกับการตำรวจตระเวนชายแดนที่ 12","","0","0","0","0","0","0","0","0","0","0","0","0","0","0","0","0","0","0","0","0","0","0","0","0","0","0","0","0","0","0","0","0","0","0","0","0","0","0","0","0","0","0","0","0","0","0","0","0","0","0","0","0","0","0","0","0","0","0","0","0","0","0","0","0","0","0","0","0","0","0","0","0","0","0","0","0","A","ผ่าน","0","0","4","0","0","ผ่าน","A"
"2568","2025","สำนักงานตำรวจแห่งชาติ","กองบัญชาการตำรวจตระเวนชายแดน","กองบังคับการตำรวจตระเวนชายแดนภาค 1","กองกำกับการตำรวจตระเวนชายแดนที่ 12","0.5777","0","0","0","0","0","0","0","0","0","0","0","0","0","0","0","0","0","0","0","0","0","0","0","0","0","0","0","0","0","0","0","0","0","0","0","0","0","0","0","0","0","0","0","0","0","0","0","0","0","0","0","0","0","0","0","0","0","0","0","0","0","0","0","0","0","0","0","0","0","0","0","0","0","0","0","0","A","ผ่าน","0","0","5","0","0","ผ่าน","A"
"2563","2020","สำนักงานตำรวจแห่งชาติ","กองบัญชาการตำรวจตระเวนชายแดน","กองบังคับการตำรวจตระเวนชายแดนภาค 1","กองกำกับการตำรวจตระเวนชายแดนที่ 12","38.8912","","","","","","","","","","","","","","","","","","","","","","","","","","","","","","","","","","","","","","","","","","","","","","","","","","","","","","","","","","","","","","","","","","","","","","","","","","","","","","","","","0","0","0","ผ่าน","A"
"2564","2021","สำนักงานตำรวจแห่งชาติ","กองบัญชาการตำรวจตระเวนชายแดน","กองบังคับการตำรวจตระเวนชายแดนภาค 1","กองกำกับการตำรวจตระเวนชายแดนที่ 12","39.8905","0","0","0","0","0","0","0","0","0","0","0","0","0","0","0","0","0","0","0","0","0","0","0","0","0","0","0","0","0","0","0","0","0","0","0","0","0","0","0","0","0","0","0","0","0","0","0","0","0","0","0","0","0","0","0","0","0","0","0","0","0","0","0","0","0","0","0","0","0","0","0","0","0","0","0","0","A","ผ่าน","0","0","1","0","0","ผ่าน","A"
"2565","2022","สำนักงานตำรวจแห่งชาติ","กองบัญชาการตำรวจตระเวนชายแดน","กองบังคับการตำรวจตระเวนชายแดนภาค 1","กองกำกับการตำรวจตระเวนชายแดนที่ 12","40.8898","0","0","0","0","0","0","0","0","0","0","0","0","0","0","0","0","0","0","0","0","0","0","0","0","0","0","0","0","0","0","0","0","0","0","0","0","0","0","0","0","0","0","0","0","0","0","0","0","0","0","0","0","0","0","0","0","0","0","0","0","0","0","0","0","0","0","0","0","0","0","0","0","0","0","0","0","A","ผ่าน","0","0","2","0","0","ผ่าน","A"
"2566","2023","สำนักงานตำรวจแห่งชาติ","กองบัญชาการตำรวจตระเวนชายแดน","กองบังคับการตำรวจตระเวนชายแดนภาค 1","กองกำกับการตำรวจตระเวนชายแดนที่ 12","41.8891","0","0","0","0","0","0","0","0","0","0","0","0","0","0","0","0","0","0","0","0","0","0","0","0","0","0","0","0","0","0","0","0","0","0","0","0","0","0","0","0","0","0","0","0","0","0","0","0","0","0","0","0","0","0","0","0","0","0","0","0","0","0","0","0","0","0","0","0","0","0","0","0","0","0","0","0","A","ผ่าน","0","0","3","0","0","ผ่าน","A"
"2567","2024","สำนักงานตำรวจแห่งชาติ","กองบัญชาการตำรวจตระเวนชายแดน","กองบังคับการตำรวจตระเวนชายแดนภาค 1","กองกำกับการตำรวจตระเวนชายแดนที่ 12","42.8912","0","0","0","0","0","0","0","0","0","0","0","0","0","0","0","0","0","0","0","0","0","0","0","0","0","0","0","0","0","0","0","0","0","0","0","0","0","0","0","0","0","0","0","0","0","0","0","0","0","0","0","0","0","0","0","0","0","0","0","0","0","0","0","0","0","0","0","0","0","0","0","0","0","0","0","0","A","ผ่าน","0","0","4","0","0","ผ่าน","A"
"2568","2025","สำนักงานตำรวจแห่งชาติ","กองบัญชาการตำรวจตระเวนชายแดน","กองบังคับการตำรวจตระเวนชายแดนภาค 1","กองกำกับการตำรวจตระเวนชายแดนที่ 12","43.8905","0","0","0","0","0","0","0","0","0","0","0","0","0","0","0","0","0","0","0","0","0","0","0","0","0","0","0","0","0","0","0","0","0","0","0","0","0","0","0","0","0","0","0","0","0","0","0","0","0","0","0","0","0","0","0","0","0","0","0","0","0","0","0","0","0","0","0","0","0","0","0","0","0","0","0","0","A","ผ่าน","0","0","5","0","0","ผ่าน","A"
"2563","2020","สำนักงานตำรวจแห่งชาติ","กองบัญชาการตำรวจตระเวนชายแดน","กองบังคับการตำรวจตระเวนชายแดนภาค 1","กองกำกับการตำรวจตระเวนชายแดนที่ 12","43.5318","","","","","","","","","","","","","","","","","","","","","","","","","","","","","","","","","","","","","","","","","","","","","","","","","","","","","","","","","","","","","","","","","","","","","","","","","","","","","","","","","0","0","0","ผ่าน","B"
"2565","2022","สำนักงานตำรวจแห่งชาติ","กองบัญชาการตำรวจตระเวนชายแดน","กองบังคับการตำรวจตระเวนชายแดนภาค 1","กองกำกับการตำรวจตระเวนชายแดนที่ 12","45.5305","","","","","","","","","","","","","","","","","","","","","","","","","","","","","","","","","","","","","","","","","","","","","","","","","","","","","","","","","","","","","","","","","","","","","","","","","","","","","","","0","5","0","0","0","ผ่าน","A"
"2566","2023","สำนักงานตำรวจแห่งชาติ","กองบัญชาการตำรวจตระเวนชายแดน","กองบังคับการตำรวจตระเวนชายแดนภาค 1","กองกำกับการตำรวจตระเวนชายแดนที่ 12","46.5298","0","0","0","0","0","0","0","0","0","0","0","0","0","0","0","0","0","0","0","0","0","0","0","0","0","0","0","0","0","0","0","0","0","0","0","0","0","0","0","0","0","0","0","0","0","0","0","0","0","0","0","0","0","0","0","0","0","0","0","0","0","0","0","0","0","0","0","0","0","0","0","0","0","0","0","0","A","ผ่าน","0","2.5","1","0","0","ผ่าน","A"
"2567","2024","สำนักงานตำรวจแห่งชาติ","กองบัญชาการตำรวจตระเวนชายแดน","กองบังคับการตำรวจตระเวนชายแดนภาค 1","กองกำกับการตำรวจตระเวนชายแดนที่ 12","47.5318","0","0","0","0","0","0","0","0","0","0","0","0","0","0","0","0","0","0","0","0","0","0","0","0","0","0","0","0","0","0","0","0","0","0","0","0","0","0","0","0","0","0","0","0","0","0","0","0","0","0","0","0","0","0","0","0","0","0","0","0","0","0","0","0","0","0","0","0","0","0","0","0","0","0","0","0","A","ผ่าน","0","0","2","0","0","ผ่าน","A"
"2568","2025","สำนักงานตำรวจแห่งชาติ","กองบัญชาการตำรวจตระเวนชายแดน","กองบังคับการตำรวจตระเวนชายแดนภาค 1","กองกำกับการตำรวจตระเวนชายแดนที่ 12","48.5311","0","0","0","0","0","0","0","0","0","0","0","0","0","0","0","0","0","0","0","0","0","0","0","0","0","0","0","0","0","0","0","0","0","0","0","0","0","0","0","0","0","0","0","0","0","0","0","0","0","0","0","0","0","0","0","0","0","0","0","0","0","0","0","0","0","0","0","0","0","0","0","0","0","0","0","0","A","ผ่าน","0","0","3","0","0","ผ่าน","A"
"2563","2020","สำนักงานตำรวจแห่งชาติ","กองบัญชาการตำรวจตระเวนชายแดน","กองบังคับการตำรวจตระเวนชายแดนภาค 1","กองกำกับการตำรวจตระเวนชายแดนที่ 12","","","","","","","","","","","","","","","","","","","","","","","","","","","","","","","","","","","","","","","","","","","","","","","","","","","","","","","","","","","","","","","","","","","","","","","","","","","","","","","","","","0","0","0","ผ่าน","B"
"2564","2021","สำนักงานตำรวจแห่งชาติ","กองบัญชาการตำรวจตระเวนชายแดน","กองบังคับการตำรวจตระเวนชายแดนภาค 1","กองกำกับการตำรวจตระเวนชายแดนที่ 12","","0","0","0","0","0","1","0","0","0","0","0","0","0","0","0","0","0","0","0","0","0","0","0","0","0","0","0","0","0","0","0","0","0","0","0","0","0","0","0","0","0","0","0","0","0","0","0","0","0","0","0","0","0","0","0","0","0","0","0","0","0","0","0","0","0","0","0","0","0","0","0","0","0","0","0","1","B","ผ่าน","0","1","1","0","0","ผ่าน","A"
"2565","2022","สำนักงานตำรวจแห่งชาติ","กองบัญชาการตำรวจตระเวนชายแดน","กองบังคับการตำรวจตระเวนชายแดนภาค 1","กองกำกับการตำรวจตระเวนชายแดนที่ 12","","0","0","0","0","0","0","0","0","0","0","0","0","0","0","0","0","0","0","0","0","0","0","0","0","0","0","0","0","0","0","0","0","0","0","0","0","0","0","0","0","0","0","0","0","0","0","0","0","0","0","0","0","0","0","0","0","0","0","0","0","0","0","0","0","0","0","0","0","0","0","0","0","0","0","0","0","A","ผ่าน","0","0.5","2","0","0","ผ่าน","A"
"2566","2023","สำนักงานตำรวจแห่งชาติ","กองบัญชาการตำรวจตระเวนชายแดน","กองบังคับการตำรวจตระเวนชายแดนภาค 1","กองกำกับการตำรวจตระเวนชายแดนที่ 12","","0","0","0","0","0","0","0","0","0","0","0","0","0","0","0","0","0","0","0","0","0","0","0","0","0","0","0","0","0","0","0","0","0","0","0","0","0","0","0","0","0","0","0","0","0","0","0","0","0","0","0","0","0","0","0","0","0","0","0","0","0","0","0","0","0","0","0","0","0","0","0","0","0","0","0","0","A","ผ่าน","0","0.333333","3","0","0","ผ่าน","A"
"2567","2024","สำนักงานตำรวจแห่งชาติ","กองบัญชาการตำรวจตระเวนชายแดน","กองบังคับการตำรวจตระเวนชายแดนภาค 1","กองกำกับการตำรวจตระเวนชายแดนที่ 12","","0","0","0","0","0","0","0","0","0","0","0","0","0","0","0","0","0","0","0","0","0","0","0","0","0","0","0","0","0","0","0","0","0","0","0","0","0","0","0","0","0","0","0","0","0","0","0","0","0","0","0","0","0","0","0","0","0","0","0","0","0","0","0","0","0","0","0","0","0","0","0","0","0","0","0","0","A","ผ่าน","0","0","4","0","0","ผ่าน","A"
"2568","2025","สำนักงานตำรวจแห่งชาติ","กองบัญชาการตำรวจตระเวนชายแดน","กองบังคับการตำรวจตระเวนชายแดนภาค 1","กองกำกับการตำรวจตระเวนชายแดนที่ 12","","0","0","0","0","0","0","0","0","0","0","0","0","0","0","0","0","0","0","0","0","0","0","0","0","0","0","0","0","0","0","0","0","0","0","0","0","0","0","0","0","0","0","0","0","0","0","0","0","0","0","0","0","0","0","0","0","0","0","0","0","0","0","0","0","0","0","0","0","0","0","0","0","0","0","0","0","A","ผ่าน","0","0","5","0","0","ผ่าน","A"
"2563","2020","สำนักงานตำรวจแห่งชาติ","กองบัญชาการตำรวจตระเวนชายแดน","กองบังคับการตำรวจตระเวนชายแดนภาค 1","กองกำกับการตำรวจตระเวนชายแดนที่ 12","25.5852","","","","","","","","","","","","","","","","","","","","","","","","","","","","","","","","","","","","","","","","","","","","","","","","","","","","","","","","","","","","","","","","","","","","","","","","","","","","","","","","","0","0","0","ผ่าน","A"
"2564","2021","สำนักงานตำรวจแห่งชาติ","กองบัญชาการตำรวจตระเวนชายแดน","กองบังคับการตำรวจตระเวนชายแดนภาค 1","กองกำกับการตำรวจตระเวนชายแดนที่ 12","26.5845","0","0","0","0","0","0","0","0","0","0","0","0","0","0","0","0","0","0","0","0","0","0","0","0","0","0","0","0","0","0","0","0","0","0","0","0","0","0","0","0","0","0","0","0","0","0","0","0","0","0","0","0","0","0","0","0","0","0","0","0","0","0","0","0","0","0","0","0","0","0","0","0","0","0","0","0","A","ผ่าน","0","0","1","0","0","ผ่าน","A"
"2565","2022","สำนักงานตำรวจแห่งชาติ","กองบัญชาการตำรวจตระเวนชายแดน","กองบังคับการตำรวจตระเวนชายแดนภาค 1","กองกำกับการตำรวจตระเวนชายแดนที่ 12","27.5838","0","0","0","0","0","0","0","0","0","0","0","0","0","0","0","0","0","0","0","0","0","0","0","0","0","0","0","0","0","0","0","0","0","0","0","0","0","0","0","0","0","0","0","0","0","0","0","0","0","0","0","0","0","0","0","0","0","0","0","0","0","0","0","0","0","0","0","0","0","0","0","0","0","0","0","0","A","ผ่าน","0","0","2","0","0","ผ่าน","A"
"2566","2023","สำนักงานตำรวจแห่งชาติ","กองบัญชาการตำรวจตระเวนชายแดน","กองบังคับการตำรวจตระเวนชายแดนภาค 1","กองกำกับการตำรวจตระเวนชายแดนที่ 12","28.5832","0","0","0","0","0","0","0","0","0","0","0","0","0","0","0","0","0","0","0","0","0","0","0","0","0","0","0","0","0","0","0","0","0","0","0","0","0","0","0","0","0","0","0","0","0","0","0","0","0","0","0","0","0","0","0","0","0","0","0","0","0","0","0","0","0","0","0","0","0","0","0","0","0","0","0","0","A","ผ่าน","0","0","3","0","0","ผ่าน","A"
"2567","2024","สำนักงานตำรวจแห่งชาติ","กองบัญชาการตำรวจตระเวนชายแดน","กองบังคับการตำรวจตระเวนชายแดนภาค 1","กองกำกับการตำรวจตระเวนชายแดนที่ 12","29.5852","0","0","0","0","0","0","0","0","0","0","0","0","0","0","0","0","0","0","0","0","0","0","0","0","0","0","0","0","0","0","0","0","0","0","0","0","0","0","0","0","0","0","0","0","0","0","0","0","0","0","0","0","0","0","0","0","0","0","0","0","0","0","0","0","0","0","0","0","0","0","0","0","0","0","0","0","A","ผ่าน","0","0","4","0","0","ผ่าน","A"
"2568","2025","สำนักงานตำรวจแห่งชาติ","กองบัญชาการตำรวจตระเวนชายแดน","กองบังคับการตำรวจตระเวนชายแดนภาค 1","กองกำกับการตำรวจตระเวนชายแดนที่ 12","30.5845","0","0","0","0","0","0","0","0","0","0","0","0","0","0","0","0","0","0","0","0","0","0","0","0","0","0","0","0","0","0","0","0","0","0","0","0","0","0","0","0","0","0","0","0","0","0","0","0","0","0","0","0","0","0","0","0","0","0","0","0","0","0","0","0","0","0","0","0","0","0","0","0","0","0","0","0","A","ผ่าน","0","0","5","0","0","ผ่าน","A"
"2566","2023","สำนักงานตำรวจแห่งชาติ","กองบัญชาการตำรวจตระเวนชายแดน","กองบังคับการตำรวจตระเวนชายแดนภาค 2","กองกำกับการตำรวจตระเวนชายแดนที่ 21","9.6263","","","","","","","","","","","","","","","","","","","","","","","","","","","","","","","","","","","","","","","","","","","","","","","","","","","","","","","","","","","","","","","","","","","","","","","","","","","","","","","","","0","0","0","ผ่าน","B"
"2563","2020","สำนักงานตำรวจแห่งชาติ","กองบัญชาการตำรวจตระเวนชายแดน","กองบังคับการตำรวจตระเวนชายแดนภาค 2","กองกำกับการตำรวจตระเวนชายแดนที่ 21","","","","","","","","","","","","","","","","","","","","","","","","","","","","","","","","","","","","","","","","","","","","","","","","","","","","","","","","","","","","","","","","","","","","","","","","","","","","","","","","","","0","0","0","ผ่าน","B"
"2564","2021","สำนักงานตำรวจแห่งชาติ","กองบัญชาการตำรวจตระเวนชายแดน","กองบังคับการตำรวจตระเวนชายแดนภาค 2","กองกำกับการตำรวจตระเวนชายแดนที่ 21","","0","0","0","1","0","0","0","0","0","0","0","0","1","0","1","0","0","0","0","0","0","0","0","0","0","0","0","0","0","0","0","0","0","0","0","0","0","0","0","0","0","0","0","0","0","0","0","0","0","0","0","0","0","0","0","0","0","0","0","0","0","0","0","0","0","0","0","0","0","0","0","0","0","0","0","3","B","ผ่าน","0","3","1","0","0","ผ่าน","B"
"2565","2022","สำนักงานตำรวจแห่งชาติ","กองบัญชาการตำรวจตระเวนชายแดน","กองบังคับการตำรวจตระเวนชายแดนภาค 2","กองกำกับการตำรวจตระเวนชายแดนที่ 21","","0","0","0","0","0","1","0","0","0","0","0","0","0","0","0","0","0","0","0","0","0","0","0","0","0","0","0","0","0","0","1","0","0","0","0","0","0","0","0","0","0","0","0","0","0","0","0","0","0","0","0","0","0","0","0","0","0","0","0","0","0","0","0","0","0","0","0","0","0","0","0","0","0","0","0","2","B","ผ่าน","0","2.5","2","0","0","ผ่าน","B"
"2566","2023","สำนักงานตำรวจแห่งชาติ","กองบัญชาการตำรวจตระเวนชายแดน","กองบังคับการตำรวจตระเวนชายแดนภาค 2","กองกำกับการตำรวจตระเวนชายแดนที่ 21","","0","0","0","0","0","0","0","0","0","0","0","1","0","0","0","0","0","0","0","0","0","0","0","0","0","0","0","0","0","0","0","0","0","0","0","0","0","0","0","0","0","0","0","0","0","0","0","0","0","0","0","0","0","0","0","0","0","0","0","0","0","0","0","0","0","0","0","0","0","0","0","0","0","0","0","1","B","ผ่าน","0","2","3","0","0","ผ่าน","B"
"2567","2024","สำนักงานตำรวจแห่งชาติ","กองบัญชาการตำรวจตระเวนชายแดน","กองบังคับการตำรวจตระเวนชายแดนภาค 2","กองกำกับการตำรวจตระเวนชายแดนที่ 21","","0","0","0","0","0","1","0","0","0","0","0","0","0","0","0","0","0","0","0","0","0","0","0","0","0","0","0","0","0","0","0","0","0","0","0","0","0","0","0","0","0","0","0","0","0","0","0","0","0","0","0","0","0","0","0","0","0","0","0","0","0","0","0","0","0","0","0","0","0","0","0","0","0","0","0","1","B","ผ่าน","0","1.333333","4","0","0","ผ่าน","A"
"2568","2025","สำนักงานตำรวจแห่งชาติ","กองบัญชาการตำรวจตระเวนชายแดน","กองบังคับการตำรวจตระเวนชายแดนภาค 2","กองกำกับการตำรวจตระเวนชายแดนที่ 21","","0","0","0","0","0","0","0","0","0","0","0","0","0","0","0","0","0","0","0","0","0","0","0","0","0","0","0","0","0","0","0","0","0","0","0","0","0","0","0","0","0","0","0","0","0","0","0","0","0","0","0","0","0","0","0","0","0","0","0","0","0","0","0","0","0","0","0","0","0","0","0","0","0","0","0","0","A","ผ่าน","0","0.666667","5","0","0","ผ่าน","A"
"2566","2023","สำนักงานตำรวจแห่งชาติ","กองบัญชาการตำรวจตระเวนชายแดน","กองบังคับการตำรวจตระเวนชายแดนภาค 2","กองกำกับการตำรวจตระเวนชายแดนที่ 21","31.9316","","","","","","","","","","","","","","","","","","","","","","","","","","","","","","","","","","","","","","","","","","","","","","","","","","","","","","","","","","","","","","","","","","","","","","","","","","","","","","","","","0","0","0","ผ่าน","A"
"2567","2024","สำนักงานตำรวจแห่งชาติ","กองบัญชาการตำรวจตระเวนชายแดน","กองบังคับการตำรวจตระเวนชายแดนภาค 2","กองกำกับการตำรวจตระเวนชายแดนที่ 21","32.9336","0","0","0","0","0","0","0","0","0","0","0","0","0","0","0","0","0","0","0","0","0","0","0","0","0","0","0","0","0","0","0","0","0","0","0","0","0","0","0","0","0","0","0","0","0","0","0","0","0","0","0","0","0","0","0","0","0","0","0","0","0","0","0","0","0","0","0","0","0","0","0","0","0","0","0","0","A","ผ่าน","0","0","1","0","0","ผ่าน","A"
"2568","2025","สำนักงานตำรวจแห่งชาติ","กองบัญชาการตำรวจตระเวนชายแดน","กองบังคับการตำรวจตระเวนชายแดนภาค 2","กองกำกับการตำรวจตระเวนชายแดนที่ 21","33.9329","0","0","0","0","0","0","0","0","0","0","0","0","0","0","0","0","0","0","0","0","0","0","0","0","0","0","0","0","0","0","0","0","0","0","0","0","0","0","0","0","0","0","0","0","0","0","0","0","0","0","0","0","0","0","0","0","0","0","0","0","0","0","0","0","0","0","0","0","0","0","0","0","0","0","0","0","A","ผ่าน","0","0","2","0","0","ผ่าน","A"
"2563","2020","สำนักงานตำรวจแห่งชาติ","กองบัญชาการตำรวจตระเวนชายแดน","กองบังคับการตำรวจตระเวนชายแดนภาค 2","กองกำกับการตำรวจตระเวนชายแดนที่ 21","","","","","","","","","","","","","","","","","","","","","","","","","","","","","","","","","","","","","","","","","","","","","","","","","","","","","","","","","","","","","","","","","","","","","","","","","","","","","","","","","","0","0","0","ผ่าน","B"
"2564","2021","สำนักงานตำรวจแห่งชาติ","กองบัญชาการตำรวจตระเวนชายแดน","กองบังคับการตำรวจตระเวนชายแดนภาค 2","กองกำกับการตำรวจตระเวนชายแดนที่ 21","","0","0","0","0","0","0","0","0","0","0","0","0","0","0","0","0","0","0","0","0","0","0","0","0","0","0","0","0","0","0","0","0","0","0","0","0","0","0","0","0","0","0","0","0","0","0","0","0","0","0","0","0","0","0","0","0","0","0","0","0","0","0","0","1","1","0","0","0","0","0","0","0","0","0","0","2","B","ผ่าน","0","2","1","0","0","ผ่าน","A"
"2565","2022","สำนักงานตำรวจแห่งชาติ","กองบัญชาการตำรวจตระเวนชายแดน","กองบังคับการตำรวจตระเวนชายแดนภาค 2","กองกำกับการตำรวจตระเวนชายแดนที่ 21","","0","0","0","0","0","0","0","0","0","0","0","0","0","0","0","0","0","0","0","0","0","0","0","0","0","0","0","0","0","0","0","0","0","0","0","0","0","0","0","0","0","0","0","0","0","0","0","0","0","0","0","0","0","0","0","0","0","0","0","0","0","0","0","0","0","0","0","0","0","0","0","0","0","0","0","0","A","ผ่าน","0","1","2","0","0","ผ่าน","A"
"2566","2023","สำนักงานตำรวจแห่งชาติ","กองบัญชาการตำรวจตระเวนชายแดน","กองบังคับการตำรวจตระเวนชายแดนภาค 2","กองกำกับการตำรวจตระเวนชายแดนที่ 21","","0","0","0","0","0","0","0","0","0","0","0","0","0","0","0","0","0","0","0","0","0","0","0","0","0","0","0","0","0","0","0","0","0","0","0","0","0","0","0","0","0","0","0","0","0","0","0","0","0","0","0","0","0","0","0","0","0","0","0","0","0","0","0","0","0","0","0","0","0","0","0","0","0","0","0","0","A","ผ่าน","0","0.666667","3","0","0","ผ่าน","A"
"2567","2024","สำนักงานตำรวจแห่งชาติ","กองบัญชาการตำรวจตระเวนชายแดน","กองบังคับการตำรวจตระเวนชายแดนภาค 2","กองกำกับการตำรวจตระเวนชายแดนที่ 21","","0","0","0","0","0","0","0","0","0","0","0","0","0","0","0","0","0","0","0","0","0","0","0","0","0","0","0","0","0","0","0","0","0","0","0","0","0","0","0","0","0","0","0","0","0","0","0","0","0","0","0","0","0","0","0","0","0","0","0","0","0","0","0","0","0","0","0","0","0","0","0","0","0","0","0","0","A","ผ่าน","0","0","4","0","0","ผ่าน","A"
"2568","2025","สำนักงานตำรวจแห่งชาติ","กองบัญชาการตำรวจตระเวนชายแดน","กองบังคับการตำรวจตระเวนชายแดนภาค 2","กองกำกับการตำรวจตระเวนชายแดนที่ 21","","0","0","0","0","0","0","0","0","0","0","0","0","0","0","0","0","0","0","0","0","0","0","0","0","0","0","0","0","0","0","0","0","0","0","0","0","0","0","0","0","0","0","0","0","0","0","0","0","0","0","0","0","0","0","0","0","0","0","0","0","0","0","0","0","0","0","0","0","0","0","0","0","0","0","0","0","A","ผ่าน","0","0","5","0","0","ผ่าน","A"
"2563","2020","สำนักงานตำรวจแห่งชาติ","กองบัญชาการตำรวจตระเวนชายแดน","กองบังคับการตำรวจตระเวนชายแดนภาค 2","กองกำกับการตำรวจตระเวนชายแดนที่ 21","23.7563","","","","","","","","","","","","","","","","","","","","","","","","","","","","","","","","","","","","","","","","","","","","","","","","","","","","","","","","","","","","","","","","","","","","","","","","","","","","","","","","","0","0","0","ผ่าน","A"
"2564","2021","สำนักงานตำรวจแห่งชาติ","กองบัญชาการตำรวจตระเวนชายแดน","กองบังคับการตำรวจตระเวนชายแดนภาค 2","กองกำกับการตำรวจตระเวนชายแดนที่ 21","24.7556","0","0","0","0","0","0","0","0","0","0","0","0","0","0","0","0","0","0","0","0","0","0","0","0","0","0","0","0","0","0","0","0","0","0","0","0","0","0","0","0","0","0","0","0","0","0","0","0","0","0","0","0","0","0","0","0","0","0","0","0","0","0","0","0","0","0","0","0","0","0","0","0","0","0","0","0","A","ผ่าน","0","0","1","0","0","ผ่าน","A"
"2565","2022","สำนักงานตำรวจแห่งชาติ","กองบัญชาการตำรวจตระเวนชายแดน","กองบังคับการตำรวจตระเวนชายแดนภาค 2","กองกำกับการตำรวจตระเวนชายแดนที่ 21","25.755","0","0","0","0","0","0","0","0","0","0","0","0","0","0","0","0","0","0","0","0","0","0","0","0","0","0","0","0","0","0","0","0","0","0","0","0","0","0","0","0","0","0","0","0","0","0","0","0","0","0","0","0","0","0","0","0","0","0","0","0","0","0","0","0","0","0","0","0","0","0","0","0","0","0","0","0","A","ผ่าน","0","0","2","0","0","ผ่าน","A"
"2566","2023","สำนักงานตำรวจแห่งชาติ","กองบัญชาการตำรวจตระเวนชายแดน","กองบังคับการตำรวจตระเวนชายแดนภาค 2","กองกำกับการตำรวจตระเวนชายแดนที่ 21","26.7543","0","0","0","0","0","0","0","0","0","0","0","0","0","0","0","0","0","0","0","0","0","0","0","0","0","0","0","0","0","0","0","0","0","0","0","0","0","0","0","0","0","0","0","0","0","0","0","0","0","0","0","0","0","0","0","0","0","0","0","0","0","0","0","0","0","0","0","0","0","0","0","0","0","0","0","0","A","ผ่าน","0","0","3","0","0","ผ่าน","A"
"2567","2024","สำนักงานตำรวจแห่งชาติ","กองบัญชาการตำรวจตระเวนชายแดน","กองบังคับการตำรวจตระเวนชายแดนภาค 2","กองกำกับการตำรวจตระเวนชายแดนที่ 21","27.7563","0","0","0","0","0","0","0","0","0","0","0","0","0","0","0","0","0","0","0","0","0","0","0","0","0","0","0","0","0","0","0","0","0","0","0","0","0","0","0","0","0","0","0","0","0","0","0","0","0","0","0","0","0","0","0","0","0","0","0","0","0","0","0","0","0","0","0","0","0","0","0","0","0","0","0","0","A","ผ่าน","0","0","4","0","0","ผ่าน","A"
"2568","2025","สำนักงานตำรวจแห่งชาติ","กองบัญชาการตำรวจตระเวนชายแดน","กองบังคับการตำรวจตระเวนชายแดนภาค 2","กองกำกับการตำรวจตระเวนชายแดนที่ 21","28.7556","0","0","0","0","0","0","0","0","0","0","0","0","0","0","0","0","0","0","0","0","0","0","0","0","0","0","0","0","0","0","0","0","0","0","0","0","0","0","0","0","0","0","0","0","0","0","0","0","0","0","0","0","0","0","0","0","0","0","0","0","0","0","0","0","0","0","0","0","0","0","0","0","0","0","0","0","A","ผ่าน","0","0","5","0","0","ผ่าน","A"
"2564","2021","สำนักงานตำรวจแห่งชาติ","กองบัญชาการตำรวจตระเวนชายแดน","กองบังคับการตำรวจตระเวนชายแดนภาค 2","กองกำกับการตำรวจตระเวนชายแดนที่ 21","","","","","","","","","","","","","","","","","","","","","","","","","","","","","","","","","","","","","","","","","","","","","","","","","","","","","","","","","","","","","","","","","","","","","","","","","","","","","","","","","","0","0","0","ผ่าน","A"
"2565","2022","สำนักงานตำรวจแห่งชาติ","กองบัญชาการตำรวจตระเวนชายแดน","กองบังคับการตำรวจตระเวนชายแดนภาค 2","กองกำกับการตำรวจตระเวนชายแดนที่ 21","","0","0","0","0","0","0","0","0","0","0","0","0","0","0","0","0","0","0","0","0","0","0","0","0","0","0","0","0","0","0","0","0","0","0","0","0","0","0","0","0","0","0","0","0","0","0","0","0","0","0","0","0","0","0","0","0","0","0","0","0","0","0","0","0","0","0","0","0","0","0","0","0","0","0","0","0","A","ผ่าน","0","0","1","0","0","ผ่าน","B"
"2566","2023","สำนักงานตำรวจแห่งชาติ","กองบัญชาการตำรวจตระเวนชายแดน","กองบังคับการตำรวจตระเวนชายแดนภาค 2","กองกำกับการตำรวจตระเวนชายแดนที่ 21","","0","0","0","0","0","0","0","0","0","0","0","0","0","0","0","0","0","0","0","0","0","0","0","0","0","0","0","0","0","0","0","0","0","0","0","0","0","0","0","0","0","0","0","0","0","0","0","0","0","0","0","0","0","0","0","0","0","1","0","0","0","0","0","0","0","0","0","0","0","0","0","0","0","0","0","1","B","ผ่าน","0","0.5","2","0","0","ผ่าน","A"
"2567","2024","สำนักงานตำรวจแห่งชาติ","กองบัญชาการตำรวจตระเวนชายแดน","กองบังคับการตำรวจตระเวนชายแดนภาค 2","กองกำกับการตำรวจตระเวนชายแดนที่ 21","","0","0","0","0","0","0","0","0","0","0","0","0","0","0","0","0","0","0","0","0","0","0","0","0","0","0","0","0","0","0","0","0","0","0","0","0","0","0","0","0","0","0","0","0","0","0","0","0","0","0","0","0","0","0","0","0","0","0","0","0","0","0","0","0","0","0","0","0","0","0","0","0","0","0","0","0","A","ผ่าน","0","0.333333","3","0","0","ผ่าน","A"
"2568","2025","สำนักงานตำรวจแห่งชาติ","กองบัญชาการตำรวจตระเวนชายแดน","กองบังคับการตำรวจตระเวนชายแดนภาค 2","กองกำกับการตำรวจตระเวนชายแดนที่ 21","0.627","0","0","0","0","0","0","0","0","0","0","0","0","0","0","0","0","0","0","0","0","0","0","0","0","0","0","0","0","0","0","0","0","0","0","0","0","0","0","0","0","0","0","0","0","0","0","0","0","0","0","0","0","0","0","0","0","0","0","0","0","0","0","0","0","0","0","0","0","0","0","0","0","0","0","0","0","A","ผ่าน","0","0.333333","4","0","0","ผ่าน","A"
"2564","2021","สำนักงานตำรวจแห่งชาติ","กองบัญชาการตำรวจตระเวนชายแดน","กองบังคับการตำรวจตระเวนชายแดนภาค 2","กองกำกับการตำรวจตระเวนชายแดนที่ 21","","","","","","","","","","","","","","","","","","","","","","","","","","","","","","","","","","","","","","","","","","","","","","","","","","","","","","","","","","","","","","","","","","","","","","","","","","","","","","","","","","0","0","0","ผ่าน","A"
"2566","2023","สำนักงานตำรวจแห่งชาติ","กองบัญชาการตำรวจตระเวนชายแดน","กองบังคับการตำรวจตระเวนชายแดนภาค 2","กองกำกับการตำรวจตระเวนชายแดนที่ 21","","","","","","","","","","","","","","","","","","","","","","","","","","","","","","","","","","","","","","","","","","","","","","","","","","","","","","","","","","","","","","","","","","","","","","","","","","","","","","","","0","0","0","0","0","ผ่าน","A"
"2567","2024","สำนักงานตำรวจแห่งชาติ","กองบัญชาการตำรวจตระเวนชายแดน","กองบังคับการตำรวจตระเวนชายแดนภาค 2","กองกำกับการตำรวจตระเวนชายแดนที่ 21","","0","0","0","0","0","0","0","0","0","0","0","0","0","0","0","0","0","0","0","0","0","0","0","0","0","0","0","0","0","0","0","0","0","0","0","0","0","0","0","0","0","0","0","0","0","0","0","0","0","0","0","0","0","0","0","0","0","0","0","0","0","0","0","0","0","0","0","0","0","0","0","0","0","0","0","0","A","ผ่าน","0","0","1","0","0","ผ่าน","A"
"2568","2025","สำนักงานตำรวจแห่งชาติ","กองบัญชาการตำรวจตระเวนชายแดน","กองบังคับการตำรวจตระเวนชายแดนภาค 2","กองกำกับการตำรวจตระเวนชายแดนที่ 21","0.6872","0","0","0","0","0","0","0","0","0","0","0","0","0","0","0","0","0","0","0","0","0","0","0","0","0","0","0","0","0","0","0","0","0","0","0","0","0","0","0","0","0","0","0","0","0","0","0","0","0","0","0","0","0","0","0","0","0","0","0","0","0","0","0","0","0","0","0","0","0","0","0","0","0","0","0","0","A","ผ่าน","0","0","2","0","0","ผ่าน","B"
"2563","2020","สำนักงานตำรวจแห่งชาติ","กองบัญชาการตำรวจตระเวนชายแดน","กองบังคับการตำรวจตระเวนชายแดนภาค 2","กองกำกับการตำรวจตระเวนชายแดนที่ 21","","","","","","","","","","","","","","","","","","","","","","","","","","","","","","","","","","","","","","","","","","","","","","","","","","","","","","","","","","","","","","","","","","","","","","","","","","","","","","","","","","0","0","0","ผ่าน","A"
"2564","2021","สำนักงานตำรวจแห่งชาติ","กองบัญชาการตำรวจตระเวนชายแดน","กองบังคับการตำรวจตระเวนชายแดนภาค 2","กองกำกับการตำรวจตระเวนชายแดนที่ 21","","0","0","0","0","0","0","0","0","0","0","0","0","0","0","0","0","0","0","0","0","0","0","0","0","0","0","0","0","0","0","0","0","0","0","0","0","0","0","0","0","0","0","0","0","0","0","0","0","0","0","0","0","0","0","0","0","0","0","0","0","0","0","0","0","0","0","0","0","0","0","0","0","0","0","0","0","A","ผ่าน","0","0","1","0","0","ผ่าน","A"
"2565","2022","สำนักงานตำรวจแห่งชาติ","กองบัญชาการตำรวจตระเวนชายแดน","กองบังคับการตำรวจตระเวนชายแดนภาค 2","กองกำกับการตำรวจตระเวนชายแดนที่ 21","","0","0","0","0","0","0","0","0","0","0","0","0","0","0","0","0","0","0","0","0","0","0","0","0","0","0","0","0","0","0","0","0","0","0","0","0","0","0","0","0","0","0","0","0","0","0","0","0","0","0","0","0","0","0","0","0","0","0","0","0","0","0","0","0","0","0","0","0","0","0","0","0","0","0","0","0","A","ผ่าน","0","0","2","0","0","ผ่าน","A"
"2566","2023","สำนักงานตำรวจแห่งชาติ","กองบัญชาการตำรวจตระเวนชายแดน","กองบังคับการตำรวจตระเวนชายแดนภาค 2","กองกำกับการตำรวจตระเวนชายแดนที่ 21","0.6735","0","0","0","0","0","0","0","0","0","0","0","0","0","0","0","0","0","0","0","0","0","0","0","0","0","0","0","0","0","0","0","0","0","0","0","0","0","0","0","0","0","0","0","0","0","0","0","0","0","0","0","0","0","0","0","0","0","0","0","0","0","0","0","0","0","0","0","0","0","0","0","0","0","0","0","0","A","ผ่าน","0","0","3","0","0","ผ่าน","A"
"2567","2024","สำนักงานตำรวจแห่งชาติ","กองบัญชาการตำรวจตระเวนชายแดน","กองบังคับการตำรวจตระเวนชายแดนภาค 2","กองกำกับการตำรวจตระเวนชายแดนที่ 21","1.6756","0","0","0","0","0","0","0","0","0","0","0","0","0","0","0","0","0","0","0","0","0","0","0","0","0","0","0","0","0","0","0","0","0","0","0","0","0","0","0","0","0","0","0","0","0","0","0","0","0","0","0","0","0","0","0","0","0","0","0","0","0","0","0","0","0","0","0","0","0","0","0","0","0","0","0","0","A","ผ่าน","0","0","4","0","0","ผ่าน","A"
"2568","2025","สำนักงานตำรวจแห่งชาติ","กองบัญชาการตำรวจตระเวนชายแดน","กองบังคับการตำรวจตระเวนชายแดนภาค 2","กองกำกับการตำรวจตระเวนชายแดนที่ 21","2.6749","0","0","0","0","0","0","0","0","0","0","0","0","0","0","0","0","0","0","0","0","0","0","0","0","0","0","0","0","0","0","0","0","0","0","0","0","0","0","0","0","0","0","0","0","0","0","0","0","0","0","0","0","0","0","0","0","0","0","0","0","0","0","0","0","0","0","0","0","0","0","0","0","0","0","0","0","A","ผ่าน","0","0","5","0","0","ผ่าน","A"
"2563","2020","สำนักงานตำรวจแห่งชาติ","กองบัญชาการตำรวจตระเวนชายแดน","กองบังคับการตำรวจตระเวนชายแดนภาค 2","กองกำกับการตำรวจตระเวนชายแดนที่ 22","25.6701","","","","","","","","","","","","","","","","","","","","","","","","","","","","","","","","","","","","","","","","","","","","","","","","","","","","","","","","","","","","","","","","","","","","","","","","","","","","","","","","","0","0","0","ผ่าน","A"
"2566","2023","สำนักงานตำรวจแห่งชาติ","กองบัญชาการตำรวจตระเวนชายแดน","กองบังคับการตำรวจตระเวนชายแดนภาค 2","กองกำกับการตำรวจตระเวนชายแดนที่ 22","28.668","","","","","","","","","","","","","","","","","","","","","","","","","","","","","","","","","","","","","","","","","","","","","","","","","","","","","","","","","","","","","","","","","","","","","","","","","","","","","","","","0","0","0","0","ผ่าน","A"
"2566","2023","สำนักงานตำรวจแห่งชาติ","กองบัญชาการตำรวจตระเวนชายแดน","กองบังคับการตำรวจตระเวนชายแดนภาค 2","กองกำกับการตำรวจตระเวนชายแดนที่ 22","61.6674","","","","","","","","","","","","","","","","","","","","","","","","","","","","","","","","","","","","","","","","","","","","","","","","","","","","","","","","","","","","","","","","","","","","","","","","","","","","","","","","","0","0","0","ผ่าน","B"
"2565","2022","สำนักงานตำรวจแห่งชาติ","กองบัญชาการตำรวจตระเวนชายแดน","กองบังคับการตำรวจตระเวนชายแดนภาค 2","กองกำกับการตำรวจตระเวนชายแดนที่ 22","40.7693","","","","","","","","","","","","","","","","","","","","","","","","","","","","","","","","","","","","","","","","","","","","","","","","","","","","","","","","","","","","","","","","","","","","","","","","","","","","","","","","","0","0","0","ผ่าน","A"
"2566","2023","สำนักงานตำรวจแห่งชาติ","กองบัญชาการตำรวจตระเวนชายแดน","กองบังคับการตำรวจตระเวนชายแดนภาค 2","กองกำกับการตำรวจตระเวนชายแดนที่ 22","41.7687","0","0","0","0","0","0","0","0","0","0","0","0","0","0","0","0","0","0","0","0","0","0","0","0","0","0","0","0","0","0","0","0","0","0","0","0","0","0","0","0","0","0","0","0","0","0","0","0","0","0","0","0","0","0","0","0","0","0","0","0","0","0","0","0","0","0","0","0","0","0","0","0","0","0","0","0","A","ผ่าน","0","0","1","0","0","ผ่าน","A"
"2567","2024","สำนักงานตำรวจแห่งชาติ","กองบัญชาการตำรวจตระเวนชายแดน","กองบังคับการตำรวจตระเวนชายแดนภาค 2","กองกำกับการตำรวจตระเวนชายแดนที่ 22","42.7707","0","0","0","0","0","0","0","0","0","0","0","0","0","0","0","0","0","0","0","0","0","0","0","0","0","0","0","0","0","0","0","0","0","0","0","0","0","0","0","0","0","0","0","0","0","0","0","0","0","0","0","0","0","0","0","0","0","0","0","0","0","0","0","0","0","0","0","0","0","0","0","0","0","0","0","0","A","ผ่าน","0","0","2","0","0","ผ่าน","A"
"2568","2025","สำนักงานตำรวจแห่งชาติ","กองบัญชาการตำรวจตระเวนชายแดน","กองบังคับการตำรวจตระเวนชายแดนภาค 2","กองกำกับการตำรวจตระเวนชายแดนที่ 22","43.77","0","0","0","0","0","0","0","0","0","0","0","0","0","0","0","0","0","0","0","0","0","0","0","0","0","0","0","0","0","0","0","0","0","0","0","0","0","0","0","0","0","0","0","0","0","0","0","0","0","0","0","0","0","0","0","0","0","0","0","0","0","0","0","0","0","0","0","0","0","0","0","0","0","0","0","0","A","ผ่าน","0","0","3","0","0","ผ่าน","B"
"2563","2020","สำนักงานตำรวจแห่งชาติ","กองบัญชาการตำรวจตระเวนชายแดน","กองบังคับการตำรวจตระเวนชายแดนภาค 2","กองกำกับการตำรวจตระเวนชายแดนที่ 22","","","","","","","","","","","","","","","","","","","","","","","","","","","","","","","","","","","","","","","","","","","","","","","","","","","","","","","","","","","","","","","","","","","","","","","","","","","","","","","","","","0","0","0","ผ่าน","B"
"2566","2023","สำนักงานตำรวจแห่งชาติ","กองบัญชาการตำรวจตระเวนชายแดน","กองบังคับการตำรวจตระเวนชายแดนภาค 2","กองกำกับการตำรวจตระเวนชายแดนที่ 22","","","","","","","","","","","","","","","","","","","","","","","","","","","","","","","","","","","","","","","","","","","","","","","","","","","","","","","","","","","","","","","","","","","","","","","","","","","","","","","","","5","0","0","0","ผ่าน","B"
"2567","2024","สำนักงานตำรวจแห่งชาติ","กองบัญชาการตำรวจตระเวนชายแดน","กองบังคับการตำรวจตระเวนชายแดนภาค 2","กองกำกับการตำรวจตระเวนชายแดนที่ 22","0.345","0","0","0","0","0","1","0","0","0","0","0","0","0","0","0","0","0","0","0","0","0","0","0","0","0","0","0","0","0","0","0","0","0","0","0","0","0","0","0","0","0","0","0","0","0","0","0","0","0","0","0","0","0","0","0","0","0","0","0","0","0","0","0","0","0","0","0","0","0","0","0","0","0","0","0","1","B","ผ่าน","0","1","1","0","0","ผ่าน","B"
"2568","2025","สำนักงานตำรวจแห่งชาติ","กองบัญชาการตำรวจตระเวนชายแดน","กองบังคับการตำรวจตระเวนชายแดนภาค 2","กองกำกับการตำรวจตระเวนชายแดนที่ 22","1.3443","0","0","0","0","0","1","0","0","0","0","0","0","0","0","0","0","0","0","0","0","0","0","0","0","0","0","0","0","0","0","0","0","0","0","0","0","0","0","0","0","0","0","0","0","0","0","0","0","0","0","0","0","0","0","0","0","0","0","0","0","0","0","0","0","0","0","0","0","0","0","0","0","0","0","0","1","B","ผ่าน","0","1","2","0","0","ผ่าน","A"
"2563","2020","สำนักงานตำรวจแห่งชาติ","กองบัญชาการตำรวจตระเวนชายแดน","กองบังคับการตำรวจตระเวนชายแดนภาค 2","กองกำกับการตำรวจตระเวนชายแดนที่ 22","6.6283","","","","","","","","","","","","","","","","","","","","","","","","","","","","","","","","","","","","","","","","","","","","","","","","","","","","","","","","","","","","","","","","","","","","","","","","","","","","","","","","","0","0","0","ผ่าน","B"
"2566","2023","สำนักงานตำรวจแห่งชาติ","กองบัญชาการตำรวจตระเวนชายแดน","กองบังคับการตำรวจตระเวนชายแดนภาค 2","กองกำกับการตำรวจตระเวนชายแดนที่ 22","9.6263","","","","","","","","","","","","","","","","","","","","","","","","","","","","","","","","","","","","","","","","","","","","","","","","","","","","","","","","","","","","","","","","","","","","","","","","","","","","","","","","1","0","0","0","ผ่าน","B"
"2567","2024","สำนักงานตำรวจแห่งชาติ","กองบัญชาการตำรวจตระเวนชายแดน","กองบังคับการตำรวจตระเวนชายแดนภาค 2","กองกำกับการตำรวจตระเวนชายแดนที่ 22","10.6283","0","0","0","0","0","1","0","0","0","0","0","0","0","0","0","0","0","0","0","0","0","0","0","0","0","0","0","0","0","0","0","0","0","0","0","0","0","0","0","0","0","0","0","0","0","0","0","0","0","0","0","0","0","0","0","0","0","0","0","0","0","0","0","0","0","0","0","0","0","0","0","0","0","0","0","1","B","ผ่าน","0","1","1","0","0","ผ่าน","A"
"2568","2025","สำนักงานตำรวจแห่งชาติ","กองบัญชาการตำรวจตระเวนชายแดน","กองบังคับการตำรวจตระเวนชายแดนภาค 2","กองกำกับการตำรวจตระเวนชายแดนที่ 22","11.6277","0","0","0","0","0","0","0","0","0","0","0","0","0","0","0","0","0","0","0","0","0","0","0","0","0","0","0","0","0","0","0","0","0","0","0","0","0","0","0","0","0","0","0","0","0","0","0","0","0","0","0","0","0","0","0","0","0","0","0","0","0","0","0","0","0","0","0","0","0","0","0","0","0","0","0","0","A","ผ่าน","0","0.5","2","0","0","ผ่าน","A"
"2566","2023","สำนักงานตำรวจแห่งชาติ","กองบัญชาการตำรวจตระเวนชายแดน","กองบังคับการตำรวจตระเวนชายแดนภาค 2","กองกำกับการตำรวจตระเวนชายแดนที่ 22","","","","","","","","","","","","","","","","","","","","","","","","","","","","","","","","","","","","","","","","","","","","","","","","","","","","","","","","","","","","","","","","","","","","","","","","","","","","","","","","","","0","0","0","ผ่าน","A"
"2567","2024","สำนักงานตำรวจแห่งชาติ","กองบัญชาการตำรวจตระเวนชายแดน","กองบังคับการตำรวจตระเวนชายแดนภาค 2","กองกำกับการตำรวจตระเวนชายแดนที่ 22","0.6899","0","0","0","0","0","0","0","0","0","0","0","0","0","0","0","0","0","0","0","0","0","0","0","0","0","0","0","0","0","0","0","0","0","0","0","0","0","0","0","0","0","0","0","0","0","0","0","0","0","0","0","0","0","0","0","0","0","0","0","0","0","0","0","0","0","0","0","0","0","0","0","0","0","0","0","0","A","ผ่าน","0","0","1","0","0","ผ่าน","B"
"2568","2025","สำนักงานตำรวจแห่งชาติ","กองบัญชาการตำรวจตระเวนชายแดน","กองบังคับการตำรวจตระเวนชายแดนภาค 2","กองกำกับการตำรวจตระเวนชายแดนที่ 22","1.6893","0","0","0","0","0","1","0","0","0","0","0","0","0","0","0","0","0","0","0","0","0","0","0","0","0","0","0","0","0","0","0","0","0","0","0","0","0","0","0","0","0","0","0","0","0","0","0","0","0","0","0","0","0","0","0","0","0","0","0","0","0","0","0","0","0","0","0","0","0","0","0","0","0","0","0","1","B","ผ่าน","0","0.5","2","0","0","ผ่าน","A"
"2563","2020","สำนักงานตำรวจแห่งชาติ","กองบัญชาการตำรวจตระเวนชายแดน","กองบังคับการตำรวจตระเวนชายแดนภาค 2","กองกำกับการตำรวจตระเวนชายแดนที่ 22","2.6283","","","","","","","","","","","","","","","","","","","","","","","","","","","","","","","","","","","","","","","","","","","","","","","","","","","","","","","","","","","","","","","","","","","","","","","","","","","","","","","","","0","0","0","ผ่าน","B"
"2566","2023","สำนักงานตำรวจแห่งชาติ","กองบัญชาการตำรวจตระเวนชายแดน","กองบังคับการตำรวจตระเวนชายแดนภาค 2","กองกำกับการตำรวจตระเวนชายแดนที่ 22","5.6263","","","","","","","","","","","","","","","","","","","","","","","","","","","","","","","","","","","","","","","","","","","","","","","","","","","","","","","","","","","","","","","","","","","","","","","","","","","","","","","","4","0","0","0","ผ่าน","B"
"2566","2023","สำนักงานตำรวจแห่งชาติ","กองบัญชาการตำรวจตระเวนชายแดน","กองบังคับการตำรวจตระเวนชายแดนภาค 2","กองกำกับการตำรวจตระเวนชายแดนที่ 22","","","","","","","","","","","","","","","","","","","","","","","","","","","","","","","","","","","","","","","","","","","","","","","","","","","","","","","","","","","","","","","","","","","","","","","","","","","","","","","","","","0","0","0","ผ่าน","B"
"2567","2024","สำนักงานตำรวจแห่งชาติ","กองบัญชาการตำรวจตระเวนชายแดน","กองบังคับการตำรวจตระเวนชายแดนภาค 2","กองกำกับการตำรวจตระเวนชายแดนที่ 22","0.679","0","0","0","0","0","0","0","0","0","0","0","0","0","0","0","0","0","0","0","0","0","0","0","0","0","0","0","0","0","0","0","0","0","0","0","0","0","0","0","0","0","0","0","0","0","0","1","1","1","1","1","1","1","0","0","0","0","0","0","0","0","0","0","0","0","0","0","0","0","0","0","0","0","0","0","7","B","ผ่าน","0","7","1","0","0","ผ่าน","A"
"2563","2020","สำนักงานตำรวจแห่งชาติ","กองบัญชาการตำรวจตระเวนชายแดน","กองบังคับการตำรวจตระเวนชายแดนภาค 2","กองกำกับการตำรวจตระเวนชายแดนที่ 22","18.3463","","","","","","","","","","","","","","","","","","","","","","","","","","","","","","","","","","","","","","","","","","","","","","","","","","","","","","","","","","","","","","","","","","","","","","","","","","","","","","","","","0","0","0","ผ่าน","B"
"2564","2021","สำนักงานตำรวจแห่งชาติ","กองบัญชาการตำรวจตระเวนชายแดน","กองบังคับการตำรวจตระเวนชายแดนภาค 2","กองกำกับการตำรวจตระเวนชายแดนที่ 22","19.3457","0","0","0","0","0","0","0","0","0","0","0","0","0","0","1","0","0","0","0","0","0","0","0","0","0","0","0","0","0","0","0","0","0","0","0","0","0","0","0","0","0","0","0","0","0","0","0","0","0","0","0","0","0","0","0","0","0","0","0","0","0","0","0","0","0","0","0","0","0","0","0","0","0","0","0","1","B","ผ่าน","0","1","1","0","0","ผ่าน","B"
"2566","2023","สำนักงานตำรวจแห่งชาติ","กองบัญชาการตำรวจตระเวนชายแดน","กองบังคับการตำรวจตระเวนชายแดนภาค 2","กองกำกับการตำรวจตระเวนชายแดนที่ 22","21.3443","","","","","","","","","","","","","","","","","","","","","","","","","","","","","","","","","","","","","","","","","","","","","","","","","","","","","","","","","","","","","","","","","","","","","","","","","","","","","","","0","4","0","0","0","ผ่าน","A"
"2563","2020","สำนักงานตำรวจแห่งชาติ","กองบัญชาการตำรวจตระเวนชายแดน","กองบังคับการตำรวจตระเวนชายแดนภาค 2","กองกำกับการตำรวจตระเวนชายแดนที่ 22","2.6283","","","","","","","","","","","","","","","","","","","","","","","","","","","","","","","","","","","","","","","","","","","","","","","","","","","","","","","","","","","","","","","","","","","","","","","","","","","","","","","","","0","0","0","ผ่าน","A"
"2566","2023","สำนักงานตำรวจแห่งชาติ","กองบัญชาการตำรวจตระเวนชายแดน","กองบังคับการตำรวจตระเวนชายแดนภาค 2","กองกำกับการตำรวจตระเวนชายแดนที่ 22","5.6263","","","","","","","","","","","","","","","","","","","","","","","","","","","","","","","","","","","","","","","","","","","","","","","","","","","","","","","","","","","","","","","","","","","","","","","","","","","","","","","","0","0","0","0","ไม่ผ่าน","D"
"2566","2023","สำนักงานตำรวจแห่งชาติ","กองบัญชาการตำรวจตระเวนชายแดน","กองบังคับการตำรวจตระเวนชายแดนภาค 2","กองกำกับการตำรวจตระเวนชายแดนที่ 22","43.3484","","","","","","","","","","","","","","","","","","","","","","","","","","","","","","","","","","","","","","","","","","","","","","","","","","","","","","","","","","","","","","","","","","","","","","","","","","","","","","","","","0","0","0","ผ่าน","B"
"2563","2020","สำนักงานตำรวจแห่งชาติ","กองบัญชาการตำรวจตระเวนชายแดน","กองบังคับการตำรวจตระเวนชายแดนภาค 2","กองกำกับการตำรวจตระเวนชายแดนที่ 22","34.3901","","","","","","","","","","","","","","","","","","","","","","","","","","","","","","","","","","","","","","","","","","","","","","","","","","","","","","","","","","","","","","","","","","","","","","","","","","","","","","","","","0","0","0","ผ่าน","A"
"2566","2023","สำนักงานตำรวจแห่งชาติ","กองบัญชาการตำรวจตระเวนชายแดน","กองบังคับการตำรวจตระเวนชายแดนภาค 2","กองกำกับการตำรวจตระเวนชายแดนที่ 22","37.3881","","","","","","","","","","","","","","","","","","","","","","","","","","","","","","","","","","","","","","","","","","","","","","","","","","","","","","","","","","","","","","","","","","","","","","","","","","","","","","","","0","0","0","0","ผ่าน","B"
"2568","2025","สำนักงานตำรวจแห่งชาติ","กองบัญชาการตำรวจตระเวนชายแดน","กองบังคับการตำรวจตระเวนชายแดนภาค 2","กองกำกับการตำรวจตระเวนชายแดนที่ 22","39.3895","","","","","","","","","","","","","","","","","","","","","","","","","","","","","","","","","","","","","","","","","","","","","","","","","","","","","","","","","","","","","","","","","","","","","","","","","","","","","","","0","3","0","0","0","ผ่าน","B"
"2563","2020","สำนักงานตำรวจแห่งชาติ","กองบัญชาการตำรวจตระเวนชายแดน","กองบังคับการตำรวจตระเวนชายแดนภาค 2","กองกำกับการตำรวจตระเวนชายแดนที่ 22","","","","","","","","","","","","","","","","","","","","","","","","","","","","","","","","","","","","","","","","","","","","","","","","","","","","","","","","","","","","","","","","","","","","","","","","","","","","","","","","","","0","0","0","ผ่าน","B"
"2566","2023","สำนักงานตำรวจแห่งชาติ","กองบัญชาการตำรวจตระเวนชายแดน","กองบังคับการตำรวจตระเวนชายแดนภาค 2","กองกำกับการตำรวจตระเวนชายแดนที่ 22","2.3682","","","","","","","","","","","","","","","","","","","","","","","","","","","","","","","","","","","","","","","","","","","","","","","","","","","","","","","","","","","","","","","","","","","","","","","","","","","","","","","","1","0","0","0","ผ่าน","B"
"2563","2020","สำนักงานตำรวจแห่งชาติ","กองบัญชาการตำรวจตระเวนชายแดน","กองบังคับการตำรวจตระเวนชายแดนภาค 2","กองกำกับการตำรวจตระเวนชายแดนที่ 22","5.6235","","","","","","","","","","","","","","","","","","","","","","","","","","","","","","","","","","","","","","","","","","","","","","","","","","","","","","","","","","","","","","","","","","","","","","","","","","","","","","","","","0","0","0","ผ่าน","B"
"2566","2023","สำนักงานตำรวจแห่งชาติ","กองบัญชาการตำรวจตระเวนชายแดน","กองบังคับการตำรวจตระเวนชายแดนภาค 2","กองกำกับการตำรวจตระเวนชายแดนที่ 22","8.6215","","","","","","","","","","","","","","","","","","","","","","","","","","","","","","","","","","","","","","","","","","","","","","","","","","","","","","","","","","","","","","","","","","","","","","","","","","","","","","","","2","0","0","0","ผ่าน","B"
"2567","2024","สำนักงานตำรวจแห่งชาติ","กองบัญชาการตำรวจตระเวนชายแดน","กองบังคับการตำรวจตระเวนชายแดนภาค 2","กองกำกับการตำรวจตระเวนชายแดนที่ 22","9.6235","0","0","0","0","1","1","0","0","0","0","0","0","0","0","0","0","0","0","0","0","0","0","0","0","0","0","0","0","0","0","0","0","0","0","0","0","0","0","0","0","0","0","0","0","0","0","0","0","0","0","0","0","0","0","0","1","0","0","0","0","0","0","0","0","0","0","0","0","0","0","0","0","0","0","0","3","B","ผ่าน","0","3","1","0","0","ผ่าน","A"
"2568","2025","สำนักงานตำรวจแห่งชาติ","กองบัญชาการตำรวจตระเวนชายแดน","กองบังคับการตำรวจตระเวนชายแดนภาค 2","กองกำกับการตำรวจตระเวนชายแดนที่ 22","10.6229","0","0","0","0","0","0","0","0","0","0","0","0","0","0","0","0","0","0","0","0","0","0","0","0","0","0","0","0","0","0","0","0","0","0","0","0","0","0","0","0","0","0","0","0","0","0","0","0","0","0","0","0","0","0","0","0","0","0","0","0","0","0","0","0","0","0","0","0","0","0","0","0","0","0","0","0","A","ผ่าน","0","1.5","2","0","0","ผ่าน","A"
"2563","2020","สำนักงานตำรวจแห่งชาติ","กองบัญชาการตำรวจตระเวนชายแดน","กองบังคับการตำรวจตระเวนชายแดนภาค 2","กองกำกับการตำรวจตระเวนชายแดนที่ 24","","","","","","","","","","","","","","","","","","","","","","","","","","","","","","","","","","","","","","","","","","","","","","","","","","","","","","","","","","","","","","","","","","","","","","","","","","","","","","","","","","0","0","0","ผ่าน","B"
"2564","2021","สำนักงานตำรวจแห่งชาติ","กองบัญชาการตำรวจตระเวนชายแดน","กองบังคับการตำรวจตระเวนชายแดนภาค 2","กองกำกับการตำรวจตระเวนชายแดนที่ 24","","0","0","0","0","0","0","0","0","0","0","0","0","0","0","1","0","0","0","0","0","0","0","0","0","0","0","0","0","0","0","0","0","0","0","0","0","0","0","0","0","0","0","0","0","0","0","0","0","0","0","0","0","0","0","0","0","0","0","0","0","0","0","0","0","0","0","0","0","0","0","0","0","0","0","0","1","B","ผ่าน","0","1","1","0","0","ไม่ผ่าน","D"
"2566","2023","สำนักงานตำรวจแห่งชาติ","กองบัญชาการตำรวจตระเวนชายแดน","กองบังคับการตำรวจตระเวนชายแดนภาค 2","กองกำกับการตำรวจตระเวนชายแดนที่ 24","1.8453","","","","","","","","","","","","","","","","","","","","","","","","","","","","","","","","","","","","","","","","","","","","","","","","","","","","","","","","","","","","","","","","","","","","","","","","","","","","","","","1","22.5","0","0","1","ผ่าน","B"
"2567","2024","สำนักงานตำรวจแห่งชาติ","กองบัญชาการตำรวจตระเวนชายแดน","กองบังคับการตำรวจตระเวนชายแดนภาค 2","กองกำกับการตำรวจตระเวนชายแดนที่ 24","2.8474","0","0","0","0","0","1","0","0","0","0","0","0","0","0","1","0","0","0","0","0","0","0","0","0","0","0","0","0","0","0","0","0","0","0","0","0","0","0","0","0","0","0","0","0","0","0","0","0","0","0","0","0","0","0","0","0","0","0","0","0","0","0","0","0","0","0","0","0","0","0","0","0","0","0","0","2","B","ผ่าน","0","23","1","0","1","ผ่าน","A"
"2563","2020","สำนักงานตำรวจแห่งชาติ","กองบัญชาการตำรวจตระเวนชายแดน","กองบังคับการตำรวจตระเวนชายแดนภาค 2","กองกำกับการตำรวจตระเวนชายแดนที่ 24","25.5606","","","","","","","","","","","","","","","","","","","","","","","","","","","","","","","","","","","","","","","","","","","","","","","","","","","","","","","","","","","","","","","","","","","","","","","","","","","","","","","","","0","0","0","ผ่าน","A"
"2564","2021","สำนักงานตำรวจแห่งชาติ","กองบัญชาการตำรวจตระเวนชายแดน","กองบังคับการตำรวจตระเวนชายแดนภาค 2","กองกำกับการตำรวจตระเวนชายแดนที่ 24","26.5599","0","0","0","0","0","0","0","0","0","0","0","0","0","0","0","0","0","0","0","0","0","0","0","0","0","0","0","0","0","0","0","0","0","0","0","0","0","0","0","0","0","0","0","0","0","0","0","0","0","0","0","0","0","0","0","0","0","0","0","0","0","0","0","0","0","0","0","0","0","0","0","0","0","0","0","0","A","ผ่าน","0","0","1","0","0","ผ่าน","A"
"2566","2023","สำนักงานตำรวจแห่งชาติ","กองบัญชาการตำรวจตระเวนชายแดน","กองบังคับการตำรวจตระเวนชายแดนภาค 2","กองกำกับการตำรวจตระเวนชายแดนที่ 24","28.5585","","","","","","","","","","","","","","","","","","","","","","","","","","","","","","","","","","","","","","","","","","","","","","","","","","","","","","","","","","","","","","","","","","","","","","","","","","","","","","","0","0","0","0","0","ผ่าน","A"
"2567","2024","สำนักงานตำรวจแห่งชาติ","กองบัญชาการตำรวจตระเวนชายแดน","กองบังคับการตำรวจตระเวนชายแดนภาค 2","กองกำกับการตำรวจตระเวนชายแดนที่ 24","29.5606","0","0","0","0","0","0","0","0","0","0","0","0","0","0","0","0","0","0","0","0","0","0","0","0","0","0","0","0","0","0","0","0","0","0","0","0","0","0","0","0","0","0","0","0","0","0","0","0","0","0","0","0","0","0","0","0","0","0","0","0","0","0","0","0","0","0","0","0","0","0","0","0","0","0","0","0","A","ผ่าน","0","0","1","0","0","ผ่าน","A"
"2568","2025","สำนักงานตำรวจแห่งชาติ","กองบัญชาการตำรวจตระเวนชายแดน","กองบังคับการตำรวจตระเวนชายแดนภาค 2","กองกำกับการตำรวจตระเวนชายแดนที่ 24","30.5599","0","0","0","0","0","0","0","0","0","0","0","0","0","0","0","0","0","0","0","0","0","0","0","0","0","0","0","0","0","0","0","0","0","0","0","0","0","0","0","0","0","0","0","0","0","0","0","0","0","0","0","0","0","0","0","0","0","0","0","0","0","0","0","0","0","0","0","0","0","0","0","0","0","0","0","0","A","ผ่าน","0","0","2","0","0","ผ่าน","A"
"2563","2020","สำนักงานตำรวจแห่งชาติ","กองบัญชาการตำรวจตระเวนชายแดน","กองบังคับการตำรวจตระเวนชายแดนภาค 2","กองกำกับการตำรวจตระเวนชายแดนที่ 24","","","","","","","","","","","","","","","","","","","","","","","","","","","","","","","","","","","","","","","","","","","","","","","","","","","","","","","","","","","","","","","","","","","","","","","","","","","","","","","","","","0","0","0","ผ่าน","A"
"2564","2021","สำนักงานตำรวจแห่งชาติ","กองบัญชาการตำรวจตระเวนชายแดน","กองบังคับการตำรวจตระเวนชายแดนภาค 2","กองกำกับการตำรวจตระเวนชายแดนที่ 24","0.4435","0","0","0","0","0","0","0","0","0","0","0","0","0","0","0","0","0","0","0","0","0","0","0","0","0","0","0","0","0","0","0","0","0","0","0","0","0","0","0","0","0","0","0","0","0","0","0","0","0","0","0","0","0","0","0","0","0","0","0","0","0","0","0","0","0","0","0","0","0","0","0","0","0","0","0","0","A","ผ่าน","0","0","1","0","0","ผ่าน","B"
"2565","2022","สำนักงานตำรวจแห่งชาติ","กองบัญชาการตำรวจตระเวนชายแดน","กองบังคับการตำรวจตระเวนชายแดนภาค 2","กองกำกับการตำรวจตระเวนชายแดนที่ 24","1.4428","0","0","0","0","0","1","0","0","0","0","0","0","0","0","0","0","0","0","0","0","0","0","0","0","0","0","0","0","0","0","0","0","0","0","0","0","0","0","0","0","0","0","0","0","0","0","0","0","0","0","0","0","0","0","0","0","0","0","0","0","0","0","0","0","0","0","0","0","0","0","0","0","0","0","0","1","B","ผ่าน","0","0.5","2","0","0","ผ่าน","A"
"2566","2023","สำนักงานตำรวจแห่งชาติ","กองบัญชาการตำรวจตระเวนชายแดน","กองบังคับการตำรวจตระเวนชายแดนภาค 2","กองกำกับการตำรวจตระเวนชายแดนที่ 24","2.4422","0","0","0","0","0","0","0","0","0","0","0","0","0","0","0","0","0","0","0","0","0","0","0","0","0","0","0","0","0","0","0","0","0","0","0","0","0","0","0","0","0","0","0","0","0","0","0","0","0","0","0","0","0","0","0","0","0","0","0","0","0","0","0","0","0","0","0","0","0","0","0","0","0","0","0","0","A","ผ่าน","0","0.333333","3","0","0","ผ่าน","B"
"2567","2024","สำนักงานตำรวจแห่งชาติ","กองบัญชาการตำรวจตระเวนชายแดน","กองบังคับการตำรวจตระเวนชายแดนภาค 2","กองกำกับการตำรวจตระเวนชายแดนที่ 24","3.4442","0","0","0","0","0","1","0","0","0","0","0","0","0","0","0","0","0","0","0","0","0","0","0","0","0","0","0","0","0","0","0","0","0","0","0","0","0","0","0","0","0","0","0","0","0","0","0","0","0","0","0","0","0","0","0","0","0","0","0","0","0","0","0","0","0","0","0","0","0","0","0","0","0","0","0","1","B","ผ่าน","0","0.666667","4","0","0","ผ่าน","B"
"2568","2025","สำนักงานตำรวจแห่งชาติ","กองบัญชาการตำรวจตระเวนชายแดน","กองบังคับการตำรวจตระเวนชายแดนภาค 2","กองกำกับการตำรวจตระเวนชายแดนที่ 24","4.4435","0","0","0","0","0","1","0","0","0","0","0","0","0","0","0","0","0","0","0","0","0","0","0","0","0","0","0","0","0","0","0","0","0","0","0","0","0","0","0","0","0","0","0","0","0","0","0","0","0","0","0","0","0","0","0","0","0","0","0","0","0","0","0","0","0","0","0","0","0","0","0","0","0","0","0","1","B","ผ่าน","0","0.666667","5","0","0","ผ่าน","A"
"2563","2020","สำนักงานตำรวจแห่งชาติ","กองบัญชาการตำรวจตระเวนชายแดน","กองบังคับการตำรวจตระเวนชายแดนภาค 2","กองกำกับการตำรวจตระเวนชายแดนที่ 24","5.6235","","","","","","","","","","","","","","","","","","","","","","","","","","","","","","","","","","","","","","","","","","","","","","","","","","","","","","","","","","","","","","","","","","","","","","","","","","","","","","","","","0","0","0","ผ่าน","B"
"2566","2023","สำนักงานตำรวจแห่งชาติ","กองบัญชาการตำรวจตระเวนชายแดน","กองบังคับการตำรวจตระเวนชายแดนภาค 2","กองกำกับการตำรวจตระเวนชายแดนที่ 24","8.6215","","","","","","","","","","","","","","","","","","","","","","","","","","","","","","","","","","","","","","","","","","","","","","","","","","","","","","","","","","","","","","","","","","","","","","","","","","","","","","","","3","0","0","0","ผ่าน","A"
"2567","2024","สำนักงานตำรวจแห่งชาติ","กองบัญชาการตำรวจตระเวนชายแดน","กองบังคับการตำรวจตระเวนชายแดนภาค 2","กองกำกับการตำรวจตระเวนชายแดนที่ 24","9.6235","0","0","0","0","0","0","0","0","0","0","0","0","0","0","0","0","0","0","0","0","0","0","0","0","0","0","0","0","0","0","0","0","0","0","0","0","0","0","0","0","0","0","0","0","0","0","0","0","0","0","0","0","0","0","0","0","0","0","0","0","0","0","0","0","0","0","0","0","0","0","0","0","0","0","0","0","A","ผ่าน","0","0","1","0","0","ผ่าน","A"
"2563","2020","สำนักงานตำรวจแห่งชาติ","กองบัญชาการตำรวจตระเวนชายแดน","กองบังคับการตำรวจตระเวนชายแดนภาค 2","กองกำกับการตำรวจตระเวนชายแดนที่ 24","3.6277","","","","","","","","","","","","","","","","","","","","","","","","","","","","","","","","","","","","","","","","","","","","","","","","","","","","","","","","","","","","","","","","","","","","","","","","","","","","","","","","","0","0","0","ผ่าน","B"
"2564","2021","สำนักงานตำรวจแห่งชาติ","กองบัญชาการตำรวจตระเวนชายแดน","กองบังคับการตำรวจตระเวนชายแดนภาค 2","กองกำกับการตำรวจตระเวนชายแดนที่ 24","4.627","0","0","0","0","0","1","0","0","0","0","0","0","0","0","0","0","0","0","0","0","0","0","0","0","0","0","0","0","0","0","0","0","0","0","0","0","0","0","0","0","0","0","0","0","0","0","0","0","0","0","0","0","0","0","0","0","0","0","0","0","0","0","0","0","0","0","0","0","0","0","0","0","0","0","0","1","B","ผ่าน","0","1","1","0","0","ผ่าน","A"
"2563","2020","สำนักงานตำรวจแห่งชาติ","กองบัญชาการตำรวจตระเวนชายแดน","กองบังคับการตำรวจตระเวนชายแดนภาค 2","กองกำกับการตำรวจตระเวนชายแดนที่ 24","15.1485","","","","","","","","","","","","","","","","","","","","","","","","","","","","","","","","","","","","","","","","","","","","","","","","","","","","","","","","","","","","","","","","","","","","","","","","","","","","","","","","","0","0","0","ผ่าน","B"
"2565","2022","สำนักงานตำรวจแห่งชาติ","กองบัญชาการตำรวจตระเวนชายแดน","กองบังคับการตำรวจตระเวนชายแดนภาค 2","กองกำกับการตำรวจตระเวนชายแดนที่ 24","17.1472","","","","","","","","","","","","","","","","","","","","","","","","","","","","","","","","","","","","","","","","","","","","","","","","","","","","","","","","","","","","","","","","","","","","","","","","","","","","","","","0","1","0","0","0","ไม่ผ่าน","D"
"2566","2023","สำนักงานตำรวจแห่งชาติ","กองบัญชาการตำรวจตระเวนชายแดน","กองบังคับการตำรวจตระเวนชายแดนภาค 2","กองกำกับการตำรวจตระเวนชายแดนที่ 24","18.1465","0","0","0","0","0","1","0","0","0","0","0","0","0","0","0","0","0","0","0","0","0","0","0","0","0","0","0","0","0","0","0","0","0","0","0","0","0","0","0","0","0","0","0","0","0","0","0","0","0","0","0","0","0","1","0","1","1","0","0","0","0","1","1","1","1","1","1","1","1","1","1","1","1","1","1","18","D","ไม่ผ่าน","1","9.5","0","1","1","ผ่าน","A"
"2567","2024","สำนักงานตำรวจแห่งชาติ","กองบัญชาการตำรวจตระเวนชายแดน","กองบังคับการตำรวจตระเวนชายแดนภาค 2","กองกำกับการตำรวจตระเวนชายแดนที่ 24","19.1485","0","0","0","0","0","0","0","0","0","0","0","0","0","0","0","0","0","0","0","0","0","0","0","0","0","0","0","0","0","0","0","0","0","0","0","0","0","0","0","0","0","0","0","0","0","0","0","0","0","0","0","0","0","0","0","0","0","0","0","0","0","0","0","0","0","0","0","0","0","0","0","0","0","0","0","0","A","ผ่าน","0.5","9","1","0","1","ผ่าน","A"
"2568","2025","สำนักงานตำรวจแห่งชาติ","กองบัญชาการตำรวจตระเวนชายแดน","กองบังคับการตำรวจตระเวนชายแดนภาค 2","กองกำกับการตำรวจตระเวนชายแดนที่ 24","20.1478","0","0","0","0","0","0","0","0","0","0","0","0","0","0","0","0","0","0","0","0","0","0","0","0","0","0","0","0","0","0","0","0","0","0","0","0","0","0","0","0","0","0","0","0","0","0","0","0","0","0","0","0","0","0","0","0","0","0","0","0","0","0","0","0","0","0","0","0","0","0","0","0","0","0","0","0","A","ผ่าน","0","6","2","0","1","ผ่าน","A"
"2563","2020","สำนักงานตำรวจแห่งชาติ","กองบัญชาการตำรวจตระเวนชายแดน","กองบังคับการตำรวจตระเวนชายแดนภาค 2","กองกำกับการตำรวจตระเวนชายแดนที่ 24","40.1916","","","","","","","","","","","","","","","","","","","","","","","","","","","","","","","","","","","","","","","","","","","","","","","","","","","","","","","","","","","","","","","","","","","","","","","","","","","","","","","","","0","0","0","ผ่าน","A"
"2563","2020","สำนักงานตำรวจแห่งชาติ","กองบัญชาการตำรวจตระเวนชายแดน","กองบังคับการตำรวจตระเวนชายแดนภาค 2","กองกำกับการตำรวจตระเวนชายแดนที่ 24","","","","","","","","","","","","","","","","","","","","","","","","","","","","","","","","","","","","","","","","","","","","","","","","","","","","","","","","","","","","","","","","","","","","","","","","","","","","","","","","","","0","0","0","ผ่าน","B"
"2566","2023","สำนักงานตำรวจแห่งชาติ","กองบัญชาการตำรวจตระเวนชายแดน","กองบังคับการตำรวจตระเวนชายแดนภาค 2","กองกำกับการตำรวจตระเวนชายแดนที่ 24","2.4312","","","","","","","","","","","","","","","","","","","","","","","","","","","","","","","","","","","","","","","","","","","","","","","","","","","","","","","","","","","","","","","","","","","","","","","","","","","","","","","","1","0","0","0","ผ่าน","B"
"2563","2020","สำนักงานตำรวจแห่งชาติ","กองบัญชาการตำรวจตระเวนชายแดน","กองบังคับการตำรวจตระเวนชายแดนภาค 2","กองกำกับการตำรวจตระเวนชายแดนที่ 24","","","","","","","","","","","","","","","","","","","","","","","","","","","","","","","","","","","","","","","","","","","","","","","","","","","","","","","","","","","","","","","","","","","","","","","","","","","","","","","","","","0","0","0","ผ่าน","B"
"2564","2021","สำนักงานตำรวจแห่งชาติ","กองบัญชาการตำรวจตระเวนชายแดน","กองบังคับการตำรวจตระเวนชายแดนภาค 2","กองกำกับการตำรวจตระเวนชายแดนที่ 24","0.4435","0","0","0","0","0","0","0","0","0","0","0","0","0","0","0","0","0","0","0","0","0","0","0","0","0","0","0","0","0","0","0","0","0","0","0","0","0","0","0","0","0","0","0","0","0","0","0","0","0","0","0","0","0","0","0","1","0","0","0","0","0","0","0","0","0","0","0","0","0","0","0","0","0","0","0","1","B","ผ่าน","0","1","1","0","0","ผ่าน","A"
"2565","2022","สำนักงานตำรวจแห่งชาติ","กองบัญชาการตำรวจตระเวนชายแดน","กองบังคับการตำรวจตระเวนชายแดนภาค 2","กองกำกับการตำรวจตระเวนชายแดนที่ 24","1.4428","0","0","0","0","0","0","0","0","0","0","0","0","0","0","0","0","0","0","0","0","0","0","0","0","0","0","0","0","0","0","0","0","0","0","0","0","0","0","0","0","0","0","0","0","0","0","0","0","0","0","0","0","0","0","0","0","0","0","0","0","0","0","0","0","0","0","0","0","0","0","0","0","0","0","0","0","A","ผ่าน","0","0.5","2","0","0","ผ่าน","A"
"2566","2023","สำนักงานตำรวจแห่งชาติ","กองบัญชาการตำรวจตระเวนชายแดน","กองบังคับการตำรวจตระเวนชายแดนภาค 2","กองกำกับการตำรวจตระเวนชายแดนที่ 24","2.4422","0","0","0","0","0","0","0","0","0","0","0","0","0","0","0","0","0","0","0","0","0","0","0","0","0","0","0","0","0","0","0","0","0","0","0","0","0","0","0","0","0","0","0","0","0","0","0","0","0","0","0","0","0","0","0","0","0","0","0","0","0","0","0","0","0","0","0","0","0","0","0","0","0","0","0","0","A","ผ่าน","0","0.333333","3","0","0","ผ่าน","B"
"2567","2024","สำนักงานตำรวจแห่งชาติ","กองบัญชาการตำรวจตระเวนชายแดน","กองบังคับการตำรวจตระเวนชายแดนภาค 2","กองกำกับการตำรวจตระเวนชายแดนที่ 24","3.4442","0","0","0","0","0","1","0","0","0","0","0","0","0","0","0","0","0","0","0","0","0","0","0","0","0","0","0","0","0","0","0","0","0","0","0","0","0","0","0","0","0","0","0","0","0","0","0","0","0","0","0","0","0","0","0","0","0","0","0","0","0","0","0","0","0","0","0","0","0","0","0","0","0","0","0","1","B","ผ่าน","0","0.333333","4","0","0","ผ่าน","A"
"2568","2025","สำนักงานตำรวจแห่งชาติ","กองบัญชาการตำรวจตระเวนชายแดน","กองบังคับการตำรวจตระเวนชายแดนภาค 2","กองกำกับการตำรวจตระเวนชายแดนที่ 24","4.4435","0","0","0","0","0","0","0","0","0","0","0","0","0","0","0","0","0","0","0","0","0","0","0","0","0","0","0","0","0","0","0","0","0","0","0","0","0","0","0","0","0","0","0","0","0","0","0","0","0","0","0","0","0","0","0","0","0","0","0","0","0","0","0","0","0","0","0","0","0","0","0","0","0","0","0","0","A","ผ่าน","0","0.333333","5","0","0","ผ่าน","A"
"2563","2020","สำนักงานตำรวจแห่งชาติ","กองบัญชาการตำรวจตระเวนชายแดน","กองบังคับการตำรวจตระเวนชายแดนภาค 2","กองกำกับการตำรวจตระเวนชายแดนที่ 24","31.3539","","","","","","","","","","","","","","","","","","","","","","","","","","","","","","","","","","","","","","","","","","","","","","","","","","","","","","","","","","","","","","","","","","","","","","","","","","","","","","","","","0","0","0","ผ่าน","A"
"2564","2021","สำนักงานตำรวจแห่งชาติ","กองบัญชาการตำรวจตระเวนชายแดน","กองบังคับการตำรวจตระเวนชายแดนภาค 2","กองกำกับการตำรวจตระเวนชายแดนที่ 24","32.3532","0","0","0","0","0","0","0","0","0","0","0","0","0","0","0","0","0","0","0","0","0","0","0","0","0","0","0","0","0","0","0","0","0","0","0","0","0","0","0","0","0","0","0","0","0","0","0","0","0","0","0","0","0","0","0","0","0","0","0","0","0","0","0","0","0","0","0","0","0","0","0","0","0","0","0","0","A","ผ่าน","0","0","1","0","0","ผ่าน","B"
"2565","2022","สำนักงานตำรวจแห่งชาติ","กองบัญชาการตำรวจตระเวนชายแดน","กองบังคับการตำรวจตระเวนชายแดนภาค 2","กองกำกับการตำรวจตระเวนชายแดนที่ 24","33.3525","0","0","0","0","0","1","0","0","0","0","0","0","0","0","0","0","0","0","0","0","0","0","0","0","0","0","0","0","0","0","0","0","0","0","0","0","0","0","0","0","0","0","0","0","0","0","0","0","0","0","0","0","0","0","0","0","0","0","0","0","0","0","0","0","0","0","0","0","0","0","0","0","0","0","0","1","B","ผ่าน","0","0.5","2","0","0","ผ่าน","B"
"2566","2023","สำนักงานตำรวจแห่งชาติ","กองบัญชาการตำรวจตระเวนชายแดน","กองบังคับการตำรวจตระเวนชายแดนภาค 2","กองกำกับการตำรวจตระเวนชายแดนที่ 24","34.3518","0","0","0","0","0","1","0","0","0","0","0","0","0","0","0","0","0","0","0","0","0","0","0","0","0","0","0","0","0","0","0","0","0","0","0","0","0","0","0","0","0","0","0","0","0","0","0","0","0","0","0","0","0","0","0","0","0","0","0","0","0","0","0","0","0","0","0","0","0","0","0","0","0","0","0","1","B","ผ่าน","0","0.666667","3","0","0","ผ่าน","A"
"2563","2020","สำนักงานตำรวจแห่งชาติ","กองบัญชาการตำรวจตระเวนชายแดน","กองบังคับการตำรวจตระเวนชายแดนภาค 2","กองกำกับการตำรวจตระเวนชายแดนที่ 24","43.2799","","","","","","","","","","","","","","","","","","","","","","","","","","","","","","","","","","","","","","","","","","","","","","","","","","","","","","","","","","","","","","","","","","","","","","","","","","","","","","","","","0","0","0","ผ่าน","B"
"2564","2021","สำนักงานตำรวจแห่งชาติ","กองบัญชาการตำรวจตระเวนชายแดน","กองบังคับการตำรวจตระเวนชายแดนภาค 2","กองกำกับการตำรวจตระเวนชายแดนที่ 24","44.2793","0","0","0","0","0","1","0","0","0","0","0","0","0","0","0","0","0","0","0","0","0","0","0","0","0","0","0","0","0","0","0","0","0","0","0","0","0","0","0","0","0","0","0","0","0","0","0","0","0","0","0","0","0","0","0","1","0","0","0","0","0","0","0","0","0","0","0","0","0","0","0","0","0","0","0","2","B","ผ่าน","0","2","1","0","0","ผ่าน","A"
"2565","2022","สำนักงานตำรวจแห่งชาติ","กองบัญชาการตำรวจตระเวนชายแดน","กองบังคับการตำรวจตระเวนชายแดนภาค 2","กองกำกับการตำรวจตระเวนชายแดนที่ 24","45.2786","0","0","0","0","0","0","0","0","0","0","0","0","0","0","0","0","0","0","0","0","0","0","0","0","0","0","0","0","0","0","0","0","0","0","0","0","0","0","0","0","0","0","0","0","0","0","0","0","0","0","0","0","0","0","0","0","0","0","0","0","0","0","0","0","0","0","0","0","0","0","0","0","0","0","0","0","A","ผ่าน","0","1","2","0","0","ผ่าน","A"
"2566","2023","สำนักงานตำรวจแห่งชาติ","กองบัญชาการตำรวจตระเวนชายแดน","กองบังคับการตำรวจตระเวนชายแดนภาค 2","กองกำกับการตำรวจตระเวนชายแดนที่ 24","46.2779","0","0","0","0","0","0","0","0","0","0","0","0","0","0","0","0","0","0","0","0","0","0","0","0","0","0","0","0","0","0","0","0","0","0","0","0","0","0","0","0","0","0","0","0","0","0","0","0","0","0","0","0","0","0","0","0","0","0","0","0","0","0","0","0","0","0","0","0","0","0","0","0","0","0","0","0","A","ผ่าน","0","0.666667","3","0","0","ผ่าน","A"
"2567","2024","สำนักงานตำรวจแห่งชาติ","กองบัญชาการตำรวจตระเวนชายแดน","กองบังคับการตำรวจตระเวนชายแดนภาค 2","กองกำกับการตำรวจตระเวนชายแดนที่ 24","47.2799","0","0","0","0","0","0","0","0","0","0","0","0","0","0","0","0","0","0","0","0","0","0","0","0","0","0","0","0","0","0","0","0","0","0","0","0","0","0","0","0","0","0","0","0","0","0","0","0","0","0","0","0","0","0","0","0","0","0","0","0","0","0","0","0","0","0","0","0","0","0","0","0","0","0","0","0","A","ผ่าน","0","0","4","0","0","ผ่าน","A"
"2568","2025","สำนักงานตำรวจแห่งชาติ","กองบัญชาการตำรวจตระเวนชายแดน","กองบังคับการตำรวจตระเวนชายแดนภาค 2","กองกำกับการตำรวจตระเวนชายแดนที่ 24","48.2793","0","0","0","0","0","0","0","0","0","0","0","0","0","0","0","0","0","0","0","0","0","0","0","0","0","0","0","0","0","0","0","0","0","0","0","0","0","0","0","0","0","0","0","0","0","0","0","0","0","0","0","0","0","0","0","0","0","0","0","0","0","0","0","0","0","0","0","0","0","0","0","0","0","0","0","0","A","ผ่าน","0","0","5","0","0","ผ่าน","A"
"2563","2020","สำนักงานตำรวจแห่งชาติ","กองบัญชาการตำรวจตระเวนชายแดน","กองบังคับการตำรวจตระเวนชายแดนภาค 2","กองกำกับการตำรวจตระเวนชายแดนที่ 24","40.0219","","","","","","","","","","","","","","","","","","","","","","","","","","","","","","","","","","","","","","","","","","","","","","","","","","","","","","","","","","","","","","","","","","","","","","","","","","","","","","","","","0","0","0","ผ่าน","A"
"2564","2021","สำนักงานตำรวจแห่งชาติ","กองบัญชาการตำรวจตระเวนชายแดน","กองบังคับการตำรวจตระเวนชายแดนภาค 2","กองกำกับการตำรวจตระเวนชายแดนที่ 24","41.0212","0","0","0","0","0","0","0","0","0","0","0","0","0","0","0","0","0","0","0","0","0","0","0","0","0","0","0","0","0","0","0","0","0","0","0","0","0","0","0","0","0","0","0","0","0","0","0","0","0","0","0","0","0","0","0","0","0","0","0","0","0","0","0","0","0","0","0","0","0","0","0","0","0","0","0","0","A","ผ่าน","0","0","1","0","0","ผ่าน","A"
"2565","2022","สำนักงานตำรวจแห่งชาติ","กองบัญชาการตำรวจตระเวนชายแดน","กองบังคับการตำรวจตระเวนชายแดนภาค 2","กองกำกับการตำรวจตระเวนชายแดนที่ 24","42.0205","0","0","0","0","0","0","0","0","0","0","0","0","0","0","0","0","0","0","0","0","0","0","0","0","0","0","0","0","0","0","0","0","0","0","0","0","0","0","0","0","0","0","0","0","0","0","0","0","0","0","0","0","0","0","0","0","0","0","0","0","0","0","0","0","0","0","0","0","0","0","0","0","0","0","0","0","A","ผ่าน","0","0","2","0","0","ผ่าน","A"
"2566","2023","สำนักงานตำรวจแห่งชาติ","กองบัญชาการตำรวจตระเวนชายแดน","กองบังคับการตำรวจตระเวนชายแดนภาค 2","กองกำกับการตำรวจตระเวนชายแดนที่ 24","43.0198","0","0","0","0","0","0","0","0","0","0","0","0","0","0","0","0","0","0","0","0","0","0","0","0","0","0","0","0","0","0","0","0","0","0","0","0","0","0","0","0","0","0","0","0","0","0","0","0","0","0","0","0","0","0","0","0","0","0","0","0","0","0","0","0","0","0","0","0","0","0","0","0","0","0","0","0","A","ผ่าน","0","0","3","0","0","ผ่าน","A"
"2567","2024","สำนักงานตำรวจแห่งชาติ","กองบัญชาการตำรวจตระเวนชายแดน","กองบังคับการตำรวจตระเวนชายแดนภาค 2","กองกำกับการตำรวจตระเวนชายแดนที่ 24","44.0219","0","0","0","0","0","0","0","0","0","0","0","0","0","0","0","0","0","0","0","0","0","0","0","0","0","0","0","0","0","0","0","0","0","0","0","0","0","0","0","0","0","0","0","0","0","0","0","0","0","0","0","0","0","0","0","0","0","0","0","0","0","0","0","0","0","0","0","0","0","0","0","0","0","0","0","0","A","ผ่าน","0","0","4","0","0","ผ่าน","A"
"2568","2025","สำนักงานตำรวจแห่งชาติ","กองบัญชาการตำรวจตระเวนชายแดน","กองบังคับการตำรวจตระเวนชายแดนภาค 2","กองกำกับการตำรวจตระเวนชายแดนที่ 24","45.0212","0","0","0","0","0","0","0","0","0","0","0","0","0","0","0","0","0","0","0","0","0","0","0","0","0","0","0","0","0","0","0","0","0","0","0","0","0","0","0","0","0","0","0","0","0","0","0","0","0","0","0","0","0","0","0","0","0","0","0","0","0","0","0","0","0","0","0","0","0","0","0","0","0","0","0","0","A","ผ่าน","0","0","5","0","0","ผ่าน","A"
"2563","2020","สำนักงานตำรวจแห่งชาติ","กองบัญชาการตำรวจตระเวนชายแดน","กองบังคับการตำรวจตระเวนชายแดนภาค 2","กองกำกับการตำรวจตระเวนชายแดนที่ 24","34.6585","","","","","","","","","","","","","","","","","","","","","","","","","","","","","","","","","","","","","","","","","","","","","","","","","","","","","","","","","","","","","","","","","","","","","","","","","","","","","","","","","0","0","0","ผ่าน","A"
"2564","2021","สำนักงานตำรวจแห่งชาติ","กองบัญชาการตำรวจตระเวนชายแดน","กองบังคับการตำรวจตระเวนชายแดนภาค 2","กองกำกับการตำรวจตระเวนชายแดนที่ 24","35.6578","0","0","0","0","0","0","0","0","0","0","0","0","0","0","0","0","0","0","0","0","0","0","0","0","0","0","0","0","0","0","0","0","0","0","0","0","0","0","0","0","0","0","0","0","0","0","0","0","0","0","0","0","0","0","0","0","0","0","0","0","0","0","0","0","0","0","0","0","0","0","0","0","0","0","0","0","A","ผ่าน","0","0","1","0","0","ผ่าน","A"
"2565","2022","สำนักงานตำรวจแห่งชาติ","กองบัญชาการตำรวจตระเวนชายแดน","กองบังคับการตำรวจตระเวนชายแดนภาค 2","กองกำกับการตำรวจตระเวนชายแดนที่ 24","36.6571","0","0","0","0","0","0","0","0","0","0","0","0","0","0","0","0","0","0","0","0","0","0","0","0","0","0","0","0","0","0","0","0","0","0","0","0","0","0","0","0","0","0","0","0","0","0","0","0","0","0","0","0","0","0","0","0","0","0","0","0","0","0","0","0","0","0","0","0","0","0","0","0","0","0","0","0","A","ผ่าน","0","0","2","0","0","ผ่าน","A"
"2567","2024","สำนักงานตำรวจแห่งชาติ","กองบัญชาการตำรวจตระเวนชายแดน","กองบังคับการตำรวจตระเวนชายแดนภาค 2","กองกำกับการตำรวจตระเวนชายแดนที่ 24","38.6585","","","","","","","","","","","","","","","","","","","","","","","","","","","","","","","","","","","","","","","","","","","","","","","","","","","","","","","","","","","","","","","","","","","","","","","","","","","","","","","0","0","0","0","0","ผ่าน","A"
"2568","2025","สำนักงานตำรวจแห่งชาติ","กองบัญชาการตำรวจตระเวนชายแดน","กองบังคับการตำรวจตระเวนชายแดนภาค 2","กองกำกับการตำรวจตระเวนชายแดนที่ 24","39.6578","0","0","0","0","0","0","0","0","0","0","0","0","0","0","0","0","0","0","0","0","0","0","0","0","0","0","0","0","0","0","0","0","0","0","0","0","0","0","0","0","0","0","0","0","0","0","0","0","0","0","0","0","0","0","0","0","0","0","0","0","0","0","0","0","0","0","0","0","0","0","0","0","0","0","0","0","A","ผ่าน","0","0","1","0","0","ผ่าน","A"
"2563","2020","สำนักงานตำรวจแห่งชาติ","กองบัญชาการตำรวจตระเวนชายแดน","กองบังคับการตำรวจตระเวนชายแดนภาค 2","กองกำกับการตำรวจตระเวนชายแดนที่ 24","","","","","","","","","","","","","","","","","","","","","","","","","","","","","","","","","","","","","","","","","","","","","","","","","","","","","","","","","","","","","","","","","","","","","","","","","","","","","","","","","","0","0","0","ผ่าน","A"
"2567","2024","สำนักงานตำรวจแห่งชาติ","กองบัญชาการตำรวจตระเวนชายแดน","กองบังคับการตำรวจตระเวนชายแดนภาค 2","กองกำกับการตำรวจตระเวนชายแดนที่ 24","","","","","","","","","","","","","","","","","","","","","","","","","","","","","","","","","","","","","","","","","","","","","","","","","","","","","","","","","","","","","","","","","","","","","","","","","","","","","","","","","","0","0","0","ผ่าน","A"
"2563","2020","สำนักงานตำรวจแห่งชาติ","กองบัญชาการตำรวจตระเวนชายแดน","กองบังคับการตำรวจตระเวนชายแดนภาค 2","กองกำกับการตำรวจตระเวนชายแดนที่ 24","","","","","","","","","","","","","","","","","","","","","","","","","","","","","","","","","","","","","","","","","","","","","","","","","","","","","","","","","","","","","","","","","","","","","","","","","","","","","","","","","","0","0","0","ผ่าน","A"
"2567","2024","สำนักงานตำรวจแห่งชาติ","กองบัญชาการตำรวจตระเวนชายแดน","กองบังคับการตำรวจตระเวนชายแดนภาค 2","กองกำกับการตำรวจตระเวนชายแดนที่ 24","0.627","","","","","","","","","","","","","","","","","","","","","","","","","","","","","","","","","","","","","","","","","","","","","","","","","","","","","","","","","","","","","","","","","","","","","","","","","","","","","","","","","0","0","0","ผ่าน","A"
"2563","2020","สำนักงานตำรวจแห่งชาติ","กองบัญชาการตำรวจตระเวนชายแดน","กองบังคับการตำรวจตระเวนชายแดนภาค 2","กองกำกับการตำรวจตระเวนชายแดนที่ 24","25.5496","","","","","","","","","","","","","","","","","","","","","","","","","","","","","","","","","","","","","","","","","","","","","","","","","","","","","","","","","","","","","","","","","","","","","","","","","","","","","","","","","0","0","0","ผ่าน","B"
"2564","2021","สำนักงานตำรวจแห่งชาติ","กองบัญชาการตำรวจตระเวนชายแดน","กองบังคับการตำรวจตระเวนชายแดนภาค 2","กองกำกับการตำรวจตระเวนชายแดนที่ 24","26.5489","0","0","0","0","1","1","0","0","0","0","0","0","0","0","0","0","0","0","0","0","0","0","0","0","0","0","0","0","0","0","0","0","0","0","0","0","0","0","0","0","0","0","0","0","0","0","0","0","0","0","0","0","0","0","0","0","0","0","0","0","0","0","0","0","0","0","0","0","0","0","0","0","0","0","0","2","B","ผ่าน","0","2","1","0","0","ผ่าน","B"
"2566","2023","สำนักงานตำรวจแห่งชาติ","กองบัญชาการตำรวจตระเวนชายแดน","กองบังคับการตำรวจตระเวนชายแดนภาค 2","กองกำกับการตำรวจตระเวนชายแดนที่ 24","28.5476","","","","","","","","","","","","","","","","","","","","","","","","","","","","","","","","","","","","","","","","","","","","","","","","","","","","","","","","","","","","","","","","","","","","","","","","","","","","","","","0","1.5","0","0","0","ผ่าน","B"
"2567","2024","สำนักงานตำรวจแห่งชาติ","กองบัญชาการตำรวจตระเวนชายแดน","กองบังคับการตำรวจตระเวนชายแดนภาค 2","กองกำกับการตำรวจตระเวนชายแดนที่ 24","29.5496","0","0","0","0","0","0","0","0","0","0","0","0","0","0","0","0","0","0","0","0","0","0","0","0","0","0","0","0","0","1","0","0","0","0","0","0","0","0","0","0","0","0","0","0","0","0","0","0","0","0","0","0","0","0","0","0","0","0","0","0","0","0","0","0","0","0","0","0","0","0","0","0","0","0","0","1","B","ผ่าน","0","1","1","0","0","ผ่าน","A"
"2568","2025","สำนักงานตำรวจแห่งชาติ","กองบัญชาการตำรวจตระเวนชายแดน","กองบังคับการตำรวจตระเวนชายแดนภาค 2","กองกำกับการตำรวจตระเวนชายแดนที่ 24","30.5489","0","0","0","0","0","0","0","0","0","0","0","0","0","0","0","0","0","0","0","0","0","0","0","0","0","0","0","0","0","0","0","0","0","0","0","0","0","0","0","0","0","0","0","0","0","0","0","0","0","0","0","0","0","0","0","0","0","0","0","0","0","0","0","0","0","0","0","0","0","0","0","0","0","0","0","0","A","ผ่าน","0","0.5","2","0","0","ผ่าน","A"
"2563","2020","สำนักงานตำรวจแห่งชาติ","กองบัญชาการตำรวจตระเวนชายแดน","กองบังคับการตำรวจตระเวนชายแดนภาค 2","กองกำกับการตำรวจตระเวนชายแดนที่ 23","","","","","","","","","","","","","","","","","","","","","","","","","","","","","","","","","","","","","","","","","","","","","","","","","","","","","","","","","","","","","","","","","","","","","","","","","","","","","","","","","","0","0","0","ผ่าน","B"
"2564","2021","สำนักงานตำรวจแห่งชาติ","กองบัญชาการตำรวจตระเวนชายแดน","กองบังคับการตำรวจตระเวนชายแดนภาค 2","กองกำกับการตำรวจตระเวนชายแดนที่ 23","","0","0","0","0","0","1","0","0","0","0","0","0","0","0","0","0","0","0","0","0","0","0","0","0","0","0","0","0","0","0","0","0","0","0","0","0","0","0","0","0","0","0","0","0","0","0","0","0","0","0","0","0","0","0","0","0","0","0","0","0","0","0","0","0","0","0","0","0","0","0","0","0","0","0","0","1","B","ผ่าน","0","1","1","0","0","ผ่าน","A"
"2566","2023","สำนักงานตำรวจแห่งชาติ","กองบัญชาการตำรวจตระเวนชายแดน","กองบังคับการตำรวจตระเวนชายแดนภาค 2","กองกำกับการตำรวจตระเวนชายแดนที่ 23","","","","","","","","","","","","","","","","","","","","","","","","","","","","","","","","","","","","","","","","","","","","","","","","","","","","","","","","","","","","","","","","","","","","","","","","","","","","","","","","0","0.5","0","0","0","ผ่าน","A"
"2567","2024","สำนักงานตำรวจแห่งชาติ","กองบัญชาการตำรวจตระเวนชายแดน","กองบังคับการตำรวจตระเวนชายแดนภาค 2","กองกำกับการตำรวจตระเวนชายแดนที่ 23","","0","0","0","0","0","0","0","0","0","0","0","0","0","0","0","0","0","0","0","0","0","0","0","0","0","0","0","0","0","0","0","0","0","0","0","0","0","0","0","0","0","0","0","0","0","0","0","0","0","0","0","0","0","0","0","0","0","0","0","0","0","0","0","0","0","0","0","0","0","0","0","0","0","0","0","0","A","ผ่าน","0","0","1","0","0","ผ่าน","A"
"2568","2025","สำนักงานตำรวจแห่งชาติ","กองบัญชาการตำรวจตระเวนชายแดน","กองบังคับการตำรวจตระเวนชายแดนภาค 2","กองกำกับการตำรวจตระเวนชายแดนที่ 23","0.6297","0","0","0","0","0","0","0","0","0","0","0","0","0","0","0","0","0","0","0","0","0","0","0","0","0","0","0","0","0","0","0","0","0","0","0","0","0","0","0","0","0","0","0","0","0","0","0","0","0","0","0","0","0","0","0","0","0","0","0","0","0","0","0","0","0","0","0","0","0","0","0","0","0","0","0","0","A","ผ่าน","0","0","2","0","0","ผ่าน","A"
"2563","2020","สำนักงานตำรวจแห่งชาติ","กองบัญชาการตำรวจตระเวนชายแดน","กองบังคับการตำรวจตระเวนชายแดนภาค 2","กองกำกับการตำรวจตระเวนชายแดนที่ 23","","","","","","","","","","","","","","","","","","","","","","","","","","","","","","","","","","","","","","","","","","","","","","","","","","","","","","","","","","","","","","","","","","","","","","","","","","","","","","","","","","0","0","0","ผ่าน","B"
"2564","2021","สำนักงานตำรวจแห่งชาติ","กองบัญชาการตำรวจตระเวนชายแดน","กองบังคับการตำรวจตระเวนชายแดนภาค 2","กองกำกับการตำรวจตระเวนชายแดนที่ 23","0.5476","0","0","0","0","0","1","0","0","0","0","0","0","0","0","0","0","0","0","0","0","0","0","0","0","0","0","0","0","0","0","0","0","0","0","0","0","0","0","0","0","0","0","0","0","0","0","0","0","0","0","0","0","0","0","0","0","0","0","0","0","0","0","0","0","0","0","0","0","0","0","0","0","0","0","0","1","B","ผ่าน","0","1","1","0","0","ผ่าน","B"
"2565","2022","สำนักงานตำรวจแห่งชาติ","กองบัญชาการตำรวจตระเวนชายแดน","กองบังคับการตำรวจตระเวนชายแดนภาค 2","กองกำกับการตำรวจตระเวนชายแดนที่ 23","1.5469","0","0","0","0","0","1","0","0","0","0","0","0","0","0","0","0","0","0","0","0","0","0","0","0","0","0","0","0","0","0","0","0","0","0","0","0","0","0","0","0","0","0","0","0","0","0","0","0","0","0","0","0","0","0","0","0","0","0","0","0","0","0","0","0","0","0","0","0","0","0","0","0","0","0","0","1","B","ผ่าน","0","1","2","0","0","ผ่าน","A"
"2566","2023","สำนักงานตำรวจแห่งชาติ","กองบัญชาการตำรวจตระเวนชายแดน","กองบังคับการตำรวจตระเวนชายแดนภาค 2","กองกำกับการตำรวจตระเวนชายแดนที่ 23","2.5462","0","0","0","0","0","0","0","0","0","0","0","0","0","0","0","0","0","0","0","0","0","0","0","0","0","0","0","0","0","0","0","0","0","0","0","0","0","0","0","0","0","0","0","0","0","0","0","0","0","0","0","0","0","0","0","0","0","0","0","0","0","0","0","0","0","0","0","0","0","0","0","0","0","0","0","0","A","ผ่าน","0","0.666667","3","0","0","ผ่าน","B"
"2563","2020","สำนักงานตำรวจแห่งชาติ","กองบัญชาการตำรวจตระเวนชายแดน","กองบังคับการตำรวจตระเวนชายแดนภาค 2","กองกำกับการตำรวจตระเวนชายแดนที่ 23","43.2498","","","","","","","","","","","","","","","","","","","","","","","","","","","","","","","","","","","","","","","","","","","","","","","","","","","","","","","","","","","","","","","","","","","","","","","","","","","","","","","","","0","0","0","ผ่าน","B"
"2564","2021","สำนักงานตำรวจแห่งชาติ","กองบัญชาการตำรวจตระเวนชายแดน","กองบังคับการตำรวจตระเวนชายแดนภาค 2","กองกำกับการตำรวจตระเวนชายแดนที่ 23","44.2491","0","0","0","0","0","1","0","0","0","0","0","1","0","0","0","0","0","0","0","0","0","0","0","0","0","0","0","0","0","0","0","0","0","0","0","0","0","0","0","0","0","0","0","0","0","0","0","0","0","0","0","0","0","0","0","0","0","0","0","0","0","0","0","1","1","0","0","0","1","1","0","0","1","0","0","7","B","ผ่าน","0","7","1","0","0","ผ่าน","B"
"2565","2022","สำนักงานตำรวจแห่งชาติ","กองบัญชาการตำรวจตระเวนชายแดน","กองบังคับการตำรวจตระเวนชายแดนภาค 2","กองกำกับการตำรวจตระเวนชายแดนที่ 23","45.2485","0","0","0","0","0","1","0","0","0","0","0","0","0","0","0","0","0","0","0","0","0","0","0","0","0","0","0","0","0","0","0","0","0","0","0","0","0","0","0","0","0","0","0","0","0","0","0","0","0","0","0","0","0","0","0","0","0","0","0","0","0","0","0","0","0","0","0","0","0","0","0","0","0","0","0","1","B","ผ่าน","0","4","2","0","0","ผ่าน","A"
"2566","2023","สำนักงานตำรวจแห่งชาติ","กองบัญชาการตำรวจตระเวนชายแดน","กองบังคับการตำรวจตระเวนชายแดนภาค 2","กองกำกับการตำรวจตระเวนชายแดนที่ 23","46.2478","0","0","0","0","0","0","0","0","0","0","0","0","0","0","0","0","0","0","0","0","0","0","0","0","0","0","0","0","0","0","0","0","0","0","0","0","0","0","0","0","0","0","0","0","0","0","0","0","0","0","0","0","0","0","0","0","0","0","0","0","0","0","0","0","0","0","0","0","0","0","0","0","0","0","0","0","A","ผ่าน","0","2.666667","3","0","0","ผ่าน","B"
"2567","2024","สำนักงานตำรวจแห่งชาติ","กองบัญชาการตำรวจตระเวนชายแดน","กองบังคับการตำรวจตระเวนชายแดนภาค 2","กองกำกับการตำรวจตระเวนชายแดนที่ 23","47.2498","0","0","0","0","0","1","0","0","0","0","0","0","0","0","0","0","0","0","0","0","0","0","0","0","0","0","0","0","0","0","0","0","0","0","0","0","0","0","0","0","0","0","0","0","0","0","0","0","0","0","0","0","0","0","0","0","0","0","0","0","0","0","0","0","0","0","0","0","0","0","0","0","0","0","0","1","B","ผ่าน","0","0.666667","4","0","0","ผ่าน","A"
"2563","2020","สำนักงานตำรวจแห่งชาติ","กองบัญชาการตำรวจตระเวนชายแดน","กองบังคับการตำรวจตระเวนชายแดนภาค 2","กองกำกับการตำรวจตระเวนชายแดนที่ 23","6.9815","","","","","","","","","","","","","","","","","","","","","","","","","","","","","","","","","","","","","","","","","","","","","","","","","","","","","","","","","","","","","","","","","","","","","","","","","","","","","","","","","0","0","0","ผ่าน","A"
"2564","2021","สำนักงานตำรวจแห่งชาติ","กองบัญชาการตำรวจตระเวนชายแดน","กองบังคับการตำรวจตระเวนชายแดนภาค 2","กองกำกับการตำรวจตระเวนชายแดนที่ 23","7.9808","0","0","0","0","0","0","0","0","0","0","0","0","0","0","0","0","0","0","0","0","0","0","0","0","0","0","0","0","0","0","0","0","0","0","0","0","0","0","0","0","0","0","0","0","0","0","0","0","0","0","0","0","0","0","0","0","0","0","0","0","0","0","0","0","0","0","0","0","0","0","0","0","0","0","0","0","A","ผ่าน","0","0","1","0","0","ผ่าน","B"
"2565","2022","สำนักงานตำรวจแห่งชาติ","กองบัญชาการตำรวจตระเวนชายแดน","กองบังคับการตำรวจตระเวนชายแดนภาค 2","กองกำกับการตำรวจตระเวนชายแดนที่ 23","8.9802","0","0","0","0","0","0","0","0","0","0","0","0","0","0","1","0","0","0","0","0","0","0","0","0","0","0","0","0","0","0","0","0","0","0","0","0","0","0","0","0","0","0","0","0","0","0","0","0","0","0","0","0","0","0","0","0","0","0","0","0","0","0","0","0","0","0","0","0","0","0","0","0","0","0","0","1","B","ผ่าน","0","0.5","2","0","0","ผ่าน","A"
"2566","2023","สำนักงานตำรวจแห่งชาติ","กองบัญชาการตำรวจตระเวนชายแดน","กองบังคับการตำรวจตระเวนชายแดนภาค 2","กองกำกับการตำรวจตระเวนชายแดนที่ 23","9.9795","0","0","0","0","0","0","0","0","0","0","0","0","0","0","0","0","0","0","0","0","0","0","0","0","0","0","0","0","0","0","0","0","0","0","0","0","0","0","0","0","0","0","0","0","0","0","0","0","0","0","0","0","0","0","0","0","0","0","0","0","0","0","0","0","0","0","0","0","0","0","0","0","0","0","0","0","A","ผ่าน","0","0.333333","3","0","0","ผ่าน","A"
"2567","2024","สำนักงานตำรวจแห่งชาติ","กองบัญชาการตำรวจตระเวนชายแดน","กองบังคับการตำรวจตระเวนชายแดนภาค 2","กองกำกับการตำรวจตระเวนชายแดนที่ 23","10.9815","0","0","0","0","0","0","0","0","0","0","0","0","0","0","0","0","0","0","0","0","0","0","0","0","0","0","0","0","0","0","0","0","0","0","0","0","0","0","0","0","0","0","0","0","0","0","0","0","0","0","0","0","0","0","0","0","0","0","0","0","0","0","0","0","0","0","0","0","0","0","0","0","0","0","0","0","A","ผ่าน","0","0.333333","4","0","0","ผ่าน","A"
"2563","2020","สำนักงานตำรวจแห่งชาติ","กองบัญชาการตำรวจตระเวนชายแดน","กองบังคับการตำรวจตระเวนชายแดนภาค 2","กองกำกับการตำรวจตระเวนชายแดนที่ 23","6.6283","","","","","","","","","","","","","","","","","","","","","","","","","","","","","","","","","","","","","","","","","","","","","","","","","","","","","","","","","","","","","","","","","","","","","","","","","","","","","","","","","0","0","0","ผ่าน","A"
"2564","2021","สำนักงานตำรวจแห่งชาติ","กองบัญชาการตำรวจตระเวนชายแดน","กองบังคับการตำรวจตระเวนชายแดนภาค 2","กองกำกับการตำรวจตระเวนชายแดนที่ 23","7.6277","0","0","0","0","0","0","0","0","0","0","0","0","0","0","0","0","0","0","0","0","0","0","0","0","0","0","0","0","0","0","0","0","0","0","0","0","0","0","0","0","0","0","0","0","0","0","0","0","0","0","0","0","0","0","0","0","0","0","0","0","0","0","0","0","0","0","0","0","0","0","0","0","0","0","0","0","A","ผ่าน","0","0","1","0","0","ผ่าน","A"
"2565","2022","สำนักงานตำรวจแห่งชาติ","กองบัญชาการตำรวจตระเวนชายแดน","กองบังคับการตำรวจตระเวนชายแดนภาค 2","กองกำกับการตำรวจตระเวนชายแดนที่ 23","8.627","0","0","0","0","0","0","0","0","0","0","0","0","0","0","0","0","0","0","0","0","0","0","0","0","0","0","0","0","0","0","0","0","0","0","0","0","0","0","0","0","0","0","0","0","0","0","0","0","0","0","0","0","0","0","0","0","0","0","0","0","0","0","0","0","0","0","0","0","0","0","0","0","0","0","0","0","A","ผ่าน","0","0","2","0","0","ผ่าน","A"
"2566","2023","สำนักงานตำรวจแห่งชาติ","กองบัญชาการตำรวจตระเวนชายแดน","กองบังคับการตำรวจตระเวนชายแดนภาค 2","กองกำกับการตำรวจตระเวนชายแดนที่ 23","9.6263","0","0","0","0","0","0","0","0","0","0","0","0","0","0","0","0","0","0","0","0","0","0","0","0","0","0","0","0","0","0","0","0","0","0","0","0","0","0","0","0","0","0","0","0","0","0","0","0","0","0","0","0","0","0","0","0","0","0","0","0","0","0","0","0","0","0","0","0","0","0","0","0","0","0","0","0","A","ผ่าน","0","0","3","0","0","ผ่าน","A"
"2567","2024","สำนักงานตำรวจแห่งชาติ","กองบัญชาการตำรวจตระเวนชายแดน","กองบังคับการตำรวจตระเวนชายแดนภาค 2","กองกำกับการตำรวจตระเวนชายแดนที่ 23","10.6283","0","0","0","0","0","0","0","0","0","0","0","0","0","0","0","0","0","0","0","0","0","0","0","0","0","0","0","0","0","0","0","0","0","0","0","0","0","0","0","0","0","0","0","0","0","0","0","0","0","0","0","0","0","0","0","0","0","0","0","0","0","0","0","0","0","0","0","0","0","0","0","0","0","0","0","0","A","ผ่าน","0","0","4","0","0","ผ่าน","A"
"2568","2025","สำนักงานตำรวจแห่งชาติ","กองบัญชาการตำรวจตระเวนชายแดน","กองบังคับการตำรวจตระเวนชายแดนภาค 2","กองกำกับการตำรวจตระเวนชายแดนที่ 23","11.6277","0","0","0","0","0","0","0","0","0","0","0","0","0","0","0","0","0","0","0","0","0","0","0","0","0","0","0","0","0","0","0","0","0","0","0","0","0","0","0","0","0","0","0","0","0","0","0","0","0","0","0","0","0","0","0","0","0","0","0","0","0","0","0","0","0","0","0","0","0","0","0","0","0","0","0","0","A","ผ่าน","0","0","5","0","0","ผ่าน","A"
"2563","2020","สำนักงานตำรวจแห่งชาติ","กองบัญชาการตำรวจตระเวนชายแดน","กองบังคับการตำรวจตระเวนชายแดนภาค 2","กองกำกับการตำรวจตระเวนชายแดนที่ 23","","","","","","","","","","","","","","","","","","","","","","","","","","","","","","","","","","","","","","","","","","","","","","","","","","","","","","","","","","","","","","","","","","","","","","","","","","","","","","","","","","0","0","0","ผ่าน","A"
"2563","2020","สำนักงานตำรวจแห่งชาติ","กองบัญชาการตำรวจตระเวนชายแดน","กองบังคับการตำรวจตระเวนชายแดนภาค 2","กองกำกับการตำรวจตระเวนชายแดนที่ 23","44.5832","","","","","","","","","","","","","","","","","","","","","","","","","","","","","","","","","","","","","","","","","","","","","","","","","","","","","","","","","","","","","","","","","","","","","","","","","","","","","","","","","0","0","0","ผ่าน","A"
"2564","2021","สำนักงานตำรวจแห่งชาติ","กองบัญชาการตำรวจตระเวนชายแดน","กองบังคับการตำรวจตระเวนชายแดนภาค 2","กองกำกับการตำรวจตระเวนชายแดนที่ 23","45.5825","0","0","0","0","0","0","0","0","0","0","0","0","0","0","0","0","0","0","0","0","0","0","0","0","0","0","0","0","0","0","0","0","0","0","0","0","0","0","0","0","0","0","0","0","0","0","0","0","0","0","0","0","0","0","0","0","0","0","0","0","0","0","0","0","0","0","0","0","0","0","0","0","0","0","0","0","A","ผ่าน","0","0","1","0","0","ผ่าน","A"
"2565","2022","สำนักงานตำรวจแห่งชาติ","กองบัญชาการตำรวจตระเวนชายแดน","กองบังคับการตำรวจตระเวนชายแดนภาค 2","กองกำกับการตำรวจตระเวนชายแดนที่ 23","46.5818","0","0","0","0","0","0","0","0","0","0","0","0","0","0","0","0","0","0","0","0","0","0","0","0","0","0","0","0","0","0","0","0","0","0","0","0","0","0","0","0","0","0","0","0","0","0","0","0","0","0","0","0","0","0","0","0","0","0","0","0","0","0","0","0","0","0","0","0","0","0","0","0","0","0","0","0","A","ผ่าน","0","0","2","0","0","ผ่าน","A"
"2566","2023","สำนักงานตำรวจแห่งชาติ","กองบัญชาการตำรวจตระเวนชายแดน","กองบังคับการตำรวจตระเวนชายแดนภาค 2","กองกำกับการตำรวจตระเวนชายแดนที่ 23","47.5811","0","0","0","0","0","0","0","0","0","0","0","0","0","0","0","0","0","0","0","0","0","0","0","0","0","0","0","0","0","0","0","0","0","0","0","0","0","0","0","0","0","0","0","0","0","0","0","0","0","0","0","0","0","0","0","0","0","0","0","0","0","0","0","0","0","0","0","0","0","0","0","0","0","0","0","0","A","ผ่าน","0","0","3","0","0","ผ่าน","A"
"2567","2024","สำนักงานตำรวจแห่งชาติ","กองบัญชาการตำรวจตระเวนชายแดน","กองบังคับการตำรวจตระเวนชายแดนภาค 2","กองกำกับการตำรวจตระเวนชายแดนที่ 23","48.5832","0","0","0","0","0","0","0","0","0","0","0","0","0","0","0","0","0","0","0","0","0","0","0","0","0","0","0","0","0","0","0","0","0","0","0","0","0","0","0","0","0","0","0","0","0","0","0","0","0","0","0","0","0","0","0","0","0","0","0","0","0","0","0","0","0","0","0","0","0","0","0","0","0","0","0","0","A","ผ่าน","0","0","4","0","0","ผ่าน","A"
"2568","2025","สำนักงานตำรวจแห่งชาติ","กองบัญชาการตำรวจตระเวนชายแดน","กองบังคับการตำรวจตระเวนชายแดนภาค 2","กองกำกับการตำรวจตระเวนชายแดนที่ 23","49.5825","0","0","0","0","0","0","0","0","0","0","0","0","0","0","0","0","0","0","0","0","0","0","0","0","0","0","0","0","0","0","0","0","0","0","0","0","0","0","0","0","0","0","0","0","0","0","0","0","0","0","0","0","0","0","0","0","0","0","0","0","0","0","0","0","0","0","0","0","0","0","0","0","0","0","0","0","A","ผ่าน","0","0","5","0","0","ผ่าน","A"
"2563","2020","สำนักงานตำรวจแห่งชาติ","กองบัญชาการตำรวจตระเวนชายแดน","กองบังคับการตำรวจตระเวนชายแดนภาค 2","กองกำกับการตำรวจตระเวนชายแดนที่ 23","35.6441","","","","","","","","","","","","","","","","","","","","","","","","","","","","","","","","","","","","","","","","","","","","","","","","","","","","","","","","","","","","","","","","","","","","","","","","","","","","","","","","","0","0","0","ผ่าน","A"
"2564","2021","สำนักงานตำรวจแห่งชาติ","กองบัญชาการตำรวจตระเวนชายแดน","กองบังคับการตำรวจตระเวนชายแดนภาค 2","กองกำกับการตำรวจตระเวนชายแดนที่ 23","36.6434","0","0","0","0","0","0","0","0","0","0","0","0","0","0","0","0","0","0","0","0","0","0","0","0","0","0","0","0","0","0","0","0","0","0","0","0","0","0","0","0","0","0","0","0","0","0","0","0","0","0","0","0","0","0","0","0","0","0","0","0","0","0","0","0","0","0","0","0","0","0","0","0","0","0","0","0","A","ผ่าน","0","0","1","0","0","ผ่าน","A"
"2565","2022","สำนักงานตำรวจแห่งชาติ","กองบัญชาการตำรวจตระเวนชายแดน","กองบังคับการตำรวจตระเวนชายแดนภาค 2","กองกำกับการตำรวจตระเวนชายแดนที่ 23","37.6427","0","0","0","0","0","0","0","0","0","0","0","0","0","0","0","0","0","0","0","0","0","0","0","0","0","0","0","0","0","0","0","0","0","0","0","0","0","0","0","0","0","0","0","0","0","0","0","0","0","0","0","0","0","0","0","0","0","0","0","0","0","0","0","0","0","0","0","0","0","0","0","0","0","0","0","0","A","ผ่าน","0","0","2","0","0","ผ่าน","A"
"2566","2023","สำนักงานตำรวจแห่งชาติ","กองบัญชาการตำรวจตระเวนชายแดน","กองบังคับการตำรวจตระเวนชายแดนภาค 2","กองกำกับการตำรวจตระเวนชายแดนที่ 23","38.642","0","0","0","0","0","0","0","0","0","0","0","0","0","0","0","0","0","0","0","0","0","0","0","0","0","0","0","0","0","0","0","0","0","0","0","0","0","0","0","0","0","0","0","0","0","0","0","0","0","0","0","0","0","0","0","0","0","0","0","0","0","0","0","0","0","0","0","0","0","0","0","0","0","0","0","0","A","ผ่าน","0","0","3","0","0","ผ่าน","A"
"2568","2025","สำนักงานตำรวจแห่งชาติ","กองบัญชาการตำรวจตระเวนชายแดน","กองบังคับการตำรวจตระเวนชายแดนภาค 2","กองกำกับการตำรวจตระเวนชายแดนที่ 23","25.8727","","","","","","","","","","","","","","","","","","","","","","","","","","","","","","","","","","","","","","","","","","","","","","","","","","","","","","","","","","","","","","","","","","","","","","","","","","","","","","","","","0","0","0","ผ่าน","A"
"2563","2020","สำนักงานตำรวจแห่งชาติ","กองบัญชาการตำรวจตระเวนชายแดน","กองบังคับการตำรวจตระเวนชายแดนภาค 2","กองกำกับการตำรวจตระเวนชายแดนที่ 23","5.64","","","","","","","","","","","","","","","","","","","","","","","","","","","","","","","","","","","","","","","","","","","","","","","","","","","","","","","","","","","","","","","","","","","","","","","","","","","","","","","","","0","0","0","ผ่าน","B"
"2564","2021","สำนักงานตำรวจแห่งชาติ","กองบัญชาการตำรวจตระเวนชายแดน","กองบังคับการตำรวจตระเวนชายแดนภาค 2","กองกำกับการตำรวจตระเวนชายแดนที่ 23","6.6393","0","0","0","0","0","1","0","0","0","0","0","0","0","0","0","0","0","0","0","0","0","0","0","0","0","0","0","0","0","0","0","0","0","0","0","0","0","0","0","0","0","0","0","0","0","0","0","0","0","0","0","0","0","0","0","0","0","0","0","0","0","0","0","0","0","0","0","0","0","0","0","0","0","0","0","1","B","ผ่าน","0","1","1","0","0","ผ่าน","B"
"2565","2022","สำนักงานตำรวจแห่งชาติ","กองบัญชาการตำรวจตระเวนชายแดน","กองบังคับการตำรวจตระเวนชายแดนภาค 2","กองกำกับการตำรวจตระเวนชายแดนที่ 23","7.6386","0","0","0","0","0","0","0","0","0","0","0","0","0","0","1","0","0","0","0","0","0","0","0","0","0","0","0","0","0","0","0","0","0","0","0","0","0","0","0","0","0","0","0","0","0","0","0","0","0","0","0","0","0","0","0","0","0","0","0","0","0","0","0","0","0","0","0","0","0","0","0","0","0","0","0","1","B","ผ่าน","0","1","2","0","0","ผ่าน","A"
"2566","2023","สำนักงานตำรวจแห่งชาติ","กองบัญชาการตำรวจตระเวนชายแดน","กองบังคับการตำรวจตระเวนชายแดนภาค 2","กองกำกับการตำรวจตระเวนชายแดนที่ 23","8.6379","0","0","0","0","0","0","0","0","0","0","0","0","0","0","0","0","0","0","0","0","0","0","0","0","0","0","0","0","0","0","0","0","0","0","0","0","0","0","0","0","0","0","0","0","0","0","0","0","0","0","0","0","0","0","0","0","0","0","0","0","0","0","0","0","0","0","0","0","0","0","0","0","0","0","0","0","A","ผ่าน","0","0.666667","3","0","0","ผ่าน","C"
"2567","2024","สำนักงานตำรวจแห่งชาติ","กองบัญชาการตำรวจตระเวนชายแดน","กองบังคับการตำรวจตระเวนชายแดนภาค 2","กองกำกับการตำรวจตระเวนชายแดนที่ 23","9.64","0","0","0","0","0","1","0","0","0","1","1","0","0","1","1","0","0","0","0","0","0","0","0","0","0","0","0","1","0","0","0","0","0","0","0","0","0","0","0","0","0","0","0","0","1","0","0","0","0","0","0","0","0","0","0","0","0","0","0","0","0","0","0","1","0","0","0","0","1","0","0","0","0","0","0","9","C","ผ่าน","0","3.333333","4","0","0","ผ่าน","B"
"2568","2025","สำนักงานตำรวจแห่งชาติ","กองบัญชาการตำรวจตระเวนชายแดน","กองบังคับการตำรวจตระเวนชายแดนภาค 2","กองกำกับการตำรวจตระเวนชายแดนที่ 23","10.6393","0","0","0","0","0","0","0","0","0","0","0","0","0","0","1","0","0","0","0","0","0","0","0","0","0","0","0","0","0","0","0","0","0","0","0","0","0","0","0","0","0","0","0","0","0","0","0","0","0","0","0","0","0","0","0","0","0","0","0","0","0","0","0","0","0","0","0","0","0","0","0","0","0","0","0","1","B","ผ่าน","0","3.333333","5","0","0","ผ่าน","B"
"2564","2021","สำนักงานตำรวจแห่งชาติ","กองบัญชาการตำรวจตระเวนชายแดน","กองบังคับการตำรวจตระเวนชายแดนภาค 3","กองกำกับการตำรวจตระเวนชายแดนที่ 33","0.6242","","","","","","","","","","","","","","","","","","","","","","","","","","","","","","","","","","","","","","","","","","","","","","","","","","","","","","","","","","","","","","","","","","","","","","","","","","","","","","","","","0","0","0","ผ่าน","B"
"2565","2022","สำนักงานตำรวจแห่งชาติ","กองบัญชาการตำรวจตระเวนชายแดน","กองบังคับการตำรวจตระเวนชายแดนภาค 3","กองกำกับการตำรวจตระเวนชายแดนที่ 33","1.6235","0","0","0","0","0","1","0","0","0","0","0","0","0","0","0","0","0","0","0","0","0","0","0","0","0","0","1","0","0","0","1","0","0","0","0","0","0","0","0","0","0","0","0","0","1","0","0","0","0","0","0","0","0","0","0","0","0","0","0","0","0","0","0","0","0","0","0","0","0","0","0","0","0","0","0","4","B","ผ่าน","0","4","1","0","0","ผ่าน","B"
"2566","2023","สำนักงานตำรวจแห่งชาติ","กองบัญชาการตำรวจตระเวนชายแดน","กองบังคับการตำรวจตระเวนชายแดนภาค 3","กองกำกับการตำรวจตระเวนชายแดนที่ 33","2.6229","0","0","0","0","0","1","0","0","0","0","0","0","0","0","0","0","0","0","0","0","0","0","0","0","0","0","0","0","0","0","0","0","0","0","0","0","0","0","0","0","0","0","0","0","0","0","0","0","0","0","0","0","0","0","0","0","0","0","0","0","0","0","0","0","0","0","0","0","0","0","0","0","0","0","0","1","B","ผ่าน","0","2.5","2","0","0","ผ่าน","A"
"2567","2024","สำนักงานตำรวจแห่งชาติ","กองบัญชาการตำรวจตระเวนชายแดน","กองบังคับการตำรวจตระเวนชายแดนภาค 3","กองกำกับการตำรวจตระเวนชายแดนที่ 33","3.6249","0","0","0","0","0","0","0","0","0","0","0","0","0","0","0","0","0","0","0","0","0","0","0","0","0","0","0","0","0","0","0","0","0","0","0","0","0","0","0","0","0","0","0","0","0","0","0","0","0","0","0","0","0","0","0","0","0","0","0","0","0","0","0","0","0","0","0","0","0","0","0","0","0","0","0","0","A","ผ่าน","0","1.666667","3","0","0","ผ่าน","B"
"2563","2020","สำนักงานตำรวจแห่งชาติ","กองบัญชาการตำรวจตระเวนชายแดน","กองบังคับการตำรวจตระเวนชายแดนภาค 3","กองกำกับการตำรวจตระเวนชายแดนที่ 33","","","","","","","","","","","","","","","","","","","","","","","","","","","","","","","","","","","","","","","","","","","","","","","","","","","","","","","","","","","","","","","","","","","","","","","","","","","","","","","","","","0","0","0","ผ่าน","A"
"2564","2021","สำนักงานตำรวจแห่งชาติ","กองบัญชาการตำรวจตระเวนชายแดน","กองบังคับการตำรวจตระเวนชายแดนภาค 3","กองกำกับการตำรวจตระเวนชายแดนที่ 33","0.4819","0","0","0","0","0","0","0","0","0","0","0","0","0","0","0","0","0","0","0","0","0","0","0","0","0","0","0","0","0","0","0","0","0","0","0","0","0","0","0","0","0","0","0","0","0","0","0","0","0","0","0","0","0","0","0","0","0","0","0","0","0","0","0","0","0","0","0","0","0","0","0","0","0","0","0","0","A","ผ่าน","0","0","1","0","0","ผ่าน","B"
"2566","2023","สำนักงานตำรวจแห่งชาติ","กองบัญชาการตำรวจตระเวนชายแดน","กองบังคับการตำรวจตระเวนชายแดนภาค 3","กองกำกับการตำรวจตระเวนชายแดนที่ 33","2.4805","","","","","","","","","","","","","","","","","","","","","","","","","","","","","","","","","","","","","","","","","","","","","","","","","","","","","","","","","","","","","","","","","","","","","","","","","","","","","","","0","0.5","0","0","0","ผ่าน","A"
"2567","2024","สำนักงานตำรวจแห่งชาติ","กองบัญชาการตำรวจตระเวนชายแดน","กองบังคับการตำรวจตระเวนชายแดนภาค 3","กองกำกับการตำรวจตระเวนชายแดนที่ 33","3.4825","0","0","0","0","0","0","0","0","0","0","0","0","0","0","0","0","0","0","0","0","0","0","0","0","0","0","0","0","0","0","0","0","0","0","0","0","0","0","0","0","0","0","0","0","0","0","0","0","0","0","0","0","0","0","0","0","0","0","0","0","0","0","0","0","0","0","0","0","0","0","0","0","0","0","0","0","A","ผ่าน","0","0.5","1","0","0","ผ่าน","A"
"2568","2025","สำนักงานตำรวจแห่งชาติ","กองบัญชาการตำรวจตระเวนชายแดน","กองบังคับการตำรวจตระเวนชายแดนภาค 3","กองกำกับการตำรวจตระเวนชายแดนที่ 33","4.4819","0","0","0","0","0","0","0","0","0","0","0","0","0","0","0","0","0","0","0","0","0","0","0","0","0","0","0","0","0","0","0","0","0","0","0","0","0","0","0","0","0","0","0","0","0","0","0","0","0","0","0","0","0","0","0","0","0","0","0","0","0","0","0","0","0","0","0","0","0","0","0","0","0","0","0","0","A","ผ่าน","0","0","2","0","0","ผ่าน","B"
"2563","2020","สำนักงานตำรวจแห่งชาติ","กองบัญชาการตำรวจตระเวนชายแดน","กองบังคับการตำรวจตระเวนชายแดนภาค 3","กองกำกับการตำรวจตระเวนชายแดนที่ 33","","","","","","","","","","","","","","","","","","","","","","","","","","","","","","","","","","","","","","","","","","","","","","","","","","","","","","","","","","","","","","","","","","","","","","","","","","","","","","","","","","0","0","0","ผ่าน","B"
"2564","2021","สำนักงานตำรวจแห่งชาติ","กองบัญชาการตำรวจตระเวนชายแดน","กองบังคับการตำรวจตระเวนชายแดนภาค 3","กองกำกับการตำรวจตระเวนชายแดนที่ 33","","0","0","0","0","0","0","0","0","0","0","0","0","0","0","0","0","0","0","0","0","0","0","0","0","0","0","0","0","0","0","1","0","0","0","0","0","0","0","0","0","0","0","0","0","0","0","0","0","0","0","0","0","0","0","0","0","0","0","0","0","0","0","0","0","1","0","0","0","0","0","0","0","0","0","0","2","B","ผ่าน","0","2","1","0","0","ผ่าน","A"
"2565","2022","สำนักงานตำรวจแห่งชาติ","กองบัญชาการตำรวจตระเวนชายแดน","กองบังคับการตำรวจตระเวนชายแดนภาค 3","กองกำกับการตำรวจตระเวนชายแดนที่ 33","","0","0","0","0","0","0","0","0","0","0","0","0","0","0","0","0","0","0","0","0","0","0","0","0","0","0","0","0","0","0","0","0","0","0","0","0","0","0","0","0","0","0","0","0","0","0","0","0","0","0","0","0","0","0","0","0","0","0","0","0","0","0","0","0","0","0","0","0","0","0","0","0","0","0","0","0","A","ผ่าน","0","1","2","0","0","ผ่าน","A"
"2566","2023","สำนักงานตำรวจแห่งชาติ","กองบัญชาการตำรวจตระเวนชายแดน","กองบังคับการตำรวจตระเวนชายแดนภาค 3","กองกำกับการตำรวจตระเวนชายแดนที่ 33","","0","0","0","0","0","0","0","0","0","0","0","0","0","0","0","0","0","0","0","0","0","0","0","0","0","0","0","0","0","0","0","0","0","0","0","0","0","0","0","0","0","0","0","0","0","0","0","0","0","0","0","0","0","0","0","0","0","0","0","0","0","0","0","0","0","0","0","0","0","0","0","0","0","0","0","0","A","ผ่าน","0","0.666667","3","0","0","ผ่าน","A"
"2567","2024","สำนักงานตำรวจแห่งชาติ","กองบัญชาการตำรวจตระเวนชายแดน","กองบังคับการตำรวจตระเวนชายแดนภาค 3","กองกำกับการตำรวจตระเวนชายแดนที่ 33","","0","0","0","0","0","0","0","0","0","0","0","0","0","0","0","0","0","0","0","0","0","0","0","0","0","0","0","0","0","0","0","0","0","0","0","0","0","0","0","0","0","0","0","0","0","0","0","0","0","0","0","0","0","0","0","0","0","0","0","0","0","0","0","0","0","0","0","0","0","0","0","0","0","0","0","0","A","ผ่าน","0","0","4","0","0","ผ่าน","A"
"2568","2025","สำนักงานตำรวจแห่งชาติ","กองบัญชาการตำรวจตระเวนชายแดน","กองบังคับการตำรวจตระเวนชายแดนภาค 3","กองกำกับการตำรวจตระเวนชายแดนที่ 33","0.783","0","0","0","0","0","0","0","0","0","0","0","0","0","0","0","0","0","0","0","0","0","0","0","0","0","0","0","0","0","0","0","0","0","0","0","0","0","0","0","0","0","0","0","0","0","0","0","0","0","0","0","0","0","0","0","0","0","0","0","0","0","0","0","0","0","0","0","0","0","0","0","0","0","0","0","0","A","ผ่าน","0","0","5","0","0","ผ่าน","A"
"2563","2020","สำนักงานตำรวจแห่งชาติ","กองบัญชาการตำรวจตระเวนชายแดน","กองบังคับการตำรวจตระเวนชายแดนภาค 3","กองกำกับการตำรวจตระเวนชายแดนที่ 33","3.6277","","","","","","","","","","","","","","","","","","","","","","","","","","","","","","","","","","","","","","","","","","","","","","","","","","","","","","","","","","","","","","","","","","","","","","","","","","","","","","","","","0","0","0","ผ่าน","A"
"2564","2021","สำนักงานตำรวจแห่งชาติ","กองบัญชาการตำรวจตระเวนชายแดน","กองบังคับการตำรวจตระเวนชายแดนภาค 3","กองกำกับการตำรวจตระเวนชายแดนที่ 33","4.627","0","0","0","0","0","0","0","0","0","0","0","0","0","0","0","0","0","0","0","0","0","0","0","0","0","0","0","0","0","0","0","0","0","0","0","0","0","0","0","0","0","0","0","0","0","0","0","0","0","0","0","0","0","0","0","0","0","0","0","0","0","0","0","0","0","0","0","0","0","0","0","0","0","0","0","0","A","ผ่าน","0","0","1","0","0","ผ่าน","B"
"2565","2022","สำนักงานตำรวจแห่งชาติ","กองบัญชาการตำรวจตระเวนชายแดน","กองบังคับการตำรวจตระเวนชายแดนภาค 3","กองกำกับการตำรวจตระเวนชายแดนที่ 33","5.6263","0","0","0","0","0","1","0","0","0","0","0","0","0","0","0","0","0","0","0","0","0","0","0","0","0","0","0","0","0","0","0","0","0","0","0","0","0","0","0","0","0","0","0","0","0","0","0","0","0","0","0","0","0","0","0","0","0","0","0","0","0","0","0","0","0","0","0","0","0","0","0","0","0","0","0","1","B","ผ่าน","0","0.5","2","0","0","ผ่าน","B"
"2566","2023","สำนักงานตำรวจแห่งชาติ","กองบัญชาการตำรวจตระเวนชายแดน","กองบังคับการตำรวจตระเวนชายแดนภาค 3","กองกำกับการตำรวจตระเวนชายแดนที่ 33","6.6256","0","0","0","0","0","1","0","0","0","0","0","0","0","0","0","0","0","0","0","0","0","0","0","0","0","0","0","0","0","0","0","0","0","0","0","0","0","0","0","0","0","0","0","0","0","0","0","0","0","0","0","0","0","0","0","0","0","0","0","0","0","0","0","0","0","0","0","0","0","0","0","0","0","0","0","1","B","ผ่าน","0","0.666667","3","0","0","ผ่าน","A"
"2567","2024","สำนักงานตำรวจแห่งชาติ","กองบัญชาการตำรวจตระเวนชายแดน","กองบังคับการตำรวจตระเวนชายแดนภาค 3","กองกำกับการตำรวจตระเวนชายแดนที่ 33","7.6277","0","0","0","0","0","0","0","0","0","0","0","0","0","0","0","0","0","0","0","0","0","0","0","0","0","0","0","0","0","0","0","0","0","0","0","0","0","0","0","0","0","0","0","0","0","0","0","0","0","0","0","0","0","0","0","0","0","0","0","0","0","0","0","0","0","0","0","0","0","0","0","0","0","0","0","0","A","ผ่าน","0","0.666667","4","0","0","ผ่าน","B"
"2568","2025","สำนักงานตำรวจแห่งชาติ","กองบัญชาการตำรวจตระเวนชายแดน","กองบังคับการตำรวจตระเวนชายแดนภาค 3","กองกำกับการตำรวจตระเวนชายแดนที่ 33","8.627","0","0","0","0","0","0","0","0","0","0","0","0","0","0","0","0","0","0","0","0","0","0","0","0","0","0","0","0","0","0","0","0","0","0","0","0","0","0","0","0","0","0","0","0","0","0","0","0","0","0","0","0","0","0","1","1","0","0","0","0","0","0","0","1","0","0","0","0","0","0","0","0","0","0","0","3","B","ผ่าน","0","1.333333","5","0","0","ผ่าน","B"
"2563","2020","สำนักงานตำรวจแห่งชาติ","กองบัญชาการตำรวจตระเวนชายแดน","กองบังคับการตำรวจตระเวนชายแดนภาค 3","กองกำกับการตำรวจตระเวนชายแดนที่ 33","2.6283","","","","","","","","","","","","","","","","","","","","","","","","","","","","","","","","","","","","","","","","","","","","","","","","","","","","","","","","","","","","","","","","","","","","","","","","","","","","","","","","","0","0","0","ผ่าน","A"
"2564","2021","สำนักงานตำรวจแห่งชาติ","กองบัญชาการตำรวจตระเวนชายแดน","กองบังคับการตำรวจตระเวนชายแดนภาค 3","กองกำกับการตำรวจตระเวนชายแดนที่ 33","3.6277","0","0","0","0","0","0","0","0","0","0","0","0","0","0","0","0","0","0","0","0","0","0","0","0","0","0","0","0","0","0","0","0","0","0","0","0","0","0","0","0","0","0","0","0","0","0","0","0","0","0","0","0","0","0","0","0","0","0","0","0","0","0","0","0","0","0","0","0","0","0","0","0","0","0","0","0","A","ผ่าน","0","0","1","0","0","ผ่าน","A"
"2565","2022","สำนักงานตำรวจแห่งชาติ","กองบัญชาการตำรวจตระเวนชายแดน","กองบังคับการตำรวจตระเวนชายแดนภาค 3","กองกำกับการตำรวจตระเวนชายแดนที่ 33","4.627","0","0","0","0","0","0","0","0","0","0","0","0","0","0","0","0","0","0","0","0","0","0","0","0","0","0","0","0","0","0","0","0","0","0","0","0","0","0","0","0","0","0","0","0","0","0","0","0","0","0","0","0","0","0","0","0","0","0","0","0","0","0","0","0","0","0","0","0","0","0","0","0","0","0","0","0","A","ผ่าน","0","0","2","0","0","ผ่าน","B"
"2566","2023","สำนักงานตำรวจแห่งชาติ","กองบัญชาการตำรวจตระเวนชายแดน","กองบังคับการตำรวจตระเวนชายแดนภาค 3","กองกำกับการตำรวจตระเวนชายแดนที่ 33","5.6263","0","0","0","0","1","1","0","0","0","0","0","0","0","0","0","0","0","0","0","0","0","0","0","0","0","0","0","0","0","0","0","0","0","0","0","0","0","0","0","0","0","0","0","0","0","0","0","0","0","0","0","0","0","0","0","0","0","0","0","0","0","0","0","0","0","0","0","0","0","0","0","0","0","0","0","2","B","ผ่าน","0","0.666667","3","0","0","ผ่าน","A"
"2567","2024","สำนักงานตำรวจแห่งชาติ","กองบัญชาการตำรวจตระเวนชายแดน","กองบังคับการตำรวจตระเวนชายแดนภาค 3","กองกำกับการตำรวจตระเวนชายแดนที่ 33","6.6283","0","0","0","0","0","0","0","0","0","0","0","0","0","0","0","0","0","0","0","0","0","0","0","0","0","0","0","0","0","0","0","0","0","0","0","0","0","0","0","0","0","0","0","0","0","0","0","0","0","0","0","0","0","0","0","0","0","0","0","0","0","0","0","0","0","0","0","0","0","0","0","0","0","0","0","0","A","ผ่าน","0","0.666667","4","0","0","ผ่าน","A"
"2568","2025","สำนักงานตำรวจแห่งชาติ","กองบัญชาการตำรวจตระเวนชายแดน","กองบังคับการตำรวจตระเวนชายแดนภาค 3","กองกำกับการตำรวจตระเวนชายแดนที่ 33","7.6277","0","0","0","0","0","0","0","0","0","0","0","0","0","0","0","0","0","0","0","0","0","0","0","0","0","0","0","0","0","0","0","0","0","0","0","0","0","0","0","0","0","0","0","0","0","0","0","0","0","0","0","0","0","0","0","0","0","0","0","0","0","0","0","0","0","0","0","0","0","0","0","0","0","0","0","0","A","ผ่าน","0","0.666667","5","0","0","ผ่าน","A"
"2563","2020","สำนักงานตำรวจแห่งชาติ","กองบัญชาการตำรวจตระเวนชายแดน","กองบังคับการตำรวจตระเวนชายแดนภาค 3","กองกำกับการตำรวจตระเวนชายแดนที่ 33","","","","","","","","","","","","","","","","","","","","","","","","","","","","","","","","","","","","","","","","","","","","","","","","","","","","","","","","","","","","","","","","","","","","","","","","","","","","","","","","","","0","0","0","ผ่าน","B"
"2564","2021","สำนักงานตำรวจแห่งชาติ","กองบัญชาการตำรวจตระเวนชายแดน","กองบังคับการตำรวจตระเวนชายแดนภาค 3","กองกำกับการตำรวจตระเวนชายแดนที่ 33","0.4791","0","0","0","0","0","0","0","0","0","0","0","0","0","0","1","0","0","0","0","0","0","0","0","0","0","0","0","0","0","0","0","0","0","0","0","0","0","0","0","0","0","0","0","0","0","0","0","0","0","0","0","0","0","0","0","0","0","0","0","0","0","0","0","0","0","0","0","0","0","0","0","0","0","0","0","1","B","ผ่าน","0","1","1","0","0","ผ่าน","A"
"2565","2022","สำนักงานตำรวจแห่งชาติ","กองบัญชาการตำรวจตระเวนชายแดน","กองบังคับการตำรวจตระเวนชายแดนภาค 3","กองกำกับการตำรวจตระเวนชายแดนที่ 33","1.4784","0","0","0","0","0","0","0","0","0","0","0","0","0","0","0","0","0","0","0","0","0","0","0","0","0","0","0","0","0","0","0","0","0","0","0","0","0","0","0","0","0","0","0","0","0","0","0","0","0","0","0","0","0","0","0","0","0","0","0","0","0","0","0","0","0","0","0","0","0","0","0","0","0","0","0","0","A","ผ่าน","0","0.5","2","0","0","ผ่าน","A"
"2566","2023","สำนักงานตำรวจแห่งชาติ","กองบัญชาการตำรวจตระเวนชายแดน","กองบังคับการตำรวจตระเวนชายแดนภาค 3","กองกำกับการตำรวจตระเวนชายแดนที่ 33","2.4778","0","0","0","0","0","0","0","0","0","0","0","0","0","0","0","0","0","0","0","0","0","0","0","0","0","0","0","0","0","0","0","0","0","0","0","0","0","0","0","0","0","0","0","0","0","0","0","0","0","0","0","0","0","0","0","0","0","0","0","0","0","0","0","0","0","0","0","0","0","0","0","0","0","0","0","0","A","ผ่าน","0","0.333333","3","0","0","ผ่าน","A"
"2567","2024","สำนักงานตำรวจแห่งชาติ","กองบัญชาการตำรวจตระเวนชายแดน","กองบังคับการตำรวจตระเวนชายแดนภาค 3","กองกำกับการตำรวจตระเวนชายแดนที่ 33","3.4798","0","0","0","0","0","0","0","0","0","0","0","0","0","0","0","0","0","0","0","0","0","0","0","0","0","0","0","0","0","0","0","0","0","0","0","0","0","0","0","0","0","0","0","0","0","0","0","0","0","0","0","0","0","0","0","0","0","0","0","0","0","0","0","0","0","0","0","0","0","0","0","0","0","0","0","0","A","ผ่าน","0","0","4","0","0","ผ่าน","A"
"2568","2025","สำนักงานตำรวจแห่งชาติ","กองบัญชาการตำรวจตระเวนชายแดน","กองบังคับการตำรวจตระเวนชายแดนภาค 3","กองกำกับการตำรวจตระเวนชายแดนที่ 33","4.4791","0","0","0","0","0","0","0","0","0","0","0","0","0","0","0","0","0","0","0","0","0","0","0","0","0","0","0","0","0","0","0","0","0","0","0","0","0","0","0","0","0","0","0","0","0","0","0","0","0","0","0","0","0","0","0","0","0","0","0","0","0","0","0","0","0","0","0","0","0","0","0","0","0","0","0","0","A","ผ่าน","0","0","5","0","0","ผ่าน","B"
"2563","2020","สำนักงานตำรวจแห่งชาติ","กองบัญชาการตำรวจตระเวนชายแดน","กองบังคับการตำรวจตระเวนชายแดนภาค 3","กองกำกับการตำรวจตระเวนชายแดนที่ 33","22.4367","","","","","","","","","","","","","","","","","","","","","","","","","","","","","","","","","","","","","","","","","","","","","","","","","","","","","","","","","","","","","","","","","","","","","","","","","","","","","","","","","0","0","0","ผ่าน","A"
"2564","2021","สำนักงานตำรวจแห่งชาติ","กองบัญชาการตำรวจตระเวนชายแดน","กองบังคับการตำรวจตระเวนชายแดนภาค 3","กองกำกับการตำรวจตระเวนชายแดนที่ 33","23.436","0","0","0","0","0","0","0","0","0","0","0","0","0","0","0","0","0","0","0","0","0","0","0","0","0","0","0","0","0","0","0","0","0","0","0","0","0","0","0","0","0","0","0","0","0","0","0","0","0","0","0","0","0","0","0","0","0","0","0","0","0","0","0","0","0","0","0","0","0","0","0","0","0","0","0","0","A","ผ่าน","0","0","1","0","0","ผ่าน","B"
"2565","2022","สำนักงานตำรวจแห่งชาติ","กองบัญชาการตำรวจตระเวนชายแดน","กองบังคับการตำรวจตระเวนชายแดนภาค 3","กองกำกับการตำรวจตระเวนชายแดนที่ 33","24.4353","0","0","0","0","0","0","0","0","0","0","0","0","0","0","0","0","0","0","0","0","0","0","0","0","0","0","0","0","0","0","0","0","0","0","0","0","0","0","0","0","0","0","0","0","0","0","0","0","0","0","0","0","0","1","0","0","0","0","0","0","0","0","0","0","0","0","0","0","0","0","0","0","0","0","0","1","B","ผ่าน","0","0.5","2","0","0","ผ่าน","A"
"2566","2023","สำนักงานตำรวจแห่งชาติ","กองบัญชาการตำรวจตระเวนชายแดน","กองบังคับการตำรวจตระเวนชายแดนภาค 3","กองกำกับการตำรวจตระเวนชายแดนที่ 33","25.4346","0","0","0","0","0","0","0","0","0","0","0","0","0","0","0","0","0","0","0","0","0","0","0","0","0","0","0","0","0","0","0","0","0","0","0","0","0","0","0","0","0","0","0","0","0","0","0","0","0","0","0","0","0","0","0","0","0","0","0","0","0","0","0","0","0","0","0","0","0","0","0","0","0","0","0","0","A","ผ่าน","0","0.333333","3","0","0","ผ่าน","A"
"2567","2024","สำนักงานตำรวจแห่งชาติ","กองบัญชาการตำรวจตระเวนชายแดน","กองบังคับการตำรวจตระเวนชายแดนภาค 3","กองกำกับการตำรวจตระเวนชายแดนที่ 33","26.4367","0","0","0","0","0","0","0","0","0","0","0","0","0","0","0","0","0","0","0","0","0","0","0","0","0","0","0","0","0","0","0","0","0","0","0","0","0","0","0","0","0","0","0","0","0","0","0","0","0","0","0","0","0","0","0","0","0","0","0","0","0","0","0","0","0","0","0","0","0","0","0","0","0","0","0","0","A","ผ่าน","0","0.333333","4","0","0","ผ่าน","A"
"2563","2020","สำนักงานตำรวจแห่งชาติ","กองบัญชาการตำรวจตระเวนชายแดน","กองบังคับการตำรวจตระเวนชายแดนภาค 3","กองกำกับการตำรวจตระเวนชายแดนที่ 33","28.512","","","","","","","","","","","","","","","","","","","","","","","","","","","","","","","","","","","","","","","","","","","","","","","","","","","","","","","","","","","","","","","","","","","","","","","","","","","","","","","","","0","0","0","ผ่าน","B"
"2564","2021","สำนักงานตำรวจแห่งชาติ","กองบัญชาการตำรวจตระเวนชายแดน","กองบังคับการตำรวจตระเวนชายแดนภาค 3","กองกำกับการตำรวจตระเวนชายแดนที่ 33","29.5113","0","0","0","0","0","1","0","0","0","0","0","0","0","0","0","0","0","0","0","0","0","0","0","0","0","0","0","0","0","0","0","0","0","0","0","0","0","0","0","0","0","0","0","0","0","0","0","0","0","0","0","0","0","0","0","1","0","0","0","0","0","0","0","1","0","0","0","0","0","0","0","0","0","0","0","3","B","ผ่าน","0","3","1","0","0","ผ่าน","A"
"2565","2022","สำนักงานตำรวจแห่งชาติ","กองบัญชาการตำรวจตระเวนชายแดน","กองบังคับการตำรวจตระเวนชายแดนภาค 3","กองกำกับการตำรวจตระเวนชายแดนที่ 33","30.5106","0","0","0","0","0","0","0","0","0","0","0","0","0","0","0","0","0","0","0","0","0","0","0","0","0","0","0","0","0","0","0","0","0","0","0","0","0","0","0","0","0","0","0","0","0","0","0","0","0","0","0","0","0","0","0","0","0","0","0","0","0","0","0","0","0","0","0","0","0","0","0","0","0","0","0","0","A","ผ่าน","0","1.5","2","0","0","ผ่าน","B"
"2566","2023","สำนักงานตำรวจแห่งชาติ","กองบัญชาการตำรวจตระเวนชายแดน","กองบังคับการตำรวจตระเวนชายแดนภาค 3","กองกำกับการตำรวจตระเวนชายแดนที่ 33","31.5099","0","0","0","0","0","0","0","0","0","0","0","0","0","0","0","0","0","0","0","0","0","0","0","0","0","0","0","0","0","0","0","0","0","0","0","0","0","0","0","0","0","0","0","0","0","0","0","0","0","0","0","0","0","0","0","1","0","0","0","0","0","0","0","0","0","0","0","0","0","0","0","0","0","0","0","1","B","ผ่าน","0","1.333333","3","0","0","ผ่าน","A"
"2567","2024","สำนักงานตำรวจแห่งชาติ","กองบัญชาการตำรวจตระเวนชายแดน","กองบังคับการตำรวจตระเวนชายแดนภาค 3","กองกำกับการตำรวจตระเวนชายแดนที่ 33","32.512","0","0","0","0","0","0","0","0","0","0","0","0","0","0","0","0","0","0","0","0","0","0","0","0","0","0","0","0","0","0","0","0","0","0","0","0","0","0","0","0","0","0","0","0","0","0","0","0","0","0","0","0","0","0","0","0","0","0","0","0","0","0","0","0","0","0","0","0","0","0","0","0","0","0","0","0","A","ผ่าน","0","0.333333","4","0","0","ผ่าน","A"
"2568","2025","สำนักงานตำรวจแห่งชาติ","กองบัญชาการตำรวจตระเวนชายแดน","กองบังคับการตำรวจตระเวนชายแดนภาค 3","กองกำกับการตำรวจตระเวนชายแดนที่ 33","33.5113","0","0","0","0","0","0","0","0","0","0","0","0","0","0","0","0","0","0","0","0","0","0","0","0","0","0","0","0","0","0","0","0","0","0","0","0","0","0","0","0","0","0","0","0","0","0","0","0","0","0","0","0","0","0","0","0","0","0","0","0","0","0","0","0","0","0","0","0","0","0","0","0","0","0","0","0","A","ผ่าน","0","0.333333","5","0","0","ผ่าน","B"
"2563","2020","สำนักงานตำรวจแห่งชาติ","กองบัญชาการตำรวจตระเวนชายแดน","กองบังคับการตำรวจตระเวนชายแดนภาค 3","กองกำกับการตำรวจตระเวนชายแดนที่ 33","53.974","","","","","","","","","","","","","","","","","","","","","","","","","","","","","","","","","","","","","","","","","","","","","","","","","","","","","","","","","","","","","","","","","","","","","","","","","","","","","","","","","0","0","0","ผ่าน","B"
"2564","2021","สำนักงานตำรวจแห่งชาติ","กองบัญชาการตำรวจตระเวนชายแดน","กองบังคับการตำรวจตระเวนชายแดนภาค 3","กองกำกับการตำรวจตระเวนชายแดนที่ 33","54.9733","0","0","0","0","0","1","0","0","0","0","0","0","0","0","0","0","0","0","0","0","0","0","0","0","0","0","0","0","0","0","0","0","0","0","0","0","0","0","0","0","0","0","0","0","0","0","0","0","0","0","0","0","0","0","0","1","0","0","0","0","0","0","0","0","0","0","0","0","0","0","0","0","0","0","0","2","B","ผ่าน","0","2","1","0","0","ผ่าน","B"
"2565","2022","สำนักงานตำรวจแห่งชาติ","กองบัญชาการตำรวจตระเวนชายแดน","กองบังคับการตำรวจตระเวนชายแดนภาค 3","กองกำกับการตำรวจตระเวนชายแดนที่ 33","55.9726","0","0","0","0","0","1","0","0","0","0","0","0","0","0","1","0","0","0","0","0","0","0","0","0","0","0","0","0","0","0","0","0","0","0","0","0","0","0","0","0","0","0","0","0","0","0","0","0","0","0","0","0","0","0","0","1","0","0","0","0","0","0","0","0","0","0","0","1","0","0","0","0","0","0","0","4","B","ผ่าน","0","3","2","0","0","ผ่าน","B"
"2566","2023","สำนักงานตำรวจแห่งชาติ","กองบัญชาการตำรวจตระเวนชายแดน","กองบังคับการตำรวจตระเวนชายแดนภาค 3","กองกำกับการตำรวจตระเวนชายแดนที่ 33","56.9719","0","0","0","0","0","1","0","0","0","0","0","0","0","0","0","0","0","0","0","0","1","0","0","0","0","0","0","0","0","0","0","0","0","0","0","0","0","0","0","0","0","0","0","0","0","0","0","0","0","0","0","0","0","0","0","0","0","0","0","0","0","0","0","0","0","0","0","0","0","0","0","0","0","0","0","2","B","ผ่าน","0","2.666667","3","0","0","ผ่าน","A"
"2567","2024","สำนักงานตำรวจแห่งชาติ","กองบัญชาการตำรวจตระเวนชายแดน","กองบังคับการตำรวจตระเวนชายแดนภาค 3","กองกำกับการตำรวจตระเวนชายแดนที่ 33","57.974","0","0","0","0","0","0","0","0","0","0","0","0","0","0","0","0","0","0","0","0","0","0","0","0","0","0","0","0","0","0","0","0","0","0","0","0","0","0","0","0","0","0","0","0","0","0","0","0","0","0","0","0","0","0","0","0","0","0","0","0","0","0","0","0","0","0","0","0","0","0","0","0","0","0","0","0","A","ผ่าน","0","2","4","0","0","ผ่าน","A"
"2568","2025","สำนักงานตำรวจแห่งชาติ","กองบัญชาการตำรวจตระเวนชายแดน","กองบังคับการตำรวจตระเวนชายแดนภาค 3","กองกำกับการตำรวจตระเวนชายแดนที่ 33","58.9733","0","0","0","0","0","0","0","0","0","0","0","0","0","0","0","0","0","0","0","0","0","0","0","0","0","0","0","0","0","0","0","0","0","0","0","0","0","0","0","0","0","0","0","0","0","0","0","0","0","0","0","0","0","0","0","0","0","0","0","0","0","0","0","0","0","0","0","0","0","0","0","0","0","0","0","0","A","ผ่าน","0","0.666667","5","0","0","ผ่าน","A"
"2563","2020","สำนักงานตำรวจแห่งชาติ","กองบัญชาการตำรวจตระเวนชายแดน","กองบังคับการตำรวจตระเวนชายแดนภาค 3","กองกำกับการตำรวจตระเวนชายแดนที่ 33","58.9706","","","","","","","","","","","","","","","","","","","","","","","","","","","","","","","","","","","","","","","","","","","","","","","","","","","","","","","","","","","","","","","","","","","","","","","","","","","","","","","","","0","0","0","ผ่าน","B"
"2564","2021","สำนักงานตำรวจแห่งชาติ","กองบัญชาการตำรวจตระเวนชายแดน","กองบังคับการตำรวจตระเวนชายแดนภาค 3","กองกำกับการตำรวจตระเวนชายแดนที่ 33","59.9699","0","0","0","0","0","1","0","0","0","1","0","1","1","1","0","0","0","1","0","0","0","0","0","0","0","0","0","0","0","0","0","0","0","0","0","0","0","0","0","0","0","0","0","0","0","0","0","0","0","0","0","0","0","0","0","0","0","0","0","0","0","0","0","0","0","0","0","1","0","0","0","0","0","0","0","7","B","ผ่าน","0","7","1","0","0","ผ่าน","B"
"2565","2022","สำนักงานตำรวจแห่งชาติ","กองบัญชาการตำรวจตระเวนชายแดน","กองบังคับการตำรวจตระเวนชายแดนภาค 3","กองกำกับการตำรวจตระเวนชายแดนที่ 33","60.9692","0","0","0","0","0","1","0","0","0","0","1","1","1","0","0","0","0","0","0","0","0","0","0","0","0","0","0","1","0","0","0","0","0","0","0","0","0","0","0","0","0","0","0","0","0","0","0","0","0","0","0","0","0","0","0","0","0","0","0","0","0","0","0","0","0","0","0","1","0","0","0","0","0","0","0","6","B","ผ่าน","0","6.5","2","0","0","ผ่าน","B"
"2566","2023","สำนักงานตำรวจแห่งชาติ","กองบัญชาการตำรวจตระเวนชายแดน","กองบังคับการตำรวจตระเวนชายแดนภาค 3","กองกำกับการตำรวจตระเวนชายแดนที่ 33","61.9685","0","1","0","0","0","0","0","0","0","0","1","1","0","0","1","0","0","1","0","0","0","0","0","0","0","0","0","0","0","0","0","0","0","0","0","0","0","0","0","0","0","0","0","0","0","0","0","0","0","0","0","0","0","0","0","0","0","0","0","0","0","0","0","1","1","0","0","0","0","0","0","0","0","0","0","7","B","ผ่าน","0","6.666667","3","0","0","ผ่าน","B"
"2567","2024","สำนักงานตำรวจแห่งชาติ","กองบัญชาการตำรวจตระเวนชายแดน","กองบังคับการตำรวจตระเวนชายแดนภาค 3","กองกำกับการตำรวจตระเวนชายแดนที่ 33","62.9706","0","0","0","0","0","1","0","0","0","0","0","0","0","0","0","0","0","0","0","0","0","0","0","0","0","0","0","0","0","0","0","0","0","0","0","0","0","0","0","0","0","0","0","0","0","0","0","0","0","0","0","0","0","0","0","0","0","0","0","0","0","0","0","0","0","0","0","0","0","0","0","0","0","0","0","1","B","ผ่าน","0","4.666667","4","0","0","ผ่าน","B"
"2568","2025","สำนักงานตำรวจแห่งชาติ","กองบัญชาการตำรวจตระเวนชายแดน","กองบังคับการตำรวจตระเวนชายแดนภาค 3","กองกำกับการตำรวจตระเวนชายแดนที่ 33","63.9699","0","1","0","1","0","1","0","0","0","1","1","1","0","0","1","0","0","0","0","0","0","0","0","0","0","0","0","0","0","0","0","0","0","0","0","0","0","0","0","0","0","0","0","0","0","0","0","0","0","0","0","0","0","0","0","0","0","0","0","0","0","0","0","0","0","0","0","0","0","0","0","0","0","0","0","7","B","ผ่าน","0","5","5","0","0","ไม่ผ่าน","D"
"2563","2020","สำนักงานตำรวจแห่งชาติ","กองบัญชาการตำรวจตระเวนชายแดน","กองบังคับการตำรวจตระเวนชายแดนภาค 3","กองกำกับการตำรวจตระเวนชายแดนที่ 33","49.5496","","","","","","","","","","","","","","","","","","","","","","","","","","","","","","","","","","","","","","","","","","","","","","","","","","","","","","","","","","","","","","","","","","","","","","","","","","","","","","","","","0","0","0","ผ่าน","B"
"2564","2021","สำนักงานตำรวจแห่งชาติ","กองบัญชาการตำรวจตระเวนชายแดน","กองบังคับการตำรวจตระเวนชายแดนภาค 3","กองกำกับการตำรวจตระเวนชายแดนที่ 33","50.5489","0","0","0","0","1","0","0","0","0","0","0","0","0","0","0","0","0","0","0","0","0","0","0","0","0","0","0","0","0","0","0","0","0","0","0","0","0","0","0","0","0","0","0","0","0","0","0","0","0","0","0","0","0","0","0","0","0","0","0","0","0","0","0","0","0","0","0","0","0","0","0","1","0","0","0","2","B","ผ่าน","0","2","1","0","0","ผ่าน","B"
"2565","2022","สำนักงานตำรวจแห่งชาติ","กองบัญชาการตำรวจตระเวนชายแดน","กองบังคับการตำรวจตระเวนชายแดนภาค 3","กองกำกับการตำรวจตระเวนชายแดนที่ 33","51.5483","0","0","0","0","1","0","0","0","0","0","0","0","0","0","0","0","0","0","0","0","0","0","0","0","0","0","0","0","0","0","0","0","0","0","0","0","0","0","0","0","0","0","0","0","0","0","0","0","0","0","0","0","0","0","0","0","0","0","0","0","0","0","0","0","0","0","0","0","0","0","0","0","0","0","0","1","B","ผ่าน","0","1.5","2","0","0","ผ่าน","B"
"2566","2023","สำนักงานตำรวจแห่งชาติ","กองบัญชาการตำรวจตระเวนชายแดน","กองบังคับการตำรวจตระเวนชายแดนภาค 3","กองกำกับการตำรวจตระเวนชายแดนที่ 33","52.5476","0","0","0","0","1","0","1","0","0","0","0","0","0","0","0","0","0","0","0","0","0","0","0","0","0","0","0","0","0","0","0","0","0","0","0","0","0","0","0","0","0","0","0","0","0","0","0","0","0","0","0","0","0","0","0","0","0","0","0","0","0","0","0","0","0","0","0","0","0","0","0","0","0","0","0","2","B","ผ่าน","0","1.666667","3","0","0","ผ่าน","B"
"2568","2025","สำนักงานตำรวจแห่งชาติ","กองบัญชาการตำรวจตระเวนชายแดน","กองบังคับการตำรวจตระเวนชายแดนภาค 3","กองกำกับการตำรวจตระเวนชายแดนที่ 33","54.5489","","","","","","","","","","","","","","","","","","","","","","","","","","","","","","","","","","","","","","","","","","","","","","","","","","","","","","","","","","","","","","","","","","","","","","","","","","","","","","","0","2","0","0","0","ไม่ผ่าน","D"
"2563","2020","สำนักงานตำรวจแห่งชาติ","กองบัญชาการตำรวจตระเวนชายแดน","กองบังคับการตำรวจตระเวนชายแดนภาค 3","กองกำกับการตำรวจตระเวนชายแดนที่ 33","55.0828","","","","","","","","","","","","","","","","","","","","","","","","","","","","","","","","","","","","","","","","","","","","","","","","","","","","","","","","","","","","","","","","","","","","","","","","","","","","","","","","","0","0","0","ผ่าน","A"
"2564","2021","สำนักงานตำรวจแห่งชาติ","กองบัญชาการตำรวจตระเวนชายแดน","กองบังคับการตำรวจตระเวนชายแดนภาค 3","กองกำกับการตำรวจตระเวนชายแดนที่ 33","56.0821","0","0","0","0","0","0","0","0","0","0","0","0","0","0","0","0","0","0","0","0","0","0","0","0","0","0","0","0","0","0","0","0","0","0","0","0","0","0","0","0","0","0","0","0","0","0","0","0","0","0","0","0","0","0","0","0","0","0","0","0","0","0","0","0","0","0","0","0","0","0","0","0","0","0","0","0","A","ผ่าน","0","0","1","0","0","ผ่าน","A"
"2565","2022","สำนักงานตำรวจแห่งชาติ","กองบัญชาการตำรวจตระเวนชายแดน","กองบังคับการตำรวจตระเวนชายแดนภาค 3","กองกำกับการตำรวจตระเวนชายแดนที่ 33","57.0815","0","0","0","0","0","0","0","0","0","0","0","0","0","0","0","0","0","0","0","0","0","0","0","0","0","0","0","0","0","0","0","0","0","0","0","0","0","0","0","0","0","0","0","0","0","0","0","0","0","0","0","0","0","0","0","0","0","0","0","0","0","0","0","0","0","0","0","0","0","0","0","0","0","0","0","0","A","ผ่าน","0","0","2","0","0","ผ่าน","B"
"2566","2023","สำนักงานตำรวจแห่งชาติ","กองบัญชาการตำรวจตระเวนชายแดน","กองบังคับการตำรวจตระเวนชายแดนภาค 3","กองกำกับการตำรวจตระเวนชายแดนที่ 33","58.0808","0","0","0","0","0","1","0","0","0","0","0","0","0","0","0","0","0","0","0","0","0","0","0","0","0","0","0","0","0","0","0","0","0","0","0","0","0","0","0","0","0","0","0","0","0","0","0","0","0","0","0","0","0","0","0","0","0","0","0","0","0","0","0","0","0","0","0","0","0","0","0","0","0","0","0","1","B","ผ่าน","0","0.333333","3","0","0","ผ่าน","A"
"2567","2024","สำนักงานตำรวจแห่งชาติ","กองบัญชาการตำรวจตระเวนชายแดน","กองบังคับการตำรวจตระเวนชายแดนภาค 3","กองกำกับการตำรวจตระเวนชายแดนที่ 33","59.0828","0","0","0","0","0","0","0","0","0","0","0","0","0","0","0","0","0","0","0","0","0","0","0","0","0","0","0","0","0","0","0","0","0","0","0","0","0","0","0","0","0","0","0","0","0","0","0","0","0","0","0","0","0","0","0","0","0","0","0","0","0","0","0","0","0","0","0","0","0","0","0","0","0","0","0","0","A","ผ่าน","0","0.333333","4","0","0","ผ่าน","A"
"2568","2025","สำนักงานตำรวจแห่งชาติ","กองบัญชาการตำรวจตระเวนชายแดน","กองบังคับการตำรวจตระเวนชายแดนภาค 3","กองกำกับการตำรวจตระเวนชายแดนที่ 33","60.0821","0","0","0","0","0","0","0","0","0","0","0","0","0","0","0","0","0","0","0","0","0","0","0","0","0","0","0","0","0","0","0","0","0","0","0","0","0","0","0","0","0","0","0","0","0","0","0","0","0","0","0","0","0","0","0","0","0","0","0","0","0","0","0","0","0","0","0","0","0","0","0","0","0","0","0","0","A","ผ่าน","0","0.333333","5","0","0","ผ่าน","B"
"2563","2020","สำนักงานตำรวจแห่งชาติ","กองบัญชาการตำรวจตระเวนชายแดน","กองบังคับการตำรวจตระเวนชายแดนภาค 3","กองกำกับการตำรวจตระเวนชายแดนที่ 33","8.6982","","","","","","","","","","","","","","","","","","","","","","","","","","","","","","","","","","","","","","","","","","","","","","","","","","","","","","","","","","","","","","","","","","","","","","","","","","","","","","","","","0","0","0","ผ่าน","A"
"2564","2021","สำนักงานตำรวจแห่งชาติ","กองบัญชาการตำรวจตระเวนชายแดน","กองบังคับการตำรวจตระเวนชายแดนภาค 3","กองกำกับการตำรวจตระเวนชายแดนที่ 33","9.6975","0","0","0","0","0","0","0","0","0","0","0","0","0","0","0","0","0","0","0","0","0","0","0","0","0","0","0","0","0","0","0","0","0","0","0","0","0","0","0","0","0","0","0","0","0","0","0","0","0","0","0","0","0","0","0","0","0","0","0","0","0","0","0","0","0","0","0","0","0","0","0","0","0","0","0","0","A","ผ่าน","0","0","1","0","0","ผ่าน","A"
"2565","2022","สำนักงานตำรวจแห่งชาติ","กองบัญชาการตำรวจตระเวนชายแดน","กองบังคับการตำรวจตระเวนชายแดนภาค 3","กองกำกับการตำรวจตระเวนชายแดนที่ 33","10.6968","0","0","0","0","0","0","0","0","0","0","0","0","0","0","0","0","0","0","0","0","0","0","0","0","0","0","0","0","0","0","0","0","0","0","0","0","0","0","0","0","0","0","0","0","0","0","0","0","0","0","0","0","0","0","0","0","0","0","0","0","0","0","0","0","0","0","0","0","0","0","0","0","0","0","0","0","A","ผ่าน","0","0","2","0","0","ผ่าน","A"
"2566","2023","สำนักงานตำรวจแห่งชาติ","กองบัญชาการตำรวจตระเวนชายแดน","กองบังคับการตำรวจตระเวนชายแดนภาค 3","กองกำกับการตำรวจตระเวนชายแดนที่ 33","11.6961","0","0","0","0","0","0","0","0","0","0","0","0","0","0","0","0","0","0","0","0","0","0","0","0","0","0","0","0","0","0","0","0","0","0","0","0","0","0","0","0","0","0","0","0","0","0","0","0","0","0","0","0","0","0","0","0","0","0","0","0","0","0","0","0","0","0","0","0","0","0","0","0","0","0","0","0","A","ผ่าน","0","0","3","0","0","ผ่าน","A"
"2567","2024","สำนักงานตำรวจแห่งชาติ","กองบัญชาการตำรวจตระเวนชายแดน","กองบังคับการตำรวจตระเวนชายแดนภาค 3","กองกำกับการตำรวจตระเวนชายแดนที่ 33","12.6982","0","0","0","0","0","0","0","0","0","0","0","0","0","0","0","0","0","0","0","0","0","0","0","0","0","0","0","0","0","0","0","0","0","0","0","0","0","0","0","0","0","0","0","0","0","0","0","0","0","0","0","0","0","0","0","0","0","0","0","0","0","0","0","0","0","0","0","0","0","0","0","0","0","0","0","0","A","ผ่าน","0","0","4","0","0","ผ่าน","A"
"2568","2025","สำนักงานตำรวจแห่งชาติ","กองบัญชาการตำรวจตระเวนชายแดน","กองบังคับการตำรวจตระเวนชายแดนภาค 3","กองกำกับการตำรวจตระเวนชายแดนที่ 33","13.6975","0","0","0","0","0","0","0","0","0","0","0","0","0","0","0","0","0","0","0","0","0","0","0","0","0","0","0","0","0","0","0","0","0","0","0","0","0","0","0","0","0","0","0","0","0","0","0","0","0","0","0","0","0","0","0","0","0","0","0","0","0","0","0","0","0","0","0","0","0","0","0","0","0","0","0","0","A","ผ่าน","0","0","5","0","0","ผ่าน","A"
"2563","2020","สำนักงานตำรวจแห่งชาติ","กองบัญชาการตำรวจตระเวนชายแดน","กองบังคับการตำรวจตระเวนชายแดนภาค 3","กองกำกับการตำรวจตระเวนชายแดนที่ 33","13.0842","","","","","","","","","","","","","","","","","","","","","","","","","","","","","","","","","","","","","","","","","","","","","","","","","","","","","","","","","","","","","","","","","","","","","","","","","","","","","","","","","0","0","0","ผ่าน","A"
"2566","2023","สำนักงานตำรวจแห่งชาติ","กองบัญชาการตำรวจตระเวนชายแดน","กองบังคับการตำรวจตระเวนชายแดนภาค 3","กองกำกับการตำรวจตระเวนชายแดนที่ 33","16.0821","","","","","","","","","","","","","","","","","","","","","","","","","","","","","","","","","","","","","","","","","","","","","","","","","","","","","","","","","","","","","","","","","","","","","","","","","","","","","","","","0","0","0","0","ผ่าน","A"
"2563","2020","สำนักงานตำรวจแห่งชาติ","กองบัญชาการตำรวจตระเวนชายแดน","กองบังคับการตำรวจตระเวนชายแดนภาค 3","กองกำกับการตำรวจตระเวนชายแดนที่ 33","5.6235","","","","","","","","","","","","","","","","","","","","","","","","","","","","","","","","","","","","","","","","","","","","","","","","","","","","","","","","","","","","","","","","","","","","","","","","","","","","","","","","","0","0","0","ผ่าน","A"
"2564","2021","สำนักงานตำรวจแห่งชาติ","กองบัญชาการตำรวจตระเวนชายแดน","กองบังคับการตำรวจตระเวนชายแดนภาค 3","กองกำกับการตำรวจตระเวนชายแดนที่ 33","6.6229","0","0","0","0","0","0","0","0","0","0","0","0","0","0","0","0","0","0","0","0","0","0","0","0","0","0","0","0","0","0","0","0","0","0","0","0","0","0","0","0","0","0","0","0","0","0","0","0","0","0","0","0","0","0","0","0","0","0","0","0","0","0","0","0","0","0","0","0","0","0","0","0","0","0","0","0","A","ผ่าน","0","0","1","0","0","ผ่าน","A"
"2565","2022","สำนักงานตำรวจแห่งชาติ","กองบัญชาการตำรวจตระเวนชายแดน","กองบังคับการตำรวจตระเวนชายแดนภาค 3","กองกำกับการตำรวจตระเวนชายแดนที่ 33","7.6222","0","0","0","0","0","0","0","0","0","0","0","0","0","0","0","0","0","0","0","0","0","0","0","0","0","0","0","0","0","0","0","0","0","0","0","0","0","0","0","0","0","0","0","0","0","0","0","0","0","0","0","0","0","0","0","0","0","0","0","0","0","0","0","0","0","0","0","0","0","0","0","0","0","0","0","0","A","ผ่าน","0","0","2","0","0","ผ่าน","A"
"2566","2023","สำนักงานตำรวจแห่งชาติ","กองบัญชาการตำรวจตระเวนชายแดน","กองบังคับการตำรวจตระเวนชายแดนภาค 3","กองกำกับการตำรวจตระเวนชายแดนที่ 33","8.6215","0","0","0","0","0","0","0","0","0","0","0","0","0","0","0","0","0","0","0","0","0","0","0","0","0","0","0","0","0","0","0","0","0","0","0","0","0","0","0","0","0","0","0","0","0","0","0","0","0","0","0","0","0","0","0","0","0","0","0","0","0","0","0","0","0","0","0","0","0","0","0","0","0","0","0","0","A","ผ่าน","0","0","3","0","0","ผ่าน","B"
"2567","2024","สำนักงานตำรวจแห่งชาติ","กองบัญชาการตำรวจตระเวนชายแดน","กองบังคับการตำรวจตระเวนชายแดนภาค 3","กองกำกับการตำรวจตระเวนชายแดนที่ 33","9.6235","0","0","0","0","0","1","0","0","0","0","0","0","0","0","0","0","0","0","0","0","0","0","0","0","0","0","0","0","0","0","0","0","0","0","0","0","0","0","0","0","0","0","0","0","0","0","0","0","0","0","0","0","0","1","0","0","0","0","0","0","0","0","0","0","0","0","0","0","0","0","0","0","0","0","0","2","B","ผ่าน","0","0.666667","4","0","0","ผ่าน","A"
"2568","2025","สำนักงานตำรวจแห่งชาติ","กองบัญชาการตำรวจตระเวนชายแดน","กองบังคับการตำรวจตระเวนชายแดนภาค 3","กองกำกับการตำรวจตระเวนชายแดนที่ 33","10.6229","0","0","0","0","0","0","0","0","0","0","0","0","0","0","0","0","0","0","0","0","0","0","0","0","0","0","0","0","0","0","0","0","0","0","0","0","0","0","0","0","0","0","0","0","0","0","0","0","0","0","0","0","0","0","0","0","0","0","0","0","0","0","0","0","0","0","0","0","0","0","0","0","0","0","0","0","A","ผ่าน","0","0.666667","5","0","0","ผ่าน","A"
"2568","2025","สำนักงานตำรวจแห่งชาติ","กองบัญชาการตำรวจตระเวนชายแดน","","","","","","","","","","","","","","","","","","","","","","","","","","","","","","","","","","","","","","","","","","","","","","","","","","","","","","","","","","","","","","","","","","","","","","","","","","","","","","","","","","","","0","0","0","ผ่าน","A"
"2568","2025","สำนักงานตำรวจแห่งชาติ","กองบัญชาการตำรวจตระเวนชายแดน","กองบังคับการตำรวจตระเวนชายแดนภาค 3","กองกำกับการตำรวจตระเวนชายแดนที่ 33","60.5832","","","","","","","","","","","","","","","","","","","","","","","","","","","","","","","","","","","","","","","","","","","","","","","","","","","","","","","","","","","","","","","","","","","","","","","","","","","","","","","","","0","0","0","ไม่ผ่าน","D"
"2563","2020","สำนักงานตำรวจแห่งชาติ","กองบัญชาการตำรวจตระเวนชายแดน","กองบังคับการตำรวจตระเวนชายแดนภาค 3","กองกำกับการตำรวจตระเวนชายแดนที่ 33","1.629","","","","","","","","","","","","","","","","","","","","","","","","","","","","","","","","","","","","","","","","","","","","","","","","","","","","","","","","","","","","","","","","","","","","","","","","","","","","","","","","","0","0","0","ผ่าน","A"
"2564","2021","สำนักงานตำรวจแห่งชาติ","กองบัญชาการตำรวจตระเวนชายแดน","กองบังคับการตำรวจตระเวนชายแดนภาค 3","กองกำกับการตำรวจตระเวนชายแดนที่ 33","2.6283","0","0","0","0","0","0","0","0","0","0","0","0","0","0","0","0","0","0","0","0","0","0","0","0","0","0","0","0","0","0","0","0","0","0","0","0","0","0","0","0","0","0","0","0","0","0","0","0","0","0","0","0","0","0","0","0","0","0","0","0","0","0","0","0","0","0","0","0","0","0","0","0","0","0","0","0","A","ผ่าน","0","0","1","0","0","ผ่าน","B"
"2565","2022","สำนักงานตำรวจแห่งชาติ","กองบัญชาการตำรวจตระเวนชายแดน","กองบังคับการตำรวจตระเวนชายแดนภาค 3","กองกำกับการตำรวจตระเวนชายแดนที่ 33","3.6277","0","0","0","0","0","0","0","0","0","0","0","0","0","0","0","0","1","0","0","1","1","0","0","0","0","1","0","0","0","0","0","0","0","0","0","0","0","0","0","0","0","0","0","0","0","0","0","0","0","0","0","0","0","0","0","1","0","0","0","0","0","0","0","0","0","0","0","0","1","0","0","0","0","0","0","6","B","ผ่าน","0","3","2","0","0","ผ่าน","B"
"2566","2023","สำนักงานตำรวจแห่งชาติ","กองบัญชาการตำรวจตระเวนชายแดน","กองบังคับการตำรวจตระเวนชายแดนภาค 3","กองกำกับการตำรวจตระเวนชายแดนที่ 33","4.627","0","0","0","0","0","0","0","0","0","0","0","0","0","0","0","0","0","0","0","0","0","0","0","0","0","0","0","0","0","0","0","0","0","0","0","0","0","0","0","0","0","0","0","0","0","0","0","0","0","0","0","0","0","0","0","0","0","0","0","0","0","0","0","0","0","0","1","0","0","0","0","0","0","0","0","1","B","ผ่าน","0","2.333333","3","0","0","ไม่ผ่าน","D"
"2567","2024","สำนักงานตำรวจแห่งชาติ","กองบัญชาการตำรวจตระเวนชายแดน","กองบังคับการตำรวจตระเวนชายแดนภาค 3","กองกำกับการตำรวจตระเวนชายแดนที่ 33","5.629","0","0","0","0","0","0","0","0","0","0","0","0","0","0","0","0","0","0","0","0","0","0","0","0","0","0","0","0","0","0","0","0","0","0","0","0","0","0","0","0","0","0","0","0","0","0","0","0","0","0","0","0","0","0","0","0","1","1","1","1","1","1","1","1","1","1","1","1","0","1","1","1","1","1","1","18","D","ไม่ผ่าน","0.5","8.333333","0","1","1","ผ่าน","B"
"2563","2020","สำนักงานตำรวจแห่งชาติ","กองบัญชาการตำรวจตระเวนชายแดน","กองบังคับการตำรวจตระเวนชายแดนภาค 3","กองกำกับการตำรวจตระเวนชายแดนที่ 31","62.6694","","","","","","","","","","","","","","","","","","","","","","","","","","","","","","","","","","","","","","","","","","","","","","","","","","","","","","","","","","","","","","","","","","","","","","","","","","","","","","","","","0","0","0","ผ่าน","A"
"2564","2021","สำนักงานตำรวจแห่งชาติ","กองบัญชาการตำรวจตระเวนชายแดน","กองบังคับการตำรวจตระเวนชายแดนภาค 3","กองกำกับการตำรวจตระเวนชายแดนที่ 31","63.6687","0","0","0","0","0","0","0","0","0","0","0","0","0","0","0","0","0","0","0","0","0","0","0","0","0","0","0","0","0","0","0","0","0","0","0","0","0","0","0","0","0","0","0","0","0","0","0","0","0","0","0","0","0","0","0","0","0","0","0","0","0","0","0","0","0","0","0","0","0","0","0","0","0","0","0","0","A","ผ่าน","0","0","1","0","0","ผ่าน","A"
"2565","2022","สำนักงานตำรวจแห่งชาติ","กองบัญชาการตำรวจตระเวนชายแดน","กองบังคับการตำรวจตระเวนชายแดนภาค 3","กองกำกับการตำรวจตระเวนชายแดนที่ 31","64.668","0","0","0","0","0","0","0","0","0","0","0","0","0","0","0","0","0","0","0","0","0","0","0","0","0","0","0","0","0","0","0","0","0","0","0","0","0","0","0","0","0","0","0","0","0","0","0","0","0","0","0","0","0","0","0","0","0","0","0","0","0","0","0","0","0","0","0","0","0","0","0","0","0","0","0","0","A","ผ่าน","0","0","2","0","0","ผ่าน","B"
"2566","2023","สำนักงานตำรวจแห่งชาติ","กองบัญชาการตำรวจตระเวนชายแดน","กองบังคับการตำรวจตระเวนชายแดนภาค 3","กองกำกับการตำรวจตระเวนชายแดนที่ 31","65.6674","0","0","0","0","0","1","0","0","0","0","0","0","0","0","0","0","0","0","0","0","0","0","0","0","0","0","0","0","0","0","0","0","0","0","0","0","0","0","0","0","0","0","0","0","0","0","0","0","0","0","0","0","0","0","0","0","0","0","0","0","0","0","0","0","0","0","0","0","0","0","0","0","0","0","0","1","B","ผ่าน","0","0.333333","3","0","0","ผ่าน","B"
"2567","2024","สำนักงานตำรวจแห่งชาติ","กองบัญชาการตำรวจตระเวนชายแดน","กองบังคับการตำรวจตระเวนชายแดนภาค 3","กองกำกับการตำรวจตระเวนชายแดนที่ 31","66.6694","0","0","0","0","0","1","0","0","0","0","0","0","0","0","0","0","0","0","0","0","0","0","0","0","0","0","0","0","0","0","0","0","0","0","0","0","0","0","0","0","0","0","0","0","0","0","0","0","0","0","0","0","0","0","0","0","0","0","0","0","0","0","0","0","0","0","0","0","0","0","0","0","0","0","0","1","B","ผ่าน","0","0.666667","4","0","0","ผ่าน","A"
"2568","2025","สำนักงานตำรวจแห่งชาติ","กองบัญชาการตำรวจตระเวนชายแดน","กองบังคับการตำรวจตระเวนชายแดนภาค 3","กองกำกับการตำรวจตระเวนชายแดนที่ 31","67.6687","0","0","0","0","0","0","0","0","0","0","0","0","0","0","0","0","0","0","0","0","0","0","0","0","0","0","0","0","0","0","0","0","0","0","0","0","0","0","0","0","0","0","0","0","0","0","0","0","0","0","0","0","0","0","0","0","0","0","0","0","0","0","0","0","0","0","0","0","0","0","0","0","0","0","0","0","A","ผ่าน","0","0.666667","5","0","0","ผ่าน","A"
"2563","2020","สำนักงานตำรวจแห่งชาติ","กองบัญชาการตำรวจตระเวนชายแดน","กองบังคับการตำรวจตระเวนชายแดนภาค 3","กองกำกับการตำรวจตระเวนชายแดนที่ 31","34.4175","","","","","","","","","","","","","","","","","","","","","","","","","","","","","","","","","","","","","","","","","","","","","","","","","","","","","","","","","","","","","","","","","","","","","","","","","","","","","","","","","0","0","0","ผ่าน","A"
"2564","2021","สำนักงานตำรวจแห่งชาติ","กองบัญชาการตำรวจตระเวนชายแดน","กองบังคับการตำรวจตระเวนชายแดนภาค 3","กองกำกับการตำรวจตระเวนชายแดนที่ 31","35.4168","0","0","0","0","0","0","0","0","0","0","0","0","0","0","0","0","0","0","0","0","0","0","0","0","0","0","0","0","0","0","0","0","0","0","0","0","0","0","0","0","0","0","0","0","0","0","0","0","0","0","0","0","0","0","0","0","0","0","0","0","0","0","0","0","0","0","0","0","0","0","0","0","0","0","0","0","A","ผ่าน","0","0","1","0","0","ผ่าน","A"
"2565","2022","สำนักงานตำรวจแห่งชาติ","กองบัญชาการตำรวจตระเวนชายแดน","กองบังคับการตำรวจตระเวนชายแดนภาค 3","กองกำกับการตำรวจตระเวนชายแดนที่ 31","36.4162","0","0","0","0","0","0","0","0","0","0","0","0","0","0","0","0","0","0","0","0","0","0","0","0","0","0","0","0","0","0","0","0","0","0","0","0","0","0","0","0","0","0","0","0","0","0","0","0","0","0","0","0","0","0","0","0","0","0","0","0","0","0","0","0","0","0","0","0","0","0","0","0","0","0","0","0","A","ผ่าน","0","0","2","0","0","ผ่าน","A"
"2566","2023","สำนักงานตำรวจแห่งชาติ","กองบัญชาการตำรวจตระเวนชายแดน","กองบังคับการตำรวจตระเวนชายแดนภาค 3","กองกำกับการตำรวจตระเวนชายแดนที่ 31","37.4155","0","0","0","0","0","0","0","0","0","0","0","0","0","0","0","0","0","0","0","0","0","0","0","0","0","0","0","0","0","0","0","0","0","0","0","0","0","0","0","0","0","0","0","0","0","0","0","0","0","0","0","0","0","0","0","0","0","0","0","0","0","0","0","0","0","0","0","0","0","0","0","0","0","0","0","0","A","ผ่าน","0","0","3","0","0","ผ่าน","A"
"2567","2024","สำนักงานตำรวจแห่งชาติ","กองบัญชาการตำรวจตระเวนชายแดน","กองบังคับการตำรวจตระเวนชายแดนภาค 3","กองกำกับการตำรวจตระเวนชายแดนที่ 31","38.4175","0","0","0","0","0","0","0","0","0","0","0","0","0","0","0","0","0","0","0","0","0","0","0","0","0","0","0","0","0","0","0","0","0","0","0","0","0","0","0","0","0","0","0","0","0","0","0","0","0","0","0","0","0","0","0","0","0","0","0","0","0","0","0","0","0","0","0","0","0","0","0","0","0","0","0","0","A","ผ่าน","0","0","4","0","0","ผ่าน","A"
"2568","2025","สำนักงานตำรวจแห่งชาติ","กองบัญชาการตำรวจตระเวนชายแดน","กองบังคับการตำรวจตระเวนชายแดนภาค 3","กองกำกับการตำรวจตระเวนชายแดนที่ 31","39.4168","0","0","0","0","0","0","0","0","0","0","0","0","0","0","0","0","0","0","0","0","0","0","0","0","0","0","0","0","0","0","0","0","0","0","0","0","0","0","0","0","0","0","0","0","0","0","0","0","0","0","0","0","0","0","0","0","0","0","0","0","0","0","0","0","0","0","0","0","0","0","0","0","0","0","0","0","A","ผ่าน","0","0","5","0","0","ผ่าน","A"
"2563","2020","สำนักงานตำรวจแห่งชาติ","กองบัญชาการตำรวจตระเวนชายแดน","กองบังคับการตำรวจตระเวนชายแดนภาค 3","กองกำกับการตำรวจตระเวนชายแดนที่ 32","0.9363","","","","","","","","","","","","","","","","","","","","","","","","","","","","","","","","","","","","","","","","","","","","","","","","","","","","","","","","","","","","","","","","","","","","","","","","","","","","","","","","","0","0","0","ผ่าน","B"
"2564","2021","สำนักงานตำรวจแห่งชาติ","กองบัญชาการตำรวจตระเวนชายแดน","กองบังคับการตำรวจตระเวนชายแดนภาค 3","กองกำกับการตำรวจตระเวนชายแดนที่ 32","1.9357","0","0","0","0","0","0","0","0","0","0","0","0","0","0","0","0","0","0","0","0","1","0","0","0","0","0","0","0","0","0","0","0","0","0","0","0","0","0","0","0","0","0","0","0","0","0","0","0","0","0","0","0","0","0","0","0","0","0","0","0","0","0","0","0","0","0","0","0","0","0","0","0","0","0","0","1","B","ผ่าน","0","1","1","0","0","ผ่าน","B"
"2565","2022","สำนักงานตำรวจแห่งชาติ","กองบัญชาการตำรวจตระเวนชายแดน","กองบังคับการตำรวจตระเวนชายแดนภาค 3","กองกำกับการตำรวจตระเวนชายแดนที่ 32","2.935","0","0","0","0","0","1","0","0","0","0","0","0","0","0","0","0","0","0","0","0","0","0","0","0","0","0","0","0","0","0","0","0","0","0","0","0","0","0","0","0","0","0","0","0","0","0","0","0","0","0","0","0","0","0","0","0","0","0","0","0","0","0","0","0","0","0","0","0","0","0","0","0","0","0","0","1","B","ผ่าน","0","1","2","0","0","ผ่าน","B"
"2566","2023","สำนักงานตำรวจแห่งชาติ","กองบัญชาการตำรวจตระเวนชายแดน","กองบังคับการตำรวจตระเวนชายแดนภาค 3","กองกำกับการตำรวจตระเวนชายแดนที่ 32","3.9343","0","0","0","0","0","0","0","0","0","0","0","0","0","0","1","0","0","0","0","0","0","0","0","0","0","0","0","0","0","0","0","0","0","0","0","0","0","0","0","0","0","0","0","0","0","0","0","0","0","0","0","0","0","0","0","0","0","0","0","0","0","0","0","0","0","0","0","0","0","0","0","0","0","0","0","1","B","ผ่าน","0","1","3","0","0","ผ่าน","B"
"2567","2024","สำนักงานตำรวจแห่งชาติ","กองบัญชาการตำรวจตระเวนชายแดน","กองบังคับการตำรวจตระเวนชายแดนภาค 3","กองกำกับการตำรวจตระเวนชายแดนที่ 32","4.9363","0","0","0","0","0","1","0","0","0","0","0","0","0","0","0","0","0","0","0","0","0","0","0","0","0","0","0","0","0","0","0","0","0","0","0","0","0","0","0","0","0","0","0","0","0","0","0","0","0","0","0","0","0","0","0","1","0","0","0","0","0","0","0","1","0","0","0","0","0","0","0","0","0","0","0","3","B","ผ่าน","0","1.666667","4","0","0","ผ่าน","A"
"2568","2025","สำนักงานตำรวจแห่งชาติ","กองบัญชาการตำรวจตระเวนชายแดน","กองบังคับการตำรวจตระเวนชายแดนภาค 3","กองกำกับการตำรวจตระเวนชายแดนที่ 32","5.9357","0","0","0","0","0","0","0","0","0","0","0","0","0","0","0","0","0","0","0","0","0","0","0","0","0","0","0","0","0","0","0","0","0","0","0","0","0","0","0","0","0","0","0","0","0","0","0","0","0","0","0","0","0","0","0","0","0","0","0","0","0","0","0","0","0","0","0","0","0","0","0","0","0","0","0","0","A","ผ่าน","0","1.333333","5","0","0","ผ่าน","A"
"2563","2020","สำนักงานตำรวจแห่งชาติ","กองบัญชาการตำรวจตระเวนชายแดน","กองบังคับการตำรวจตระเวนชายแดนภาค 3","กองกำกับการตำรวจตระเวนชายแดนที่ 32","25.9302","","","","","","","","","","","","","","","","","","","","","","","","","","","","","","","","","","","","","","","","","","","","","","","","","","","","","","","","","","","","","","","","","","","","","","","","","","","","","","","","","0","0","0","ผ่าน","B"
"2564","2021","สำนักงานตำรวจแห่งชาติ","กองบัญชาการตำรวจตระเวนชายแดน","กองบังคับการตำรวจตระเวนชายแดนภาค 3","กองกำกับการตำรวจตระเวนชายแดนที่ 32","26.9295","0","0","0","0","0","1","0","0","0","0","0","0","0","0","0","0","0","0","0","0","0","0","0","0","0","0","0","0","0","0","0","0","0","0","0","0","0","0","0","0","0","0","0","0","0","0","0","0","0","0","0","0","0","1","0","1","0","0","0","0","0","0","0","0","0","0","0","0","0","0","0","0","0","0","0","3","B","ผ่าน","0","3","1","0","0","ผ่าน","B"
"2565","2022","สำนักงานตำรวจแห่งชาติ","กองบัญชาการตำรวจตระเวนชายแดน","กองบังคับการตำรวจตระเวนชายแดนภาค 3","กองกำกับการตำรวจตระเวนชายแดนที่ 32","27.9288","0","0","0","0","0","1","0","0","0","0","0","0","0","0","0","0","0","0","0","0","0","0","0","0","0","0","0","0","0","0","0","0","0","0","0","0","0","0","0","0","0","0","0","0","0","0","0","0","0","0","0","0","0","0","0","0","0","0","0","0","0","0","0","0","0","0","0","0","0","0","0","0","0","0","0","1","B","ผ่าน","0","2","2","0","0","ผ่าน","A"
"2566","2023","สำนักงานตำรวจแห่งชาติ","กองบัญชาการตำรวจตระเวนชายแดน","กองบังคับการตำรวจตระเวนชายแดนภาค 3","กองกำกับการตำรวจตระเวนชายแดนที่ 32","28.9281","0","0","0","0","0","0","0","0","0","0","0","0","0","0","0","0","0","0","0","0","0","0","0","0","0","0","0","0","0","0","0","0","0","0","0","0","0","0","0","0","0","0","0","0","0","0","0","0","0","0","0","0","0","0","0","0","0","0","0","0","0","0","0","0","0","0","0","0","0","0","0","0","0","0","0","0","A","ผ่าน","0","1.333333","3","0","0","ผ่าน","B"
"2567","2024","สำนักงานตำรวจแห่งชาติ","กองบัญชาการตำรวจตระเวนชายแดน","กองบังคับการตำรวจตระเวนชายแดนภาค 3","กองกำกับการตำรวจตระเวนชายแดนที่ 32","29.9302","0","0","0","0","0","1","0","0","0","0","0","0","0","0","0","0","0","0","0","0","0","0","0","0","0","0","0","0","0","0","0","0","0","0","0","0","0","0","0","0","0","0","0","0","0","0","0","0","0","0","0","0","0","0","0","1","0","0","0","0","0","0","0","0","0","0","0","0","0","0","0","0","0","0","0","2","B","ผ่าน","0","1","4","0","0","ผ่าน","B"
"2568","2025","สำนักงานตำรวจแห่งชาติ","กองบัญชาการตำรวจตระเวนชายแดน","กองบังคับการตำรวจตระเวนชายแดนภาค 3","กองกำกับการตำรวจตระเวนชายแดนที่ 32","30.9295","0","0","0","0","0","1","0","0","0","0","0","0","0","0","0","0","0","0","0","0","0","0","0","0","0","0","0","0","0","0","0","0","0","0","0","0","0","0","0","0","0","0","0","0","0","0","0","0","0","0","0","0","0","0","0","0","0","0","0","0","0","0","0","0","0","0","0","0","0","0","0","0","0","0","0","1","B","ผ่าน","0","1","5","0","0","ผ่าน","B"
"2563","2020","สำนักงานตำรวจแห่งชาติ","กองบัญชาการตำรวจตระเวนชายแดน","กองบังคับการตำรวจตระเวนชายแดนภาค 3","กองกำกับการตำรวจตระเวนชายแดนที่ 32","","","","","","","","","","","","","","","","","","","","","","","","","","","","","","","","","","","","","","","","","","","","","","","","","","","","","","","","","","","","","","","","","","","","","","","","","","","","","","","","","","0","0","0","ผ่าน","A"
"2564","2021","สำนักงานตำรวจแห่งชาติ","กองบัญชาการตำรวจตระเวนชายแดน","กองบังคับการตำรวจตระเวนชายแดนภาค 3","กองกำกับการตำรวจตระเวนชายแดนที่ 32","","0","0","0","0","0","0","0","0","0","0","0","0","0","0","0","0","0","0","0","0","0","0","0","0","0","0","0","0","0","0","0","0","0","0","0","0","0","0","0","0","0","0","0","0","0","0","0","0","0","0","0","0","0","0","0","0","0","0","0","0","0","0","0","0","0","0","0","0","0","0","0","0","0","0","0","0","A","ผ่าน","0","0","1","0","0","ผ่าน","A"
"2566","2023","สำนักงานตำรวจแห่งชาติ","กองบัญชาการตำรวจตระเวนชายแดน","กองบังคับการตำรวจตระเวนชายแดนภาค 3","กองกำกับการตำรวจตระเวนชายแดนที่ 32","","","","","","","","","","","","","","","","","","","","","","","","","","","","","","","","","","","","","","","","","","","","","","","","","","","","","","","","","","","","","","","","","","","","","","","","","","","","","","","","0","0","0","0","0","ผ่าน","A"
"2567","2024","สำนักงานตำรวจแห่งชาติ","กองบัญชาการตำรวจตระเวนชายแดน","กองบังคับการตำรวจตระเวนชายแดนภาค 3","กองกำกับการตำรวจตระเวนชายแดนที่ 32","","0","0","0","0","0","0","0","0","0","0","0","0","0","0","0","0","0","0","0","0","0","0","0","0","0","0","0","0","0","0","0","0","0","0","0","0","0","0","0","0","0","0","0","0","0","0","0","0","0","0","0","0","0","0","0","0","0","0","0","0","0","0","0","0","0","0","0","0","0","0","0","0","0","0","0","0","A","ผ่าน","0","0","1","0","0","ผ่าน","A"
"2568","2025","สำนักงานตำรวจแห่งชาติ","กองบัญชาการตำรวจตระเวนชายแดน","กองบังคับการตำรวจตระเวนชายแดนภาค 3","กองกำกับการตำรวจตระเวนชายแดนที่ 32","","0","0","0","0","0","0","0","0","0","0","0","0","0","0","0","0","0","0","0","0","0","0","0","0","0","0","0","0","0","0","0","0","0","0","0","0","0","0","0","0","0","0","0","0","0","0","0","0","0","0","0","0","0","0","0","0","0","0","0","0","0","0","0","0","0","0","0","0","0","0","0","0","0","0","0","0","A","ผ่าน","0","0","2","0","0","ผ่าน","A"
"2567","2024","สำนักงานตำรวจแห่งชาติ","กองบัญชาการตำรวจตระเวนชายแดน","กองบังคับการตำรวจตระเวนชายแดนภาค 3","กองกำกับการตำรวจตระเวนชายแดนที่ 32","6.8884","","","","","","","","","","","","","","","","","","","","","","","","","","","","","","","","","","","","","","","","","","","","","","","","","","","","","","","","","","","","","","","","","","","","","","","","","","","","","","","","","0","0","0","ผ่าน","B"
"2568","2025","สำนักงานตำรวจแห่งชาติ","กองบัญชาการตำรวจตระเวนชายแดน","กองบังคับการตำรวจตระเวนชายแดนภาค 3","กองกำกับการตำรวจตระเวนชายแดนที่ 32","7.8877","0","0","0","0","0","0","0","0","1","0","1","0","0","0","0","0","0","1","0","0","0","0","0","1","0","0","0","0","0","0","0","0","0","0","0","0","0","0","0","0","0","0","0","0","0","1","0","0","0","0","0","0","0","0","0","0","0","0","0","0","0","0","0","0","0","0","0","0","0","0","0","0","0","0","0","5","B","ผ่าน","0","5","1","0","0","ผ่าน","B"
"2563","2020","สำนักงานตำรวจแห่งชาติ","กองบัญชาการตำรวจตระเวนชายแดน","กองบังคับการตำรวจตระเวนชายแดนภาค 3","กองกำกับการตำรวจตระเวนชายแดนที่ 32","35.9671","","","","","","","","","","","","","","","","","","","","","","","","","","","","","","","","","","","","","","","","","","","","","","","","","","","","","","","","","","","","","","","","","","","","","","","","","","","","","","","","","0","0","0","ผ่าน","A"
"2564","2021","สำนักงานตำรวจแห่งชาติ","กองบัญชาการตำรวจตระเวนชายแดน","กองบังคับการตำรวจตระเวนชายแดนภาค 3","กองกำกับการตำรวจตระเวนชายแดนที่ 32","36.9665","0","0","0","0","0","0","0","0","0","0","0","0","0","0","0","0","0","0","0","0","0","0","0","0","0","0","0","0","0","0","0","0","0","0","0","0","0","0","0","0","0","0","0","0","0","0","0","0","0","0","0","0","0","0","0","0","0","0","0","0","0","0","0","0","0","0","0","0","0","0","0","0","0","0","0","0","A","ผ่าน","0","0","1","0","0","ผ่าน","A"
"2565","2022","สำนักงานตำรวจแห่งชาติ","กองบัญชาการตำรวจตระเวนชายแดน","กองบังคับการตำรวจตระเวนชายแดนภาค 3","กองกำกับการตำรวจตระเวนชายแดนที่ 32","37.9658","0","0","0","0","0","0","0","0","0","0","0","0","0","0","0","0","0","0","0","0","0","0","0","0","0","0","0","0","0","0","0","0","0","0","0","0","0","0","0","0","0","0","0","0","0","0","0","0","0","0","0","0","0","0","0","0","0","0","0","0","0","0","0","0","0","0","0","0","0","0","0","0","0","0","0","0","A","ผ่าน","0","0","2","0","0","ผ่าน","A"
"2566","2023","สำนักงานตำรวจแห่งชาติ","กองบัญชาการตำรวจตระเวนชายแดน","กองบังคับการตำรวจตระเวนชายแดนภาค 3","กองกำกับการตำรวจตระเวนชายแดนที่ 32","38.9651","0","0","0","0","0","0","0","0","0","0","0","0","0","0","0","0","0","0","0","0","0","0","0","0","0","0","0","0","0","0","0","0","0","0","0","0","0","0","0","0","0","0","0","0","0","0","0","0","0","0","0","0","0","0","0","0","0","0","0","0","0","0","0","0","0","0","0","0","0","0","0","0","0","0","0","0","A","ผ่าน","0","0","3","0","0","ผ่าน","B"
"2567","2024","สำนักงานตำรวจแห่งชาติ","กองบัญชาการตำรวจตระเวนชายแดน","กองบังคับการตำรวจตระเวนชายแดนภาค 3","กองกำกับการตำรวจตระเวนชายแดนที่ 32","39.9671","0","0","0","0","0","1","0","0","0","0","0","0","0","0","0","0","0","0","0","0","0","0","0","0","0","0","0","0","0","0","0","0","0","0","0","0","0","0","0","0","0","0","0","0","0","0","0","0","0","0","0","0","0","0","0","0","0","0","0","0","0","0","0","0","0","0","0","0","0","0","0","0","0","0","0","1","B","ผ่าน","0","0.333333","4","0","0","ผ่าน","A"
"2568","2025","สำนักงานตำรวจแห่งชาติ","กองบัญชาการตำรวจตระเวนชายแดน","กองบังคับการตำรวจตระเวนชายแดนภาค 3","กองกำกับการตำรวจตระเวนชายแดนที่ 32","40.9665","0","0","0","0","0","0","0","0","0","0","0","0","0","0","0","0","0","0","0","0","0","0","0","0","0","0","0","0","0","0","0","0","0","0","0","0","0","0","0","0","0","0","0","0","0","0","0","0","0","0","0","0","0","0","0","0","0","0","0","0","0","0","0","0","0","0","0","0","0","0","0","0","0","0","0","0","A","ผ่าน","0","0.333333","5","0","0","ผ่าน","A"
"2563","2020","สำนักงานตำรวจแห่งชาติ","กองบัญชาการตำรวจตระเวนชายแดน","กองบังคับการตำรวจตระเวนชายแดนภาค 3","กองกำกับการตำรวจตระเวนชายแดนที่ 32","2.8884","","","","","","","","","","","","","","","","","","","","","","","","","","","","","","","","","","","","","","","","","","","","","","","","","","","","","","","","","","","","","","","","","","","","","","","","","","","","","","","","","0","0","0","ผ่าน","B"
"2564","2021","สำนักงานตำรวจแห่งชาติ","กองบัญชาการตำรวจตระเวนชายแดน","กองบังคับการตำรวจตระเวนชายแดนภาค 3","กองกำกับการตำรวจตระเวนชายแดนที่ 32","3.8877","0","0","0","0","0","1","0","0","0","0","0","0","0","0","0","0","0","0","0","0","0","0","0","0","0","0","0","0","0","0","0","0","0","0","0","0","0","0","0","0","0","0","0","0","0","0","0","0","0","0","0","0","0","0","0","0","0","0","1","0","0","0","0","0","1","0","0","1","0","0","1","0","0","1","0","6","B","ผ่าน","0","6","1","0","0","ผ่าน","B"
"2565","2022","สำนักงานตำรวจแห่งชาติ","กองบัญชาการตำรวจตระเวนชายแดน","กองบังคับการตำรวจตระเวนชายแดนภาค 3","กองกำกับการตำรวจตระเวนชายแดนที่ 32","4.8871","0","0","0","0","0","0","0","0","0","0","0","0","0","0","0","0","0","0","0","0","0","0","0","0","0","0","0","0","0","0","0","0","0","0","0","0","0","0","0","0","0","0","0","0","0","0","0","0","0","0","0","0","0","0","0","1","0","0","0","0","0","0","0","0","0","0","0","0","0","0","0","0","0","0","0","1","B","ผ่าน","0","3.5","2","0","0","ผ่าน","B"
"2566","2023","สำนักงานตำรวจแห่งชาติ","กองบัญชาการตำรวจตระเวนชายแดน","กองบังคับการตำรวจตระเวนชายแดนภาค 3","กองกำกับการตำรวจตระเวนชายแดนที่ 32","5.8864","0","0","0","0","0","1","0","0","0","0","0","0","0","0","0","0","0","0","0","0","0","0","0","0","0","0","0","0","0","0","0","0","0","0","0","0","0","0","0","0","0","0","0","0","0","0","0","0","0","0","0","0","0","0","0","0","0","0","0","0","0","0","0","0","0","0","0","0","0","0","0","0","0","0","0","1","B","ผ่าน","0","2.666667","3","0","0","ผ่าน","B"
"2563","2020","สำนักงานตำรวจแห่งชาติ","กองบัญชาการตำรวจตระเวนชายแดน","กองบังคับการตำรวจตระเวนชายแดนภาค 3","กองกำกับการตำรวจตระเวนชายแดนที่ 32","","","","","","","","","","","","","","","","","","","","","","","","","","","","","","","","","","","","","","","","","","","","","","","","","","","","","","","","","","","","","","","","","","","","","","","","","","","","","","","","","","0","0","0","ผ่าน","A"
"2564","2021","สำนักงานตำรวจแห่งชาติ","กองบัญชาการตำรวจตระเวนชายแดน","กองบังคับการตำรวจตระเวนชายแดนภาค 3","กองกำกับการตำรวจตระเวนชายแดนที่ 32","0.5476","0","0","0","0","0","0","0","0","0","0","0","0","0","0","0","0","0","0","0","0","0","0","0","0","0","0","0","0","0","0","0","0","0","0","0","0","0","0","0","0","0","0","0","0","0","0","0","0","0","0","0","0","0","0","0","0","0","0","0","0","0","0","0","0","0","0","0","0","0","0","0","0","0","0","0","0","A","ผ่าน","0","0","1","0","0","ผ่าน","A"
"2565","2022","สำนักงานตำรวจแห่งชาติ","กองบัญชาการตำรวจตระเวนชายแดน","กองบังคับการตำรวจตระเวนชายแดนภาค 3","กองกำกับการตำรวจตระเวนชายแดนที่ 32","1.5469","0","0","0","0","0","0","0","0","0","0","0","0","0","0","0","0","0","0","0","0","0","0","0","0","0","0","0","0","0","0","0","0","0","0","0","0","0","0","0","0","0","0","0","0","0","0","0","0","0","0","0","0","0","0","0","0","0","0","0","0","0","0","0","0","0","0","0","0","0","0","0","0","0","0","0","0","A","ผ่าน","0","0","2","0","0","ผ่าน","A"
"2566","2023","สำนักงานตำรวจแห่งชาติ","กองบัญชาการตำรวจตระเวนชายแดน","กองบังคับการตำรวจตระเวนชายแดนภาค 3","กองกำกับการตำรวจตระเวนชายแดนที่ 32","2.5462","0","0","0","0","0","0","0","0","0","0","0","0","0","0","0","0","0","0","0","0","0","0","0","0","0","0","0","0","0","0","0","0","0","0","0","0","0","0","0","0","0","0","0","0","0","0","0","0","0","0","0","0","0","0","0","0","0","0","0","0","0","0","0","0","0","0","0","0","0","0","0","0","0","0","0","0","A","ผ่าน","0","0","3","0","0","ผ่าน","B"
"2567","2024","สำนักงานตำรวจแห่งชาติ","กองบัญชาการตำรวจตระเวนชายแดน","กองบังคับการตำรวจตระเวนชายแดนภาค 3","กองกำกับการตำรวจตระเวนชายแดนที่ 32","3.5483","0","0","0","0","1","1","0","0","0","1","0","1","0","0","1","0","0","0","0","0","0","0","0","0","1","0","0","0","0","0","0","0","0","0","0","0","0","0","0","0","0","0","0","0","0","0","0","0","0","0","0","0","0","0","0","0","0","0","0","0","0","0","0","0","0","0","0","0","0","0","0","0","0","0","0","6","B","ผ่าน","0","2","4","0","0","ผ่าน","B"
"2568","2025","สำนักงานตำรวจแห่งชาติ","กองบัญชาการตำรวจตระเวนชายแดน","กองบังคับการตำรวจตระเวนชายแดนภาค 3","กองกำกับการตำรวจตระเวนชายแดนที่ 32","4.5476","0","0","0","0","0","1","0","0","0","0","0","0","0","0","0","0","0","0","0","0","0","0","0","0","0","0","0","0","0","0","0","0","0","0","0","0","0","0","0","0","0","0","0","0","0","0","0","0","0","0","0","0","0","0","0","1","0","0","0","0","0","0","0","0","0","0","0","0","0","0","0","0","0","0","0","2","B","ผ่าน","0","2.666667","5","0","0","ผ่าน","B"
"2563","2020","สำนักงานตำรวจแห่งชาติ","กองบัญชาการตำรวจตระเวนชายแดน","กองบังคับการตำรวจตระเวนชายแดนภาค 3","กองกำกับการตำรวจตระเวนชายแดนที่ 32","","","","","","","","","","","","","","","","","","","","","","","","","","","","","","","","","","","","","","","","","","","","","","","","","","","","","","","","","","","","","","","","","","","","","","","","","","","","","","","","","","0","0","0","ผ่าน","B"
"2565","2022","สำนักงานตำรวจแห่งชาติ","กองบัญชาการตำรวจตระเวนชายแดน","กองบังคับการตำรวจตระเวนชายแดนภาค 3","กองกำกับการตำรวจตระเวนชายแดนที่ 32","","","","","","","","","","","","","","","","","","","","","","","","","","","","","","","","","","","","","","","","","","","","","","","","","","","","","","","","","","","","","","","","","","","","","","","","","","","","","","","","0","6","0","0","0","ผ่าน","A"
"2566","2023","สำนักงานตำรวจแห่งชาติ","กองบัญชาการตำรวจตระเวนชายแดน","กองบังคับการตำรวจตระเวนชายแดนภาค 3","กองกำกับการตำรวจตระเวนชายแดนที่ 32","","0","0","0","0","0","0","0","0","0","0","0","0","0","0","0","0","0","0","0","0","0","0","0","0","0","0","0","0","0","0","0","0","0","0","0","0","0","0","0","0","0","0","0","0","0","0","0","0","0","0","0","0","0","0","0","0","0","0","0","0","0","0","0","0","0","0","0","0","0","0","0","0","0","0","0","0","A","ผ่าน","0","3","1","0","0","ผ่าน","A"
"2567","2024","สำนักงานตำรวจแห่งชาติ","กองบัญชาการตำรวจตระเวนชายแดน","กองบังคับการตำรวจตระเวนชายแดนภาค 3","กองกำกับการตำรวจตระเวนชายแดนที่ 32","","0","0","0","0","0","0","0","0","0","0","0","0","0","0","0","0","0","0","0","0","0","0","0","0","0","0","0","0","0","0","0","0","0","0","0","0","0","0","0","0","0","0","0","0","0","0","0","0","0","0","0","0","0","0","0","0","0","0","0","0","0","0","0","0","0","0","0","0","0","0","0","0","0","0","0","0","A","ผ่าน","0","0","2","0","0","ผ่าน","A"
"2568","2025","สำนักงานตำรวจแห่งชาติ","กองบัญชาการตำรวจตระเวนชายแดน","กองบังคับการตำรวจตระเวนชายแดนภาค 3","กองกำกับการตำรวจตระเวนชายแดนที่ 32","0.8679","0","0","0","0","0","0","0","0","0","0","0","0","0","0","0","0","0","0","0","0","0","0","0","0","0","0","0","0","0","0","0","0","0","0","0","0","0","0","0","0","0","0","0","0","0","0","0","0","0","0","0","0","0","0","0","0","0","0","0","0","0","0","0","0","0","0","0","0","0","0","0","0","0","0","0","0","A","ผ่าน","0","0","3","0","0","ผ่าน","A"
"2563","2020","สำนักงานตำรวจแห่งชาติ","กองบัญชาการตำรวจตระเวนชายแดน","กองบังคับการตำรวจตระเวนชายแดนภาค 3","กองกำกับการตำรวจตระเวนชายแดนที่ 32","55.6496","","","","","","","","","","","","","","","","","","","","","","","","","","","","","","","","","","","","","","","","","","","","","","","","","","","","","","","","","","","","","","","","","","","","","","","","","","","","","","","","","0","0","0","ผ่าน","B"
"2565","2022","สำนักงานตำรวจแห่งชาติ","กองบัญชาการตำรวจตระเวนชายแดน","กองบังคับการตำรวจตระเวนชายแดนภาค 3","กองกำกับการตำรวจตระเวนชายแดนที่ 32","57.6482","","","","","","","","","","","","","","","","","","","","","","","","","","","","","","","","","","","","","","","","","","","","","","","","","","","","","","","","","","","","","","","","","","","","","","","","","","","","","","","0","1","0","0","0","ผ่าน","B"
"2566","2023","สำนักงานตำรวจแห่งชาติ","กองบัญชาการตำรวจตระเวนชายแดน","กองบังคับการตำรวจตระเวนชายแดนภาค 3","กองกำกับการตำรวจตระเวนชายแดนที่ 32","58.6475","0","0","0","0","0","1","0","0","0","0","0","0","0","0","0","0","0","0","0","0","0","0","0","1","0","0","0","0","0","0","0","0","0","0","0","0","0","0","0","0","0","0","0","0","0","1","0","0","0","0","0","0","0","0","0","0","0","0","0","0","0","0","0","0","0","0","0","0","0","0","0","0","0","0","0","3","B","ผ่าน","0","2","1","0","0","ผ่าน","B"
"2567","2024","สำนักงานตำรวจแห่งชาติ","กองบัญชาการตำรวจตระเวนชายแดน","กองบังคับการตำรวจตระเวนชายแดนภาค 3","กองกำกับการตำรวจตระเวนชายแดนที่ 32","59.6496","0","0","0","0","0","1","0","0","0","0","0","1","0","0","0","0","0","0","1","0","0","0","0","0","0","0","0","0","0","0","0","0","0","0","0","0","0","0","0","0","0","0","0","0","0","0","0","0","0","0","0","0","0","0","0","0","0","0","0","0","0","0","0","0","0","0","0","1","0","0","0","0","0","0","0","4","B","ผ่าน","0","3.5","2","0","0","ผ่าน","B"
"2568","2025","สำนักงานตำรวจแห่งชาติ","กองบัญชาการตำรวจตระเวนชายแดน","กองบังคับการตำรวจตระเวนชายแดนภาค 3","กองกำกับการตำรวจตระเวนชายแดนที่ 32","60.6489","0","0","0","0","0","0","0","0","0","0","0","1","1","0","0","0","0","0","0","0","0","0","0","0","0","0","0","1","0","0","0","0","0","0","0","0","0","0","0","0","0","0","0","0","0","0","0","0","0","0","0","0","0","0","0","0","1","0","0","0","0","0","0","1","0","0","0","0","0","0","0","0","0","0","0","5","B","ผ่าน","0","4","3","0","0","ผ่าน","A"
"2563","2020","สำนักงานตำรวจแห่งชาติ","กองบัญชาการตำรวจตระเวนชายแดน","กองบังคับการตำรวจตระเวนชายแดนภาค 3","กองกำกับการตำรวจตระเวนชายแดนที่ 32","60.2491","","","","","","","","","","","","","","","","","","","","","","","","","","","","","","","","","","","","","","","","","","","","","","","","","","","","","","","","","","","","","","","","","","","","","","","","","","","","","","","","","0","0","0","ผ่าน","B"
"2564","2021","สำนักงานตำรวจแห่งชาติ","กองบัญชาการตำรวจตระเวนชายแดน","กองบังคับการตำรวจตระเวนชายแดนภาค 3","กองกำกับการตำรวจตระเวนชายแดนที่ 32","61.2485","0","0","0","0","0","0","0","0","0","0","0","0","0","0","0","0","0","0","0","0","0","0","0","0","0","0","0","0","0","0","0","0","0","0","0","0","0","0","0","0","0","0","0","0","0","0","0","0","0","0","0","0","0","0","0","0","0","0","0","0","0","0","0","1","0","0","0","1","0","0","0","0","0","0","0","2","B","ผ่าน","0","2","1","0","0","ผ่าน","A"
"2565","2022","สำนักงานตำรวจแห่งชาติ","กองบัญชาการตำรวจตระเวนชายแดน","กองบังคับการตำรวจตระเวนชายแดนภาค 3","กองกำกับการตำรวจตระเวนชายแดนที่ 32","62.2478","0","0","0","0","0","0","0","0","0","0","0","0","0","0","0","0","0","0","0","0","0","0","0","0","0","0","0","0","0","0","0","0","0","0","0","0","0","0","0","0","0","0","0","0","0","0","0","0","0","0","0","0","0","0","0","0","0","0","0","0","0","0","0","0","0","0","0","0","0","0","0","0","0","0","0","0","A","ผ่าน","0","1","2","0","0","ผ่าน","B"
"2566","2023","สำนักงานตำรวจแห่งชาติ","กองบัญชาการตำรวจตระเวนชายแดน","กองบังคับการตำรวจตระเวนชายแดนภาค 3","กองกำกับการตำรวจตระเวนชายแดนที่ 32","63.2471","0","0","0","0","0","0","0","0","0","0","0","0","0","0","0","0","0","0","0","0","0","0","0","0","0","0","0","0","0","0","0","0","0","0","0","0","0","0","0","0","0","0","0","0","0","0","0","0","0","0","0","0","0","0","0","0","0","0","0","0","0","0","0","1","0","1","0","0","1","1","1","0","0","0","0","5","B","ผ่าน","0","2.333333","3","0","0","ผ่าน","A"
"2567","2024","สำนักงานตำรวจแห่งชาติ","กองบัญชาการตำรวจตระเวนชายแดน","กองบังคับการตำรวจตระเวนชายแดนภาค 3","กองกำกับการตำรวจตระเวนชายแดนที่ 32","64.2491","0","0","0","0","0","0","0","0","0","0","0","0","0","0","0","0","0","0","0","0","0","0","0","0","0","0","0","0","0","0","0","0","0","0","0","0","0","0","0","0","0","0","0","0","0","0","0","0","0","0","0","0","0","0","0","0","0","0","0","0","0","0","0","0","0","0","0","0","0","0","0","0","0","0","0","0","A","ผ่าน","0","1.666667","4","0","0","ผ่าน","B"
"2568","2025","สำนักงานตำรวจแห่งชาติ","กองบัญชาการตำรวจตระเวนชายแดน","กองบังคับการตำรวจตระเวนชายแดนภาค 3","กองกำกับการตำรวจตระเวนชายแดนที่ 32","65.2485","0","0","0","0","0","0","0","0","0","0","0","0","0","0","0","0","0","0","0","0","0","0","0","0","0","0","0","0","0","0","0","0","0","0","0","0","0","0","0","0","0","0","0","0","0","0","0","0","0","0","0","0","0","0","0","1","0","0","0","0","0","0","0","0","0","0","0","0","0","0","0","0","0","0","0","1","B","ผ่าน","0","2","5","0","0","ผ่าน","A"
"2563","2020","สำนักงานตำรวจแห่งชาติ","กองบัญชาการตำรวจตระเวนชายแดน","กองบังคับการตำรวจตระเวนชายแดนภาค 3","กองกำกับการตำรวจตระเวนชายแดนที่ 32","","","","","","","","","","","","","","","","","","","","","","","","","","","","","","","","","","","","","","","","","","","","","","","","","","","","","","","","","","","","","","","","","","","","","","","","","","","","","","","","","","0","0","0","ผ่าน","B"
"2566","2023","สำนักงานตำรวจแห่งชาติ","กองบัญชาการตำรวจตระเวนชายแดน","กองบังคับการตำรวจตระเวนชายแดนภาค 3","กองกำกับการตำรวจตระเวนชายแดนที่ 32","","","","","","","","","","","","","","","","","","","","","","","","","","","","","","","","","","","","","","","","","","","","","","","","","","","","","","","","","","","","","","","","","","","","","","","","","","","","","","","","","6","0","0","0","ผ่าน","B"
"2567","2024","สำนักงานตำรวจแห่งชาติ","กองบัญชาการตำรวจตระเวนชายแดน","กองบังคับการตำรวจตระเวนชายแดนภาค 3","กองกำกับการตำรวจตระเวนชายแดนที่ 32","0.627","0","0","0","0","0","1","0","0","0","0","0","0","0","0","0","0","0","0","0","0","0","0","0","0","0","0","0","0","0","0","0","1","0","0","0","0","0","0","0","0","1","0","0","0","0","0","0","0","0","0","0","0","0","0","0","0","0","0","0","0","0","0","0","0","0","0","0","0","0","0","0","0","0","0","0","3","B","ผ่าน","0","3","1","0","0","ผ่าน","A"
"2563","2020","สำนักงานตำรวจแห่งชาติ","กองบัญชาการตำรวจตระเวนชายแดน","กองบังคับการตำรวจตระเวนชายแดนภาค 3","กองกำกับการตำรวจตระเวนชายแดนที่ 32","46.976","","","","","","","","","","","","","","","","","","","","","","","","","","","","","","","","","","","","","","","","","","","","","","","","","","","","","","","","","","","","","","","","","","","","","","","","","","","","","","","","","0","0","0","ผ่าน","C"
"2565","2022","สำนักงานตำรวจแห่งชาติ","กองบัญชาการตำรวจตระเวนชายแดน","กองบังคับการตำรวจตระเวนชายแดนภาค 3","กองกำกับการตำรวจตระเวนชายแดนที่ 32","48.9747","","","","","","","","","","","","","","","","","","","","","","","","","","","","","","","","","","","","","","","","","","","","","","","","","","","","","","","","","","","","","","","","","","","","","","","","","","","","","","","0","15","0","0","0","ผ่าน","B"
"2566","2023","สำนักงานตำรวจแห่งชาติ","กองบัญชาการตำรวจตระเวนชายแดน","กองบังคับการตำรวจตระเวนชายแดนภาค 3","กองกำกับการตำรวจตระเวนชายแดนที่ 32","49.974","0","0","0","0","0","1","0","0","0","0","0","0","0","0","0","0","0","0","0","0","0","0","0","0","0","0","0","0","0","0","0","0","0","0","0","0","0","0","0","0","0","0","0","0","0","0","0","0","0","0","0","0","0","0","0","0","0","0","0","0","0","0","0","0","0","0","0","0","0","0","0","0","0","0","0","1","B","ผ่าน","0","8","1","0","0","ผ่าน","A"
"2567","2024","สำนักงานตำรวจแห่งชาติ","กองบัญชาการตำรวจตระเวนชายแดน","กองบังคับการตำรวจตระเวนชายแดนภาค 3","กองกำกับการตำรวจตระเวนชายแดนที่ 32","50.976","0","0","0","0","0","0","0","0","0","0","0","0","0","0","0","0","0","0","0","0","0","0","0","0","0","0","0","0","0","0","0","0","0","0","0","0","0","0","0","0","0","0","0","0","0","0","0","0","0","0","0","0","0","0","0","0","0","0","0","0","0","0","0","0","0","0","0","0","0","0","0","0","0","0","0","0","A","ผ่าน","0","0.5","2","0","0","ผ่าน","A"
"2568","2025","สำนักงานตำรวจแห่งชาติ","กองบัญชาการตำรวจตระเวนชายแดน","กองบังคับการตำรวจตระเวนชายแดนภาค 3","กองกำกับการตำรวจตระเวนชายแดนที่ 32","51.9754","0","0","0","0","0","0","0","0","0","0","0","0","0","0","0","0","0","0","0","0","0","0","0","0","0","0","0","0","0","0","0","0","0","0","0","0","0","0","0","0","0","0","0","0","0","0","0","0","0","0","0","0","0","0","0","0","0","0","0","0","0","0","0","0","0","0","0","0","0","0","0","0","0","0","0","0","A","ผ่าน","0","0.333333","3","0","0","ผ่าน","A"
"2563","2020","สำนักงานตำรวจแห่งชาติ","กองบัญชาการตำรวจตระเวนชายแดน","กองบังคับการตำรวจตระเวนชายแดนภาค 3","กองกำกับการตำรวจตระเวนชายแดนที่ 32","6.6283","","","","","","","","","","","","","","","","","","","","","","","","","","","","","","","","","","","","","","","","","","","","","","","","","","","","","","","","","","","","","","","","","","","","","","","","","","","","","","","","","0","0","0","ผ่าน","A"
"2565","2022","สำนักงานตำรวจแห่งชาติ","กองบัญชาการตำรวจตระเวนชายแดน","กองบังคับการตำรวจตระเวนชายแดนภาค 3","กองกำกับการตำรวจตระเวนชายแดนที่ 32","8.627","","","","","","","","","","","","","","","","","","","","","","","","","","","","","","","","","","","","","","","","","","","","","","","","","","","","","","","","","","","","","","","","","","","","","","","","","","","","","","","0","0","0","0","0","ผ่าน","A"
"2566","2023","สำนักงานตำรวจแห่งชาติ","กองบัญชาการตำรวจตระเวนชายแดน","กองบังคับการตำรวจตระเวนชายแดนภาค 3","กองกำกับการตำรวจตระเวนชายแดนที่ 32","9.6263","0","0","0","0","0","0","0","0","0","0","0","0","0","0","0","0","0","0","0","0","0","0","0","0","0","0","0","0","0","0","0","0","0","0","0","0","0","0","0","0","0","0","0","0","0","0","0","0","0","0","0","0","0","0","0","0","0","0","0","0","0","0","0","0","0","0","0","0","0","0","0","0","0","0","0","0","A","ผ่าน","0","0","1","0","0","ผ่าน","A"
"2567","2024","สำนักงานตำรวจแห่งชาติ","กองบัญชาการตำรวจตระเวนชายแดน","กองบังคับการตำรวจตระเวนชายแดนภาค 3","กองกำกับการตำรวจตระเวนชายแดนที่ 32","10.6283","0","0","0","0","0","0","0","0","0","0","0","0","0","0","0","0","0","0","0","0","0","0","0","0","0","0","0","0","0","0","0","0","0","0","0","0","0","0","0","0","0","0","0","0","0","0","0","0","0","0","0","0","0","0","0","0","0","0","0","0","0","0","0","0","0","0","0","0","0","0","0","0","0","0","0","0","A","ผ่าน","0","0","2","0","0","ผ่าน","A"
"2568","2025","สำนักงานตำรวจแห่งชาติ","กองบัญชาการตำรวจตระเวนชายแดน","กองบังคับการตำรวจตระเวนชายแดนภาค 3","กองกำกับการตำรวจตระเวนชายแดนที่ 32","11.6277","0","0","0","0","0","0","0","0","0","0","0","0","0","0","0","0","0","0","0","0","0","0","0","0","0","0","0","0","0","0","0","0","0","0","0","0","0","0","0","0","0","0","0","0","0","0","0","0","0","0","0","0","0","0","0","0","0","0","0","0","0","0","0","0","0","0","0","0","0","0","0","0","0","0","0","0","A","ผ่าน","0","0","3","0","0","ผ่าน","A"
"2563","2020","สำนักงานตำรวจแห่งชาติ","กองบัญชาการตำรวจตระเวนชายแดน","กองบังคับการตำรวจตระเวนชายแดนภาค 3","กองกำกับการตำรวจตระเวนชายแดนที่ 32","","","","","","","","","","","","","","","","","","","","","","","","","","","","","","","","","","","","","","","","","","","","","","","","","","","","","","","","","","","","","","","","","","","","","","","","","","","","","","","","","","0","0","0","ผ่าน","C"
"2565","2022","สำนักงานตำรวจแห่งชาติ","กองบัญชาการตำรวจตระเวนชายแดน","กองบังคับการตำรวจตระเวนชายแดนภาค 3","กองกำกับการตำรวจตระเวนชายแดนที่ 32","1.4264","","","","","","","","","","","","","","","","","","","","","","","","","","","","","","","","","","","","","","","","","","","","","","","","","","","","","","","","","","","","","","","","","","","","","","","","","","","","","","","0","10","0","0","0","ผ่าน","B"
"2566","2023","สำนักงานตำรวจแห่งชาติ","กองบัญชาการตำรวจตระเวนชายแดน","กองบังคับการตำรวจตระเวนชายแดนภาค 3","กองกำกับการตำรวจตระเวนชายแดนที่ 32","2.4257","0","0","0","0","0","1","0","0","0","0","0","0","0","0","0","0","0","0","0","0","0","0","0","0","0","0","0","0","0","0","0","0","0","0","0","0","0","0","0","0","0","0","0","0","0","0","0","0","0","0","0","0","0","0","0","0","0","0","0","0","0","0","0","0","0","0","0","0","0","0","0","0","0","0","0","1","B","ผ่าน","0","5.5","1","0","0","ผ่าน","A"
"2567","2024","สำนักงานตำรวจแห่งชาติ","กองบัญชาการตำรวจตระเวนชายแดน","กองบังคับการตำรวจตระเวนชายแดนภาค 3","กองกำกับการตำรวจตระเวนชายแดนที่ 32","3.4278","0","0","0","0","0","0","0","0","0","0","0","0","0","0","0","0","0","0","0","0","0","0","0","0","0","0","0","0","0","0","0","0","0","0","0","0","0","0","0","0","0","0","0","0","0","0","0","0","0","0","0","0","0","0","0","0","0","0","0","0","0","0","0","0","0","0","0","0","0","0","0","0","0","0","0","0","A","ผ่าน","0","0.5","2","0","0","ผ่าน","A"
"2568","2025","สำนักงานตำรวจแห่งชาติ","กองบัญชาการตำรวจตระเวนชายแดน","กองบังคับการตำรวจตระเวนชายแดนภาค 3","กองกำกับการตำรวจตระเวนชายแดนที่ 32","4.4271","0","0","0","0","0","0","0","0","0","0","0","0","0","0","0","0","0","0","0","0","0","0","0","0","0","0","0","0","0","0","0","0","0","0","0","0","0","0","0","0","0","0","0","0","0","0","0","0","0","0","0","0","0","0","0","0","0","0","0","0","0","0","0","0","0","0","0","0","0","0","0","0","0","0","0","0","A","ผ่าน","0","0.333333","3","0","0","ผ่าน","A"
"2563","2020","สำนักงานตำรวจแห่งชาติ","กองบัญชาการตำรวจตระเวนชายแดน","กองบังคับการตำรวจตระเวนชายแดนภาค 3","กองกำกับการตำรวจตระเวนชายแดนที่ 32","55.9973","","","","","","","","","","","","","","","","","","","","","","","","","","","","","","","","","","","","","","","","","","","","","","","","","","","","","","","","","","","","","","","","","","","","","","","","","","","","","","","","","0","0","0","ผ่าน","A"
"2564","2021","สำนักงานตำรวจแห่งชาติ","กองบัญชาการตำรวจตระเวนชายแดน","กองบังคับการตำรวจตระเวนชายแดนภาค 3","กองกำกับการตำรวจตระเวนชายแดนที่ 32","56.9966","0","0","0","0","0","0","0","0","0","0","0","0","0","0","0","0","0","0","0","0","0","0","0","0","0","0","0","0","0","0","0","0","0","0","0","0","0","0","0","0","0","0","0","0","0","0","0","0","0","0","0","0","0","0","0","0","0","0","0","0","0","0","0","0","0","0","0","0","0","0","0","0","0","0","0","0","A","ผ่าน","0","0","1","0","0","ผ่าน","B"
"2566","2023","สำนักงานตำรวจแห่งชาติ","กองบัญชาการตำรวจตระเวนชายแดน","กองบังคับการตำรวจตระเวนชายแดนภาค 3","กองกำกับการตำรวจตระเวนชายแดนที่ 32","58.9952","","","","","","","","","","","","","","","","","","","","","","","","","","","","","","","","","","","","","","","","","","","","","","","","","","","","","","","","","","","","","","","","","","","","","","","","","","","","","","","0","0.5","0","0","0","ผ่าน","A"
"2567","2024","สำนักงานตำรวจแห่งชาติ","กองบัญชาการตำรวจตระเวนชายแดน","กองบังคับการตำรวจตระเวนชายแดนภาค 3","กองกำกับการตำรวจตระเวนชายแดนที่ 32","59.9973","0","0","0","0","0","0","0","0","0","0","0","0","0","0","0","0","0","0","0","0","0","0","0","0","0","0","0","0","0","0","0","0","0","0","0","0","0","0","0","0","0","0","0","0","0","0","0","0","0","0","0","0","0","0","0","0","0","0","0","0","0","0","0","0","0","0","0","0","0","0","0","0","0","0","0","0","A","ผ่าน","0","0.5","1","0","0","ผ่าน","A"
"2568","2025","สำนักงานตำรวจแห่งชาติ","กองบัญชาการตำรวจตระเวนชายแดน","กองบังคับการตำรวจตระเวนชายแดนภาค 3","กองกำกับการตำรวจตระเวนชายแดนที่ 32","60.9966","0","0","0","0","0","0","0","0","0","0","0","0","0","0","0","0","0","0","0","0","0","0","0","0","0","0","0","0","0","0","0","0","0","0","0","0","0","0","0","0","0","0","0","0","0","0","0","0","0","0","0","0","0","0","0","0","0","0","0","0","0","0","0","0","0","0","0","0","0","0","0","0","0","0","0","0","A","ผ่าน","0","0","2","0","0","ผ่าน","A"
"2563","2020","สำนักงานตำรวจแห่งชาติ","กองบัญชาการตำรวจตระเวนชายแดน","กองบังคับการตำรวจตระเวนชายแดนภาค 3","กองกำกับการตำรวจตระเวนชายแดนที่ 32","","","","","","","","","","","","","","","","","","","","","","","","","","","","","","","","","","","","","","","","","","","","","","","","","","","","","","","","","","","","","","","","","","","","","","","","","","","","","","","","","","0","0","0","ผ่าน","B"
"2564","2021","สำนักงานตำรวจแห่งชาติ","กองบัญชาการตำรวจตระเวนชายแดน","กองบังคับการตำรวจตระเวนชายแดนภาค 3","กองกำกับการตำรวจตระเวนชายแดนที่ 32","0.4846","0","0","0","0","0","1","0","0","0","0","0","0","0","0","0","0","0","0","0","0","0","0","0","0","0","0","0","0","0","0","0","0","0","0","0","0","0","0","0","0","0","0","0","0","0","0","0","0","0","0","0","0","0","1","0","0","0","0","0","0","0","0","0","0","0","0","0","0","0","0","0","0","0","0","0","2","B","ผ่าน","0","2","1","0","0","ผ่าน","B"
"2563","2020","สำนักงานตำรวจแห่งชาติ","กองบัญชาการตำรวจตระเวนชายแดน","กองบังคับการตำรวจตระเวนชายแดนภาค 3","กองกำกับการตำรวจตระเวนชายแดนที่ 32","","","","","","","","","","","","","","","","","","","","","","","","","","","","","","","","","","","","","","","","","","","","","","","","","","","","","","","","","","","","","","","","","","","","","","","","","","","","","","","","","","0","0","0","ผ่าน","B"
"2565","2022","สำนักงานตำรวจแห่งชาติ","กองบัญชาการตำรวจตระเวนชายแดน","กองบังคับการตำรวจตระเวนชายแดนภาค 3","กองกำกับการตำรวจตระเวนชายแดนที่ 32","","","","","","","","","","","","","","","","","","","","","","","","","","","","","","","","","","","","","","","","","","","","","","","","","","","","","","","","","","","","","","","","","","","","","","","","","","","","","","","","0","1","0","0","0","ผ่าน","B"
"2566","2023","สำนักงานตำรวจแห่งชาติ","กองบัญชาการตำรวจตระเวนชายแดน","กองบังคับการตำรวจตระเวนชายแดนภาค 3","กองกำกับการตำรวจตระเวนชายแดนที่ 32","0.6242","0","0","0","0","0","1","0","0","0","0","0","0","0","0","0","0","0","0","0","0","0","0","0","0","0","0","0","0","0","0","0","0","0","0","0","0","0","0","0","0","0","0","0","0","0","0","0","0","0","0","0","0","0","0","0","0","0","0","0","0","0","0","0","0","0","0","0","0","0","0","0","0","0","0","0","1","B","ผ่าน","0","1","1","0","0","ผ่าน","B"
"2568","2025","สำนักงานตำรวจแห่งชาติ","กองบัญชาการตำรวจตระเวนชายแดน","กองบังคับการตำรวจตระเวนชายแดนภาค 3","กองกำกับการตำรวจตระเวนชายแดนที่ 32","2.6256","","","","","","","","","","","","","","","","","","","","","","","","","","","","","","","","","","","","","","","","","","","","","","","","","","","","","","","","","","","","","","","","","","","","","","","","","","","","","","","0","1","0","0","0","ผ่าน","A"
"2563","2020","สำนักงานตำรวจแห่งชาติ","กองบัญชาการตำรวจตระเวนชายแดน","กองบังคับการตำรวจตระเวนชายแดนภาค 3","กองกำกับการตำรวจตระเวนชายแดนที่ 33","5.629","","","","","","","","","","","","","","","","","","","","","","","","","","","","","","","","","","","","","","","","","","","","","","","","","","","","","","","","","","","","","","","","","","","","","","","","","","","","","","","","","0","0","0","ผ่าน","A"
"2564","2021","สำนักงานตำรวจแห่งชาติ","กองบัญชาการตำรวจตระเวนชายแดน","กองบังคับการตำรวจตระเวนชายแดนภาค 3","กองกำกับการตำรวจตระเวนชายแดนที่ 33","6.6283","0","0","0","0","0","0","0","0","0","0","0","0","0","0","0","0","0","0","0","0","0","0","0","0","0","0","0","0","0","0","0","0","0","0","0","0","0","0","0","0","0","0","0","0","0","0","0","0","0","0","0","0","0","0","0","0","0","0","0","0","0","0","0","0","0","0","0","0","0","0","0","0","0","0","0","0","A","ผ่าน","0","0","1","0","0","ผ่าน","A"
"2565","2022","สำนักงานตำรวจแห่งชาติ","กองบัญชาการตำรวจตระเวนชายแดน","กองบังคับการตำรวจตระเวนชายแดนภาค 3","กองกำกับการตำรวจตระเวนชายแดนที่ 33","7.6277","0","0","0","0","0","0","0","0","0","0","0","0","0","0","0","0","0","0","0","0","0","0","0","0","0","0","0","0","0","0","0","0","0","0","0","0","0","0","0","0","0","0","0","0","0","0","0","0","0","0","0","0","0","0","0","0","0","0","0","0","0","0","0","0","0","0","0","0","0","0","0","0","0","0","0","0","A","ผ่าน","0","0","2","0","0","ผ่าน","B"
"2566","2023","สำนักงานตำรวจแห่งชาติ","กองบัญชาการตำรวจตระเวนชายแดน","กองบังคับการตำรวจตระเวนชายแดนภาค 3","กองกำกับการตำรวจตระเวนชายแดนที่ 33","8.627","0","0","0","0","0","0","0","0","0","0","0","0","0","0","0","0","0","0","0","0","0","0","0","0","0","0","0","0","0","0","0","0","0","0","0","0","0","0","0","0","0","0","0","0","0","0","0","0","0","0","0","0","0","1","0","0","0","0","0","0","0","0","0","0","0","0","0","0","0","0","1","0","0","0","0","2","B","ผ่าน","0","0.666667","3","0","0","ผ่าน","A"
"2567","2024","สำนักงานตำรวจแห่งชาติ","กองบัญชาการตำรวจตระเวนชายแดน","กองบังคับการตำรวจตระเวนชายแดนภาค 3","กองกำกับการตำรวจตระเวนชายแดนที่ 33","9.629","0","0","0","0","0","0","0","0","0","0","0","0","0","0","0","0","0","0","0","0","0","0","0","0","0","0","0","0","0","0","0","0","0","0","0","0","0","0","0","0","0","0","0","0","0","0","0","0","0","0","0","0","0","0","0","0","0","0","0","0","0","0","0","0","0","0","0","0","0","0","0","0","0","0","0","0","A","ผ่าน","0","0.666667","4","0","0","ผ่าน","A"
"2568","2025","สำนักงานตำรวจแห่งชาติ","กองบัญชาการตำรวจตระเวนชายแดน","กองบังคับการตำรวจตระเวนชายแดนภาค 3","กองกำกับการตำรวจตระเวนชายแดนที่ 33","10.6283","0","0","0","0","0","0","0","0","0","0","0","0","0","0","0","0","0","0","0","0","0","0","0","0","0","0","0","0","0","0","0","0","0","0","0","0","0","0","0","0","0","0","0","0","0","0","0","0","0","0","0","0","0","0","0","0","0","0","0","0","0","0","0","0","0","0","0","0","0","0","0","0","0","0","0","0","A","ผ่าน","0","0.666667","5","0","0","ผ่าน","A"
"2563","2020","สำนักงานตำรวจแห่งชาติ","กองบัญชาการตำรวจตระเวนชายแดน","กองบังคับการตำรวจตระเวนชายแดนภาค 3","กองกำกับการตำรวจตระเวนชายแดนที่ 33","4.1013","","","","","","","","","","","","","","","","","","","","","","","","","","","","","","","","","","","","","","","","","","","","","","","","","","","","","","","","","","","","","","","","","","","","","","","","","","","","","","","","","0","0","0","ผ่าน","A"
"2564","2021","สำนักงานตำรวจแห่งชาติ","กองบัญชาการตำรวจตระเวนชายแดน","กองบังคับการตำรวจตระเวนชายแดนภาค 3","กองกำกับการตำรวจตระเวนชายแดนที่ 33","5.1006","0","0","0","0","0","0","0","0","0","0","0","0","0","0","0","0","0","0","0","0","0","0","0","0","0","0","0","0","0","0","0","0","0","0","0","0","0","0","0","0","0","0","0","0","0","0","0","0","0","0","0","0","0","0","0","0","0","0","0","0","0","0","0","0","0","0","0","0","0","0","0","0","0","0","0","0","A","ผ่าน","0","0","1","0","0","ผ่าน","A"
"2565","2022","สำนักงานตำรวจแห่งชาติ","กองบัญชาการตำรวจตระเวนชายแดน","กองบังคับการตำรวจตระเวนชายแดนภาค 3","กองกำกับการตำรวจตระเวนชายแดนที่ 33","6.0999","0","0","0","0","0","0","0","0","0","0","0","0","0","0","0","0","0","0","0","0","0","0","0","0","0","0","0","0","0","0","0","0","0","0","0","0","0","0","0","0","0","0","0","0","0","0","0","0","0","0","0","0","0","0","0","0","0","0","0","0","0","0","0","0","0","0","0","0","0","0","0","0","0","0","0","0","A","ผ่าน","0","0","2","0","0","ผ่าน","B"
"2568","2025","สำนักงานตำรวจแห่งชาติ","กองบัญชาการตำรวจตระเวนชายแดน","กองบังคับการตำรวจตระเวนชายแดนภาค 3","กองกำกับการตำรวจตระเวนชายแดนที่ 33","9.1006","","","","","","","","","","","","","","","","","","","","","","","","","","","","","","","","","","","","","","","","","","","","","","","","","","","","","","","","","","","","","","","","","","","","","","","","","","","","","","","","2","0","0","0","ผ่าน","B"
"2567","2024","สำนักงานตำรวจแห่งชาติ","กองบัญชาการตำรวจตระเวนชายแดน","กองบังคับการตำรวจตระเวนชายแดนภาค 3","กองกำกับการตำรวจตระเวนชายแดนที่ 33","8.627","","","","","","","","","","","","","","","","","","","","","","","","","","","","","","","","","","","","","","","","","","","","","","","","","","","","","","","","","","","","","","","","","","","","","","","","","","","","","","","","","0","0","0","ผ่าน","B"
"2568","2025","สำนักงานตำรวจแห่งชาติ","กองบัญชาการตำรวจตระเวนชายแดน","กองบังคับการตำรวจตระเวนชายแดนภาค 3","กองกำกับการตำรวจตระเวนชายแดนที่ 33","9.6263","0","0","0","0","0","1","0","0","0","0","0","0","0","0","0","0","0","0","0","0","0","0","0","0","0","1","0","0","0","0","0","0","0","0","0","0","0","0","0","0","0","0","0","0","0","0","0","0","0","0","0","0","0","0","0","1","0","0","0","0","0","0","0","0","0","0","0","1","1","1","1","0","0","0","0","7","B","ผ่าน","0","7","1","0","0","ผ่าน","A"
"2563","2020","สำนักงานตำรวจแห่งชาติ","กองบัญชาการตำรวจตระเวนชายแดน","กองบังคับการตำรวจตระเวนชายแดนภาค 3","กองกำกับการตำรวจตระเวนชายแดนที่ 33","12.6297","","","","","","","","","","","","","","","","","","","","","","","","","","","","","","","","","","","","","","","","","","","","","","","","","","","","","","","","","","","","","","","","","","","","","","","","","","","","","","","","","0","0","0","ผ่าน","B"
"2564","2021","สำนักงานตำรวจแห่งชาติ","กองบัญชาการตำรวจตระเวนชายแดน","กองบังคับการตำรวจตระเวนชายแดนภาค 3","กองกำกับการตำรวจตระเวนชายแดนที่ 33","13.629","0","0","0","0","0","1","0","0","0","0","0","0","0","0","0","0","0","0","0","0","0","0","0","0","0","0","0","0","0","0","0","0","0","0","0","0","0","0","0","0","0","0","0","0","0","0","0","0","0","0","0","0","0","0","0","0","0","0","0","0","0","0","0","0","0","0","0","0","0","0","0","0","0","0","0","1","B","ผ่าน","0","1","1","0","0","ผ่าน","A"
"2567","2024","สำนักงานตำรวจแห่งชาติ","กองบัญชาการตำรวจตระเวนชายแดน","กองบังคับการตำรวจตระเวนชายแดนภาค 3","กองกำกับการตำรวจตระเวนชายแดนที่ 33","16.6297","","","","","","","","","","","","","","","","","","","","","","","","","","","","","","","","","","","","","","","","","","","","","","","","","","","","","","","","","","","","","","","","","","","","","","","","","","","","","","","","0","0","0","0","ผ่าน","A"
"2568","2025","สำนักงานตำรวจแห่งชาติ","กองบัญชาการตำรวจตระเวนชายแดน","กองบังคับการตำรวจตระเวนชายแดนภาค 3","กองกำกับการตำรวจตระเวนชายแดนที่ 33","17.629","0","0","0","0","0","0","0","0","0","0","0","0","0","0","0","0","0","0","0","0","0","0","0","0","0","0","0","0","0","0","0","0","0","0","0","0","0","0","0","0","0","0","0","0","0","0","0","0","0","0","0","0","0","0","0","0","0","0","0","0","0","0","0","0","0","0","0","0","0","0","0","0","0","0","0","0","A","ผ่าน","0","0","1","0","0","ผ่าน","A"
"2563","2020","สำนักงานตำรวจแห่งชาติ","กองบัญชาการตำรวจตระเวนชายแดน","กองบังคับการตำรวจตระเวนชายแดนภาค 3","กองกำกับการตำรวจตระเวนชายแดนที่ 33","","","","","","","","","","","","","","","","","","","","","","","","","","","","","","","","","","","","","","","","","","","","","","","","","","","","","","","","","","","","","","","","","","","","","","","","","","","","","","","","","","0","0","0","ผ่าน","A"
"2564","2021","สำนักงานตำรวจแห่งชาติ","กองบัญชาการตำรวจตระเวนชายแดน","กองบังคับการตำรวจตระเวนชายแดนภาค 3","กองกำกับการตำรวจตระเวนชายแดนที่ 33","","0","0","0","0","0","0","0","0","0","0","0","0","0","0","0","0","0","0","0","0","0","0","0","0","0","0","0","0","0","0","0","0","0","0","0","0","0","0","0","0","0","0","0","0","0","0","0","0","0","0","0","0","0","0","0","0","0","0","0","0","0","0","0","0","0","0","0","0","0","0","0","0","0","0","0","0","A","ผ่าน","0","0","1","0","0","ผ่าน","A"
"2565","2022","สำนักงานตำรวจแห่งชาติ","กองบัญชาการตำรวจตระเวนชายแดน","กองบังคับการตำรวจตระเวนชายแดนภาค 3","กองกำกับการตำรวจตระเวนชายแดนที่ 33","0.6242","0","0","0","0","0","0","0","0","0","0","0","0","0","0","0","0","0","0","0","0","0","0","0","0","0","0","0","0","0","0","0","0","0","0","0","0","0","0","0","0","0","0","0","0","0","0","0","0","0","0","0","0","0","0","0","0","0","0","0","0","0","0","0","0","0","0","0","0","0","0","0","0","0","0","0","0","A","ผ่าน","0","0","2","0","0","ผ่าน","A"
"2566","2023","สำนักงานตำรวจแห่งชาติ","กองบัญชาการตำรวจตระเวนชายแดน","กองบังคับการตำรวจตระเวนชายแดนภาค 3","กองกำกับการตำรวจตระเวนชายแดนที่ 33","1.6235","0","0","0","0","0","0","0","0","0","0","0","0","0","0","0","0","0","0","0","0","0","0","0","0","0","0","0","0","0","0","0","0","0","0","0","0","0","0","0","0","0","0","0","0","0","0","0","0","0","0","0","0","0","0","0","0","0","0","0","0","0","0","0","0","0","0","0","0","0","0","0","0","0","0","0","0","A","ผ่าน","0","0","3","0","0","ผ่าน","A"
"2567","2024","สำนักงานตำรวจแห่งชาติ","กองบัญชาการตำรวจตระเวนชายแดน","กองบังคับการตำรวจตระเวนชายแดนภาค 3","กองกำกับการตำรวจตระเวนชายแดนที่ 33","2.6256","0","0","0","0","0","0","0","0","0","0","0","0","0","0","0","0","0","0","0","0","0","0","0","0","0","0","0","0","0","0","0","0","0","0","0","0","0","0","0","0","0","0","0","0","0","0","0","0","0","0","0","0","0","0","0","0","0","0","0","0","0","0","0","0","0","0","0","0","0","0","0","0","0","0","0","0","A","ผ่าน","0","0","4","0","0","ผ่าน","A"
"2568","2025","สำนักงานตำรวจแห่งชาติ","กองบัญชาการตำรวจตระเวนชายแดน","กองบังคับการตำรวจตระเวนชายแดนภาค 3","กองกำกับการตำรวจตระเวนชายแดนที่ 33","3.6249","0","0","0","0","0","0","0","0","0","0","0","0","0","0","0","0","0","0","0","0","0","0","0","0","0","0","0","0","0","0","0","0","0","0","0","0","0","0","0","0","0","0","0","0","0","0","0","0","0","0","0","0","0","0","0","0","0","0","0","0","0","0","0","0","0","0","0","0","0","0","0","0","0","0","0","0","A","ผ่าน","0","0","5","0","0","ผ่าน","B"
"2563","2020","สำนักงานตำรวจแห่งชาติ","กองบัญชาการตำรวจตระเวนชายแดน","กองบังคับการตำรวจตระเวนชายแดนภาค 3","กองกำกับการตำรวจตระเวนชายแดนที่ 33","","","","","","","","","","","","","","","","","","","","","","","","","","","","","","","","","","","","","","","","","","","","","","","","","","","","","","","","","","","","","","","","","","","","","","","","","","","","","","","","","","0","0","0","ผ่าน","A"
"2564","2021","สำนักงานตำรวจแห่งชาติ","กองบัญชาการตำรวจตระเวนชายแดน","กองบังคับการตำรวจตระเวนชายแดนภาค 3","กองกำกับการตำรวจตระเวนชายแดนที่ 33","","0","0","0","0","0","0","0","0","0","0","0","0","0","0","0","0","0","0","0","0","0","0","0","0","0","0","0","0","0","0","0","0","0","0","0","0","0","0","0","0","0","0","0","0","0","0","0","0","0","0","0","0","0","0","0","0","0","0","0","0","0","0","0","0","0","0","0","0","0","0","0","0","0","0","0","0","A","ผ่าน","0","0","1","0","0","ผ่าน","A"
"2565","2022","สำนักงานตำรวจแห่งชาติ","กองบัญชาการตำรวจตระเวนชายแดน","กองบังคับการตำรวจตระเวนชายแดนภาค 3","กองกำกับการตำรวจตระเวนชายแดนที่ 33","","0","0","0","0","0","0","0","0","0","0","0","0","0","0","0","0","0","0","0","0","0","0","0","0","0","0","0","0","0","0","0","0","0","0","0","0","0","0","0","0","0","0","0","0","0","0","0","0","0","0","0","0","0","0","0","0","0","0","0","0","0","0","0","0","0","0","0","0","0","0","0","0","0","0","0","0","A","ผ่าน","0","0","2","0","0","ผ่าน","A"
"2568","2025","สำนักงานตำรวจแห่งชาติ","กองบัญชาการตำรวจตระเวนชายแดน","กองบังคับการตำรวจตระเวนชายแดนภาค 3","กองกำกับการตำรวจตระเวนชายแดนที่ 33","","","","","","","","","","","","","","","","","","","","","","","","","","","","","","","","","","","","","","","","","","","","","","","","","","","","","","","","","","","","","","","","","","","","","","","","","","","","","","","","","0","0","0","0","ผ่าน","A"
"2563","2020","สำนักงานตำรวจแห่งชาติ","กองบัญชาการตำรวจตระเวนชายแดน","กองบังคับการตำรวจตระเวนชายแดนภาค 3","กองกำกับการตำรวจตระเวนชายแดนที่ 33","","","","","","","","","","","","","","","","","","","","","","","","","","","","","","","","","","","","","","","","","","","","","","","","","","","","","","","","","","","","","","","","","","","","","","","","","","","","","","","","","","0","0","0","ผ่าน","B"
"2564","2021","สำนักงานตำรวจแห่งชาติ","กองบัญชาการตำรวจตระเวนชายแดน","กองบังคับการตำรวจตระเวนชายแดนภาค 3","กองกำกับการตำรวจตระเวนชายแดนที่ 33","0.4216","0","0","0","0","0","1","0","0","0","0","0","0","0","0","0","0","0","0","0","0","0","0","0","0","0","0","0","0","0","0","0","0","0","0","0","0","0","0","0","0","0","0","0","0","0","0","0","0","0","0","0","0","0","0","0","0","0","0","0","0","0","0","0","0","0","0","0","0","0","0","0","0","0","0","0","1","B","ผ่าน","0","1","1","0","0","ผ่าน","B"
"2565","2022","สำนักงานตำรวจแห่งชาติ","กองบัญชาการตำรวจตระเวนชายแดน","กองบังคับการตำรวจตระเวนชายแดนภาค 3","กองกำกับการตำรวจตระเวนชายแดนที่ 33","1.4209","0","0","0","0","0","1","0","0","0","0","0","0","0","0","0","0","0","0","0","0","0","0","0","0","0","0","0","0","0","0","0","0","0","0","0","0","0","0","0","0","0","0","0","0","0","0","0","0","0","0","0","0","0","0","0","0","0","0","0","0","0","0","0","0","0","0","0","0","0","0","0","0","0","0","0","1","B","ผ่าน","0","1","2","0","0","ผ่าน","B"
"2566","2023","สำนักงานตำรวจแห่งชาติ","กองบัญชาการตำรวจตระเวนชายแดน","กองบังคับการตำรวจตระเวนชายแดนภาค 3","กองกำกับการตำรวจตระเวนชายแดนที่ 33","2.4203","0","0","0","0","0","1","0","0","0","0","0","0","0","0","0","0","0","0","0","0","0","0","0","0","0","0","0","0","0","0","0","0","0","0","0","0","0","0","0","0","0","0","0","0","0","0","0","0","0","0","0","0","0","0","0","0","0","0","0","0","0","0","0","0","0","0","0","0","0","0","0","0","0","0","0","1","B","ผ่าน","0","1","3","0","0","ผ่าน","A"
"2567","2024","สำนักงานตำรวจแห่งชาติ","กองบัญชาการตำรวจตระเวนชายแดน","กองบังคับการตำรวจตระเวนชายแดนภาค 3","กองกำกับการตำรวจตระเวนชายแดนที่ 33","3.4223","0","0","0","0","0","0","0","0","0","0","0","0","0","0","0","0","0","0","0","0","0","0","0","0","0","0","0","0","0","0","0","0","0","0","0","0","0","0","0","0","0","0","0","0","0","0","0","0","0","0","0","0","0","0","0","0","0","0","0","0","0","0","0","0","0","0","0","0","0","0","0","0","0","0","0","0","A","ผ่าน","0","0.666667","4","0","0","ผ่าน","A"
"2568","2025","สำนักงานตำรวจแห่งชาติ","กองบัญชาการตำรวจตระเวนชายแดน","กองบังคับการตำรวจตระเวนชายแดนภาค 3","กองกำกับการตำรวจตระเวนชายแดนที่ 33","4.4216","0","0","0","0","0","0","0","0","0","0","0","0","0","0","0","0","0","0","0","0","0","0","0","0","0","0","0","0","0","0","0","0","0","0","0","0","0","0","0","0","0","0","0","0","0","0","0","0","0","0","0","0","0","0","0","0","0","0","0","0","0","0","0","0","0","0","0","0","0","0","0","0","0","0","0","0","A","ผ่าน","0","0.333333","5","0","0","ผ่าน","B"
"2563","2020","สำนักงานตำรวจแห่งชาติ","กองบัญชาการตำรวจตระเวนชายแดน","กองบังคับการตำรวจตระเวนชายแดนภาค 3","กองกำกับการตำรวจตระเวนชายแดนที่ 33","38.4066","","","","","","","","","","","","","","","","","","","","","","","","","","","","","","","","","","","","","","","","","","","","","","","","","","","","","","","","","","","","","","","","","","","","","","","","","","","","","","","","","0","0","0","ผ่าน","A"
"2565","2022","สำนักงานตำรวจแห่งชาติ","กองบัญชาการตำรวจตระเวนชายแดน","กองบังคับการตำรวจตระเวนชายแดนภาค 3","กองกำกับการตำรวจตระเวนชายแดนที่ 33","40.4052","","","","","","","","","","","","","","","","","","","","","","","","","","","","","","","","","","","","","","","","","","","","","","","","","","","","","","","","","","","","","","","","","","","","","","","","","","","","","","","0","0","0","0","0","ผ่าน","A"
"2566","2023","สำนักงานตำรวจแห่งชาติ","กองบัญชาการตำรวจตระเวนชายแดน","กองบังคับการตำรวจตระเวนชายแดนภาค 3","กองกำกับการตำรวจตระเวนชายแดนที่ 33","41.4045","0","0","0","0","0","0","0","0","0","0","0","0","0","0","0","0","0","0","0","0","0","0","0","0","0","0","0","0","0","0","0","0","0","0","0","0","0","0","0","0","0","0","0","0","0","0","0","0","0","0","0","0","0","0","0","0","0","0","0","0","0","0","0","0","0","0","0","0","0","0","0","0","0","0","0","0","A","ผ่าน","0","0","1","0","0","ผ่าน","A"
"2567","2024","สำนักงานตำรวจแห่งชาติ","กองบัญชาการตำรวจตระเวนชายแดน","กองบังคับการตำรวจตระเวนชายแดนภาค 3","กองกำกับการตำรวจตระเวนชายแดนที่ 33","42.4066","0","0","0","0","0","0","0","0","0","0","0","0","0","0","0","0","0","0","0","0","0","0","0","0","0","0","0","0","0","0","0","0","0","0","0","0","0","0","0","0","0","0","0","0","0","0","0","0","0","0","0","0","0","0","0","0","0","0","0","0","0","0","0","0","0","0","0","0","0","0","0","0","0","0","0","0","A","ผ่าน","0","0","2","0","0","ผ่าน","C"
"2563","2020","สำนักงานตำรวจแห่งชาติ","กองบัญชาการตำรวจตระเวนชายแดน","กองบังคับการตำรวจตระเวนชายแดนภาค 3","กองกำกับการตำรวจตระเวนชายแดนที่ 33","","","","","","","","","","","","","","","","","","","","","","","","","","","","","","","","","","","","","","","","","","","","","","","","","","","","","","","","","","","","","","","","","","","","","","","","","","","","","","","","","","0","0","0","ผ่าน","B"
"2564","2021","สำนักงานตำรวจแห่งชาติ","กองบัญชาการตำรวจตระเวนชายแดน","กองบังคับการตำรวจตระเวนชายแดนภาค 3","กองกำกับการตำรวจตระเวนชายแดนที่ 33","0.4216","0","0","0","0","0","1","0","0","0","0","0","0","0","0","0","0","0","0","0","0","0","0","0","0","0","0","0","0","0","0","0","0","0","0","0","0","0","0","0","0","0","0","0","0","0","0","0","0","0","0","0","0","0","0","0","0","0","0","0","0","0","0","0","0","0","0","0","0","0","0","0","0","0","0","0","1","B","ผ่าน","0","1","1","0","0","ผ่าน","B"
"2565","2022","สำนักงานตำรวจแห่งชาติ","กองบัญชาการตำรวจตระเวนชายแดน","กองบังคับการตำรวจตระเวนชายแดนภาค 3","กองกำกับการตำรวจตระเวนชายแดนที่ 33","1.4209","0","0","0","0","0","1","0","0","0","0","0","0","0","0","0","0","0","0","0","0","0","0","0","0","0","0","0","0","0","0","0","0","0","0","0","0","0","0","0","0","0","0","0","0","0","0","0","0","0","0","0","0","0","0","0","0","0","0","0","0","0","0","0","0","0","0","0","0","0","0","0","0","0","0","0","1","B","ผ่าน","0","1","2","0","0","ไม่ผ่าน","D"
"2566","2023","สำนักงานตำรวจแห่งชาติ","กองบัญชาการตำรวจตระเวนชายแดน","กองบังคับการตำรวจตระเวนชายแดนภาค 3","กองกำกับการตำรวจตระเวนชายแดนที่ 33","2.4203","0","0","0","0","0","0","0","0","0","0","0","0","0","0","0","0","0","0","0","0","0","0","0","0","0","0","0","0","0","0","0","0","0","0","0","0","0","0","0","0","0","0","0","0","0","0","1","1","1","1","1","1","1","1","1","1","1","1","1","1","1","1","1","1","1","1","1","1","1","1","1","1","1","1","1","29","D","ไม่ผ่าน","0.5","10.333333","0","1","1","ผ่าน","A"
"2567","2024","สำนักงานตำรวจแห่งชาติ","กองบัญชาการตำรวจตระเวนชายแดน","กองบังคับการตำรวจตระเวนชายแดนภาค 3","กองกำกับการตำรวจตระเวนชายแดนที่ 33","3.4223","0","0","0","0","0","0","0","0","0","0","0","0","0","0","0","0","0","0","0","0","0","0","0","0","0","0","0","0","0","0","0","0","0","0","0","0","0","0","0","0","0","0","0","0","0","0","0","0","0","0","0","0","0","0","0","0","0","0","0","0","0","0","0","0","0","0","0","0","0","0","0","0","0","0","0","0","A","ผ่าน","0.5","10","1","0","1","ผ่าน","B"
"2568","2025","สำนักงานตำรวจแห่งชาติ","กองบัญชาการตำรวจตระเวนชายแดน","กองบังคับการตำรวจตระเวนชายแดนภาค 3","กองกำกับการตำรวจตระเวนชายแดนที่ 33","4.4216","0","0","0","0","0","0","0","0","0","0","0","0","0","0","0","0","0","0","0","0","0","0","0","0","0","0","0","0","0","0","0","0","0","0","0","0","0","0","0","0","0","0","0","0","0","0","0","0","0","0","0","0","0","0","0","1","0","0","0","0","0","0","0","0","0","0","0","0","0","0","0","0","0","0","0","1","B","ผ่าน","0","10","2","0","1","ผ่าน","B"
"2563","2020","สำนักงานตำรวจแห่งชาติ","กองบัญชาการตำรวจตระเวนชายแดน","กองบังคับการตำรวจตระเวนชายแดนภาค 3","กองกำกับการตำรวจตระเวนชายแดนที่ 33","","","","","","","","","","","","","","","","","","","","","","","","","","","","","","","","","","","","","","","","","","","","","","","","","","","","","","","","","","","","","","","","","","","","","","","","","","","","","","","","","","0","0","0","ผ่าน","A"
"2564","2021","สำนักงานตำรวจแห่งชาติ","กองบัญชาการตำรวจตระเวนชายแดน","กองบังคับการตำรวจตระเวนชายแดนภาค 3","กองกำกับการตำรวจตระเวนชายแดนที่ 33","","0","0","0","0","0","0","0","0","0","0","0","0","0","0","0","0","0","0","0","0","0","0","0","0","0","0","0","0","0","0","0","0","0","0","0","0","0","0","0","0","0","0","0","0","0","0","0","0","0","0","0","0","0","0","0","0","0","0","0","0","0","0","0","0","0","0","0","0","0","0","0","0","0","0","0","0","A","ผ่าน","0","0","1","0","0","ผ่าน","B"
"2565","2022","สำนักงานตำรวจแห่งชาติ","กองบัญชาการตำรวจตระเวนชายแดน","กองบังคับการตำรวจตระเวนชายแดนภาค 3","กองกำกับการตำรวจตระเวนชายแดนที่ 33","","0","0","0","0","0","1","0","0","0","0","0","0","0","0","0","0","0","0","0","0","0","0","0","0","0","0","0","0","0","0","0","0","0","0","0","0","0","0","0","0","0","0","0","0","0","0","0","0","0","0","0","0","0","0","0","0","0","0","0","0","0","0","0","0","0","0","0","0","0","0","0","0","0","0","0","1","B","ผ่าน","0","0.5","2","0","0","ผ่าน","C"
"2567","2024","สำนักงานตำรวจแห่งชาติ","กองบัญชาการตำรวจตระเวนชายแดน","กองบังคับการตำรวจตระเวนชายแดนภาค 3","กองกำกับการตำรวจตระเวนชายแดนที่ 33","","","","","","","","","","","","","","","","","","","","","","","","","","","","","","","","","","","","","","","","","","","","","","","","","","","","","","","","","","","","","","","","","","","","","","","","","","","","","","","","0","8","0","0","0","ผ่าน","C"
"2568","2025","สำนักงานตำรวจแห่งชาติ","กองบัญชาการตำรวจตระเวนชายแดน","กองบังคับการตำรวจตระเวนชายแดนภาค 3","กองกำกับการตำรวจตระเวนชายแดนที่ 33","","0","0","0","0","0","1","0","0","0","0","0","0","0","0","1","0","0","0","0","0","0","0","0","0","0","0","0","0","0","0","0","0","0","0","0","0","0","0","0","0","0","0","0","0","0","0","0","0","0","0","0","0","0","1","1","1","0","1","0","1","0","1","0","0","0","0","0","0","0","0","1","1","1","1","1","13","C","ผ่าน","0","14","1","0","0","ผ่าน","B"
"2563","2020","สำนักงานตำรวจแห่งชาติ","กองบัญชาการตำรวจตระเวนชายแดน","กองบังคับการตำรวจตระเวนชายแดนภาค 3","กองกำกับการตำรวจตระเวนชายแดนที่ 33","","","","","","","","","","","","","","","","","","","","","","","","","","","","","","","","","","","","","","","","","","","","","","","","","","","","","","","","","","","","","","","","","","","","","","","","","","","","","","","","","","0","0","0","ผ่าน","B"
"2564","2021","สำนักงานตำรวจแห่งชาติ","กองบัญชาการตำรวจตระเวนชายแดน","กองบังคับการตำรวจตระเวนชายแดนภาค 3","กองกำกับการตำรวจตระเวนชายแดนที่ 33","","0","0","0","0","0","1","0","0","0","0","0","0","0","0","0","0","0","0","0","0","0","0","0","0","0","0","0","0","0","0","0","0","0","0","0","0","0","0","0","0","1","0","0","0","0","0","0","0","0","0","0","0","0","0","0","0","0","0","0","0","0","0","0","1","0","0","1","0","0","0","0","0","0","1","0","5","B","ผ่าน","0","5","1","0","0","ผ่าน","B"
"2565","2022","สำนักงานตำรวจแห่งชาติ","กองบัญชาการตำรวจตระเวนชายแดน","กองบังคับการตำรวจตระเวนชายแดนภาค 3","กองกำกับการตำรวจตระเวนชายแดนที่ 33","","0","0","0","0","0","1","0","0","0","0","0","0","0","0","0","0","0","0","0","0","0","0","0","0","0","0","0","0","0","0","0","0","0","0","0","0","0","0","0","0","0","0","0","0","0","0","0","0","0","0","0","0","0","0","0","0","0","0","0","0","0","0","0","0","0","0","0","0","0","0","0","0","0","0","0","1","B","ผ่าน","0","3","2","0","0","ผ่าน","A"
"2566","2023","สำนักงานตำรวจแห่งชาติ","กองบัญชาการตำรวจตระเวนชายแดน","กองบังคับการตำรวจตระเวนชายแดนภาค 3","กองกำกับการตำรวจตระเวนชายแดนที่ 33","","0","0","0","0","0","0","0","0","0","0","0","0","0","0","0","0","0","0","0","0","0","0","0","0","0","0","0","0","0","0","0","0","0","0","0","0","0","0","0","0","0","0","0","0","0","0","0","0","0","0","0","0","0","0","0","0","0","0","0","0","0","0","0","0","0","0","0","0","0","0","0","0","0","0","0","0","A","ผ่าน","0","2","3","0","0","ผ่าน","B"
"2567","2024","สำนักงานตำรวจแห่งชาติ","กองบัญชาการตำรวจตระเวนชายแดน","กองบังคับการตำรวจตระเวนชายแดนภาค 3","กองกำกับการตำรวจตระเวนชายแดนที่ 33","","0","0","0","0","0","0","0","0","0","0","0","0","0","0","0","0","0","0","0","0","0","0","0","0","0","0","0","0","0","0","0","0","0","0","0","0","0","0","0","0","0","0","0","0","0","0","0","0","0","0","0","0","0","0","0","0","0","0","0","0","0","0","0","0","0","0","0","1","1","1","1","0","0","0","0","4","B","ผ่าน","0","1.666667","4","0","0","ผ่าน","A"
"2568","2025","สำนักงานตำรวจแห่งชาติ","กองบัญชาการตำรวจตระเวนชายแดน","กองบังคับการตำรวจตระเวนชายแดนภาค 3","กองกำกับการตำรวจตระเวนชายแดนที่ 33","","0","0","0","0","0","0","0","0","0","0","0","0","0","0","0","0","0","0","0","0","0","0","0","0","0","0","0","0","0","0","0","0","0","0","0","0","0","0","0","0","0","0","0","0","0","0","0","0","0","0","0","0","0","0","0","0","0","0","0","0","0","0","0","0","0","0","0","0","0","0","0","0","0","0","0","0","A","ผ่าน","0","1.333333","5","0","0","ผ่าน","A"
"2563","2020","สำนักงานตำรวจแห่งชาติ","กองบัญชาการตำรวจตระเวนชายแดน","กองบังคับการตำรวจตระเวนชายแดนภาค 3","กองกำกับการตำรวจตระเวนชายแดนที่ 33","29.744","","","","","","","","","","","","","","","","","","","","","","","","","","","","","","","","","","","","","","","","","","","","","","","","","","","","","","","","","","","","","","","","","","","","","","","","","","","","","","","","","0","0","0","ผ่าน","A"
"2564","2021","สำนักงานตำรวจแห่งชาติ","กองบัญชาการตำรวจตระเวนชายแดน","กองบังคับการตำรวจตระเวนชายแดนภาค 3","กองกำกับการตำรวจตระเวนชายแดนที่ 33","30.7433","0","0","0","0","0","0","0","0","0","0","0","0","0","0","0","0","0","0","0","0","0","0","0","0","0","0","0","0","0","0","0","0","0","0","0","0","0","0","0","0","0","0","0","0","0","0","0","0","0","0","0","0","0","0","0","0","0","0","0","0","0","0","0","0","0","0","0","0","0","0","0","0","0","0","0","0","A","ผ่าน","0","0","1","0","0","ผ่าน","A"
"2565","2022","สำนักงานตำรวจแห่งชาติ","กองบัญชาการตำรวจตระเวนชายแดน","กองบังคับการตำรวจตระเวนชายแดนภาค 3","กองกำกับการตำรวจตระเวนชายแดนที่ 33","31.7426","0","0","0","0","0","0","0","0","0","0","0","0","0","0","0","0","0","0","0","0","0","0","0","0","0","0","0","0","0","0","0","0","0","0","0","0","0","0","0","0","0","0","0","0","0","0","0","0","0","0","0","0","0","0","0","0","0","0","0","0","0","0","0","0","0","0","0","0","0","0","0","0","0","0","0","0","A","ผ่าน","0","0","2","0","0","ผ่าน","B"
"2566","2023","สำนักงานตำรวจแห่งชาติ","กองบัญชาการตำรวจตระเวนชายแดน","กองบังคับการตำรวจตระเวนชายแดนภาค 3","กองกำกับการตำรวจตระเวนชายแดนที่ 33","32.742","0","0","0","0","0","1","0","0","0","0","0","0","0","0","0","0","0","0","0","0","0","0","0","0","0","0","0","0","0","0","0","0","0","0","0","0","0","0","0","0","0","0","0","0","0","0","0","0","0","0","0","0","0","0","0","0","0","0","0","0","0","0","0","0","0","0","0","0","0","0","0","0","0","0","0","1","B","ผ่าน","0","0.333333","3","0","0","ผ่าน","A"
"2567","2024","สำนักงานตำรวจแห่งชาติ","กองบัญชาการตำรวจตระเวนชายแดน","กองบังคับการตำรวจตระเวนชายแดนภาค 3","กองกำกับการตำรวจตระเวนชายแดนที่ 33","33.744","0","0","0","0","0","0","0","0","0","0","0","0","0","0","0","0","0","0","0","0","0","0","0","0","0","0","0","0","0","0","0","0","0","0","0","0","0","0","0","0","0","0","0","0","0","0","0","0","0","0","0","0","0","0","0","0","0","0","0","0","0","0","0","0","0","0","0","0","0","0","0","0","0","0","0","0","A","ผ่าน","0","0.333333","4","0","0","ผ่าน","B"
"2568","2025","สำนักงานตำรวจแห่งชาติ","กองบัญชาการตำรวจตระเวนชายแดน","กองบังคับการตำรวจตระเวนชายแดนภาค 3","กองกำกับการตำรวจตระเวนชายแดนที่ 33","34.7433","0","0","0","0","0","0","0","0","0","0","0","0","0","0","0","0","0","0","0","0","0","0","0","0","0","0","0","1","0","0","0","0","0","0","0","0","0","0","0","0","0","0","0","0","0","0","0","0","0","0","0","0","0","0","0","0","0","0","0","0","0","0","0","0","0","0","0","0","0","0","0","0","0","0","0","1","B","ผ่าน","0","0.666667","5","0","0","ผ่าน","A"
"2563","2020","สำนักงานตำรวจแห่งชาติ","กองบัญชาการตำรวจตระเวนชายแดน","กองบังคับการตำรวจตระเวนชายแดนภาค 3","กองกำกับการตำรวจตระเวนชายแดนที่ 33","6.6283","","","","","","","","","","","","","","","","","","","","","","","","","","","","","","","","","","","","","","","","","","","","","","","","","","","","","","","","","","","","","","","","","","","","","","","","","","","","","","","","","0","0","0","ผ่าน","A"
"2565","2022","สำนักงานตำรวจแห่งชาติ","กองบัญชาการตำรวจตระเวนชายแดน","กองบังคับการตำรวจตระเวนชายแดนภาค 3","กองกำกับการตำรวจตระเวนชายแดนที่ 33","8.627","","","","","","","","","","","","","","","","","","","","","","","","","","","","","","","","","","","","","","","","","","","","","","","","","","","","","","","","","","","","","","","","","","","","","","","","","","","","","","","0","0","0","0","0","ผ่าน","B"
"2566","2023","สำนักงานตำรวจแห่งชาติ","กองบัญชาการตำรวจตระเวนชายแดน","กองบังคับการตำรวจตระเวนชายแดนภาค 3","กองกำกับการตำรวจตระเวนชายแดนที่ 33","9.6263","0","0","0","0","0","0","0","0","0","0","1","0","0","0","0","0","0","0","0","0","0","0","0","0","0","0","0","0","0","0","0","0","0","0","0","0","0","0","0","0","0","0","0","0","0","0","0","0","0","0","0","0","0","0","0","0","0","0","0","0","0","0","1","1","1","0","0","1","1","1","0","0","0","0","0","7","B","ผ่าน","0","3.5","1","0","0","ผ่าน","C"
"2567","2024","สำนักงานตำรวจแห่งชาติ","กองบัญชาการตำรวจตระเวนชายแดน","กองบังคับการตำรวจตระเวนชายแดนภาค 3","กองกำกับการตำรวจตระเวนชายแดนที่ 33","10.6283","0","0","0","0","0","0","0","1","1","1","0","0","0","0","0","0","0","1","1","1","1","0","0","0","0","0","0","0","0","0","0","0","0","0","0","0","0","0","0","0","0","0","0","0","0","0","0","0","0","0","0","0","0","0","0","0","0","0","0","0","0","0","1","1","1","0","0","1","1","1","0","0","0","0","0","13","C","ผ่าน","0","10","2","0","0","ผ่าน","A"
"2563","2020","สำนักงานตำรวจแห่งชาติ","กองบัญชาการตำรวจตระเวนชายแดน","กองบังคับการตำรวจตระเวนชายแดนภาค 3","กองกำกับการตำรวจตระเวนชายแดนที่ 33","4.668","","","","","","","","","","","","","","","","","","","","","","","","","","","","","","","","","","","","","","","","","","","","","","","","","","","","","","","","","","","","","","","","","","","","","","","","","","","","","","","","","0","0","0","ไม่ผ่าน","D"
"2564","2021","สำนักงานตำรวจแห่งชาติ","กองบัญชาการตำรวจตระเวนชายแดน","กองบังคับการตำรวจตระเวนชายแดนภาค 3","กองกำกับการตำรวจตระเวนชายแดนที่ 33","5.6674","0","0","0","0","0","0","0","0","0","0","0","0","0","0","0","0","0","0","0","0","0","0","0","0","0","0","0","0","0","0","0","0","0","0","0","0","0","0","0","0","0","0","0","0","0","0","0","0","0","0","0","0","0","1","1","1","1","1","1","1","1","1","1","1","1","1","1","1","1","1","1","1","1","1","1","22","D","ไม่ผ่าน","1","22","0","1","1","ไม่ผ่าน","D"
"2565","2022","สำนักงานตำรวจแห่งชาติ","กองบัญชาการตำรวจตระเวนชายแดน","กองบังคับการตำรวจตระเวนชายแดนภาค 3","กองกำกับการตำรวจตระเวนชายแดนที่ 33","6.6667","0","0","0","0","0","0","0","0","0","0","0","0","0","0","0","0","0","0","0","0","0","0","0","0","0","0","1","1","1","1","1","1","1","1","1","1","1","1","1","1","1","1","1","1","1","1","0","0","0","0","0","0","0","1","1","1","1","1","1","1","1","1","1","1","1","1","1","1","1","1","1","1","1","1","1","42","D","ไม่ผ่าน","1","32","0","2","1","ไม่ผ่าน","D"
"2566","2023","สำนักงานตำรวจแห่งชาติ","กองบัญชาการตำรวจตระเวนชายแดน","กองบังคับการตำรวจตระเวนชายแดนภาค 3","กองกำกับการตำรวจตระเวนชายแดนที่ 33","7.666","0","0","0","0","0","0","0","0","0","0","0","0","0","0","0","0","0","0","0","0","0","0","0","0","0","0","0","0","0","0","0","0","0","0","0","0","0","0","0","0","0","0","0","0","0","0","0","0","0","0","0","0","0","1","1","1","1","1","1","1","1","1","1","1","1","1","1","1","1","1","1","1","1","1","1","22","D","ไม่ผ่าน","1","28.666667","0","3","1","ผ่าน","A"
"2567","2024","สำนักงานตำรวจแห่งชาติ","กองบัญชาการตำรวจตระเวนชายแดน","กองบังคับการตำรวจตระเวนชายแดนภาค 3","กองกำกับการตำรวจตระเวนชายแดนที่ 33","8.668","0","0","0","0","0","0","0","0","0","0","0","0","0","0","0","0","0","0","0","0","0","0","0","0","0","0","0","0","0","0","0","0","0","0","0","0","0","0","0","0","0","0","0","0","0","0","0","0","0","0","0","0","0","0","0","0","0","0","0","0","0","0","0","0","0","0","0","0","0","0","0","0","0","0","0","0","A","ผ่าน","0.5","21.333333","1","0","1","ผ่าน","B"
"2568","2025","สำนักงานตำรวจแห่งชาติ","กองบัญชาการตำรวจตระเวนชายแดน","กองบังคับการตำรวจตระเวนชายแดนภาค 3","กองกำกับการตำรวจตระเวนชายแดนที่ 33","9.6674","0","0","0","0","0","0","0","0","0","0","0","0","0","0","0","0","0","0","0","0","0","0","0","0","0","0","0","0","0","0","0","0","0","0","0","0","0","0","0","0","0","0","0","0","0","0","0","0","0","0","0","0","0","0","0","1","0","0","0","0","0","0","0","0","0","0","0","0","0","0","0","0","0","0","0","1","B","ผ่าน","0","7.666667","2","0","1","ผ่าน","A"
"2563","2020","สำนักงานตำรวจแห่งชาติ","กองบัญชาการตำรวจตระเวนชายแดน","กองบังคับการตำรวจตระเวนชายแดนภาค 3","กองกำกับการตำรวจตระเวนชายแดนที่ 33","4.627","","","","","","","","","","","","","","","","","","","","","","","","","","","","","","","","","","","","","","","","","","","","","","","","","","","","","","","","","","","","","","","","","","","","","","","","","","","","","","","","","0","0","0","ผ่าน","B"
"2564","2021","สำนักงานตำรวจแห่งชาติ","กองบัญชาการตำรวจตระเวนชายแดน","กองบังคับการตำรวจตระเวนชายแดนภาค 3","กองกำกับการตำรวจตระเวนชายแดนที่ 33","5.6263","0","0","0","0","0","0","0","0","0","0","0","0","0","0","1","0","0","0","0","0","0","0","0","0","0","0","0","0","0","0","0","0","0","0","0","0","0","0","0","0","0","0","0","0","0","0","0","0","0","0","0","0","0","0","0","1","0","0","0","0","0","0","0","0","0","0","0","0","0","0","0","0","0","0","0","2","B","ผ่าน","0","2","1","0","0","ผ่าน","B"
"2563","2020","สำนักงานตำรวจแห่งชาติ","กองบัญชาการตำรวจตระเวนชายแดน","กองบังคับการตำรวจตระเวนชายแดนภาค 3","กองกำกับการตำรวจตระเวนชายแดนที่ 34","39.5619","","","","","","","","","","","","","","","","","","","","","","","","","","","","","","","","","","","","","","","","","","","","","","","","","","","","","","","","","","","","","","","","","","","","","","","","","","","","","","","","","0","0","0","ผ่าน","B"
"2565","2022","สำนักงานตำรวจแห่งชาติ","กองบัญชาการตำรวจตระเวนชายแดน","กองบังคับการตำรวจตระเวนชายแดนภาค 3","กองกำกับการตำรวจตระเวนชายแดนที่ 34","41.5606","","","","","","","","","","","","","","","","","","","","","","","","","","","","","","","","","","","","","","","","","","","","","","","","","","","","","","","","","","","","","","","","","","","","","","","","","","","","","","","0","2","0","0","0","ผ่าน","A"
"2566","2023","สำนักงานตำรวจแห่งชาติ","กองบัญชาการตำรวจตระเวนชายแดน","กองบังคับการตำรวจตระเวนชายแดนภาค 3","กองกำกับการตำรวจตระเวนชายแดนที่ 34","42.5599","0","0","0","0","0","0","0","0","0","0","0","0","0","0","0","0","0","0","0","0","0","0","0","0","0","0","0","0","0","0","0","0","0","0","0","0","0","0","0","0","0","0","0","0","0","0","0","0","0","0","0","0","0","0","0","0","0","0","0","0","0","0","0","0","0","0","0","0","0","0","0","0","0","0","0","0","A","ผ่าน","0","1","1","0","0","ผ่าน","B"
"2563","2020","สำนักงานตำรวจแห่งชาติ","กองบัญชาการตำรวจตระเวนชายแดน","กองบังคับการตำรวจตระเวนชายแดนภาค 3","กองกำกับการตำรวจตระเวนชายแดนที่ 34","18.8966","","","","","","","","","","","","","","","","","","","","","","","","","","","","","","","","","","","","","","","","","","","","","","","","","","","","","","","","","","","","","","","","","","","","","","","","","","","","","","","","","0","0","0","ผ่าน","B"
"2565","2022","สำนักงานตำรวจแห่งชาติ","กองบัญชาการตำรวจตระเวนชายแดน","กองบังคับการตำรวจตระเวนชายแดนภาค 3","กองกำกับการตำรวจตระเวนชายแดนที่ 34","20.8953","","","","","","","","","","","","","","","","","","","","","","","","","","","","","","","","","","","","","","","","","","","","","","","","","","","","","","","","","","","","","","","","","","","","","","","","","","","","","","","0","2","0","0","0","ผ่าน","A"
"2566","2023","สำนักงานตำรวจแห่งชาติ","กองบัญชาการตำรวจตระเวนชายแดน","กองบังคับการตำรวจตระเวนชายแดนภาค 3","กองกำกับการตำรวจตระเวนชายแดนที่ 34","21.8946","0","0","0","0","0","0","0","0","0","0","0","0","0","0","0","0","0","0","0","0","0","0","0","0","0","0","0","0","0","0","0","0","0","0","0","0","0","0","0","0","0","0","0","0","0","0","0","0","0","0","0","0","0","0","0","0","0","0","0","0","0","0","0","0","0","0","0","0","0","0","0","0","0","0","0","0","A","ผ่าน","0","1","1","0","0","ผ่าน","B"
"2567","2024","สำนักงานตำรวจแห่งชาติ","กองบัญชาการตำรวจตระเวนชายแดน","กองบังคับการตำรวจตระเวนชายแดนภาค 3","กองกำกับการตำรวจตระเวนชายแดนที่ 34","22.8966","0","0","0","0","0","0","0","0","0","0","0","0","0","0","0","0","0","0","0","0","0","0","0","0","0","0","0","0","0","0","0","0","0","0","0","0","0","0","0","0","0","0","0","0","0","0","0","0","0","0","0","0","0","0","0","0","0","0","0","0","0","0","0","0","0","0","0","0","1","1","1","0","0","0","0","3","B","ผ่าน","0","1.5","2","0","0","ผ่าน","A"
"2568","2025","สำนักงานตำรวจแห่งชาติ","กองบัญชาการตำรวจตระเวนชายแดน","กองบังคับการตำรวจตระเวนชายแดนภาค 3","กองกำกับการตำรวจตระเวนชายแดนที่ 34","23.896","0","0","0","0","0","0","0","0","0","0","0","0","0","0","0","0","0","0","0","0","0","0","0","0","0","0","0","0","0","0","0","0","0","0","0","0","0","0","0","0","0","0","0","0","0","0","0","0","0","0","0","0","0","0","0","0","0","0","0","0","0","0","0","0","0","0","0","0","0","0","0","0","0","0","0","0","A","ผ่าน","0","1","3","0","0","ผ่าน","B"
"2563","2020","สำนักงานตำรวจแห่งชาติ","กองบัญชาการตำรวจตระเวนชายแดน","กองบังคับการตำรวจตระเวนชายแดนภาค 3","กองกำกับการตำรวจตระเวนชายแดนที่ 34","18.6283","","","","","","","","","","","","","","","","","","","","","","","","","","","","","","","","","","","","","","","","","","","","","","","","","","","","","","","","","","","","","","","","","","","","","","","","","","","","","","","","","0","0","0","ผ่าน","B"
"2564","2021","สำนักงานตำรวจแห่งชาติ","กองบัญชาการตำรวจตระเวนชายแดน","กองบังคับการตำรวจตระเวนชายแดนภาค 3","กองกำกับการตำรวจตระเวนชายแดนที่ 34","19.6277","0","0","0","0","0","0","0","0","0","0","0","0","0","0","1","0","0","0","0","0","0","0","0","0","0","0","0","0","0","0","0","0","0","0","0","0","0","0","0","0","0","0","0","0","0","0","0","0","0","0","0","0","0","0","0","0","0","0","0","0","0","0","0","0","0","0","0","0","0","0","1","0","0","0","0","2","B","ผ่าน","0","2","1","0","0","ผ่าน","B"
"2565","2022","สำนักงานตำรวจแห่งชาติ","กองบัญชาการตำรวจตระเวนชายแดน","กองบังคับการตำรวจตระเวนชายแดนภาค 3","กองกำกับการตำรวจตระเวนชายแดนที่ 34","20.627","0","0","0","0","0","0","0","0","0","0","0","0","0","0","1","0","0","0","0","0","0","0","0","0","0","0","0","0","0","0","0","0","0","0","0","0","0","0","0","0","0","0","0","0","0","0","0","0","0","0","0","0","0","0","0","0","0","0","0","0","0","0","0","0","0","0","0","0","0","0","1","0","0","0","0","2","B","ผ่าน","0","2","2","0","0","ผ่าน","B"
"2566","2023","สำนักงานตำรวจแห่งชาติ","กองบัญชาการตำรวจตระเวนชายแดน","กองบังคับการตำรวจตระเวนชายแดนภาค 3","กองกำกับการตำรวจตระเวนชายแดนที่ 34","21.6263","0","0","0","0","0","1","0","0","0","0","0","0","0","0","0","0","0","0","0","0","0","0","0","0","0","0","0","0","0","0","0","0","0","0","0","0","0","0","0","0","0","0","0","0","0","0","0","0","0","0","0","0","0","0","0","0","0","0","0","0","0","0","0","0","0","0","0","0","0","0","1","0","0","0","0","2","B","ผ่าน","0","2","3","0","0","ผ่าน","B"
"2567","2024","สำนักงานตำรวจแห่งชาติ","กองบัญชาการตำรวจตระเวนชายแดน","กองบังคับการตำรวจตระเวนชายแดนภาค 3","กองกำกับการตำรวจตระเวนชายแดนที่ 34","22.6283","0","0","0","0","0","1","0","0","0","0","0","0","0","0","0","0","0","0","0","0","0","0","0","0","0","0","0","0","0","0","0","0","0","0","0","0","0","0","0","0","0","0","0","0","0","0","0","0","0","0","0","0","0","0","0","0","0","0","0","0","0","0","0","0","0","0","0","0","0","0","0","0","0","0","0","1","B","ผ่าน","0","1.666667","4","0","0","ผ่าน","B"
"2568","2025","สำนักงานตำรวจแห่งชาติ","กองบัญชาการตำรวจตระเวนชายแดน","กองบังคับการตำรวจตระเวนชายแดนภาค 3","กองกำกับการตำรวจตระเวนชายแดนที่ 34","23.6277","0","0","0","0","0","1","0","0","0","0","0","0","0","0","0","0","0","0","0","0","0","0","0","0","0","0","0","0","0","0","0","0","0","0","0","0","0","0","0","0","0","0","0","0","0","0","0","0","0","0","0","0","0","0","0","0","0","0","0","0","0","0","0","0","0","0","0","0","0","0","0","0","0","0","0","1","B","ผ่าน","0","1.333333","5","0","0","ผ่าน","A"
"2563","2020","สำนักงานตำรวจแห่งชาติ","กองบัญชาการตำรวจตระเวนชายแดน","กองบังคับการตำรวจตระเวนชายแดนภาค 3","กองกำกับการตำรวจตระเวนชายแดนที่ 34","17.629","","","","","","","","","","","","","","","","","","","","","","","","","","","","","","","","","","","","","","","","","","","","","","","","","","","","","","","","","","","","","","","","","","","","","","","","","","","","","","","","","0","0","0","ผ่าน","B"
"2564","2021","สำนักงานตำรวจแห่งชาติ","กองบัญชาการตำรวจตระเวนชายแดน","กองบังคับการตำรวจตระเวนชายแดนภาค 3","กองกำกับการตำรวจตระเวนชายแดนที่ 34","18.6283","0","0","0","0","0","1","0","0","0","0","0","0","0","0","0","0","0","0","0","0","0","0","0","0","0","0","0","0","0","0","1","0","0","0","0","0","0","0","0","0","0","0","0","0","1","1","0","0","0","0","0","0","0","0","0","0","0","0","0","0","0","0","0","0","0","0","0","0","0","0","1","0","0","0","0","5","B","ผ่าน","0","5","1","0","0","ผ่าน","B"
"2565","2022","สำนักงานตำรวจแห่งชาติ","กองบัญชาการตำรวจตระเวนชายแดน","กองบังคับการตำรวจตระเวนชายแดนภาค 3","กองกำกับการตำรวจตระเวนชายแดนที่ 34","19.6277","0","0","0","0","0","1","0","0","0","0","0","0","0","0","0","0","0","0","0","0","0","0","0","0","0","0","0","0","0","0","0","0","0","0","0","0","0","0","0","0","0","0","0","0","0","0","0","0","0","0","0","0","0","0","0","0","0","0","0","0","0","0","0","0","0","0","0","0","0","0","0","0","0","0","0","1","B","ผ่าน","0","3","2","0","0","ผ่าน","B"
"2566","2023","สำนักงานตำรวจแห่งชาติ","กองบัญชาการตำรวจตระเวนชายแดน","กองบังคับการตำรวจตระเวนชายแดนภาค 3","กองกำกับการตำรวจตระเวนชายแดนที่ 34","20.627","0","0","1","0","0","1","0","0","0","0","0","0","0","1","0","0","0","0","0","0","0","0","0","0","0","0","0","0","0","0","0","1","0","0","0","0","0","0","0","0","0","0","0","0","1","0","0","0","0","0","0","0","0","0","0","0","0","0","0","0","0","0","0","0","0","0","0","0","0","0","0","0","0","0","0","5","B","ผ่าน","0","3.666667","3","0","0","ผ่าน","B"
"2567","2024","สำนักงานตำรวจแห่งชาติ","กองบัญชาการตำรวจตระเวนชายแดน","กองบังคับการตำรวจตระเวนชายแดนภาค 3","กองกำกับการตำรวจตระเวนชายแดนที่ 34","21.629","0","0","0","0","0","1","0","0","0","0","0","0","0","0","0","0","0","0","0","0","0","0","0","0","0","0","0","0","0","0","0","0","0","0","0","0","0","0","0","0","0","0","0","0","0","0","0","0","0","0","0","0","0","0","0","0","0","1","0","0","0","0","0","0","0","0","0","0","0","0","0","0","0","0","0","2","B","ผ่าน","0","2.666667","4","0","0","ผ่าน","B"
"2568","2025","สำนักงานตำรวจแห่งชาติ","กองบัญชาการตำรวจตระเวนชายแดน","กองบังคับการตำรวจตระเวนชายแดนภาค 3","กองกำกับการตำรวจตระเวนชายแดนที่ 34","22.6283","0","1","0","0","0","0","1","0","0","0","0","0","0","0","0","0","0","0","0","0","0","0","0","0","0","0","0","0","0","0","0","0","0","0","0","0","0","0","0","0","0","0","0","0","1","0","0","0","0","0","0","0","0","0","0","0","0","0","0","0","0","0","0","0","0","0","0","0","0","0","0","0","0","0","0","3","B","ผ่าน","0","3.333333","5","0","0","ผ่าน","B"
"2563","2020","สำนักงานตำรวจแห่งชาติ","กองบัญชาการตำรวจตระเวนชายแดน","กองบังคับการตำรวจตระเวนชายแดนภาค 3","กองกำกับการตำรวจตระเวนชายแดนที่ 34","17.629","","","","","","","","","","","","","","","","","","","","","","","","","","","","","","","","","","","","","","","","","","","","","","","","","","","","","","","","","","","","","","","","","","","","","","","","","","","","","","","","","0","0","0","ผ่าน","A"
"2564","2021","สำนักงานตำรวจแห่งชาติ","กองบัญชาการตำรวจตระเวนชายแดน","กองบังคับการตำรวจตระเวนชายแดนภาค 3","กองกำกับการตำรวจตระเวนชายแดนที่ 34","18.6283","0","0","0","0","0","0","0","0","0","0","0","0","0","0","0","0","0","0","0","0","0","0","0","0","0","0","0","0","0","0","0","0","0","0","0","0","0","0","0","0","0","0","0","0","0","0","0","0","0","0","0","0","0","0","0","0","0","0","0","0","0","0","0","0","0","0","0","0","0","0","0","0","0","0","0","0","A","ผ่าน","0","0","1","0","0","ผ่าน","A"
"2565","2022","สำนักงานตำรวจแห่งชาติ","กองบัญชาการตำรวจตระเวนชายแดน","กองบังคับการตำรวจตระเวนชายแดนภาค 3","กองกำกับการตำรวจตระเวนชายแดนที่ 34","19.6277","0","0","0","0","0","0","0","0","0","0","0","0","0","0","0","0","0","0","0","0","0","0","0","0","0","0","0","0","0","0","0","0","0","0","0","0","0","0","0","0","0","0","0","0","0","0","0","0","0","0","0","0","0","0","0","0","0","0","0","0","0","0","0","0","0","0","0","0","0","0","0","0","0","0","0","0","A","ผ่าน","0","0","2","0","0","ผ่าน","A"
"2566","2023","สำนักงานตำรวจแห่งชาติ","กองบัญชาการตำรวจตระเวนชายแดน","กองบังคับการตำรวจตระเวนชายแดนภาค 3","กองกำกับการตำรวจตระเวนชายแดนที่ 34","20.627","0","0","0","0","0","0","0","0","0","0","0","0","0","0","0","0","0","0","0","0","0","0","0","0","0","0","0","0","0","0","0","0","0","0","0","0","0","0","0","0","0","0","0","0","0","0","0","0","0","0","0","0","0","0","0","0","0","0","0","0","0","0","0","0","0","0","0","0","0","0","0","0","0","0","0","0","A","ผ่าน","0","0","3","0","0","ผ่าน","A"
"2567","2024","สำนักงานตำรวจแห่งชาติ","กองบัญชาการตำรวจตระเวนชายแดน","กองบังคับการตำรวจตระเวนชายแดนภาค 3","กองกำกับการตำรวจตระเวนชายแดนที่ 34","21.629","0","0","0","0","0","0","0","0","0","0","0","0","0","0","0","0","0","0","0","0","0","0","0","0","0","0","0","0","0","0","0","0","0","0","0","0","0","0","0","0","0","0","0","0","0","0","0","0","0","0","0","0","0","0","0","0","0","0","0","0","0","0","0","0","0","0","0","0","0","0","0","0","0","0","0","0","A","ผ่าน","0","0","4","0","0","ผ่าน","A"
"2568","2025","สำนักงานตำรวจแห่งชาติ","กองบัญชาการตำรวจตระเวนชายแดน","กองบังคับการตำรวจตระเวนชายแดนภาค 3","กองกำกับการตำรวจตระเวนชายแดนที่ 34","22.6283","0","0","0","0","0","0","0","0","0","0","0","0","0","0","0","0","0","0","0","0","0","0","0","0","0","0","0","0","0","0","0","0","0","0","0","0","0","0","0","0","0","0","0","0","0","0","0","0","0","0","0","0","0","0","0","0","0","0","0","0","0","0","0","0","0","0","0","0","0","0","0","0","0","0","0","0","A","ผ่าน","0","0","5","0","0","ผ่าน","A"
"2563","2020","สำนักงานตำรวจแห่งชาติ","กองบัญชาการตำรวจตระเวนชายแดน","กองบังคับการตำรวจตระเวนชายแดนภาค 3","กองกำกับการตำรวจตระเวนชายแดนที่ 34","3.6277","","","","","","","","","","","","","","","","","","","","","","","","","","","","","","","","","","","","","","","","","","","","","","","","","","","","","","","","","","","","","","","","","","","","","","","","","","","","","","","","","0","0","0","ผ่าน","B"
"2565","2022","สำนักงานตำรวจแห่งชาติ","กองบัญชาการตำรวจตระเวนชายแดน","กองบังคับการตำรวจตระเวนชายแดนภาค 3","กองกำกับการตำรวจตระเวนชายแดนที่ 34","5.6263","","","","","","","","","","","","","","","","","","","","","","","","","","","","","","","","","","","","","","","","","","","","","","","","","","","","","","","","","","","","","","","","","","","","","","","","","","","","","","","0","1","0","0","0","ผ่าน","A"
"2566","2023","สำนักงานตำรวจแห่งชาติ","กองบัญชาการตำรวจตระเวนชายแดน","กองบังคับการตำรวจตระเวนชายแดนภาค 3","กองกำกับการตำรวจตระเวนชายแดนที่ 34","6.6256","0","0","0","0","0","0","0","0","0","0","0","0","0","0","0","0","0","0","0","0","0","0","0","0","0","0","0","0","0","0","0","0","0","0","0","0","0","0","0","0","0","0","0","0","0","0","0","0","0","0","0","0","0","0","0","0","0","0","0","0","0","0","0","0","0","0","0","0","0","0","0","0","0","0","0","0","A","ผ่าน","0","0.5","1","0","0","ผ่าน","A"
"2567","2024","สำนักงานตำรวจแห่งชาติ","กองบัญชาการตำรวจตระเวนชายแดน","กองบังคับการตำรวจตระเวนชายแดนภาค 3","กองกำกับการตำรวจตระเวนชายแดนที่ 34","7.6277","0","0","0","0","0","0","0","0","0","0","0","0","0","0","0","0","0","0","0","0","0","0","0","0","0","0","0","0","0","0","0","0","0","0","0","0","0","0","0","0","0","0","0","0","0","0","0","0","0","0","0","0","0","0","0","0","0","0","0","0","0","0","0","0","0","0","0","0","0","0","0","0","0","0","0","0","A","ผ่าน","0","0","2","0","0","ผ่าน","A"
"2568","2025","สำนักงานตำรวจแห่งชาติ","กองบัญชาการตำรวจตระเวนชายแดน","กองบังคับการตำรวจตระเวนชายแดนภาค 3","กองกำกับการตำรวจตระเวนชายแดนที่ 34","8.627","0","0","0","0","0","0","0","0","0","0","0","0","0","0","0","0","0","0","0","0","0","0","0","0","0","0","0","0","0","0","0","0","0","0","0","0","0","0","0","0","0","0","0","0","0","0","0","0","0","0","0","0","0","0","0","0","0","0","0","0","0","0","0","0","0","0","0","0","0","0","0","0","0","0","0","0","A","ผ่าน","0","0","3","0","0","ผ่าน","A"
"2565","2022","สำนักงานตำรวจแห่งชาติ","กองบัญชาการตำรวจตระเวนชายแดน","กองบังคับการตำรวจตระเวนชายแดนภาค 3","กองกำกับการตำรวจตระเวนชายแดนที่ 34","1.5469","","","","","","","","","","","","","","","","","","","","","","","","","","","","","","","","","","","","","","","","","","","","","","","","","","","","","","","","","","","","","","","","","","","","","","","","","","","","","","","","","0","0","0","ผ่าน","A"
"2566","2023","สำนักงานตำรวจแห่งชาติ","กองบัญชาการตำรวจตระเวนชายแดน","กองบังคับการตำรวจตระเวนชายแดนภาค 3","กองกำกับการตำรวจตระเวนชายแดนที่ 34","2.5462","0","0","0","0","0","0","0","0","0","0","0","0","0","0","0","0","0","0","0","0","0","0","0","0","0","0","0","0","0","0","0","0","0","0","0","0","0","0","0","0","0","0","0","0","0","0","0","0","0","0","0","0","0","0","0","0","0","0","0","0","0","0","0","0","0","0","0","0","0","0","0","0","0","0","0","0","A","ผ่าน","0","0","1","0","0","ผ่าน","A"
"2567","2024","สำนักงานตำรวจแห่งชาติ","กองบัญชาการตำรวจตระเวนชายแดน","กองบังคับการตำรวจตระเวนชายแดนภาค 3","กองกำกับการตำรวจตระเวนชายแดนที่ 34","3.5483","0","0","0","0","0","0","0","0","0","0","0","0","0","0","0","0","0","0","0","0","0","0","0","0","0","0","0","0","0","0","0","0","0","0","0","0","0","0","0","0","0","0","0","0","0","0","0","0","0","0","0","0","0","0","0","0","0","0","0","0","0","0","0","0","0","0","0","0","0","0","0","0","0","0","0","0","A","ผ่าน","0","0","2","0","0","ผ่าน","A"
"2568","2025","สำนักงานตำรวจแห่งชาติ","กองบัญชาการตำรวจตระเวนชายแดน","กองบังคับการตำรวจตระเวนชายแดนภาค 3","กองกำกับการตำรวจตระเวนชายแดนที่ 34","4.5476","0","0","0","0","0","0","0","0","0","0","0","0","0","0","0","0","0","0","0","0","0","0","0","0","0","0","0","0","0","0","0","0","0","0","0","0","0","0","0","0","0","0","0","0","0","0","0","0","0","0","0","0","0","0","0","0","0","0","0","0","0","0","0","0","0","0","0","0","0","0","0","0","0","0","0","0","A","ผ่าน","0","0","3","0","0","ผ่าน","A"
"2563","2020","สำนักงานตำรวจแห่งชาติ","กองบัญชาการตำรวจตระเวนชายแดน","กองบังคับการตำรวจตระเวนชายแดนภาค 3","กองกำกับการตำรวจตระเวนชายแดนที่ 34","48.3149","","","","","","","","","","","","","","","","","","","","","","","","","","","","","","","","","","","","","","","","","","","","","","","","","","","","","","","","","","","","","","","","","","","","","","","","","","","","","","","","","0","0","0","ผ่าน","A"
"2564","2021","สำนักงานตำรวจแห่งชาติ","กองบัญชาการตำรวจตระเวนชายแดน","กองบังคับการตำรวจตระเวนชายแดนภาค 3","กองกำกับการตำรวจตระเวนชายแดนที่ 34","49.3142","0","0","0","0","0","0","0","0","0","0","0","0","0","0","0","0","0","0","0","0","0","0","0","0","0","0","0","0","0","0","0","0","0","0","0","0","0","0","0","0","0","0","0","0","0","0","0","0","0","0","0","0","0","0","0","0","0","0","0","0","0","0","0","0","0","0","0","0","0","0","0","0","0","0","0","0","A","ผ่าน","0","0","1","0","0","ผ่าน","A"
"2565","2022","สำนักงานตำรวจแห่งชาติ","กองบัญชาการตำรวจตระเวนชายแดน","กองบังคับการตำรวจตระเวนชายแดนภาค 3","กองกำกับการตำรวจตระเวนชายแดนที่ 34","50.3135","0","0","0","0","0","0","0","0","0","0","0","0","0","0","0","0","0","0","0","0","0","0","0","0","0","0","0","0","0","0","0","0","0","0","0","0","0","0","0","0","0","0","0","0","0","0","0","0","0","0","0","0","0","0","0","0","0","0","0","0","0","0","0","0","0","0","0","0","0","0","0","0","0","0","0","0","A","ผ่าน","0","0","2","0","0","ผ่าน","A"
"2566","2023","สำนักงานตำรวจแห่งชาติ","กองบัญชาการตำรวจตระเวนชายแดน","กองบังคับการตำรวจตระเวนชายแดนภาค 3","กองกำกับการตำรวจตระเวนชายแดนที่ 34","51.3128","0","0","0","0","0","0","0","0","0","0","0","0","0","0","0","0","0","0","0","0","0","0","0","0","0","0","0","0","0","0","0","0","0","0","0","0","0","0","0","0","0","0","0","0","0","0","0","0","0","0","0","0","0","0","0","0","0","0","0","0","0","0","0","0","0","0","0","0","0","0","0","0","0","0","0","0","A","ผ่าน","0","0","3","0","0","ผ่าน","A"
"2567","2024","สำนักงานตำรวจแห่งชาติ","กองบัญชาการตำรวจตระเวนชายแดน","กองบังคับการตำรวจตระเวนชายแดนภาค 3","กองกำกับการตำรวจตระเวนชายแดนที่ 34","52.3149","0","0","0","0","0","0","0","0","0","0","0","0","0","0","0","0","0","0","0","0","0","0","0","0","0","0","0","0","0","0","0","0","0","0","0","0","0","0","0","0","0","0","0","0","0","0","0","0","0","0","0","0","0","0","0","0","0","0","0","0","0","0","0","0","0","0","0","0","0","0","0","0","0","0","0","0","A","ผ่าน","0","0","4","0","0","ผ่าน","A"
"2568","2025","สำนักงานตำรวจแห่งชาติ","กองบัญชาการตำรวจตระเวนชายแดน","กองบังคับการตำรวจตระเวนชายแดนภาค 3","กองกำกับการตำรวจตระเวนชายแดนที่ 34","53.3142","0","0","0","0","0","0","0","0","0","0","0","0","0","0","0","0","0","0","0","0","0","0","0","0","0","0","0","0","0","0","0","0","0","0","0","0","0","0","0","0","0","0","0","0","0","0","0","0","0","0","0","0","0","0","0","0","0","0","0","0","0","0","0","0","0","0","0","0","0","0","0","0","0","0","0","0","A","ผ่าน","0","0","5","0","0","ผ่าน","A"
"2563","2020","สำนักงานตำรวจแห่งชาติ","กองบัญชาการตำรวจตระเวนชายแดน","กองบังคับการตำรวจตระเวนชายแดนภาค 3","กองกำกับการตำรวจตระเวนชายแดนที่ 34","35.7974","","","","","","","","","","","","","","","","","","","","","","","","","","","","","","","","","","","","","","","","","","","","","","","","","","","","","","","","","","","","","","","","","","","","","","","","","","","","","","","","","0","0","0","ผ่าน","B"
"2564","2021","สำนักงานตำรวจแห่งชาติ","กองบัญชาการตำรวจตระเวนชายแดน","กองบังคับการตำรวจตระเวนชายแดนภาค 3","กองกำกับการตำรวจตระเวนชายแดนที่ 34","36.7967","0","0","0","0","1","1","0","0","0","0","0","0","0","0","0","0","0","0","0","0","1","0","0","0","0","0","0","0","0","0","0","1","0","0","0","0","0","0","0","0","0","0","0","0","0","0","0","0","0","0","0","0","0","0","0","0","0","0","0","0","0","0","0","0","0","0","0","1","1","0","1","0","0","0","0","7","B","ผ่าน","0","7","1","0","0","ผ่าน","B"
"2565","2022","สำนักงานตำรวจแห่งชาติ","กองบัญชาการตำรวจตระเวนชายแดน","กองบังคับการตำรวจตระเวนชายแดนภาค 3","กองกำกับการตำรวจตระเวนชายแดนที่ 34","37.796","0","0","0","0","0","1","0","0","0","0","0","0","0","0","0","0","0","0","0","0","1","0","0","0","0","0","0","0","0","0","0","0","0","0","0","0","0","0","0","0","0","0","0","0","0","0","0","0","0","0","0","0","0","0","0","0","0","0","0","0","0","0","0","0","0","0","0","0","0","0","0","0","0","0","0","2","B","ผ่าน","0","4.5","2","0","0","ผ่าน","A"
"2566","2023","สำนักงานตำรวจแห่งชาติ","กองบัญชาการตำรวจตระเวนชายแดน","กองบังคับการตำรวจตระเวนชายแดนภาค 3","กองกำกับการตำรวจตระเวนชายแดนที่ 34","38.7953","0","0","0","0","0","0","0","0","0","0","0","0","0","0","0","0","0","0","0","0","0","0","0","0","0","0","0","0","0","0","0","0","0","0","0","0","0","0","0","0","0","0","0","0","0","0","0","0","0","0","0","0","0","0","0","0","0","0","0","0","0","0","0","0","0","0","0","0","0","0","0","0","0","0","0","0","A","ผ่าน","0","3","3","0","0","ผ่าน","A"
"2567","2024","สำนักงานตำรวจแห่งชาติ","กองบัญชาการตำรวจตระเวนชายแดน","กองบังคับการตำรวจตระเวนชายแดนภาค 3","กองกำกับการตำรวจตระเวนชายแดนที่ 34","39.7974","0","0","0","0","0","0","0","0","0","0","0","0","0","0","0","0","0","0","0","0","0","0","0","0","0","0","0","0","0","0","0","0","0","0","0","0","0","0","0","0","0","0","0","0","0","0","0","0","0","0","0","0","0","0","0","0","0","0","0","0","0","0","0","0","0","0","0","0","0","0","0","0","0","0","0","0","A","ผ่าน","0","0.666667","4","0","0","ผ่าน","B"
"2563","2020","สำนักงานตำรวจแห่งชาติ","กองบัญชาการตำรวจตระเวนชายแดน","กองบังคับการตำรวจตระเวนชายแดนภาค 3","กองกำกับการตำรวจตระเวนชายแดนที่ 34","37.629","","","","","","","","","","","","","","","","","","","","","","","","","","","","","","","","","","","","","","","","","","","","","","","","","","","","","","","","","","","","","","","","","","","","","","","","","","","","","","","","","0","0","0","ผ่าน","A"
"2564","2021","สำนักงานตำรวจแห่งชาติ","กองบัญชาการตำรวจตระเวนชายแดน","กองบังคับการตำรวจตระเวนชายแดนภาค 3","กองกำกับการตำรวจตระเวนชายแดนที่ 34","38.6283","0","0","0","0","0","0","0","0","0","0","0","0","0","0","0","0","0","0","0","0","0","0","0","0","0","0","0","0","0","0","0","0","0","0","0","0","0","0","0","0","0","0","0","0","0","0","0","0","0","0","0","0","0","0","0","0","0","0","0","0","0","0","0","0","0","0","0","0","0","0","0","0","0","0","0","0","A","ผ่าน","0","0","1","0","0","ผ่าน","A"
"2565","2022","สำนักงานตำรวจแห่งชาติ","กองบัญชาการตำรวจตระเวนชายแดน","กองบังคับการตำรวจตระเวนชายแดนภาค 3","กองกำกับการตำรวจตระเวนชายแดนที่ 34","39.6277","0","0","0","0","0","0","0","0","0","0","0","0","0","0","0","0","0","0","0","0","0","0","0","0","0","0","0","0","0","0","0","0","0","0","0","0","0","0","0","0","0","0","0","0","0","0","0","0","0","0","0","0","0","0","0","0","0","0","0","0","0","0","0","0","0","0","0","0","0","0","0","0","0","0","0","0","A","ผ่าน","0","0","2","0","0","ผ่าน","A"
"2566","2023","สำนักงานตำรวจแห่งชาติ","กองบัญชาการตำรวจตระเวนชายแดน","กองบังคับการตำรวจตระเวนชายแดนภาค 3","กองกำกับการตำรวจตระเวนชายแดนที่ 34","40.627","0","0","0","0","0","0","0","0","0","0","0","0","0","0","0","0","0","0","0","0","0","0","0","0","0","0","0","0","0","0","0","0","0","0","0","0","0","0","0","0","0","0","0","0","0","0","0","0","0","0","0","0","0","0","0","0","0","0","0","0","0","0","0","0","0","0","0","0","0","0","0","0","0","0","0","0","A","ผ่าน","0","0","3","0","0","ผ่าน","A"
"2567","2024","สำนักงานตำรวจแห่งชาติ","กองบัญชาการตำรวจตระเวนชายแดน","กองบังคับการตำรวจตระเวนชายแดนภาค 3","กองกำกับการตำรวจตระเวนชายแดนที่ 34","41.629","0","0","0","0","0","0","0","0","0","0","0","0","0","0","0","0","0","0","0","0","0","0","0","0","0","0","0","0","0","0","0","0","0","0","0","0","0","0","0","0","0","0","0","0","0","0","0","0","0","0","0","0","0","0","0","0","0","0","0","0","0","0","0","0","0","0","0","0","0","0","0","0","0","0","0","0","A","ผ่าน","0","0","4","0","0","ผ่าน","A"
"2568","2025","สำนักงานตำรวจแห่งชาติ","กองบัญชาการตำรวจตระเวนชายแดน","กองบังคับการตำรวจตระเวนชายแดนภาค 3","กองกำกับการตำรวจตระเวนชายแดนที่ 34","42.6283","0","0","0","0","0","0","0","0","0","0","0","0","0","0","0","0","0","0","0","0","0","0","0","0","0","0","0","0","0","0","0","0","0","0","0","0","0","0","0","0","0","0","0","0","0","0","0","0","0","0","0","0","0","0","0","0","0","0","0","0","0","0","0","0","0","0","0","0","0","0","0","0","0","0","0","0","A","ผ่าน","0","0","5","0","0","ผ่าน","A"
"2563","2020","สำนักงานตำรวจแห่งชาติ","กองบัญชาการตำรวจตระเวนชายแดน","กองบังคับการตำรวจตระเวนชายแดนภาค 3","กองกำกับการตำรวจตระเวนชายแดนที่ 34","18.7488","","","","","","","","","","","","","","","","","","","","","","","","","","","","","","","","","","","","","","","","","","","","","","","","","","","","","","","","","","","","","","","","","","","","","","","","","","","","","","","","","0","0","0","ผ่าน","B"
"2564","2021","สำนักงานตำรวจแห่งชาติ","กองบัญชาการตำรวจตระเวนชายแดน","กองบังคับการตำรวจตระเวนชายแดนภาค 3","กองกำกับการตำรวจตระเวนชายแดนที่ 34","19.7481","0","0","0","0","0","0","1","0","0","0","0","0","0","0","0","0","0","0","0","0","1","0","0","0","1","0","0","0","0","0","0","0","0","0","0","0","0","0","0","0","0","0","0","0","0","0","0","0","0","0","0","0","0","0","0","0","0","0","0","0","0","0","0","0","0","0","0","0","0","0","0","0","0","0","0","3","B","ผ่าน","0","3","1","0","0","ผ่าน","B"
"2565","2022","สำนักงานตำรวจแห่งชาติ","กองบัญชาการตำรวจตระเวนชายแดน","กองบังคับการตำรวจตระเวนชายแดนภาค 3","กองกำกับการตำรวจตระเวนชายแดนที่ 34","20.7474","0","0","0","0","0","1","1","0","0","0","0","0","0","0","0","0","0","0","0","0","1","0","0","0","0","0","0","0","0","0","0","0","0","0","0","0","0","0","0","0","0","0","0","0","0","0","0","0","0","0","0","0","0","0","0","0","0","0","0","0","0","0","0","0","0","0","0","0","0","0","0","0","0","0","0","3","B","ผ่าน","0","3","2","0","0","ผ่าน","B"
"2563","2020","สำนักงานตำรวจแห่งชาติ","กองบัญชาการตำรวจตระเวนชายแดน","กองบังคับการตำรวจตระเวนชายแดนภาค 3","กองกำกับการตำรวจตระเวนชายแดนที่ 34","17.629","","","","","","","","","","","","","","","","","","","","","","","","","","","","","","","","","","","","","","","","","","","","","","","","","","","","","","","","","","","","","","","","","","","","","","","","","","","","","","","","","0","0","0","ไม่ผ่าน","D"
"2564","2021","สำนักงานตำรวจแห่งชาติ","กองบัญชาการตำรวจตระเวนชายแดน","กองบังคับการตำรวจตระเวนชายแดนภาค 3","กองกำกับการตำรวจตระเวนชายแดนที่ 34","18.6283","0","0","0","0","0","1","0","0","0","0","0","0","0","0","0","0","0","0","0","0","0","0","0","0","0","0","1","1","1","1","1","1","1","1","1","1","1","1","1","1","1","1","1","1","1","1","0","0","0","0","0","0","0","1","1","1","1","1","1","1","1","1","1","1","1","1","1","1","1","1","1","0","0","0","0","39","D","ไม่ผ่าน","1","39","0","1","1","ผ่าน","B"
"2565","2022","สำนักงานตำรวจแห่งชาติ","กองบัญชาการตำรวจตระเวนชายแดน","กองบังคับการตำรวจตระเวนชายแดนภาค 3","กองกำกับการตำรวจตระเวนชายแดนที่ 34","19.6277","0","0","0","0","0","1","0","0","0","0","0","0","0","0","0","0","0","0","0","0","0","0","0","0","0","0","0","0","0","0","0","0","0","0","0","0","0","0","0","0","0","0","0","0","0","0","0","0","0","0","0","0","0","1","0","0","0","0","0","0","0","0","0","0","0","0","0","0","0","0","0","0","0","0","0","2","B","ผ่าน","0.5","20.5","1","0","1","ผ่าน","B"
"2566","2023","สำนักงานตำรวจแห่งชาติ","กองบัญชาการตำรวจตระเวนชายแดน","กองบังคับการตำรวจตระเวนชายแดนภาค 3","กองกำกับการตำรวจตระเวนชายแดนที่ 34","20.627","0","0","0","0","0","1","0","0","0","0","0","0","0","0","0","0","0","0","0","0","0","0","0","0","0","0","0","0","0","0","0","0","0","0","0","0","0","0","0","0","0","0","0","0","0","0","0","0","0","0","0","0","0","0","0","0","0","0","0","0","0","0","0","0","0","0","0","0","0","0","0","0","0","0","0","1","B","ผ่าน","0","14","2","0","1","ผ่าน","A"
"2563","2020","สำนักงานตำรวจแห่งชาติ","กองบัญชาการตำรวจตระเวนชายแดน","กองบังคับการตำรวจตระเวนชายแดนภาค 3","กองกำกับการตำรวจตระเวนชายแดนที่ 34","18.6283","","","","","","","","","","","","","","","","","","","","","","","","","","","","","","","","","","","","","","","","","","","","","","","","","","","","","","","","","","","","","","","","","","","","","","","","","","","","","","","","","0","0","0","ผ่าน","B"
"2564","2021","สำนักงานตำรวจแห่งชาติ","กองบัญชาการตำรวจตระเวนชายแดน","กองบังคับการตำรวจตระเวนชายแดนภาค 3","กองกำกับการตำรวจตระเวนชายแดนที่ 34","19.6277","0","0","0","0","0","0","0","0","0","0","0","0","0","0","0","0","0","0","0","0","0","0","0","0","0","0","0","0","0","0","0","0","0","0","0","0","0","0","0","0","0","0","0","0","0","0","0","0","0","0","0","0","0","0","0","0","0","0","0","0","0","0","0","1","1","1","1","0","1","1","1","0","0","0","0","7","B","ผ่าน","0","7","1","0","0","ไม่ผ่าน","D"
"2565","2022","สำนักงานตำรวจแห่งชาติ","กองบัญชาการตำรวจตระเวนชายแดน","กองบังคับการตำรวจตระเวนชายแดนภาค 3","กองกำกับการตำรวจตระเวนชายแดนที่ 34","20.627","0","0","0","0","0","1","0","0","0","0","0","0","0","0","0","0","0","0","0","0","0","0","0","0","0","0","0","0","0","0","0","0","0","0","0","0","0","0","0","0","0","0","0","0","0","0","0","0","0","0","0","0","0","0","0","0","0","0","1","1","1","1","1","1","1","1","1","1","1","1","1","1","1","1","1","18","D","ไม่ผ่าน","0.5","12.5","0","1","1","ผ่าน","B"
"2566","2023","สำนักงานตำรวจแห่งชาติ","กองบัญชาการตำรวจตระเวนชายแดน","กองบังคับการตำรวจตระเวนชายแดนภาค 3","กองกำกับการตำรวจตระเวนชายแดนที่ 34","21.6263","0","0","0","0","0","0","0","0","0","0","0","0","0","0","0","0","0","0","0","0","1","0","1","0","0","0","0","0","0","0","0","0","0","0","0","0","0","0","0","0","0","0","0","0","0","0","0","0","0","0","0","0","0","0","1","1","0","0","0","0","0","0","0","1","0","0","0","0","0","0","1","0","0","0","0","6","B","ผ่าน","0.5","10.333333","1","0","1","ผ่าน","A"
"2567","2024","สำนักงานตำรวจแห่งชาติ","กองบัญชาการตำรวจตระเวนชายแดน","กองบังคับการตำรวจตระเวนชายแดนภาค 3","กองกำกับการตำรวจตระเวนชายแดนที่ 34","22.6283","0","0","0","0","0","0","0","0","0","0","0","0","0","0","0","0","0","0","0","0","0","0","0","0","0","0","0","0","0","0","0","0","0","0","0","0","0","0","0","0","0","0","0","0","0","0","0","0","0","0","0","0","0","0","0","0","0","0","0","0","0","0","0","0","0","0","0","0","0","0","0","0","0","0","0","0","A","ผ่าน","0","8","2","0","1","ผ่าน","A"
"2568","2025","สำนักงานตำรวจแห่งชาติ","กองบัญชาการตำรวจตระเวนชายแดน","กองบังคับการตำรวจตระเวนชายแดนภาค 3","กองกำกับการตำรวจตระเวนชายแดนที่ 34","23.6277","0","0","0","0","0","0","0","0","0","0","0","0","0","0","0","0","0","0","0","0","0","0","0","0","0","0","0","0","0","0","0","0","0","0","0","0","0","0","0","0","0","0","0","0","0","0","0","0","0","0","0","0","0","0","0","0","0","0","0","0","0","0","0","0","0","0","0","0","0","0","0","0","0","0","0","0","A","ผ่าน","0","2","3","0","1","ผ่าน","A"
"2563","2020","สำนักงานตำรวจแห่งชาติ","กองบัญชาการตำรวจตระเวนชายแดน","กองบังคับการตำรวจตระเวนชายแดนภาค 3","กองกำกับการตำรวจตระเวนชายแดนที่ 34","","","","","","","","","","","","","","","","","","","","","","","","","","","","","","","","","","","","","","","","","","","","","","","","","","","","","","","","","","","","","","","","","","","","","","","","","","","","","","","","","","0","0","0","ไม่ผ่าน","D"
"2564","2021","สำนักงานตำรวจแห่งชาติ","กองบัญชาการตำรวจตระเวนชายแดน","กองบังคับการตำรวจตระเวนชายแดนภาค 3","กองกำกับการตำรวจตระเวนชายแดนที่ 34","","1","1","1","1","1","1","1","1","1","1","1","1","1","1","1","1","1","1","1","1","1","1","1","1","1","1","1","1","1","1","1","1","1","1","1","1","1","1","1","1","1","1","0","0","0","0","0","0","0","0","0","0","0","0","0","0","0","0","0","0","0","0","0","0","0","0","0","0","0","0","0","0","0","0","0","42","D","ไม่ผ่าน","1","42","0","1","1","ผ่าน","A"
"2565","2022","สำนักงานตำรวจแห่งชาติ","กองบัญชาการตำรวจตระเวนชายแดน","กองบังคับการตำรวจตระเวนชายแดนภาค 3","กองกำกับการตำรวจตระเวนชายแดนที่ 34","","0","0","0","0","0","0","0","0","0","0","0","0","0","0","0","0","0","0","0","0","0","0","0","0","0","0","0","0","0","0","0","0","0","0","0","0","0","0","0","0","0","0","0","0","0","0","0","0","0","0","0","0","0","0","0","0","0","0","0","0","0","0","0","0","0","0","0","0","0","0","0","0","0","0","0","0","A","ผ่าน","0.5","21","1","0","1","ผ่าน","A"
"2566","2023","สำนักงานตำรวจแห่งชาติ","กองบัญชาการตำรวจตระเวนชายแดน","กองบังคับการตำรวจตระเวนชายแดนภาค 3","กองกำกับการตำรวจตระเวนชายแดนที่ 34","0.8925","0","0","0","0","0","0","0","0","0","0","0","0","0","0","0","0","0","0","0","0","0","0","0","0","0","0","0","0","0","0","0","0","0","0","0","0","0","0","0","0","0","0","0","0","0","0","0","0","0","0","0","0","0","0","0","0","0","0","0","0","0","0","0","0","0","0","0","0","0","0","0","0","0","0","0","0","A","ผ่าน","0","14","2","0","1","ผ่าน","A"
"2567","2024","สำนักงานตำรวจแห่งชาติ","กองบัญชาการตำรวจตระเวนชายแดน","กองบังคับการตำรวจตระเวนชายแดนภาค 3","กองกำกับการตำรวจตระเวนชายแดนที่ 34","1.8946","0","0","0","0","0","0","0","0","0","0","0","0","0","0","0","0","0","0","0","0","0","0","0","0","0","0","0","0","0","0","0","0","0","0","0","0","0","0","0","0","0","0","0","0","0","0","0","0","0","0","0","0","0","0","0","0","0","0","0","0","0","0","0","0","0","0","0","0","0","0","0","0","0","0","0","0","A","ผ่าน","0","0","3","0","1","ผ่าน","A"
"2568","2025","สำนักงานตำรวจแห่งชาติ","กองบัญชาการตำรวจตระเวนชายแดน","กองบังคับการตำรวจตระเวนชายแดนภาค 3","กองกำกับการตำรวจตระเวนชายแดนที่ 34","2.8939","0","0","0","0","0","0","0","0","0","0","0","0","0","0","0","0","0","0","0","0","0","0","0","0","0","0","0","0","0","0","0","0","0","0","0","0","0","0","0","0","0","0","0","0","0","0","0","0","0","0","0","0","0","0","0","0","0","0","0","0","0","0","0","0","0","0","0","0","0","0","0","0","0","0","0","0","A","ผ่าน","0","0","4","0","1","ผ่าน","A"
"2563","2020","สำนักงานตำรวจแห่งชาติ","กองบัญชาการตำรวจตระเวนชายแดน","กองบังคับการตำรวจตระเวนชายแดนภาค 3","กองกำกับการตำรวจตระเวนชายแดนที่ 34","18.4613","","","","","","","","","","","","","","","","","","","","","","","","","","","","","","","","","","","","","","","","","","","","","","","","","","","","","","","","","","","","","","","","","","","","","","","","","","","","","","","","","0","0","0","ผ่าน","A"
"2564","2021","สำนักงานตำรวจแห่งชาติ","กองบัญชาการตำรวจตระเวนชายแดน","กองบังคับการตำรวจตระเวนชายแดนภาค 3","กองกำกับการตำรวจตระเวนชายแดนที่ 34","19.4606","0","0","0","0","0","0","0","0","0","0","0","0","0","0","0","0","0","0","0","0","0","0","0","0","0","0","0","0","0","0","0","0","0","0","0","0","0","0","0","0","0","0","0","0","0","0","0","0","0","0","0","0","0","0","0","0","0","0","0","0","0","0","0","0","0","0","0","0","0","0","0","0","0","0","0","0","A","ผ่าน","0","0","1","0","0","ผ่าน","B"
"2565","2022","สำนักงานตำรวจแห่งชาติ","กองบัญชาการตำรวจตระเวนชายแดน","กองบังคับการตำรวจตระเวนชายแดนภาค 3","กองกำกับการตำรวจตระเวนชายแดนที่ 34","20.46","0","0","0","0","0","1","0","0","1","0","0","0","1","0","0","0","0","0","0","0","0","0","0","0","0","0","0","0","0","0","0","0","0","0","0","0","0","0","0","0","0","0","0","0","0","0","0","0","0","0","0","0","0","0","0","0","0","0","0","0","0","0","0","0","0","0","0","0","0","0","0","0","0","0","0","3","B","ผ่าน","0","1.5","2","0","0","ผ่าน","B"
"2566","2023","สำนักงานตำรวจแห่งชาติ","กองบัญชาการตำรวจตระเวนชายแดน","กองบังคับการตำรวจตระเวนชายแดนภาค 3","กองกำกับการตำรวจตระเวนชายแดนที่ 34","21.4593","0","0","0","0","0","1","0","0","0","0","0","0","0","0","0","0","0","0","0","0","0","0","0","0","0","0","0","0","0","0","0","0","0","0","0","0","0","0","0","0","0","0","0","0","0","0","0","0","0","0","0","0","0","0","0","0","0","0","0","0","0","0","0","0","0","0","0","0","0","0","0","0","0","0","0","1","B","ผ่าน","0","1.333333","3","0","0","ผ่าน","B"
"2565","2022","สำนักงานตำรวจแห่งชาติ","กองบัญชาการตำรวจตระเวนชายแดน","กองบังคับการตำรวจตระเวนชายแดนภาค 3","กองกำกับการตำรวจตระเวนชายแดนที่ 34","20.627","","","","","","","","","","","","","","","","","","","","","","","","","","","","","","","","","","","","","","","","","","","","","","","","","","","","","","","","","","","","","","","","","","","","","","","","","","","","","","","","","0","0","0","ผ่าน","B"
"2567","2024","สำนักงานตำรวจแห่งชาติ","กองบัญชาการตำรวจตระเวนชายแดน","กองบังคับการตำรวจตระเวนชายแดนภาค 3","กองกำกับการตำรวจตระเวนชายแดนที่ 34","22.6283","","","","","","","","","","","","","","","","","","","","","","","","","","","","","","","","","","","","","","","","","","","","","","","","","","","","","","","","","","","","","","","","","","","","","","","","","","","","","","","0","1","0","0","0","ผ่าน","A"
"2568","2025","สำนักงานตำรวจแห่งชาติ","กองบัญชาการตำรวจตระเวนชายแดน","กองบังคับการตำรวจตระเวนชายแดนภาค 3","กองกำกับการตำรวจตระเวนชายแดนที่ 34","23.6277","0","0","0","0","0","0","0","0","0","0","0","0","0","0","0","0","0","0","0","0","0","0","0","0","0","0","0","0","0","0","0","0","0","0","0","0","0","0","0","0","0","0","0","0","0","0","0","0","0","0","0","0","0","0","0","0","0","0","0","0","0","0","0","0","0","0","0","0","0","0","0","0","0","0","0","0","A","ผ่าน","0","0.5","1","0","0","ผ่าน","A"
"2563","2020","สำนักงานตำรวจแห่งชาติ","กองบัญชาการตำรวจตระเวนชายแดน","กองบังคับการตำรวจตระเวนชายแดนภาค 3","กองกำกับการตำรวจตระเวนชายแดนที่ 34","16.9199","","","","","","","","","","","","","","","","","","","","","","","","","","","","","","","","","","","","","","","","","","","","","","","","","","","","","","","","","","","","","","","","","","","","","","","","","","","","","","","","","0","0","0","ผ่าน","A"
"2564","2021","สำนักงานตำรวจแห่งชาติ","กองบัญชาการตำรวจตระเวนชายแดน","กองบังคับการตำรวจตระเวนชายแดนภาค 3","กองกำกับการตำรวจตระเวนชายแดนที่ 34","17.9192","0","0","0","0","0","0","0","0","0","0","0","0","0","0","0","0","0","0","0","0","0","0","0","0","0","0","0","0","0","0","0","0","0","0","0","0","0","0","0","0","0","0","0","0","0","0","0","0","0","0","0","0","0","0","0","0","0","0","0","0","0","0","0","0","0","0","0","0","0","0","0","0","0","0","0","0","A","ผ่าน","0","0","1","0","0","ผ่าน","A"
"2565","2022","สำนักงานตำรวจแห่งชาติ","กองบัญชาการตำรวจตระเวนชายแดน","กองบังคับการตำรวจตระเวนชายแดนภาค 3","กองกำกับการตำรวจตระเวนชายแดนที่ 34","18.9185","0","0","0","0","0","0","0","0","0","0","0","0","0","0","0","0","0","0","0","0","0","0","0","0","0","0","0","0","0","0","0","0","0","0","0","0","0","0","0","0","0","0","0","0","0","0","0","0","0","0","0","0","0","0","0","0","0","0","0","0","0","0","0","0","0","0","0","0","0","0","0","0","0","0","0","0","A","ผ่าน","0","0","2","0","0","ผ่าน","A"
"2566","2023","สำนักงานตำรวจแห่งชาติ","กองบัญชาการตำรวจตระเวนชายแดน","กองบังคับการตำรวจตระเวนชายแดนภาค 3","กองกำกับการตำรวจตระเวนชายแดนที่ 34","19.9179","0","0","0","0","0","0","0","0","0","0","0","0","0","0","0","0","0","0","0","0","0","0","0","0","0","0","0","0","0","0","0","0","0","0","0","0","0","0","0","0","0","0","0","0","0","0","0","0","0","0","0","0","0","0","0","0","0","0","0","0","0","0","0","0","0","0","0","0","0","0","0","0","0","0","0","0","A","ผ่าน","0","0","3","0","0","ผ่าน","B"
"2567","2024","สำนักงานตำรวจแห่งชาติ","กองบัญชาการตำรวจตระเวนชายแดน","กองบังคับการตำรวจตระเวนชายแดนภาค 3","กองกำกับการตำรวจตระเวนชายแดนที่ 34","20.9199","0","0","0","0","0","1","0","0","0","0","0","0","0","0","0","0","0","0","0","0","0","0","0","0","0","0","0","0","0","0","0","0","0","0","0","0","0","0","0","0","0","0","0","0","0","0","0","0","0","0","0","0","0","0","0","0","0","0","0","0","0","0","0","0","0","0","0","0","0","0","0","0","0","0","0","1","B","ผ่าน","0","0.333333","4","0","0","ผ่าน","A"
"2568","2025","สำนักงานตำรวจแห่งชาติ","กองบัญชาการตำรวจตระเวนชายแดน","กองบังคับการตำรวจตระเวนชายแดนภาค 3","กองกำกับการตำรวจตระเวนชายแดนที่ 34","21.9192","0","0","0","0","0","0","0","0","0","0","0","0","0","0","0","0","0","0","0","0","0","0","0","0","0","0","0","0","0","0","0","0","0","0","0","0","0","0","0","0","0","0","0","0","0","0","0","0","0","0","0","0","0","0","0","0","0","0","0","0","0","0","0","0","0","0","0","0","0","0","0","0","0","0","0","0","A","ผ่าน","0","0.333333","5","0","0","ผ่าน","A"
"2563","2020","สำนักงานตำรวจแห่งชาติ","กองบัญชาการตำรวจตระเวนชายแดน","กองบังคับการตำรวจตระเวนชายแดนภาค 3","กองกำกับการตำรวจตระเวนชายแดนที่ 34","22.6694","","","","","","","","","","","","","","","","","","","","","","","","","","","","","","","","","","","","","","","","","","","","","","","","","","","","","","","","","","","","","","","","","","","","","","","","","","","","","","","","","0","0","0","ผ่าน","B"
"2564","2021","สำนักงานตำรวจแห่งชาติ","กองบัญชาการตำรวจตระเวนชายแดน","กองบังคับการตำรวจตระเวนชายแดนภาค 3","กองกำกับการตำรวจตระเวนชายแดนที่ 34","23.6687","0","0","0","0","0","0","0","0","0","0","0","0","0","0","0","0","0","0","0","0","1","0","0","0","0","1","0","0","0","0","0","0","0","0","0","0","0","0","0","0","0","0","0","0","0","0","0","0","0","0","0","0","0","0","0","0","0","0","0","0","0","0","0","0","0","0","0","0","1","0","1","1","0","0","0","5","B","ผ่าน","0","5","1","0","0","ผ่าน","B"
"2565","2022","สำนักงานตำรวจแห่งชาติ","กองบัญชาการตำรวจตระเวนชายแดน","กองบังคับการตำรวจตระเวนชายแดนภาค 3","กองกำกับการตำรวจตระเวนชายแดนที่ 34","24.668","0","0","0","0","0","1","0","0","0","0","0","0","0","0","0","0","0","0","0","0","0","0","0","0","0","0","0","0","0","0","0","0","0","0","0","0","0","0","0","0","0","0","0","0","0","0","0","0","0","0","0","0","0","0","0","0","0","0","0","0","0","0","0","0","0","0","0","0","0","0","0","0","0","0","0","1","B","ผ่าน","0","3","2","0","0","ผ่าน","A"
"2566","2023","สำนักงานตำรวจแห่งชาติ","กองบัญชาการตำรวจตระเวนชายแดน","กองบังคับการตำรวจตระเวนชายแดนภาค 3","กองกำกับการตำรวจตระเวนชายแดนที่ 34","25.6674","0","0","0","0","0","0","0","0","0","0","0","0","0","0","0","0","0","0","0","0","0","0","0","0","0","0","0","0","0","0","0","0","0","0","0","0","0","0","0","0","0","0","0","0","0","0","0","0","0","0","0","0","0","0","0","0","0","0","0","0","0","0","0","0","0","0","0","0","0","0","0","0","0","0","0","0","A","ผ่าน","0","2","3","0","0","ผ่าน","A"
"2567","2024","สำนักงานตำรวจแห่งชาติ","กองบัญชาการตำรวจตระเวนชายแดน","กองบังคับการตำรวจตระเวนชายแดนภาค 3","กองกำกับการตำรวจตระเวนชายแดนที่ 34","26.6694","0","0","0","0","0","0","0","0","0","0","0","0","0","0","0","0","0","0","0","0","0","0","0","0","0","0","0","0","0","0","0","0","0","0","0","0","0","0","0","0","0","0","0","0","0","0","0","0","0","0","0","0","0","0","0","0","0","0","0","0","0","0","0","0","0","0","0","0","0","0","0","0","0","0","0","0","A","ผ่าน","0","0.333333","4","0","0","ผ่าน","B"
"2568","2025","สำนักงานตำรวจแห่งชาติ","กองบัญชาการตำรวจตระเวนชายแดน","กองบังคับการตำรวจตระเวนชายแดนภาค 3","กองกำกับการตำรวจตระเวนชายแดนที่ 34","27.6687","0","0","0","0","0","0","0","0","0","0","0","0","0","0","0","0","0","0","0","0","1","0","0","0","0","0","0","0","0","0","0","0","0","0","0","0","0","0","0","0","0","0","0","0","0","0","0","0","0","0","0","0","0","0","0","0","0","0","0","0","0","0","0","0","0","0","0","0","0","0","0","0","0","0","0","1","B","ผ่าน","0","0.333333","5","0","0","ผ่าน","B"
"2563","2020","สำนักงานตำรวจแห่งชาติ","กองบัญชาการตำรวจตระเวนชายแดน","กองบังคับการตำรวจตระเวนชายแดนภาค 3","กองกำกับการตำรวจตระเวนชายแดนที่ 34","6.6283","","","","","","","","","","","","","","","","","","","","","","","","","","","","","","","","","","","","","","","","","","","","","","","","","","","","","","","","","","","","","","","","","","","","","","","","","","","","","","","","","0","0","0","ผ่าน","B"
"2564","2021","สำนักงานตำรวจแห่งชาติ","กองบัญชาการตำรวจตระเวนชายแดน","กองบังคับการตำรวจตระเวนชายแดนภาค 3","กองกำกับการตำรวจตระเวนชายแดนที่ 34","7.6277","0","0","0","0","0","1","0","0","0","0","0","0","0","0","0","0","0","0","0","0","0","0","0","0","0","0","0","0","0","0","0","0","0","0","0","0","0","0","0","0","0","0","0","0","0","0","0","0","0","0","0","0","0","0","0","0","0","0","0","0","0","1","0","0","0","0","0","0","0","1","1","0","0","0","0","4","B","ผ่าน","0","4","1","0","0","ผ่าน","A"
"2565","2022","สำนักงานตำรวจแห่งชาติ","กองบัญชาการตำรวจตระเวนชายแดน","กองบังคับการตำรวจตระเวนชายแดนภาค 3","กองกำกับการตำรวจตระเวนชายแดนที่ 34","8.627","0","0","0","0","0","0","0","0","0","0","0","0","0","0","0","0","0","0","0","0","0","0","0","0","0","0","0","0","0","0","0","0","0","0","0","0","0","0","0","0","0","0","0","0","0","0","0","0","0","0","0","0","0","0","0","0","0","0","0","0","0","0","0","0","0","0","0","0","0","0","0","0","0","0","0","0","A","ผ่าน","0","2","2","0","0","ผ่าน","A"
"2566","2023","สำนักงานตำรวจแห่งชาติ","กองบัญชาการตำรวจตระเวนชายแดน","กองบังคับการตำรวจตระเวนชายแดนภาค 3","กองกำกับการตำรวจตระเวนชายแดนที่ 34","9.6263","0","0","0","0","0","0","0","0","0","0","0","0","0","0","0","0","0","0","0","0","0","0","0","0","0","0","0","0","0","0","0","0","0","0","0","0","0","0","0","0","0","0","0","0","0","0","0","0","0","0","0","0","0","0","0","0","0","0","0","0","0","0","0","0","0","0","0","0","0","0","0","0","0","0","0","0","A","ผ่าน","0","1.333333","3","0","0","ผ่าน","A"
"2567","2024","สำนักงานตำรวจแห่งชาติ","กองบัญชาการตำรวจตระเวนชายแดน","กองบังคับการตำรวจตระเวนชายแดนภาค 3","กองกำกับการตำรวจตระเวนชายแดนที่ 34","10.6283","0","0","0","0","0","0","0","0","0","0","0","0","0","0","0","0","0","0","0","0","0","0","0","0","0","0","0","0","0","0","0","0","0","0","0","0","0","0","0","0","0","0","0","0","0","0","0","0","0","0","0","0","0","0","0","0","0","0","0","0","0","0","0","0","0","0","0","0","0","0","0","0","0","0","0","0","A","ผ่าน","0","0","4","0","0","ผ่าน","B"
"2568","2025","สำนักงานตำรวจแห่งชาติ","กองบัญชาการตำรวจตระเวนชายแดน","กองบังคับการตำรวจตระเวนชายแดนภาค 3","กองกำกับการตำรวจตระเวนชายแดนที่ 34","11.6277","0","0","0","0","0","1","0","0","0","0","0","0","0","0","0","0","0","0","0","0","0","0","0","0","0","0","0","0","0","0","0","0","0","0","0","0","0","0","0","0","0","0","0","0","0","0","0","0","0","0","0","0","0","0","0","0","0","0","0","0","0","0","0","0","0","0","0","0","0","0","0","0","0","0","0","1","B","ผ่าน","0","0.333333","5","0","0","ผ่าน","A"
"2563","2020","สำนักงานตำรวจแห่งชาติ","กองบัญชาการตำรวจตระเวนชายแดน","กองบังคับการตำรวจตระเวนชายแดนภาค 3","กองกำกับการตำรวจตระเวนชายแดนที่ 34","35.8467","","","","","","","","","","","","","","","","","","","","","","","","","","","","","","","","","","","","","","","","","","","","","","","","","","","","","","","","","","","","","","","","","","","","","","","","","","","","","","","","","0","0","0","ผ่าน","A"
"2564","2021","สำนักงานตำรวจแห่งชาติ","กองบัญชาการตำรวจตระเวนชายแดน","กองบังคับการตำรวจตระเวนชายแดนภาค 3","กองกำกับการตำรวจตระเวนชายแดนที่ 34","36.846","0","0","0","0","0","0","0","0","0","0","0","0","0","0","0","0","0","0","0","0","0","0","0","0","0","0","0","0","0","0","0","0","0","0","0","0","0","0","0","0","0","0","0","0","0","0","0","0","0","0","0","0","0","0","0","0","0","0","0","0","0","0","0","0","0","0","0","0","0","0","0","0","0","0","0","0","A","ผ่าน","0","0","1","0","0","ผ่าน","A"
"2565","2022","สำนักงานตำรวจแห่งชาติ","กองบัญชาการตำรวจตระเวนชายแดน","กองบังคับการตำรวจตระเวนชายแดนภาค 3","กองกำกับการตำรวจตระเวนชายแดนที่ 34","37.8453","0","0","0","0","0","0","0","0","0","0","0","0","0","0","0","0","0","0","0","0","0","0","0","0","0","0","0","0","0","0","0","0","0","0","0","0","0","0","0","0","0","0","0","0","0","0","0","0","0","0","0","0","0","0","0","0","0","0","0","0","0","0","0","0","0","0","0","0","0","0","0","0","0","0","0","0","A","ผ่าน","0","0","2","0","0","ผ่าน","A"
"2566","2023","สำนักงานตำรวจแห่งชาติ","กองบัญชาการตำรวจตระเวนชายแดน","กองบังคับการตำรวจตระเวนชายแดนภาค 3","กองกำกับการตำรวจตระเวนชายแดนที่ 34","38.8446","0","0","0","0","0","0","0","0","0","0","0","0","0","0","0","0","0","0","0","0","0","0","0","0","0","0","0","0","0","0","0","0","0","0","0","0","0","0","0","0","0","0","0","0","0","0","0","0","0","0","0","0","0","0","0","0","0","0","0","0","0","0","0","0","0","0","0","0","0","0","0","0","0","0","0","0","A","ผ่าน","0","0","3","0","0","ผ่าน","A"
"2563","2020","สำนักงานตำรวจแห่งชาติ","กองบัญชาการตำรวจตระเวนชายแดน","กองบังคับการตำรวจตระเวนชายแดนภาค 3","กองกำกับการตำรวจตระเวนชายแดนที่ 34","30.538","","","","","","","","","","","","","","","","","","","","","","","","","","","","","","","","","","","","","","","","","","","","","","","","","","","","","","","","","","","","","","","","","","","","","","","","","","","","","","","","","0","0","0","ผ่าน","B"
"2564","2021","สำนักงานตำรวจแห่งชาติ","กองบัญชาการตำรวจตระเวนชายแดน","กองบังคับการตำรวจตระเวนชายแดนภาค 3","กองกำกับการตำรวจตระเวนชายแดนที่ 34","31.5373","0","0","0","0","0","1","0","0","0","0","0","1","0","0","0","0","0","0","0","0","0","0","0","0","0","0","0","0","0","0","0","0","0","0","0","0","0","0","0","0","0","0","0","0","0","0","0","0","0","0","0","0","0","0","0","1","0","0","0","0","0","0","0","0","0","0","0","0","1","1","0","0","0","0","0","5","B","ผ่าน","0","5","1","0","0","ผ่าน","A"
"2565","2022","สำนักงานตำรวจแห่งชาติ","กองบัญชาการตำรวจตระเวนชายแดน","กองบังคับการตำรวจตระเวนชายแดนภาค 3","กองกำกับการตำรวจตระเวนชายแดนที่ 34","32.5366","0","0","0","0","0","0","0","0","0","0","0","0","0","0","0","0","0","0","0","0","0","0","0","0","0","0","0","0","0","0","0","0","0","0","0","0","0","0","0","0","0","0","0","0","0","0","0","0","0","0","0","0","0","0","0","0","0","0","0","0","0","0","0","0","0","0","0","0","0","0","0","0","0","0","0","0","A","ผ่าน","0","2.5","2","0","0","ผ่าน","B"
"2563","2020","สำนักงานตำรวจแห่งชาติ","กองบัญชาการตำรวจตระเวนชายแดน","กองบังคับการตำรวจตระเวนชายแดนภาค 3","กองกำกับการตำรวจตระเวนชายแดนที่ 34","24.4517","","","","","","","","","","","","","","","","","","","","","","","","","","","","","","","","","","","","","","","","","","","","","","","","","","","","","","","","","","","","","","","","","","","","","","","","","","","","","","","","","0","0","0","ผ่าน","A"
"2564","2021","สำนักงานตำรวจแห่งชาติ","กองบัญชาการตำรวจตระเวนชายแดน","กองบังคับการตำรวจตระเวนชายแดนภาค 3","กองกำกับการตำรวจตระเวนชายแดนที่ 34","25.4511","0","0","0","0","0","0","0","0","0","0","0","0","0","0","0","0","0","0","0","0","0","0","0","0","0","0","0","0","0","0","0","0","0","0","0","0","0","0","0","0","0","0","0","0","0","0","0","0","0","0","0","0","0","0","0","0","0","0","0","0","0","0","0","0","0","0","0","0","0","0","0","0","0","0","0","0","A","ผ่าน","0","0","1","0","0","ผ่าน","B"
"2565","2022","สำนักงานตำรวจแห่งชาติ","กองบัญชาการตำรวจตระเวนชายแดน","กองบังคับการตำรวจตระเวนชายแดนภาค 3","กองกำกับการตำรวจตระเวนชายแดนที่ 34","26.4504","0","0","0","0","0","1","0","0","0","0","0","0","0","0","0","0","0","0","0","0","0","0","0","0","0","0","0","0","0","0","0","0","0","0","0","0","0","0","0","0","0","0","0","0","0","0","0","0","0","0","0","0","0","0","0","0","0","0","0","0","0","0","0","0","0","0","0","0","0","0","0","0","0","0","0","1","B","ผ่าน","0","0.5","2","0","0","ผ่าน","B"
"2566","2023","สำนักงานตำรวจแห่งชาติ","กองบัญชาการตำรวจตระเวนชายแดน","กองบังคับการตำรวจตระเวนชายแดนภาค 3","กองกำกับการตำรวจตระเวนชายแดนที่ 34","27.4497","0","0","0","0","0","1","0","0","0","0","0","0","0","0","0","0","0","0","0","0","0","0","0","0","0","0","0","0","0","0","0","0","0","0","0","0","0","0","0","0","0","0","0","0","0","0","0","0","0","0","0","0","0","0","0","0","0","0","0","0","0","0","0","0","0","0","0","0","0","0","0","0","0","0","0","1","B","ผ่าน","0","0.666667","3","0","0","ผ่าน","B"
"2567","2024","สำนักงานตำรวจแห่งชาติ","กองบัญชาการตำรวจตระเวนชายแดน","กองบังคับการตำรวจตระเวนชายแดนภาค 3","กองกำกับการตำรวจตระเวนชายแดนที่ 34","28.4517","0","0","0","0","0","1","0","0","0","0","0","1","1","0","0","0","0","0","0","0","0","0","0","0","0","1","0","0","0","0","0","0","0","0","0","0","0","0","0","0","0","0","0","0","0","1","0","0","0","0","0","0","0","0","0","0","0","0","0","0","0","0","0","0","0","0","0","0","0","0","0","0","0","0","0","5","B","ผ่าน","0","2.333333","4","0","0","ผ่าน","B"
"2568","2025","สำนักงานตำรวจแห่งชาติ","กองบัญชาการตำรวจตระเวนชายแดน","กองบังคับการตำรวจตระเวนชายแดนภาค 3","กองกำกับการตำรวจตระเวนชายแดนที่ 34","29.4511","0","0","0","0","0","0","0","0","0","0","0","0","0","0","0","0","0","0","0","0","0","0","0","0","0","0","0","0","0","0","0","0","0","0","0","0","0","0","0","0","0","0","0","0","0","0","0","0","0","0","0","0","0","0","0","1","0","0","0","0","0","0","0","1","0","0","0","0","0","0","0","0","0","0","0","2","B","ผ่าน","0","2.666667","5","0","0","ผ่าน","B"
"2563","2020","สำนักงานตำรวจแห่งชาติ","กองบัญชาการตำรวจตระเวนชายแดน","กองบังคับการตำรวจตระเวนชายแดนภาค 3","กองกำกับการตำรวจตระเวนชายแดนที่ 34","7.718","","","","","","","","","","","","","","","","","","","","","","","","","","","","","","","","","","","","","","","","","","","","","","","","","","","","","","","","","","","","","","","","","","","","","","","","","","","","","","","","","0","0","0","ผ่าน","A"
"2565","2022","สำนักงานตำรวจแห่งชาติ","กองบัญชาการตำรวจตระเวนชายแดน","กองบังคับการตำรวจตระเวนชายแดนภาค 3","กองกำกับการตำรวจตระเวนชายแดนที่ 34","9.7166","","","","","","","","","","","","","","","","","","","","","","","","","","","","","","","","","","","","","","","","","","","","","","","","","","","","","","","","","","","","","","","","","","","","","","","","","","","","","","","0","0","0","0","0","ผ่าน","B"
"2566","2023","สำนักงานตำรวจแห่งชาติ","กองบัญชาการตำรวจตระเวนชายแดน","กองบังคับการตำรวจตระเวนชายแดนภาค 3","กองกำกับการตำรวจตระเวนชายแดนที่ 34","10.7159","0","0","0","0","0","1","0","0","0","0","0","0","0","0","0","0","0","0","0","0","0","0","0","0","0","0","0","0","0","0","0","0","0","0","0","0","0","0","0","0","0","0","0","0","0","0","0","0","0","0","0","0","0","0","0","1","0","1","0","0","0","0","0","0","0","0","0","0","0","0","0","0","0","0","0","3","B","ผ่าน","0","1.5","1","0","0","ผ่าน","B"
"2567","2024","สำนักงานตำรวจแห่งชาติ","กองบัญชาการตำรวจตระเวนชายแดน","กองบังคับการตำรวจตระเวนชายแดนภาค 3","กองกำกับการตำรวจตระเวนชายแดนที่ 34","11.718","0","0","0","0","0","1","0","0","0","0","0","0","0","0","1","0","0","0","0","0","0","0","0","0","0","0","0","0","0","0","0","0","0","0","0","0","0","0","0","0","0","0","0","0","0","0","0","0","0","0","0","0","0","0","0","0","0","0","0","0","0","0","0","0","0","0","0","0","0","0","0","0","0","0","0","2","B","ผ่าน","0","2.5","2","0","0","ผ่าน","A"
"2568","2025","สำนักงานตำรวจแห่งชาติ","กองบัญชาการตำรวจตระเวนชายแดน","กองบังคับการตำรวจตระเวนชายแดนภาค 3","กองกำกับการตำรวจตระเวนชายแดนที่ 34","12.7173","0","0","0","0","0","0","0","0","0","0","0","0","0","0","0","0","0","0","0","0","0","0","0","0","0","0","0","0","0","0","0","0","0","0","0","0","0","0","0","0","0","0","0","0","0","0","0","0","0","0","0","0","0","0","0","0","0","0","0","0","0","0","0","0","0","0","0","0","0","0","0","0","0","0","0","0","A","ผ่าน","0","1.666667","3","0","0","ผ่าน","A"
"2563","2020","สำนักงานตำรวจแห่งชาติ","กองบัญชาการตำรวจตระเวนชายแดน","กองบังคับการตำรวจตระเวนชายแดนภาค 3","กองกำกับการตำรวจตระเวนชายแดนที่ 34","4.6434","","","","","","","","","","","","","","","","","","","","","","","","","","","","","","","","","","","","","","","","","","","","","","","","","","","","","","","","","","","","","","","","","","","","","","","","","","","","","","","","","0","0","0","ผ่าน","B"
"2565","2022","สำนักงานตำรวจแห่งชาติ","กองบัญชาการตำรวจตระเวนชายแดน","กองบังคับการตำรวจตระเวนชายแดนภาค 3","กองกำกับการตำรวจตระเวนชายแดนที่ 34","6.642","","","","","","","","","","","","","","","","","","","","","","","","","","","","","","","","","","","","","","","","","","","","","","","","","","","","","","","","","","","","","","","","","","","","","","","","","","","","","","","0","1","0","0","0","ไม่ผ่าน","D"
"2566","2023","สำนักงานตำรวจแห่งชาติ","กองบัญชาการตำรวจตระเวนชายแดน","กองบังคับการตำรวจตระเวนชายแดนภาค 3","กองกำกับการตำรวจตระเวนชายแดนที่ 34","7.6413","0","0","0","0","0","0","0","0","0","0","0","0","0","0","0","0","0","0","0","0","0","0","0","0","0","0","1","1","1","1","1","1","1","1","1","1","1","1","1","1","1","1","1","1","1","1","0","0","0","0","0","0","0","1","1","1","1","1","1","1","1","1","1","1","1","1","1","1","1","1","1","1","0","0","0","39","D","ไม่ผ่าน","1","20","0","1","1","ไม่ผ่าน","D"
"2563","2020","สำนักงานตำรวจแห่งชาติ","กองบัญชาการตำรวจตระเวนชายแดน","กองบังคับการตำรวจตระเวนชายแดนภาค 3","กองกำกับการตำรวจตระเวนชายแดนที่ 31","41.3717","","","","","","","","","","","","","","","","","","","","","","","","","","","","","","","","","","","","","","","","","","","","","","","","","","","","","","","","","","","","","","","","","","","","","","","","","","","","","","","","","0","0","0","ผ่าน","B"
"2564","2021","สำนักงานตำรวจแห่งชาติ","กองบัญชาการตำรวจตระเวนชายแดน","กองบังคับการตำรวจตระเวนชายแดนภาค 3","กองกำกับการตำรวจตระเวนชายแดนที่ 31","42.371","0","0","0","0","0","0","0","0","0","0","0","1","0","0","0","0","0","0","0","1","0","0","0","0","0","0","0","0","0","0","0","0","0","0","0","0","0","0","0","0","0","0","0","0","0","0","0","0","0","0","0","0","0","0","0","0","0","0","0","0","0","0","0","0","0","0","0","0","0","0","0","0","0","0","0","2","B","ผ่าน","0","2","1","0","0","ผ่าน","A"
"2565","2022","สำนักงานตำรวจแห่งชาติ","กองบัญชาการตำรวจตระเวนชายแดน","กองบังคับการตำรวจตระเวนชายแดนภาค 3","กองกำกับการตำรวจตระเวนชายแดนที่ 31","43.3703","0","0","0","0","0","0","0","0","0","0","0","0","0","0","0","0","0","0","0","0","0","0","0","0","0","0","0","0","0","0","0","0","0","0","0","0","0","0","0","0","0","0","0","0","0","0","0","0","0","0","0","0","0","0","0","0","0","0","0","0","0","0","0","0","0","0","0","0","0","0","0","0","0","0","0","0","A","ผ่าน","0","1","2","0","0","ผ่าน","A"
"2566","2023","สำนักงานตำรวจแห่งชาติ","กองบัญชาการตำรวจตระเวนชายแดน","กองบังคับการตำรวจตระเวนชายแดนภาค 3","กองกำกับการตำรวจตระเวนชายแดนที่ 31","44.3696","0","0","0","0","0","0","0","0","0","0","0","0","0","0","0","0","0","0","0","0","0","0","0","0","0","0","0","0","0","0","0","0","0","0","0","0","0","0","0","0","0","0","0","0","0","0","0","0","0","0","0","0","0","0","0","0","0","0","0","0","0","0","0","0","0","0","0","0","0","0","0","0","0","0","0","0","A","ผ่าน","0","0.666667","3","0","0","ผ่าน","A"
"2567","2024","สำนักงานตำรวจแห่งชาติ","กองบัญชาการตำรวจตระเวนชายแดน","กองบังคับการตำรวจตระเวนชายแดนภาค 3","กองกำกับการตำรวจตระเวนชายแดนที่ 31","45.3717","0","0","0","0","0","0","0","0","0","0","0","0","0","0","0","0","0","0","0","0","0","0","0","0","0","0","0","0","0","0","0","0","0","0","0","0","0","0","0","0","0","0","0","0","0","0","0","0","0","0","0","0","0","0","0","0","0","0","0","0","0","0","0","0","0","0","0","0","0","0","0","0","0","0","0","0","A","ผ่าน","0","0","4","0","0","ผ่าน","A"
"2568","2025","สำนักงานตำรวจแห่งชาติ","กองบัญชาการตำรวจตระเวนชายแดน","กองบังคับการตำรวจตระเวนชายแดนภาค 3","กองกำกับการตำรวจตระเวนชายแดนที่ 31","46.371","0","0","0","0","0","0","0","0","0","0","0","0","0","0","0","0","0","0","0","0","0","0","0","0","0","0","0","0","0","0","0","0","0","0","0","0","0","0","0","0","0","0","0","0","0","0","0","0","0","0","0","0","0","0","0","0","0","0","0","0","0","0","0","0","0","0","0","0","0","0","0","0","0","0","0","0","A","ผ่าน","0","0","5","0","0","ผ่าน","A"
"2563","2020","สำนักงานตำรวจแห่งชาติ","กองบัญชาการตำรวจตระเวนชายแดน","กองบังคับการตำรวจตระเวนชายแดนภาค 3","กองกำกับการตำรวจตระเวนชายแดนที่ 31","47.4442","","","","","","","","","","","","","","","","","","","","","","","","","","","","","","","","","","","","","","","","","","","","","","","","","","","","","","","","","","","","","","","","","","","","","","","","","","","","","","","","","0","0","0","ผ่าน","B"
"2566","2023","สำนักงานตำรวจแห่งชาติ","กองบัญชาการตำรวจตระเวนชายแดน","กองบังคับการตำรวจตระเวนชายแดนภาค 3","กองกำกับการตำรวจตระเวนชายแดนที่ 31","50.4422","","","","","","","","","","","","","","","","","","","","","","","","","","","","","","","","","","","","","","","","","","","","","","","","","","","","","","","","","","","","","","","","","","","","","","","","","","","","","","","","1","0","0","0","ผ่าน","A"
"2567","2024","สำนักงานตำรวจแห่งชาติ","กองบัญชาการตำรวจตระเวนชายแดน","กองบังคับการตำรวจตระเวนชายแดนภาค 3","กองกำกับการตำรวจตระเวนชายแดนที่ 31","51.4442","0","0","0","0","0","0","0","0","0","0","0","0","0","0","0","0","0","0","0","0","0","0","0","0","0","0","0","0","0","0","0","0","0","0","0","0","0","0","0","0","0","0","0","0","0","0","0","0","0","0","0","0","0","0","0","0","0","0","0","0","0","0","0","0","0","0","0","0","0","0","0","0","0","0","0","0","A","ผ่าน","0","0","1","0","0","ผ่าน","A"
"2568","2025","สำนักงานตำรวจแห่งชาติ","กองบัญชาการตำรวจตระเวนชายแดน","กองบังคับการตำรวจตระเวนชายแดนภาค 3","กองกำกับการตำรวจตระเวนชายแดนที่ 31","52.4435","0","0","0","0","0","0","0","0","0","0","0","0","0","0","0","0","0","0","0","0","0","0","0","0","0","0","0","0","0","0","0","0","0","0","0","0","0","0","0","0","0","0","0","0","0","0","0","0","0","0","0","0","0","0","0","0","0","0","0","0","0","0","0","0","0","0","0","0","0","0","0","0","0","0","0","0","A","ผ่าน","0","0","2","0","0","ผ่าน","A"
"2563","2020","สำนักงานตำรวจแห่งชาติ","กองบัญชาการตำรวจตระเวนชายแดน","กองบังคับการตำรวจตระเวนชายแดนภาค 3","กองกำกับการตำรวจตระเวนชายแดนที่ 31","29.4428","","","","","","","","","","","","","","","","","","","","","","","","","","","","","","","","","","","","","","","","","","","","","","","","","","","","","","","","","","","","","","","","","","","","","","","","","","","","","","","","","0","0","0","ผ่าน","A"
"2564","2021","สำนักงานตำรวจแห่งชาติ","กองบัญชาการตำรวจตระเวนชายแดน","กองบังคับการตำรวจตระเวนชายแดนภาค 3","กองกำกับการตำรวจตระเวนชายแดนที่ 31","30.4422","0","0","0","0","0","0","0","0","0","0","0","0","0","0","0","0","0","0","0","0","0","0","0","0","0","0","0","0","0","0","0","0","0","0","0","0","0","0","0","0","0","0","0","0","0","0","0","0","0","0","0","0","0","0","0","0","0","0","0","0","0","0","0","0","0","0","0","0","0","0","0","0","0","0","0","0","A","ผ่าน","0","0","1","0","0","ผ่าน","A"
"2565","2022","สำนักงานตำรวจแห่งชาติ","กองบัญชาการตำรวจตระเวนชายแดน","กองบังคับการตำรวจตระเวนชายแดนภาค 3","กองกำกับการตำรวจตระเวนชายแดนที่ 31","31.4415","0","0","0","0","0","0","0","0","0","0","0","0","0","0","0","0","0","0","0","0","0","0","0","0","0","0","0","0","0","0","0","0","0","0","0","0","0","0","0","0","0","0","0","0","0","0","0","0","0","0","0","0","0","0","0","0","0","0","0","0","0","0","0","0","0","0","0","0","0","0","0","0","0","0","0","0","A","ผ่าน","0","0","2","0","0","ผ่าน","A"
"2566","2023","สำนักงานตำรวจแห่งชาติ","กองบัญชาการตำรวจตระเวนชายแดน","กองบังคับการตำรวจตระเวนชายแดนภาค 3","กองกำกับการตำรวจตระเวนชายแดนที่ 31","32.4408","0","0","0","0","0","0","0","0","0","0","0","0","0","0","0","0","0","0","0","0","0","0","0","0","0","0","0","0","0","0","0","0","0","0","0","0","0","0","0","0","0","0","0","0","0","0","0","0","0","0","0","0","0","0","0","0","0","0","0","0","0","0","0","0","0","0","0","0","0","0","0","0","0","0","0","0","A","ผ่าน","0","0","3","0","0","ผ่าน","A"
"2567","2024","สำนักงานตำรวจแห่งชาติ","กองบัญชาการตำรวจตระเวนชายแดน","กองบังคับการตำรวจตระเวนชายแดนภาค 3","กองกำกับการตำรวจตระเวนชายแดนที่ 31","33.4428","0","0","0","0","0","0","0","0","0","0","0","0","0","0","0","0","0","0","0","0","0","0","0","0","0","0","0","0","0","0","0","0","0","0","0","0","0","0","0","0","0","0","0","0","0","0","0","0","0","0","0","0","0","0","0","0","0","0","0","0","0","0","0","0","0","0","0","0","0","0","0","0","0","0","0","0","A","ผ่าน","0","0","4","0","0","ผ่าน","A"
"2568","2025","สำนักงานตำรวจแห่งชาติ","กองบัญชาการตำรวจตระเวนชายแดน","กองบังคับการตำรวจตระเวนชายแดนภาค 3","กองกำกับการตำรวจตระเวนชายแดนที่ 31","34.4422","0","0","0","0","0","0","0","0","0","0","0","0","0","0","0","0","0","0","0","0","0","0","0","0","0","0","0","0","0","0","0","0","0","0","0","0","0","0","0","0","0","0","0","0","0","0","0","0","0","0","0","0","0","0","0","0","0","0","0","0","0","0","0","0","0","0","0","0","0","0","0","0","0","0","0","0","A","ผ่าน","0","0","5","0","0","ผ่าน","A"
"2563","2020","สำนักงานตำรวจแห่งชาติ","กองบัญชาการตำรวจตระเวนชายแดน","กองบังคับการตำรวจตระเวนชายแดนภาค 3","กองกำกับการตำรวจตระเวนชายแดนที่ 31","27.4634","","","","","","","","","","","","","","","","","","","","","","","","","","","","","","","","","","","","","","","","","","","","","","","","","","","","","","","","","","","","","","","","","","","","","","","","","","","","","","","","","0","0","0","ผ่าน","B"
"2564","2021","สำนักงานตำรวจแห่งชาติ","กองบัญชาการตำรวจตระเวนชายแดน","กองบังคับการตำรวจตระเวนชายแดนภาค 3","กองกำกับการตำรวจตระเวนชายแดนที่ 31","28.4627","0","0","0","0","0","0","0","0","0","0","0","0","0","0","0","0","0","0","0","0","0","0","0","0","0","0","0","0","0","0","0","0","0","0","0","0","0","0","0","0","0","0","0","0","0","0","0","0","0","0","0","0","0","1","0","0","0","0","0","0","0","0","0","0","0","0","0","0","0","0","0","0","0","0","0","1","B","ผ่าน","0","1","1","0","0","ผ่าน","A"
"2565","2022","สำนักงานตำรวจแห่งชาติ","กองบัญชาการตำรวจตระเวนชายแดน","กองบังคับการตำรวจตระเวนชายแดนภาค 3","กองกำกับการตำรวจตระเวนชายแดนที่ 31","29.462","0","0","0","0","0","0","0","0","0","0","0","0","0","0","0","0","0","0","0","0","0","0","0","0","0","0","0","0","0","0","0","0","0","0","0","0","0","0","0","0","0","0","0","0","0","0","0","0","0","0","0","0","0","0","0","0","0","0","0","0","0","0","0","0","0","0","0","0","0","0","0","0","0","0","0","0","A","ผ่าน","0","0.5","2","0","0","ผ่าน","A"
"2566","2023","สำนักงานตำรวจแห่งชาติ","กองบัญชาการตำรวจตระเวนชายแดน","กองบังคับการตำรวจตระเวนชายแดนภาค 3","กองกำกับการตำรวจตระเวนชายแดนที่ 31","30.4613","0","0","0","0","0","0","0","0","0","0","0","0","0","0","0","0","0","0","0","0","0","0","0","0","0","0","0","0","0","0","0","0","0","0","0","0","0","0","0","0","0","0","0","0","0","0","0","0","0","0","0","0","0","0","0","0","0","0","0","0","0","0","0","0","0","0","0","0","0","0","0","0","0","0","0","0","A","ผ่าน","0","0.333333","3","0","0","ผ่าน","A"
"2567","2024","สำนักงานตำรวจแห่งชาติ","กองบัญชาการตำรวจตระเวนชายแดน","กองบังคับการตำรวจตระเวนชายแดนภาค 3","กองกำกับการตำรวจตระเวนชายแดนที่ 31","31.4634","0","0","0","0","0","0","0","0","0","0","0","0","0","0","0","0","0","0","0","0","0","0","0","0","0","0","0","0","0","0","0","0","0","0","0","0","0","0","0","0","0","0","0","0","0","0","0","0","0","0","0","0","0","0","0","0","0","0","0","0","0","0","0","0","0","0","0","0","0","0","0","0","0","0","0","0","A","ผ่าน","0","0","4","0","0","ผ่าน","B"
"2568","2025","สำนักงานตำรวจแห่งชาติ","กองบัญชาการตำรวจตระเวนชายแดน","กองบังคับการตำรวจตระเวนชายแดนภาค 3","กองกำกับการตำรวจตระเวนชายแดนที่ 31","32.4627","0","0","0","0","1","1","0","0","0","0","0","0","0","0","0","0","0","0","0","0","0","0","0","0","0","0","0","0","0","0","0","0","0","0","0","0","0","0","0","0","0","0","0","0","0","0","0","0","0","0","0","0","0","0","0","0","0","0","0","0","0","0","0","0","0","0","0","0","0","0","0","0","0","0","0","2","B","ผ่าน","0","0.666667","5","0","0","ผ่าน","B"
"2566","2023","สำนักงานตำรวจแห่งชาติ","กองบัญชาการตำรวจตระเวนชายแดน","กองบังคับการตำรวจตระเวนชายแดนภาค 3","กองกำกับการตำรวจตระเวนชายแดนที่ 31","2.4641","","","","","","","","","","","","","","","","","","","","","","","","","","","","","","","","","","","","","","","","","","","","","","","","","","","","","","","","","","","","","","","","","","","","","","","","","","","","","","","","","0","0","0","ผ่าน","B"
"2567","2024","สำนักงานตำรวจแห่งชาติ","กองบัญชาการตำรวจตระเวนชายแดน","กองบังคับการตำรวจตระเวนชายแดนภาค 3","กองกำกับการตำรวจตระเวนชายแดนที่ 31","3.4661","0","0","0","0","0","0","0","0","0","0","0","0","0","0","0","0","0","0","0","0","0","0","0","0","0","0","0","0","0","0","0","0","0","0","0","0","0","0","0","0","0","0","0","0","0","0","0","0","0","0","0","0","0","1","0","0","0","0","0","0","0","0","0","0","0","0","0","0","0","0","0","0","0","0","0","1","B","ผ่าน","0","1","1","0","0","ผ่าน","A"
"2568","2025","สำนักงานตำรวจแห่งชาติ","กองบัญชาการตำรวจตระเวนชายแดน","กองบังคับการตำรวจตระเวนชายแดนภาค 3","กองกำกับการตำรวจตระเวนชายแดนที่ 31","4.4654","0","0","0","0","0","0","0","0","0","0","0","0","0","0","0","0","0","0","0","0","0","0","0","0","0","0","0","0","0","0","0","0","0","0","0","0","0","0","0","0","0","0","0","0","0","0","0","0","0","0","0","0","0","0","0","0","0","0","0","0","0","0","0","0","0","0","0","0","0","0","0","0","0","0","0","0","A","ผ่าน","0","0.5","2","0","0","ผ่าน","A"
"2563","2020","สำนักงานตำรวจแห่งชาติ","กองบัญชาการตำรวจตระเวนชายแดน","กองบังคับการตำรวจตระเวนชายแดนภาค 1","กองกำกับการตำรวจตระเวนชายแดนที่ 13","0.501","","","","","","","","","","","","","","","","","","","","","","","","","","","","","","","","","","","","","","","","","","","","","","","","","","","","","","","","","","","","","","","","","","","","","","","","","","","","","","","","","0","0","0","ผ่าน","B"
"2564","2021","สำนักงานตำรวจแห่งชาติ","กองบัญชาการตำรวจตระเวนชายแดน","กองบังคับการตำรวจตระเวนชายแดนภาค 1","กองกำกับการตำรวจตระเวนชายแดนที่ 13","1.5003","0","0","0","0","0","0","0","0","0","0","0","0","0","0","0","0","0","0","0","0","0","0","0","0","0","0","0","0","0","0","0","0","0","0","0","0","0","0","0","0","0","0","0","0","0","0","0","0","0","0","0","0","0","0","0","1","0","0","0","0","0","0","0","0","0","0","0","0","1","0","0","0","0","0","0","2","B","ผ่าน","0","2","1","0","0","ผ่าน","B"
"2565","2022","สำนักงานตำรวจแห่งชาติ","กองบัญชาการตำรวจตระเวนชายแดน","กองบังคับการตำรวจตระเวนชายแดนภาค 1","กองกำกับการตำรวจตระเวนชายแดนที่ 13","2.4997","0","0","0","0","1","0","0","0","0","0","0","0","0","0","0","0","0","0","0","0","0","0","0","0","0","0","0","0","0","0","0","0","0","0","0","0","0","0","0","0","0","0","0","0","0","0","0","0","0","0","0","0","0","0","0","0","0","0","0","0","0","0","0","0","0","0","0","0","0","0","0","0","0","0","0","1","B","ผ่าน","0","1.5","2","0","0","ผ่าน","B"
"2566","2023","สำนักงานตำรวจแห่งชาติ","กองบัญชาการตำรวจตระเวนชายแดน","กองบังคับการตำรวจตระเวนชายแดนภาค 1","กองกำกับการตำรวจตระเวนชายแดนที่ 13","3.499","0","0","0","0","1","0","0","0","0","0","0","0","0","0","0","0","0","0","0","0","0","0","0","0","0","0","0","0","0","0","0","0","0","0","0","0","0","0","0","0","0","0","0","0","0","0","0","0","0","0","0","0","0","0","0","0","0","0","0","0","0","0","0","0","0","0","0","0","0","0","0","0","0","0","0","1","B","ผ่าน","0","1.333333","3","0","0","ผ่าน","B"
"2567","2024","สำนักงานตำรวจแห่งชาติ","กองบัญชาการตำรวจตระเวนชายแดน","กองบังคับการตำรวจตระเวนชายแดนภาค 1","กองกำกับการตำรวจตระเวนชายแดนที่ 13","4.501","0","0","0","0","0","1","0","0","0","0","0","0","0","0","0","0","0","0","0","0","0","0","0","0","0","0","0","0","0","0","0","0","0","0","0","0","0","0","0","0","0","0","0","0","0","0","0","0","0","0","0","0","0","0","0","0","0","0","0","0","0","0","0","0","0","0","0","0","0","0","0","0","0","0","0","1","B","ผ่าน","0","1","4","0","0","ผ่าน","A"
"2568","2025","สำนักงานตำรวจแห่งชาติ","กองบัญชาการตำรวจตระเวนชายแดน","กองบังคับการตำรวจตระเวนชายแดนภาค 1","กองกำกับการตำรวจตระเวนชายแดนที่ 13","5.5003","0","0","0","0","0","0","0","0","0","0","0","0","0","0","0","0","0","0","0","0","0","0","0","0","0","0","0","0","0","0","0","0","0","0","0","0","0","0","0","0","0","0","0","0","0","0","0","0","0","0","0","0","0","0","0","0","0","0","0","0","0","0","0","0","0","0","0","0","0","0","0","0","0","0","0","0","A","ผ่าน","0","0.666667","5","0","0","ผ่าน","A"
"2563","2020","สำนักงานตำรวจแห่งชาติ","กองบัญชาการตำรวจตระเวนชายแดน","กองบังคับการตำรวจตระเวนชายแดนภาค 1","กองกำกับการตำรวจตระเวนชายแดนที่ 13","","","","","","","","","","","","","","","","","","","","","","","","","","","","","","","","","","","","","","","","","","","","","","","","","","","","","","","","","","","","","","","","","","","","","","","","","","","","","","","","","","0","0","0","ผ่าน","B"
"2564","2021","สำนักงานตำรวจแห่งชาติ","กองบัญชาการตำรวจตระเวนชายแดน","กองบังคับการตำรวจตระเวนชายแดนภาค 1","กองกำกับการตำรวจตระเวนชายแดนที่ 13","0.4709","0","0","0","0","0","0","0","0","0","0","0","0","0","0","0","0","0","0","0","0","0","0","0","0","0","0","0","0","0","0","0","0","0","0","0","0","0","0","0","0","0","0","0","0","0","0","0","0","0","0","0","0","0","0","0","1","0","0","0","0","0","0","0","0","0","0","0","0","0","0","0","0","0","0","0","1","B","ผ่าน","0","1","1","0","0","ผ่าน","B"
"2565","2022","สำนักงานตำรวจแห่งชาติ","กองบัญชาการตำรวจตระเวนชายแดน","กองบังคับการตำรวจตระเวนชายแดนภาค 1","กองกำกับการตำรวจตระเวนชายแดนที่ 13","1.4702","0","0","0","0","0","0","0","0","0","0","0","0","0","0","0","0","0","0","0","0","0","0","0","0","0","0","0","0","0","0","0","0","0","0","0","0","0","0","0","0","0","0","0","0","0","0","0","0","0","0","0","0","0","0","0","1","0","0","0","0","0","0","0","0","0","0","0","0","0","0","0","0","0","0","0","1","B","ผ่าน","0","1","2","0","0","ผ่าน","A"
"2566","2023","สำนักงานตำรวจแห่งชาติ","กองบัญชาการตำรวจตระเวนชายแดน","กองบังคับการตำรวจตระเวนชายแดนภาค 1","กองกำกับการตำรวจตระเวนชายแดนที่ 13","2.4695","0","0","0","0","0","0","0","0","0","0","0","0","0","0","0","0","0","0","0","0","0","0","0","0","0","0","0","0","0","0","0","0","0","0","0","0","0","0","0","0","0","0","0","0","0","0","0","0","0","0","0","0","0","0","0","0","0","0","0","0","0","0","0","0","0","0","0","0","0","0","0","0","0","0","0","0","A","ผ่าน","0","0.666667","3","0","0","ผ่าน","A"
"2567","2024","สำนักงานตำรวจแห่งชาติ","กองบัญชาการตำรวจตระเวนชายแดน","กองบังคับการตำรวจตระเวนชายแดนภาค 1","กองกำกับการตำรวจตระเวนชายแดนที่ 13","3.4716","0","0","0","0","0","0","0","0","0","0","0","0","0","0","0","0","0","0","0","0","0","0","0","0","0","0","0","0","0","0","0","0","0","0","0","0","0","0","0","0","0","0","0","0","0","0","0","0","0","0","0","0","0","0","0","0","0","0","0","0","0","0","0","0","0","0","0","0","0","0","0","0","0","0","0","0","A","ผ่าน","0","0.333333","4","0","0","ผ่าน","A"
"2568","2025","สำนักงานตำรวจแห่งชาติ","กองบัญชาการตำรวจตระเวนชายแดน","กองบังคับการตำรวจตระเวนชายแดนภาค 1","กองกำกับการตำรวจตระเวนชายแดนที่ 13","4.4709","0","0","0","0","0","0","0","0","0","0","0","0","0","0","0","0","0","0","0","0","0","0","0","0","0","0","0","0","0","0","0","0","0","0","0","0","0","0","0","0","0","0","0","0","0","0","0","0","0","0","0","0","0","0","0","0","0","0","0","0","0","0","0","0","0","0","0","0","0","0","0","0","0","0","0","0","A","ผ่าน","0","0","5","0","0","ผ่าน","A"
"2563","2020","สำนักงานตำรวจแห่งชาติ","กองบัญชาการตำรวจตระเวนชายแดน","กองบังคับการตำรวจตระเวนชายแดนภาค 1","กองกำกับการตำรวจตระเวนชายแดนที่ 13","","","","","","","","","","","","","","","","","","","","","","","","","","","","","","","","","","","","","","","","","","","","","","","","","","","","","","","","","","","","","","","","","","","","","","","","","","","","","","","","","","0","0","0","ไม่ผ่าน","D"
"2564","2021","สำนักงานตำรวจแห่งชาติ","กองบัญชาการตำรวจตระเวนชายแดน","กองบังคับการตำรวจตระเวนชายแดนภาค 1","กองกำกับการตำรวจตระเวนชายแดนที่ 13","","0","0","0","0","0","0","0","0","0","0","0","0","0","0","0","0","0","0","0","0","0","0","0","0","0","0","0","0","0","0","0","0","0","0","0","0","0","0","0","0","0","0","0","0","0","0","0","0","0","0","0","0","0","1","1","1","1","1","1","1","1","1","1","1","1","1","1","1","1","1","1","1","1","1","1","22","D","ไม่ผ่าน","1","22","0","1","1","ผ่าน","A"
"2565","2022","สำนักงานตำรวจแห่งชาติ","กองบัญชาการตำรวจตระเวนชายแดน","กองบังคับการตำรวจตระเวนชายแดนภาค 1","กองกำกับการตำรวจตระเวนชายแดนที่ 13","","0","0","0","0","0","0","0","0","0","0","0","0","0","0","0","0","0","0","0","0","0","0","0","0","0","0","0","0","0","0","0","0","0","0","0","0","0","0","0","0","0","0","0","0","0","0","0","0","0","0","0","0","0","0","0","0","0","0","0","0","0","0","0","0","0","0","0","0","0","0","0","0","0","0","0","0","A","ผ่าน","0.5","11","1","0","1","ผ่าน","A"
"2566","2023","สำนักงานตำรวจแห่งชาติ","กองบัญชาการตำรวจตระเวนชายแดน","กองบังคับการตำรวจตระเวนชายแดนภาค 1","กองกำกับการตำรวจตระเวนชายแดนที่ 13","0.9281","0","0","0","0","0","0","0","0","0","0","0","0","0","0","0","0","0","0","0","0","0","0","0","0","0","0","0","0","0","0","0","0","0","0","0","0","0","0","0","0","0","0","0","0","0","0","0","0","0","0","0","0","0","0","0","0","0","0","0","0","0","0","0","0","0","0","0","0","0","0","0","0","0","0","0","0","A","ผ่าน","0","7.333333","2","0","1","ผ่าน","A"
"2567","2024","สำนักงานตำรวจแห่งชาติ","กองบัญชาการตำรวจตระเวนชายแดน","กองบังคับการตำรวจตระเวนชายแดนภาค 1","กองกำกับการตำรวจตระเวนชายแดนที่ 13","1.9302","0","0","0","0","0","0","0","0","0","0","0","0","0","0","0","0","0","0","0","0","0","0","0","0","0","0","0","0","0","0","0","0","0","0","0","0","0","0","0","0","0","0","0","0","0","0","0","0","0","0","0","0","0","0","0","0","0","0","0","0","0","0","0","0","0","0","0","0","0","0","0","0","0","0","0","0","A","ผ่าน","0","0","3","0","1","ผ่าน","A"
"2568","2025","สำนักงานตำรวจแห่งชาติ","กองบัญชาการตำรวจตระเวนชายแดน","กองบังคับการตำรวจตระเวนชายแดนภาค 1","กองกำกับการตำรวจตระเวนชายแดนที่ 13","2.9295","0","0","0","0","0","0","0","0","0","0","0","0","0","0","0","0","0","0","0","0","0","0","0","0","0","0","0","0","0","0","0","0","0","0","0","0","0","0","0","0","0","0","0","0","0","0","0","0","0","0","0","0","0","0","0","0","0","0","0","0","0","0","0","0","0","0","0","0","0","0","0","0","0","0","0","0","A","ผ่าน","0","0","4","0","1","ผ่าน","A"
"2563","2020","สำนักงานตำรวจแห่งชาติ","กองบัญชาการตำรวจตระเวนชายแดน","กองบังคับการตำรวจตระเวนชายแดนภาค 1","กองกำกับการตำรวจตระเวนชายแดนที่ 13","37.6099","","","","","","","","","","","","","","","","","","","","","","","","","","","","","","","","","","","","","","","","","","","","","","","","","","","","","","","","","","","","","","","","","","","","","","","","","","","","","","","","","0","0","0","ผ่าน","B"
"2564","2021","สำนักงานตำรวจแห่งชาติ","กองบัญชาการตำรวจตระเวนชายแดน","กองบังคับการตำรวจตระเวนชายแดนภาค 1","กองกำกับการตำรวจตระเวนชายแดนที่ 13","38.6092","0","0","0","0","0","1","0","0","0","0","0","0","0","0","0","0","0","0","0","0","0","0","0","0","0","0","0","0","0","0","0","0","0","0","0","0","0","0","0","0","0","0","0","0","0","0","0","0","0","0","0","0","0","0","0","0","0","0","0","0","0","0","0","0","0","0","0","0","0","0","0","0","0","0","0","1","B","ผ่าน","0","1","1","0","0","ผ่าน","B"
"2565","2022","สำนักงานตำรวจแห่งชาติ","กองบัญชาการตำรวจตระเวนชายแดน","กองบังคับการตำรวจตระเวนชายแดนภาค 1","กองกำกับการตำรวจตระเวนชายแดนที่ 13","39.6085","0","0","0","0","0","0","0","0","0","0","0","0","0","0","1","0","0","0","0","0","0","0","0","0","0","0","0","0","0","0","0","0","0","0","0","0","0","0","0","0","0","0","0","0","0","0","0","0","0","0","0","0","0","0","0","0","0","0","0","0","0","0","0","0","0","0","0","0","0","0","0","0","0","0","0","1","B","ผ่าน","0","1","2","0","0","ผ่าน","B"
"2566","2023","สำนักงานตำรวจแห่งชาติ","กองบัญชาการตำรวจตระเวนชายแดน","กองบังคับการตำรวจตระเวนชายแดนภาค 1","กองกำกับการตำรวจตระเวนชายแดนที่ 13","40.6078","0","0","0","0","0","0","0","0","0","0","0","1","0","0","1","0","0","0","0","0","0","0","0","0","0","0","0","0","0","0","0","0","0","0","0","0","0","0","0","0","0","0","0","0","0","0","0","0","0","0","0","0","0","0","0","1","0","0","0","0","0","0","0","0","0","0","0","0","0","0","0","0","0","0","0","3","B","ผ่าน","0","1.666667","3","0","0","ผ่าน","A"
"2567","2024","สำนักงานตำรวจแห่งชาติ","กองบัญชาการตำรวจตระเวนชายแดน","กองบังคับการตำรวจตระเวนชายแดนภาค 1","กองกำกับการตำรวจตระเวนชายแดนที่ 13","41.6099","0","0","0","0","0","0","0","0","0","0","0","0","0","0","0","0","0","0","0","0","0","0","0","0","0","0","0","0","0","0","0","0","0","0","0","0","0","0","0","0","0","0","0","0","0","0","0","0","0","0","0","0","0","0","0","0","0","0","0","0","0","0","0","0","0","0","0","0","0","0","0","0","0","0","0","0","A","ผ่าน","0","1.333333","4","0","0","ผ่าน","A"
"2568","2025","สำนักงานตำรวจแห่งชาติ","กองบัญชาการตำรวจตระเวนชายแดน","กองบังคับการตำรวจตระเวนชายแดนภาค 1","กองกำกับการตำรวจตระเวนชายแดนที่ 13","42.6092","0","0","0","0","0","0","0","0","0","0","0","0","0","0","0","0","0","0","0","0","0","0","0","0","0","0","0","0","0","0","0","0","0","0","0","0","0","0","0","0","0","0","0","0","0","0","0","0","0","0","0","0","0","0","0","0","0","0","0","0","0","0","0","0","0","0","0","0","0","0","0","0","0","0","0","0","A","ผ่าน","0","1","5","0","0","ผ่าน","A"
"2563","2020","สำนักงานตำรวจแห่งชาติ","กองบัญชาการตำรวจตระเวนชายแดน","กองบังคับการตำรวจตระเวนชายแดนภาค 1","กองกำกับการตำรวจตระเวนชายแดนที่ 13","","","","","","","","","","","","","","","","","","","","","","","","","","","","","","","","","","","","","","","","","","","","","","","","","","","","","","","","","","","","","","","","","","","","","","","","","","","","","","","","","","0","0","0","ผ่าน","A"
"2564","2021","สำนักงานตำรวจแห่งชาติ","กองบัญชาการตำรวจตระเวนชายแดน","กองบังคับการตำรวจตระเวนชายแดนภาค 1","กองกำกับการตำรวจตระเวนชายแดนที่ 13","","0","0","0","0","0","0","0","0","0","0","0","0","0","0","0","0","0","0","0","0","0","0","0","0","0","0","0","0","0","0","0","0","0","0","0","0","0","0","0","0","0","0","0","0","0","0","0","0","0","0","0","0","0","0","0","0","0","0","0","0","0","0","0","0","0","0","0","0","0","0","0","0","0","0","0","0","A","ผ่าน","0","0","1","0","0","ผ่าน","A"
"2565","2022","สำนักงานตำรวจแห่งชาติ","กองบัญชาการตำรวจตระเวนชายแดน","กองบังคับการตำรวจตระเวนชายแดนภาค 1","กองกำกับการตำรวจตระเวนชายแดนที่ 13","","0","0","0","0","0","0","0","0","0","0","0","0","0","0","0","0","0","0","0","0","0","0","0","0","0","0","0","0","0","0","0","0","0","0","0","0","0","0","0","0","0","0","0","0","0","0","0","0","0","0","0","0","0","0","0","0","0","0","0","0","0","0","0","0","0","0","0","0","0","0","0","0","0","0","0","0","A","ผ่าน","0","0","2","0","0","ผ่าน","A"
"2566","2023","สำนักงานตำรวจแห่งชาติ","กองบัญชาการตำรวจตระเวนชายแดน","กองบังคับการตำรวจตระเวนชายแดนภาค 1","กองกำกับการตำรวจตระเวนชายแดนที่ 13","","0","0","0","0","0","0","0","0","0","0","0","0","0","0","0","0","0","0","0","0","0","0","0","0","0","0","0","0","0","0","0","0","0","0","0","0","0","0","0","0","0","0","0","0","0","0","0","0","0","0","0","0","0","0","0","0","0","0","0","0","0","0","0","0","0","0","0","0","0","0","0","0","0","0","0","0","A","ผ่าน","0","0","3","0","0","ผ่าน","A"
"2567","2024","สำนักงานตำรวจแห่งชาติ","กองบัญชาการตำรวจตระเวนชายแดน","กองบังคับการตำรวจตระเวนชายแดนภาค 1","กองกำกับการตำรวจตระเวนชายแดนที่ 13","0.8022","0","0","0","0","0","0","0","0","0","0","0","0","0","0","0","0","0","0","0","0","0","0","0","0","0","0","0","0","0","0","0","0","0","0","0","0","0","0","0","0","0","0","0","0","0","0","0","0","0","0","0","0","0","0","0","0","0","0","0","0","0","0","0","0","0","0","0","0","0","0","0","0","0","0","0","0","A","ผ่าน","0","0","4","0","0","ผ่าน","A"
"2568","2025","สำนักงานตำรวจแห่งชาติ","กองบัญชาการตำรวจตระเวนชายแดน","กองบังคับการตำรวจตระเวนชายแดนภาค 1","กองกำกับการตำรวจตระเวนชายแดนที่ 13","1.8015","0","0","0","0","0","0","0","0","0","0","0","0","0","0","0","0","0","0","0","0","0","0","0","0","0","0","0","0","0","0","0","0","0","0","0","0","0","0","0","0","0","0","0","0","0","0","0","0","0","0","0","0","0","0","0","0","0","0","0","0","0","0","0","0","0","0","0","0","0","0","0","0","0","0","0","0","A","ผ่าน","0","0","5","0","0","ผ่าน","A"
"2563","2020","สำนักงานตำรวจแห่งชาติ","กองบัญชาการตำรวจตระเวนชายแดน","กองบังคับการตำรวจตระเวนชายแดนภาค 1","กองกำกับการตำรวจตระเวนชายแดนที่ 13","","","","","","","","","","","","","","","","","","","","","","","","","","","","","","","","","","","","","","","","","","","","","","","","","","","","","","","","","","","","","","","","","","","","","","","","","","","","","","","","","","0","0","0","ผ่าน","B"
"2564","2021","สำนักงานตำรวจแห่งชาติ","กองบัญชาการตำรวจตระเวนชายแดน","กองบังคับการตำรวจตระเวนชายแดนภาค 1","กองกำกับการตำรวจตระเวนชายแดนที่ 13","0.4873","0","0","0","0","1","1","0","0","0","0","0","0","0","0","0","0","0","0","0","0","0","0","0","0","0","0","0","0","0","0","0","0","0","0","0","0","0","0","0","0","0","0","0","0","0","0","0","0","0","0","0","0","0","0","0","0","0","0","0","0","0","0","0","0","0","0","0","0","0","0","0","0","0","0","0","2","B","ผ่าน","0","2","1","0","0","ผ่าน","B"
"2565","2022","สำนักงานตำรวจแห่งชาติ","กองบัญชาการตำรวจตระเวนชายแดน","กองบังคับการตำรวจตระเวนชายแดนภาค 1","กองกำกับการตำรวจตระเวนชายแดนที่ 13","1.4867","0","0","0","0","0","1","0","0","0","0","0","0","0","0","0","0","0","0","0","0","0","0","0","0","0","0","0","0","0","0","0","0","0","0","0","0","0","0","0","0","0","0","0","0","0","0","0","0","0","0","0","0","0","0","0","0","0","0","0","0","0","0","0","0","0","0","0","0","0","0","0","0","0","0","0","1","B","ผ่าน","0","1.5","2","0","0","ผ่าน","B"
"2566","2023","สำนักงานตำรวจแห่งชาติ","กองบัญชาการตำรวจตระเวนชายแดน","กองบังคับการตำรวจตระเวนชายแดนภาค 1","กองกำกับการตำรวจตระเวนชายแดนที่ 13","2.486","0","0","0","0","0","0","0","0","0","0","0","0","0","0","0","0","0","0","0","0","0","0","0","0","0","0","0","0","0","0","0","0","0","0","0","0","0","0","0","0","0","0","0","0","0","0","0","0","0","0","0","0","0","0","0","1","0","0","0","0","0","0","0","0","0","0","0","0","0","0","0","0","0","0","0","1","B","ผ่าน","0","1.333333","3","0","0","ผ่าน","A"
"2567","2024","สำนักงานตำรวจแห่งชาติ","กองบัญชาการตำรวจตระเวนชายแดน","กองบังคับการตำรวจตระเวนชายแดนภาค 1","กองกำกับการตำรวจตระเวนชายแดนที่ 13","3.488","0","0","0","0","0","0","0","0","0","0","0","0","0","0","0","0","0","0","0","0","0","0","0","0","0","0","0","0","0","0","0","0","0","0","0","0","0","0","0","0","0","0","0","0","0","0","0","0","0","0","0","0","0","0","0","0","0","0","0","0","0","0","0","0","0","0","0","0","0","0","0","0","0","0","0","0","A","ผ่าน","0","0.666667","4","0","0","ผ่าน","A"
"2568","2025","สำนักงานตำรวจแห่งชาติ","กองบัญชาการตำรวจตระเวนชายแดน","กองบังคับการตำรวจตระเวนชายแดนภาค 1","กองกำกับการตำรวจตระเวนชายแดนที่ 13","4.4873","0","0","0","0","0","0","0","0","0","0","0","0","0","0","0","0","0","0","0","0","0","0","0","0","0","0","0","0","0","0","0","0","0","0","0","0","0","0","0","0","0","0","0","0","0","0","0","0","0","0","0","0","0","0","0","0","0","0","0","0","0","0","0","0","0","0","0","0","0","0","0","0","0","0","0","0","A","ผ่าน","0","0.333333","5","0","0","ผ่าน","A"
"2563","2020","สำนักงานตำรวจแห่งชาติ","กองบัญชาการตำรวจตระเวนชายแดน","กองบังคับการตำรวจตระเวนชายแดนภาค 1","กองกำกับการตำรวจตระเวนชายแดนที่ 13","10.6256","","","","","","","","","","","","","","","","","","","","","","","","","","","","","","","","","","","","","","","","","","","","","","","","","","","","","","","","","","","","","","","","","","","","","","","","","","","","","","","","","0","0","0","ผ่าน","A"
"2564","2021","สำนักงานตำรวจแห่งชาติ","กองบัญชาการตำรวจตระเวนชายแดน","กองบังคับการตำรวจตระเวนชายแดนภาค 1","กองกำกับการตำรวจตระเวนชายแดนที่ 13","11.6249","0","0","0","0","0","0","0","0","0","0","0","0","0","0","0","0","0","0","0","0","0","0","0","0","0","0","0","0","0","0","0","0","0","0","0","0","0","0","0","0","0","0","0","0","0","0","0","0","0","0","0","0","0","0","0","0","0","0","0","0","0","0","0","0","0","0","0","0","0","0","0","0","0","0","0","0","A","ผ่าน","0","0","1","0","0","ผ่าน","A"
"2565","2022","สำนักงานตำรวจแห่งชาติ","กองบัญชาการตำรวจตระเวนชายแดน","กองบังคับการตำรวจตระเวนชายแดนภาค 1","กองกำกับการตำรวจตระเวนชายแดนที่ 13","12.6242","0","0","0","0","0","0","0","0","0","0","0","0","0","0","0","0","0","0","0","0","0","0","0","0","0","0","0","0","0","0","0","0","0","0","0","0","0","0","0","0","0","0","0","0","0","0","0","0","0","0","0","0","0","0","0","0","0","0","0","0","0","0","0","0","0","0","0","0","0","0","0","0","0","0","0","0","A","ผ่าน","0","0","2","0","0","ผ่าน","A"
"2566","2023","สำนักงานตำรวจแห่งชาติ","กองบัญชาการตำรวจตระเวนชายแดน","กองบังคับการตำรวจตระเวนชายแดนภาค 1","กองกำกับการตำรวจตระเวนชายแดนที่ 13","13.6235","0","0","0","0","0","0","0","0","0","0","0","0","0","0","0","0","0","0","0","0","0","0","0","0","0","0","0","0","0","0","0","0","0","0","0","0","0","0","0","0","0","0","0","0","0","0","0","0","0","0","0","0","0","0","0","0","0","0","0","0","0","0","0","0","0","0","0","0","0","0","0","0","0","0","0","0","A","ผ่าน","0","0","3","0","0","ผ่าน","A"
"2567","2024","สำนักงานตำรวจแห่งชาติ","กองบัญชาการตำรวจตระเวนชายแดน","กองบังคับการตำรวจตระเวนชายแดนภาค 1","กองกำกับการตำรวจตระเวนชายแดนที่ 13","14.6256","0","0","0","0","0","0","0","0","0","0","0","0","0","0","0","0","0","0","0","0","0","0","0","0","0","0","0","0","0","0","0","0","0","0","0","0","0","0","0","0","0","0","0","0","0","0","0","0","0","0","0","0","0","0","0","0","0","0","0","0","0","0","0","0","0","0","0","0","0","0","0","0","0","0","0","0","A","ผ่าน","0","0","4","0","0","ผ่าน","A"
"2568","2025","สำนักงานตำรวจแห่งชาติ","กองบัญชาการตำรวจตระเวนชายแดน","กองบังคับการตำรวจตระเวนชายแดนภาค 1","กองกำกับการตำรวจตระเวนชายแดนที่ 13","15.6249","0","0","0","0","0","0","0","0","0","0","0","0","0","0","0","0","0","0","0","0","0","0","0","0","0","0","0","0","0","0","0","0","0","0","0","0","0","0","0","0","0","0","0","0","0","0","0","0","0","0","0","0","0","0","0","0","0","0","0","0","0","0","0","0","0","0","0","0","0","0","0","0","0","0","0","0","A","ผ่าน","0","0","5","0","0","ผ่าน","B"
"2563","2020","สำนักงานตำรวจแห่งชาติ","กองบัญชาการตำรวจตระเวนชายแดน","กองบังคับการตำรวจตระเวนชายแดนภาค 1","กองกำกับการตำรวจตระเวนชายแดนที่ 13","3.6304","","","","","","","","","","","","","","","","","","","","","","","","","","","","","","","","","","","","","","","","","","","","","","","","","","","","","","","","","","","","","","","","","","","","","","","","","","","","","","","","","0","0","0","ผ่าน","A"
"2564","2021","สำนักงานตำรวจแห่งชาติ","กองบัญชาการตำรวจตระเวนชายแดน","กองบังคับการตำรวจตระเวนชายแดนภาค 1","กองกำกับการตำรวจตระเวนชายแดนที่ 13","4.6297","0","0","0","0","0","0","0","0","0","0","0","0","0","0","0","0","0","0","0","0","0","0","0","0","0","0","0","0","0","0","0","0","0","0","0","0","0","0","0","0","0","0","0","0","0","0","0","0","0","0","0","0","0","0","0","0","0","0","0","0","0","0","0","0","0","0","0","0","0","0","0","0","0","0","0","0","A","ผ่าน","0","0","1","0","0","ผ่าน","B"
"2565","2022","สำนักงานตำรวจแห่งชาติ","กองบัญชาการตำรวจตระเวนชายแดน","กองบังคับการตำรวจตระเวนชายแดนภาค 1","กองกำกับการตำรวจตระเวนชายแดนที่ 13","5.629","0","0","0","0","0","0","0","1","0","0","0","0","0","0","0","0","0","0","0","0","0","0","0","0","0","1","0","0","0","0","0","0","0","0","0","0","0","0","0","0","0","0","0","0","0","0","0","0","0","0","0","0","0","0","0","0","0","0","0","0","0","0","0","0","0","0","0","0","0","0","0","0","0","0","0","2","B","ผ่าน","0","1","2","0","0","ผ่าน","A"
"2566","2023","สำนักงานตำรวจแห่งชาติ","กองบัญชาการตำรวจตระเวนชายแดน","กองบังคับการตำรวจตระเวนชายแดนภาค 1","กองกำกับการตำรวจตระเวนชายแดนที่ 13","6.6283","0","0","0","0","0","0","0","0","0","0","0","0","0","0","0","0","0","0","0","0","0","0","0","0","0","0","0","0","0","0","0","0","0","0","0","0","0","0","0","0","0","0","0","0","0","0","0","0","0","0","0","0","0","0","0","0","0","0","0","0","0","0","0","0","0","0","0","0","0","0","0","0","0","0","0","0","A","ผ่าน","0","0.666667","3","0","0","ผ่าน","A"
"2567","2024","สำนักงานตำรวจแห่งชาติ","กองบัญชาการตำรวจตระเวนชายแดน","กองบังคับการตำรวจตระเวนชายแดนภาค 1","กองกำกับการตำรวจตระเวนชายแดนที่ 13","7.6304","0","0","0","0","0","0","0","0","0","0","0","0","0","0","0","0","0","0","0","0","0","0","0","0","0","0","0","0","0","0","0","0","0","0","0","0","0","0","0","0","0","0","0","0","0","0","0","0","0","0","0","0","0","0","0","0","0","0","0","0","0","0","0","0","0","0","0","0","0","0","0","0","0","0","0","0","A","ผ่าน","0","0.666667","4","0","0","ผ่าน","A"
"2568","2025","สำนักงานตำรวจแห่งชาติ","กองบัญชาการตำรวจตระเวนชายแดน","กองบังคับการตำรวจตระเวนชายแดนภาค 1","กองกำกับการตำรวจตระเวนชายแดนที่ 13","8.6297","0","0","0","0","0","0","0","0","0","0","0","0","0","0","0","0","0","0","0","0","0","0","0","0","0","0","0","0","0","0","0","0","0","0","0","0","0","0","0","0","0","0","0","0","0","0","0","0","0","0","0","0","0","0","0","0","0","0","0","0","0","0","0","0","0","0","0","0","0","0","0","0","0","0","0","0","A","ผ่าน","0","0","5","0","0","ผ่าน","A"
"2563","2020","สำนักงานตำรวจแห่งชาติ","กองบัญชาการตำรวจตระเวนชายแดน","กองบังคับการตำรวจตระเวนชายแดนภาค 1","กองกำกับการตำรวจตระเวนชายแดนที่ 13","","","","","","","","","","","","","","","","","","","","","","","","","","","","","","","","","","","","","","","","","","","","","","","","","","","","","","","","","","","","","","","","","","","","","","","","","","","","","","","","","","0","0","0","ผ่าน","A"
"2564","2021","สำนักงานตำรวจแห่งชาติ","กองบัญชาการตำรวจตระเวนชายแดน","กองบังคับการตำรวจตระเวนชายแดนภาค 1","กองกำกับการตำรวจตระเวนชายแดนที่ 13","","0","0","0","0","0","0","0","0","0","0","0","0","0","0","0","0","0","0","0","0","0","0","0","0","0","0","0","0","0","0","0","0","0","0","0","0","0","0","0","0","0","0","0","0","0","0","0","0","0","0","0","0","0","0","0","0","0","0","0","0","0","0","0","0","0","0","0","0","0","0","0","0","0","0","0","0","A","ผ่าน","0","0","1","0","0","ผ่าน","B"
"2565","2022","สำนักงานตำรวจแห่งชาติ","กองบัญชาการตำรวจตระเวนชายแดน","กองบังคับการตำรวจตระเวนชายแดนภาค 1","กองกำกับการตำรวจตระเวนชายแดนที่ 13","","0","0","0","0","0","1","0","0","0","0","0","1","0","0","0","0","0","0","0","0","0","0","0","1","0","0","0","0","0","0","0","0","0","0","0","0","0","0","0","0","0","0","0","0","0","0","0","0","0","0","0","0","0","0","0","1","0","0","0","0","0","0","0","0","0","0","0","0","0","0","0","0","0","0","0","4","B","ผ่าน","0","2","2","0","0","ผ่าน","B"
"2566","2023","สำนักงานตำรวจแห่งชาติ","กองบัญชาการตำรวจตระเวนชายแดน","กองบังคับการตำรวจตระเวนชายแดนภาค 1","กองกำกับการตำรวจตระเวนชายแดนที่ 13","","0","0","0","0","1","0","0","0","0","0","0","0","0","0","0","0","0","0","0","0","0","0","0","0","0","0","0","0","0","0","0","0","0","0","0","0","0","0","0","0","0","0","0","0","0","0","0","0","0","0","0","0","0","0","0","1","0","0","0","0","0","0","0","0","0","0","0","0","0","0","0","0","0","0","0","2","B","ผ่าน","0","2","3","0","0","ผ่าน","B"
"2567","2024","สำนักงานตำรวจแห่งชาติ","กองบัญชาการตำรวจตระเวนชายแดน","กองบังคับการตำรวจตระเวนชายแดนภาค 1","กองกำกับการตำรวจตระเวนชายแดนที่ 13","","0","0","0","0","0","0","0","0","0","0","0","0","0","0","0","0","0","0","0","0","0","0","0","0","0","0","0","0","0","0","0","0","0","0","0","0","0","0","0","0","0","0","0","0","0","0","0","0","0","0","0","0","0","0","0","1","0","0","0","0","0","0","0","1","0","0","0","0","0","0","0","0","0","0","0","2","B","ผ่าน","0","2.666667","4","0","0","ผ่าน","A"
"2568","2025","สำนักงานตำรวจแห่งชาติ","กองบัญชาการตำรวจตระเวนชายแดน","กองบังคับการตำรวจตระเวนชายแดนภาค 1","กองกำกับการตำรวจตระเวนชายแดนที่ 13","","0","0","0","0","0","0","0","0","0","0","0","0","0","0","0","0","0","0","0","0","0","0","0","0","0","0","0","0","0","0","0","0","0","0","0","0","0","0","0","0","0","0","0","0","0","0","0","0","0","0","0","0","0","0","0","0","0","0","0","0","0","0","0","0","0","0","0","0","0","0","0","0","0","0","0","0","A","ผ่าน","0","1.333333","5","0","0","ผ่าน","A"
"2563","2020","สำนักงานตำรวจแห่งชาติ","กองบัญชาการตำรวจตระเวนชายแดน","กองบังคับการตำรวจตระเวนชายแดนภาค 1","กองกำกับการตำรวจตระเวนชายแดนที่ 13","","","","","","","","","","","","","","","","","","","","","","","","","","","","","","","","","","","","","","","","","","","","","","","","","","","","","","","","","","","","","","","","","","","","","","","","","","","","","","","","","","0","0","0","ผ่าน","B"
"2564","2021","สำนักงานตำรวจแห่งชาติ","กองบัญชาการตำรวจตระเวนชายแดน","กองบังคับการตำรวจตระเวนชายแดนภาค 1","กองกำกับการตำรวจตระเวนชายแดนที่ 13","","0","0","0","0","0","0","0","0","0","1","0","0","0","0","0","0","0","0","0","0","0","0","0","0","0","0","0","0","0","0","0","0","0","0","0","0","0","0","0","0","0","0","0","0","0","0","0","0","0","0","0","0","0","0","0","0","0","0","1","0","0","0","0","0","0","0","0","0","0","0","0","0","0","0","0","2","B","ผ่าน","0","2","1","0","0","ไม่ผ่าน","D"
"2565","2022","สำนักงานตำรวจแห่งชาติ","กองบัญชาการตำรวจตระเวนชายแดน","กองบังคับการตำรวจตระเวนชายแดนภาค 1","กองกำกับการตำรวจตระเวนชายแดนที่ 13","","1","1","1","1","1","1","1","1","1","1","1","1","1","1","1","1","1","1","1","1","1","1","1","1","1","1","1","1","1","1","1","1","1","1","1","1","1","1","1","1","1","1","1","1","1","1","0","0","0","0","0","0","0","1","1","1","1","1","1","1","1","1","1","1","1","1","1","1","1","1","1","1","1","1","1","68","D","ไม่ผ่าน","0.5","35","0","1","1","ผ่าน","B"
"2566","2023","สำนักงานตำรวจแห่งชาติ","กองบัญชาการตำรวจตระเวนชายแดน","กองบังคับการตำรวจตระเวนชายแดนภาค 1","กองกำกับการตำรวจตระเวนชายแดนที่ 13","","0","0","0","0","0","0","0","0","0","0","0","0","0","0","0","0","0","0","0","0","0","0","0","0","0","0","0","0","0","0","0","0","0","0","0","0","0","0","0","0","0","0","0","0","0","0","0","0","0","0","0","0","0","0","0","0","0","0","0","0","0","0","0","1","0","0","0","0","0","0","0","0","0","0","0","1","B","ผ่าน","0.5","23.666667","1","0","1","ผ่าน","A"
"2567","2024","สำนักงานตำรวจแห่งชาติ","กองบัญชาการตำรวจตระเวนชายแดน","กองบังคับการตำรวจตระเวนชายแดนภาค 1","กองกำกับการตำรวจตระเวนชายแดนที่ 13","","0","0","0","0","0","0","0","0","0","0","0","0","0","0","0","0","0","0","0","0","0","0","0","0","0","0","0","0","0","0","0","0","0","0","0","0","0","0","0","0","0","0","0","0","0","0","0","0","0","0","0","0","0","0","0","0","0","0","0","0","0","0","0","0","0","0","0","0","0","0","0","0","0","0","0","0","A","ผ่าน","0","23","2","0","1","ผ่าน","A"
"2568","2025","สำนักงานตำรวจแห่งชาติ","กองบัญชาการตำรวจตระเวนชายแดน","กองบังคับการตำรวจตระเวนชายแดนภาค 1","กองกำกับการตำรวจตระเวนชายแดนที่ 13","","0","0","0","0","0","0","0","0","0","0","0","0","0","0","0","0","0","0","0","0","0","0","0","0","0","0","0","0","0","0","0","0","0","0","0","0","0","0","0","0","0","0","0","0","0","0","0","0","0","0","0","0","0","0","0","0","0","0","0","0","0","0","0","0","0","0","0","0","0","0","0","0","0","0","0","0","A","ผ่าน","0","0.333333","3","0","1","ผ่าน","A"
"2563","2020","สำนักงานตำรวจแห่งชาติ","กองบัญชาการตำรวจตระเวนชายแดน","กองบังคับการตำรวจตระเวนชายแดนภาค 1","กองกำกับการตำรวจตระเวนชายแดนที่ 13","6.8501","","","","","","","","","","","","","","","","","","","","","","","","","","","","","","","","","","","","","","","","","","","","","","","","","","","","","","","","","","","","","","","","","","","","","","","","","","","","","","","","","0","0","0","ผ่าน","A"
"2565","2022","สำนักงานตำรวจแห่งชาติ","กองบัญชาการตำรวจตระเวนชายแดน","กองบังคับการตำรวจตระเวนชายแดนภาค 1","กองกำกับการตำรวจตระเวนชายแดนที่ 13","8.8487","","","","","","","","","","","","","","","","","","","","","","","","","","","","","","","","","","","","","","","","","","","","","","","","","","","","","","","","","","","","","","","","","","","","","","","","","","","","","","","0","0","0","0","0","ผ่าน","A"
"2566","2023","สำนักงานตำรวจแห่งชาติ","กองบัญชาการตำรวจตระเวนชายแดน","กองบังคับการตำรวจตระเวนชายแดนภาค 1","กองกำกับการตำรวจตระเวนชายแดนที่ 13","9.848","0","0","0","0","0","0","0","0","0","0","0","0","0","0","0","0","0","0","0","0","0","0","0","0","0","0","0","0","0","0","0","0","0","0","0","0","0","0","0","0","0","0","0","0","0","0","0","0","0","0","0","0","0","0","0","0","0","0","0","0","0","0","0","0","0","0","0","0","0","0","0","0","0","0","0","0","A","ผ่าน","0","0","1","0","0","ผ่าน","B"
"2567","2024","สำนักงานตำรวจแห่งชาติ","กองบัญชาการตำรวจตระเวนชายแดน","กองบังคับการตำรวจตระเวนชายแดนภาค 1","กองกำกับการตำรวจตระเวนชายแดนที่ 13","10.8501","0","0","0","0","0","0","0","0","0","0","0","0","0","0","0","0","0","0","0","0","0","0","0","0","0","0","0","0","0","0","0","0","0","0","0","0","0","0","0","0","0","0","0","0","0","0","0","0","0","0","0","0","0","0","0","1","0","0","0","0","0","0","0","0","0","0","0","0","0","0","0","0","0","0","0","1","B","ผ่าน","0","0.5","2","0","0","ผ่าน","A"
"2568","2025","สำนักงานตำรวจแห่งชาติ","กองบัญชาการตำรวจตระเวนชายแดน","กองบังคับการตำรวจตระเวนชายแดนภาค 1","กองกำกับการตำรวจตระเวนชายแดนที่ 13","11.8494","0","0","0","0","0","0","0","0","0","0","0","0","0","0","0","0","0","0","0","0","0","0","0","0","0","0","0","0","0","0","0","0","0","0","0","0","0","0","0","0","0","0","0","0","0","0","0","0","0","0","0","0","0","0","0","0","0","0","0","0","0","0","0","0","0","0","0","0","0","0","0","0","0","0","0","0","A","ผ่าน","0","0.333333","3","0","0","ผ่าน","A"
"2563","2020","สำนักงานตำรวจแห่งชาติ","กองบัญชาการตำรวจตระเวนชายแดน","กองบังคับการตำรวจตระเวนชายแดนภาค 1","กองกำกับการตำรวจตระเวนชายแดนที่ 13","50.3491","","","","","","","","","","","","","","","","","","","","","","","","","","","","","","","","","","","","","","","","","","","","","","","","","","","","","","","","","","","","","","","","","","","","","","","","","","","","","","","","","0","0","0","ผ่าน","A"
"2564","2021","สำนักงานตำรวจแห่งชาติ","กองบัญชาการตำรวจตระเวนชายแดน","กองบังคับการตำรวจตระเวนชายแดนภาค 1","กองกำกับการตำรวจตระเวนชายแดนที่ 13","51.3484","0","0","0","0","0","0","0","0","0","0","0","0","0","0","0","0","0","0","0","0","0","0","0","0","0","0","0","0","0","0","0","0","0","0","0","0","0","0","0","0","0","0","0","0","0","0","0","0","0","0","0","0","0","0","0","0","0","0","0","0","0","0","0","0","0","0","0","0","0","0","0","0","0","0","0","0","A","ผ่าน","0","0","1","0","0","ผ่าน","A"
"2565","2022","สำนักงานตำรวจแห่งชาติ","กองบัญชาการตำรวจตระเวนชายแดน","กองบังคับการตำรวจตระเวนชายแดนภาค 1","กองกำกับการตำรวจตระเวนชายแดนที่ 13","52.3477","0","0","0","0","0","0","0","0","0","0","0","0","0","0","0","0","0","0","0","0","0","0","0","0","0","0","0","0","0","0","0","0","0","0","0","0","0","0","0","0","0","0","0","0","0","0","0","0","0","0","0","0","0","0","0","0","0","0","0","0","0","0","0","0","0","0","0","0","0","0","0","0","0","0","0","0","A","ผ่าน","0","0","2","0","0","ผ่าน","A"
"2566","2023","สำนักงานตำรวจแห่งชาติ","กองบัญชาการตำรวจตระเวนชายแดน","กองบังคับการตำรวจตระเวนชายแดนภาค 1","กองกำกับการตำรวจตระเวนชายแดนที่ 13","53.347","0","0","0","0","0","0","0","0","0","0","0","0","0","0","0","0","0","0","0","0","0","0","0","0","0","0","0","0","0","0","0","0","0","0","0","0","0","0","0","0","0","0","0","0","0","0","0","0","0","0","0","0","0","0","0","0","0","0","0","0","0","0","0","0","0","0","0","0","0","0","0","0","0","0","0","0","A","ผ่าน","0","0","3","0","0","ผ่าน","A"
"2567","2024","สำนักงานตำรวจแห่งชาติ","กองบัญชาการตำรวจตระเวนชายแดน","กองบังคับการตำรวจตระเวนชายแดนภาค 1","กองกำกับการตำรวจตระเวนชายแดนที่ 13","54.3491","0","0","0","0","0","0","0","0","0","0","0","0","0","0","0","0","0","0","0","0","0","0","0","0","0","0","0","0","0","0","0","0","0","0","0","0","0","0","0","0","0","0","0","0","0","0","0","0","0","0","0","0","0","0","0","0","0","0","0","0","0","0","0","0","0","0","0","0","0","0","0","0","0","0","0","0","A","ผ่าน","0","0","4","0","0","ผ่าน","A"
"2568","2025","สำนักงานตำรวจแห่งชาติ","กองบัญชาการตำรวจตระเวนชายแดน","กองบังคับการตำรวจตระเวนชายแดนภาค 1","กองกำกับการตำรวจตระเวนชายแดนที่ 13","55.3484","0","0","0","0","0","0","0","0","0","0","0","0","0","0","0","0","0","0","0","0","0","0","0","0","0","0","0","0","0","0","0","0","0","0","0","0","0","0","0","0","0","0","0","0","0","0","0","0","0","0","0","0","0","0","0","0","0","0","0","0","0","0","0","0","0","0","0","0","0","0","0","0","0","0","0","0","A","ผ่าน","0","0","5","0","0","ผ่าน","A"
"2563","2020","สำนักงานตำรวจแห่งชาติ","กองบัญชาการตำรวจตระเวนชายแดน","กองบังคับการตำรวจตระเวนชายแดนภาค 1","กองกำกับการตำรวจตระเวนชายแดนที่ 13","","","","","","","","","","","","","","","","","","","","","","","","","","","","","","","","","","","","","","","","","","","","","","","","","","","","","","","","","","","","","","","","","","","","","","","","","","","","","","","","","","0","0","0","ผ่าน","A"
"2565","2022","สำนักงานตำรวจแห่งชาติ","กองบัญชาการตำรวจตระเวนชายแดน","กองบังคับการตำรวจตระเวนชายแดนภาค 1","กองกำกับการตำรวจตระเวนชายแดนที่ 13","1.4675","","","","","","","","","","","","","","","","","","","","","","","","","","","","","","","","","","","","","","","","","","","","","","","","","","","","","","","","","","","","","","","","","","","","","","","","","","","","","","","0","0","0","0","0","ผ่าน","A"
"2566","2023","สำนักงานตำรวจแห่งชาติ","กองบัญชาการตำรวจตระเวนชายแดน","กองบังคับการตำรวจตระเวนชายแดนภาค 1","กองกำกับการตำรวจตระเวนชายแดนที่ 13","2.4668","0","0","0","0","0","0","0","0","0","0","0","0","0","0","0","0","0","0","0","0","0","0","0","0","0","0","0","0","0","0","0","0","0","0","0","0","0","0","0","0","0","0","0","0","0","0","0","0","0","0","0","0","0","0","0","0","0","0","0","0","0","0","0","0","0","0","0","0","0","0","0","0","0","0","0","0","A","ผ่าน","0","0","1","0","0","ผ่าน","A"
"2567","2024","สำนักงานตำรวจแห่งชาติ","กองบัญชาการตำรวจตระเวนชายแดน","กองบังคับการตำรวจตระเวนชายแดนภาค 1","กองกำกับการตำรวจตระเวนชายแดนที่ 13","3.4689","0","0","0","0","0","0","0","0","0","0","0","0","0","0","0","0","0","0","0","0","0","0","0","0","0","0","0","0","0","0","0","0","0","0","0","0","0","0","0","0","0","0","0","0","0","0","0","0","0","0","0","0","0","0","0","0","0","0","0","0","0","0","0","0","0","0","0","0","0","0","0","0","0","0","0","0","A","ผ่าน","0","0","2","0","0","ผ่าน","A"
"2568","2025","สำนักงานตำรวจแห่งชาติ","กองบัญชาการตำรวจตระเวนชายแดน","กองบังคับการตำรวจตระเวนชายแดนภาค 1","กองกำกับการตำรวจตระเวนชายแดนที่ 13","4.4682","0","0","0","0","0","0","0","0","0","0","0","0","0","0","0","0","0","0","0","0","0","0","0","0","0","0","0","0","0","0","0","0","0","0","0","0","0","0","0","0","0","0","0","0","0","0","0","0","0","0","0","0","0","0","0","0","0","0","0","0","0","0","0","0","0","0","0","0","0","0","0","0","0","0","0","0","A","ผ่าน","0","0","3","0","0","ผ่าน","A"
"2563","2020","สำนักงานตำรวจแห่งชาติ","กองบัญชาการตำรวจตระเวนชายแดน","กองบังคับการตำรวจตระเวนชายแดนภาค 1","กองกำกับการตำรวจตระเวนชายแดนที่ 13","","","","","","","","","","","","","","","","","","","","","","","","","","","","","","","","","","","","","","","","","","","","","","","","","","","","","","","","","","","","","","","","","","","","","","","","","","","","","","","","","","0","0","0","ผ่าน","B"
"2564","2021","สำนักงานตำรวจแห่งชาติ","กองบัญชาการตำรวจตระเวนชายแดน","กองบังคับการตำรวจตระเวนชายแดนภาค 1","กองกำกับการตำรวจตระเวนชายแดนที่ 13","0.4627","0","0","0","0","0","0","0","0","0","0","0","0","0","0","1","0","0","0","0","0","0","0","0","0","0","0","0","0","0","0","0","0","0","0","0","0","0","0","0","0","0","0","0","0","0","0","0","0","0","0","0","0","0","0","0","0","0","0","0","0","0","0","0","0","0","0","0","0","0","0","0","0","0","0","0","1","B","ผ่าน","0","1","1","0","0","ผ่าน","C"
"2565","2022","สำนักงานตำรวจแห่งชาติ","กองบัญชาการตำรวจตระเวนชายแดน","กองบังคับการตำรวจตระเวนชายแดนภาค 1","กองกำกับการตำรวจตระเวนชายแดนที่ 13","1.462","0","0","0","0","0","0","0","0","0","0","0","1","0","0","1","0","0","0","0","0","0","0","0","0","0","0","0","0","0","0","0","0","0","0","0","0","0","0","0","0","0","0","0","0","0","0","0","0","0","0","0","0","0","1","0","1","0","0","1","0","0","0","0","0","1","0","1","1","0","0","0","0","0","0","0","8","C","ผ่าน","0","4.5","2","0","0","ผ่าน","A"
"2566","2023","สำนักงานตำรวจแห่งชาติ","กองบัญชาการตำรวจตระเวนชายแดน","กองบังคับการตำรวจตระเวนชายแดนภาค 1","กองกำกับการตำรวจตระเวนชายแดนที่ 13","2.4613","0","0","0","0","0","0","0","0","0","0","0","0","0","0","0","0","0","0","0","0","0","0","0","0","0","0","0","0","0","0","0","0","0","0","0","0","0","0","0","0","0","0","0","0","0","0","0","0","0","0","0","0","0","0","0","0","0","0","0","0","0","0","0","0","0","0","0","0","0","0","0","0","0","0","0","0","A","ผ่าน","0","3","3","0","0","ผ่าน","A"
"2567","2024","สำนักงานตำรวจแห่งชาติ","กองบัญชาการตำรวจตระเวนชายแดน","กองบังคับการตำรวจตระเวนชายแดนภาค 1","กองกำกับการตำรวจตระเวนชายแดนที่ 13","3.4634","0","0","0","0","0","0","0","0","0","0","0","0","0","0","0","0","0","0","0","0","0","0","0","0","0","0","0","0","0","0","0","0","0","0","0","0","0","0","0","0","0","0","0","0","0","0","0","0","0","0","0","0","0","0","0","0","0","0","0","0","0","0","0","0","0","0","0","0","0","0","0","0","0","0","0","0","A","ผ่าน","0","2.666667","4","0","0","ผ่าน","A"
"2568","2025","สำนักงานตำรวจแห่งชาติ","กองบัญชาการตำรวจตระเวนชายแดน","กองบังคับการตำรวจตระเวนชายแดนภาค 1","กองกำกับการตำรวจตระเวนชายแดนที่ 13","4.4627","0","0","0","0","0","0","0","0","0","0","0","0","0","0","0","0","0","0","0","0","0","0","0","0","0","0","0","0","0","0","0","0","0","0","0","0","0","0","0","0","0","0","0","0","0","0","0","0","0","0","0","0","0","0","0","0","0","0","0","0","0","0","0","0","0","0","0","0","0","0","0","0","0","0","0","0","A","ผ่าน","0","0","5","0","0","ผ่าน","A"
"2563","2020","สำนักงานตำรวจแห่งชาติ","กองบัญชาการตำรวจตระเวนชายแดน","กองบังคับการตำรวจตระเวนชายแดนภาค 1","กองกำกับการตำรวจตระเวนชายแดนที่ 13","23.6194","","","","","","","","","","","","","","","","","","","","","","","","","","","","","","","","","","","","","","","","","","","","","","","","","","","","","","","","","","","","","","","","","","","","","","","","","","","","","","","","","0","0","0","ผ่าน","A"
"2564","2021","สำนักงานตำรวจแห่งชาติ","กองบัญชาการตำรวจตระเวนชายแดน","กองบังคับการตำรวจตระเวนชายแดนภาค 1","กองกำกับการตำรวจตระเวนชายแดนที่ 13","24.6188","0","0","0","0","0","0","0","0","0","0","0","0","0","0","0","0","0","0","0","0","0","0","0","0","0","0","0","0","0","0","0","0","0","0","0","0","0","0","0","0","0","0","0","0","0","0","0","0","0","0","0","0","0","0","0","0","0","0","0","0","0","0","0","0","0","0","0","0","0","0","0","0","0","0","0","0","A","ผ่าน","0","0","1","0","0","ผ่าน","B"
"2565","2022","สำนักงานตำรวจแห่งชาติ","กองบัญชาการตำรวจตระเวนชายแดน","กองบังคับการตำรวจตระเวนชายแดนภาค 1","กองกำกับการตำรวจตระเวนชายแดนที่ 13","25.6181","0","0","0","0","0","0","0","0","0","0","0","0","0","0","0","0","0","0","0","0","0","0","0","0","0","0","0","0","0","0","0","0","0","0","0","0","0","0","0","0","0","0","0","0","0","0","0","0","0","0","0","0","0","0","0","1","0","0","0","0","0","0","0","0","0","0","0","1","1","0","1","0","0","0","0","4","B","ผ่าน","0","2","2","0","0","ผ่าน","B"
"2566","2023","สำนักงานตำรวจแห่งชาติ","กองบัญชาการตำรวจตระเวนชายแดน","กองบังคับการตำรวจตระเวนชายแดนภาค 1","กองกำกับการตำรวจตระเวนชายแดนที่ 13","26.6174","0","0","0","0","0","0","0","0","0","0","0","0","0","0","0","0","0","0","0","0","0","0","0","0","0","0","0","0","0","0","0","0","0","0","0","0","0","0","0","0","0","0","0","0","0","0","0","0","0","0","0","0","0","0","0","0","0","0","0","0","0","0","0","0","0","0","0","1","0","0","1","0","0","0","0","2","B","ผ่าน","0","2","3","0","0","ผ่าน","B"
"2567","2024","สำนักงานตำรวจแห่งชาติ","กองบัญชาการตำรวจตระเวนชายแดน","กองบังคับการตำรวจตระเวนชายแดนภาค 1","กองกำกับการตำรวจตระเวนชายแดนที่ 13","27.6194","0","0","0","0","0","0","0","0","0","0","0","0","0","0","0","0","0","0","0","0","0","0","0","0","0","0","0","0","0","0","0","0","0","0","0","0","0","0","0","0","0","0","0","0","0","0","0","0","0","0","0","0","0","0","0","0","0","0","0","0","0","0","0","0","0","0","0","0","0","0","1","0","0","0","0","1","B","ผ่าน","0","2.333333","4","0","0","ผ่าน","A"
"2568","2025","สำนักงานตำรวจแห่งชาติ","กองบัญชาการตำรวจตระเวนชายแดน","กองบังคับการตำรวจตระเวนชายแดนภาค 1","กองกำกับการตำรวจตระเวนชายแดนที่ 13","28.6188","0","0","0","0","0","0","0","0","0","0","0","0","0","0","0","0","0","0","0","0","0","0","0","0","0","0","0","0","0","0","0","0","0","0","0","0","0","0","0","0","0","0","0","0","0","0","0","0","0","0","0","0","0","0","0","0","0","0","0","0","0","0","0","0","0","0","0","0","0","0","0","0","0","0","0","0","A","ผ่าน","0","1","5","0","0","ผ่าน","A"
"2563","2020","สำนักงานตำรวจแห่งชาติ","กองบัญชาการตำรวจตระเวนชายแดน","กองบังคับการตำรวจตระเวนชายแดนภาค 1","กองกำกับการตำรวจตระเวนชายแดนที่ 13","","","","","","","","","","","","","","","","","","","","","","","","","","","","","","","","","","","","","","","","","","","","","","","","","","","","","","","","","","","","","","","","","","","","","","","","","","","","","","","","","","0","0","0","ผ่าน","A"
"2564","2021","สำนักงานตำรวจแห่งชาติ","กองบัญชาการตำรวจตระเวนชายแดน","กองบังคับการตำรวจตระเวนชายแดนภาค 1","กองกำกับการตำรวจตระเวนชายแดนที่ 13","","0","0","0","0","0","0","0","0","0","0","0","0","0","0","0","0","0","0","0","0","0","0","0","0","0","0","0","0","0","0","0","0","0","0","0","0","0","0","0","0","0","0","0","0","0","0","0","0","0","0","0","0","0","0","0","0","0","0","0","0","0","0","0","0","0","0","0","0","0","0","0","0","0","0","0","0","A","ผ่าน","0","0","1","0","0","ผ่าน","B"
"2565","2022","สำนักงานตำรวจแห่งชาติ","กองบัญชาการตำรวจตระเวนชายแดน","กองบังคับการตำรวจตระเวนชายแดนภาค 1","กองกำกับการตำรวจตระเวนชายแดนที่ 13","","0","0","0","0","0","0","0","0","0","0","0","0","0","0","0","0","0","0","0","0","0","0","0","0","0","0","0","0","0","0","0","0","0","0","0","0","0","0","0","0","0","0","0","0","0","0","0","0","0","0","0","0","0","0","0","0","0","0","0","0","0","0","0","0","0","0","0","0","1","0","1","0","0","0","0","2","B","ผ่าน","0","1","2","0","0","ผ่าน","A"
"2566","2023","สำนักงานตำรวจแห่งชาติ","กองบัญชาการตำรวจตระเวนชายแดน","กองบังคับการตำรวจตระเวนชายแดนภาค 1","กองกำกับการตำรวจตระเวนชายแดนที่ 13","","0","0","0","0","0","0","0","0","0","0","0","0","0","0","0","0","0","0","0","0","0","0","0","0","0","0","0","0","0","0","0","0","0","0","0","0","0","0","0","0","0","0","0","0","0","0","0","0","0","0","0","0","0","0","0","0","0","0","0","0","0","0","0","0","0","0","0","0","0","0","0","0","0","0","0","0","A","ผ่าน","0","0.666667","3","0","0","ผ่าน","B"
"2567","2024","สำนักงานตำรวจแห่งชาติ","กองบัญชาการตำรวจตระเวนชายแดน","กองบังคับการตำรวจตระเวนชายแดนภาค 1","กองกำกับการตำรวจตระเวนชายแดนที่ 13","","0","0","0","0","0","0","0","0","0","0","0","0","0","0","0","0","0","0","0","0","0","0","0","0","0","0","0","0","0","0","0","0","0","0","0","0","0","0","0","0","0","0","0","0","0","0","0","0","0","0","0","0","0","0","0","0","0","0","0","0","0","0","0","0","0","0","0","0","0","0","1","0","0","0","0","1","B","ผ่าน","0","1","4","0","0","ผ่าน","A"
"2568","2025","สำนักงานตำรวจแห่งชาติ","กองบัญชาการตำรวจตระเวนชายแดน","กองบังคับการตำรวจตระเวนชายแดนภาค 1","กองกำกับการตำรวจตระเวนชายแดนที่ 13","","0","0","0","0","0","0","0","0","0","0","0","0","0","0","0","0","0","0","0","0","0","0","0","0","0","0","0","0","0","0","0","0","0","0","0","0","0","0","0","0","0","0","0","0","0","0","0","0","0","0","0","0","0","0","0","0","0","0","0","0","0","0","0","0","0","0","0","0","0","0","0","0","0","0","0","0","A","ผ่าน","0","0.333333","5","0","0","ผ่าน","A"
"2563","2020","สำนักงานตำรวจแห่งชาติ","กองบัญชาการตำรวจตระเวนชายแดน","กองบังคับการตำรวจตระเวนชายแดนภาค 1","กองกำกับการตำรวจตระเวนชายแดนที่ 14","35.9973","","","","","","","","","","","","","","","","","","","","","","","","","","","","","","","","","","","","","","","","","","","","","","","","","","","","","","","","","","","","","","","","","","","","","","","","","","","","","","","","","0","0","0","ผ่าน","B"
"2564","2021","สำนักงานตำรวจแห่งชาติ","กองบัญชาการตำรวจตระเวนชายแดน","กองบังคับการตำรวจตระเวนชายแดนภาค 1","กองกำกับการตำรวจตระเวนชายแดนที่ 14","36.9966","0","0","0","0","0","1","0","0","0","0","0","0","0","0","0","0","0","0","0","0","0","0","0","0","0","0","0","0","0","0","0","0","0","0","0","0","0","0","0","0","0","0","0","0","0","0","0","0","0","0","0","0","0","0","0","0","0","0","0","0","0","0","0","0","0","0","0","0","0","0","0","0","0","0","0","1","B","ผ่าน","0","1","1","0","0","ผ่าน","A"
"2565","2022","สำนักงานตำรวจแห่งชาติ","กองบัญชาการตำรวจตระเวนชายแดน","กองบังคับการตำรวจตระเวนชายแดนภาค 1","กองกำกับการตำรวจตระเวนชายแดนที่ 14","37.9959","0","0","0","0","0","0","0","0","0","0","0","0","0","0","0","0","0","0","0","0","0","0","0","0","0","0","0","0","0","0","0","0","0","0","0","0","0","0","0","0","0","0","0","0","0","0","0","0","0","0","0","0","0","0","0","0","0","0","0","0","0","0","0","0","0","0","0","0","0","0","0","0","0","0","0","0","A","ผ่าน","0","0.5","2","0","0","ผ่าน","A"
"2566","2023","สำนักงานตำรวจแห่งชาติ","กองบัญชาการตำรวจตระเวนชายแดน","กองบังคับการตำรวจตระเวนชายแดนภาค 1","กองกำกับการตำรวจตระเวนชายแดนที่ 14","38.9952","0","0","0","0","0","0","0","0","0","0","0","0","0","0","0","0","0","0","0","0","0","0","0","0","0","0","0","0","0","0","0","0","0","0","0","0","0","0","0","0","0","0","0","0","0","0","0","0","0","0","0","0","0","0","0","0","0","0","0","0","0","0","0","0","0","0","0","0","0","0","0","0","0","0","0","0","A","ผ่าน","0","0.333333","3","0","0","ผ่าน","A"
"2567","2024","สำนักงานตำรวจแห่งชาติ","กองบัญชาการตำรวจตระเวนชายแดน","กองบังคับการตำรวจตระเวนชายแดนภาค 1","กองกำกับการตำรวจตระเวนชายแดนที่ 14","39.9973","0","0","0","0","0","0","0","0","0","0","0","0","0","0","0","0","0","0","0","0","0","0","0","0","0","0","0","0","0","0","0","0","0","0","0","0","0","0","0","0","0","0","0","0","0","0","0","0","0","0","0","0","0","0","0","0","0","0","0","0","0","0","0","0","0","0","0","0","0","0","0","0","0","0","0","0","A","ผ่าน","0","0","4","0","0","ผ่าน","A"
"2568","2025","สำนักงานตำรวจแห่งชาติ","กองบัญชาการตำรวจตระเวนชายแดน","กองบังคับการตำรวจตระเวนชายแดนภาค 1","กองกำกับการตำรวจตระเวนชายแดนที่ 14","40.9966","0","0","0","0","0","0","0","0","0","0","0","0","0","0","0","0","0","0","0","0","0","0","0","0","0","0","0","0","0","0","0","0","0","0","0","0","0","0","0","0","0","0","0","0","0","0","0","0","0","0","0","0","0","0","0","0","0","0","0","0","0","0","0","0","0","0","0","0","0","0","0","0","0","0","0","0","A","ผ่าน","0","0","5","0","0","ผ่าน","A"
"2563","2020","สำนักงานตำรวจแห่งชาติ","กองบัญชาการตำรวจตระเวนชายแดน","กองบังคับการตำรวจตระเวนชายแดนภาค 1","กองกำกับการตำรวจตระเวนชายแดนที่ 14","","","","","","","","","","","","","","","","","","","","","","","","","","","","","","","","","","","","","","","","","","","","","","","","","","","","","","","","","","","","","","","","","","","","","","","","","","","","","","","","","","0","0","0","ผ่าน","B"
"2564","2021","สำนักงานตำรวจแห่งชาติ","กองบัญชาการตำรวจตระเวนชายแดน","กองบังคับการตำรวจตระเวนชายแดนภาค 1","กองกำกับการตำรวจตระเวนชายแดนที่ 14","0.7283","0","0","0","0","0","1","0","0","0","0","0","0","0","0","0","0","0","0","0","0","0","0","0","0","0","0","0","0","0","0","0","0","0","0","0","0","0","0","0","0","0","0","0","0","0","0","0","0","0","0","0","0","0","0","0","0","0","0","0","0","0","0","0","0","0","0","0","0","0","0","0","0","0","0","0","1","B","ผ่าน","0","1","1","0","0","ผ่าน","B"
"2565","2022","สำนักงานตำรวจแห่งชาติ","กองบัญชาการตำรวจตระเวนชายแดน","กองบังคับการตำรวจตระเวนชายแดนภาค 1","กองกำกับการตำรวจตระเวนชายแดนที่ 14","1.7276","0","0","0","0","0","1","0","0","0","0","0","0","0","0","0","0","0","0","0","0","0","0","0","0","0","0","0","0","0","0","0","0","0","0","0","0","0","0","0","0","0","0","0","0","0","0","0","0","0","0","0","0","0","0","0","0","0","0","0","0","0","0","0","0","0","0","0","0","0","0","0","0","0","0","0","1","B","ผ่าน","0","1","2","0","0","ผ่าน","A"
"2566","2023","สำนักงานตำรวจแห่งชาติ","กองบัญชาการตำรวจตระเวนชายแดน","กองบังคับการตำรวจตระเวนชายแดนภาค 1","กองกำกับการตำรวจตระเวนชายแดนที่ 14","2.7269","0","0","0","0","0","0","0","0","0","0","0","0","0","0","0","0","0","0","0","0","0","0","0","0","0","0","0","0","0","0","0","0","0","0","0","0","0","0","0","0","0","0","0","0","0","0","0","0","0","0","0","0","0","0","0","0","0","0","0","0","0","0","0","0","0","0","0","0","0","0","0","0","0","0","0","0","A","ผ่าน","0","0.666667","3","0","0","ผ่าน","B"
"2567","2024","สำนักงานตำรวจแห่งชาติ","กองบัญชาการตำรวจตระเวนชายแดน","กองบังคับการตำรวจตระเวนชายแดนภาค 1","กองกำกับการตำรวจตระเวนชายแดนที่ 14","3.729","0","0","0","0","0","1","0","0","0","0","0","0","0","0","0","0","0","0","0","0","0","0","0","0","0","0","0","0","0","0","0","0","0","0","0","0","0","0","0","0","0","0","0","0","0","0","0","0","0","0","0","0","0","0","0","0","0","0","0","0","0","0","0","0","0","0","0","0","0","0","0","0","0","0","0","1","B","ผ่าน","0","0.666667","4","0","0","ผ่าน","B"
"2568","2025","สำนักงานตำรวจแห่งชาติ","กองบัญชาการตำรวจตระเวนชายแดน","กองบังคับการตำรวจตระเวนชายแดนภาค 1","กองกำกับการตำรวจตระเวนชายแดนที่ 14","4.7283","0","0","0","0","0","1","0","0","0","0","0","0","0","0","0","0","0","0","0","0","0","0","0","0","0","0","0","0","0","0","0","0","0","0","0","0","0","0","0","0","0","0","0","0","0","0","0","0","0","0","0","0","0","0","0","0","0","0","0","0","0","0","0","0","0","0","0","0","0","0","0","0","0","0","0","1","B","ผ่าน","0","0.666667","5","0","0","ผ่าน","B"
"2563","2020","สำนักงานตำรวจแห่งชาติ","กองบัญชาการตำรวจตระเวนชายแดน","กองบังคับการตำรวจตระเวนชายแดนภาค 1","กองกำกับการตำรวจตระเวนชายแดนที่ 14","0.501","","","","","","","","","","","","","","","","","","","","","","","","","","","","","","","","","","","","","","","","","","","","","","","","","","","","","","","","","","","","","","","","","","","","","","","","","","","","","","","","","0","0","0","ผ่าน","B"
"2564","2021","สำนักงานตำรวจแห่งชาติ","กองบัญชาการตำรวจตระเวนชายแดน","กองบังคับการตำรวจตระเวนชายแดนภาค 1","กองกำกับการตำรวจตระเวนชายแดนที่ 14","1.5003","0","0","0","0","0","1","0","0","0","0","0","0","0","0","0","0","0","0","0","0","0","0","0","0","0","0","0","0","0","0","0","0","0","0","0","0","0","0","0","0","0","0","0","0","0","0","0","0","0","0","0","0","0","0","0","0","0","0","0","0","0","0","0","0","0","0","0","0","0","0","0","0","0","0","0","1","B","ผ่าน","0","1","1","0","0","ผ่าน","B"
"2565","2022","สำนักงานตำรวจแห่งชาติ","กองบัญชาการตำรวจตระเวนชายแดน","กองบังคับการตำรวจตระเวนชายแดนภาค 1","กองกำกับการตำรวจตระเวนชายแดนที่ 14","2.4997","0","0","0","0","0","1","0","0","0","0","0","0","0","0","0","0","0","0","0","0","0","0","0","0","0","0","0","0","0","0","0","0","0","0","0","0","0","0","0","0","0","0","0","0","0","0","0","0","0","0","0","0","0","0","0","0","0","0","0","0","0","0","0","0","0","0","0","0","0","0","0","0","0","0","0","1","B","ผ่าน","0","1","2","0","0","ผ่าน","B"
"2566","2023","สำนักงานตำรวจแห่งชาติ","กองบัญชาการตำรวจตระเวนชายแดน","กองบังคับการตำรวจตระเวนชายแดนภาค 1","กองกำกับการตำรวจตระเวนชายแดนที่ 14","3.499","0","0","0","0","0","1","0","0","0","0","0","0","0","0","0","0","0","0","0","0","0","0","0","0","0","0","0","0","0","0","0","0","0","0","0","0","0","0","0","0","0","0","0","0","0","0","0","0","0","0","0","0","0","0","0","0","0","0","0","0","0","0","0","0","0","0","0","0","0","0","0","0","0","0","0","1","B","ผ่าน","0","1","3","0","0","ผ่าน","A"
"2567","2024","สำนักงานตำรวจแห่งชาติ","กองบัญชาการตำรวจตระเวนชายแดน","กองบังคับการตำรวจตระเวนชายแดนภาค 1","กองกำกับการตำรวจตระเวนชายแดนที่ 14","4.501","0","0","0","0","0","0","0","0","0","0","0","0","0","0","0","0","0","0","0","0","0","0","0","0","0","0","0","0","0","0","0","0","0","0","0","0","0","0","0","0","0","0","0","0","0","0","0","0","0","0","0","0","0","0","0","0","0","0","0","0","0","0","0","0","0","0","0","0","0","0","0","0","0","0","0","0","A","ผ่าน","0","0.666667","4","0","0","ผ่าน","A"
"2568","2025","สำนักงานตำรวจแห่งชาติ","กองบัญชาการตำรวจตระเวนชายแดน","กองบังคับการตำรวจตระเวนชายแดนภาค 1","กองกำกับการตำรวจตระเวนชายแดนที่ 14","5.5003","0","0","0","0","0","0","0","0","0","0","0","0","0","0","0","0","0","0","0","0","0","0","0","0","0","0","0","0","0","0","0","0","0","0","0","0","0","0","0","0","0","0","0","0","0","0","0","0","0","0","0","0","0","0","0","0","0","0","0","0","0","0","0","0","0","0","0","0","0","0","0","0","0","0","0","0","A","ผ่าน","0","0.333333","5","0","0","ผ่าน","A"
"2563","2020","สำนักงานตำรวจแห่งชาติ","กองบัญชาการตำรวจตระเวนชายแดน","กองบังคับการตำรวจตระเวนชายแดนภาค 1","กองกำกับการตำรวจตระเวนชายแดนที่ 14","39.4415","","","","","","","","","","","","","","","","","","","","","","","","","","","","","","","","","","","","","","","","","","","","","","","","","","","","","","","","","","","","","","","","","","","","","","","","","","","","","","","","","0","0","0","ผ่าน","A"
"2564","2021","สำนักงานตำรวจแห่งชาติ","กองบัญชาการตำรวจตระเวนชายแดน","กองบังคับการตำรวจตระเวนชายแดนภาค 1","กองกำกับการตำรวจตระเวนชายแดนที่ 14","40.4408","0","0","0","0","0","0","0","0","0","0","0","0","0","0","0","0","0","0","0","0","0","0","0","0","0","0","0","0","0","0","0","0","0","0","0","0","0","0","0","0","0","0","0","0","0","0","0","0","0","0","0","0","0","0","0","0","0","0","0","0","0","0","0","0","0","0","0","0","0","0","0","0","0","0","0","0","A","ผ่าน","0","0","1","0","0","ผ่าน","A"
"2565","2022","สำนักงานตำรวจแห่งชาติ","กองบัญชาการตำรวจตระเวนชายแดน","กองบังคับการตำรวจตระเวนชายแดนภาค 1","กองกำกับการตำรวจตระเวนชายแดนที่ 14","41.4401","0","0","0","0","0","0","0","0","0","0","0","0","0","0","0","0","0","0","0","0","0","0","0","0","0","0","0","0","0","0","0","0","0","0","0","0","0","0","0","0","0","0","0","0","0","0","0","0","0","0","0","0","0","0","0","0","0","0","0","0","0","0","0","0","0","0","0","0","0","0","0","0","0","0","0","0","A","ผ่าน","0","0","2","0","0","ผ่าน","A"
"2566","2023","สำนักงานตำรวจแห่งชาติ","กองบัญชาการตำรวจตระเวนชายแดน","กองบังคับการตำรวจตระเวนชายแดนภาค 1","กองกำกับการตำรวจตระเวนชายแดนที่ 14","42.4394","0","0","0","0","0","0","0","0","0","0","0","0","0","0","0","0","0","0","0","0","0","0","0","0","0","0","0","0","0","0","0","0","0","0","0","0","0","0","0","0","0","0","0","0","0","0","0","0","0","0","0","0","0","0","0","0","0","0","0","0","0","0","0","0","0","0","0","0","0","0","0","0","0","0","0","0","A","ผ่าน","0","0","3","0","0","ผ่าน","A"
"2567","2024","สำนักงานตำรวจแห่งชาติ","กองบัญชาการตำรวจตระเวนชายแดน","กองบังคับการตำรวจตระเวนชายแดนภาค 1","กองกำกับการตำรวจตระเวนชายแดนที่ 14","43.4415","0","0","0","0","0","0","0","0","0","0","0","0","0","0","0","0","0","0","0","0","0","0","0","0","0","0","0","0","0","0","0","0","0","0","0","0","0","0","0","0","0","0","0","0","0","0","0","0","0","0","0","0","0","0","0","0","0","0","0","0","0","0","0","0","0","0","0","0","0","0","0","0","0","0","0","0","A","ผ่าน","0","0","4","0","0","ผ่าน","A"
"2568","2025","สำนักงานตำรวจแห่งชาติ","กองบัญชาการตำรวจตระเวนชายแดน","กองบังคับการตำรวจตระเวนชายแดนภาค 1","กองกำกับการตำรวจตระเวนชายแดนที่ 14","44.4408","0","0","0","0","0","0","0","0","0","0","0","0","0","0","0","0","0","0","0","0","0","0","0","0","0","0","0","0","0","0","0","0","0","0","0","0","0","0","0","0","0","0","0","0","0","0","0","0","0","0","0","0","0","0","0","0","0","0","0","0","0","0","0","0","0","0","0","0","0","0","0","0","0","0","0","0","A","ผ่าน","0","0","5","0","0","ผ่าน","A"
"2563","2020","สำนักงานตำรวจแห่งชาติ","กองบัญชาการตำรวจตระเวนชายแดน","กองบังคับการตำรวจตระเวนชายแดนภาค 1","กองกำกับการตำรวจตระเวนชายแดนที่ 14","6.6283","","","","","","","","","","","","","","","","","","","","","","","","","","","","","","","","","","","","","","","","","","","","","","","","","","","","","","","","","","","","","","","","","","","","","","","","","","","","","","","","","0","0","0","ผ่าน","B"
"2564","2021","สำนักงานตำรวจแห่งชาติ","กองบัญชาการตำรวจตระเวนชายแดน","กองบังคับการตำรวจตระเวนชายแดนภาค 1","กองกำกับการตำรวจตระเวนชายแดนที่ 14","7.6277","0","0","0","0","0","1","0","0","0","0","0","0","0","0","0","0","0","0","0","0","0","0","0","0","0","0","0","0","0","0","0","0","0","0","0","0","0","0","0","0","0","0","0","0","0","0","0","0","0","0","0","0","0","0","0","0","0","0","0","0","0","0","0","0","0","0","0","0","0","0","0","0","0","0","0","1","B","ผ่าน","0","1","1","0","0","ผ่าน","B"
"2565","2022","สำนักงานตำรวจแห่งชาติ","กองบัญชาการตำรวจตระเวนชายแดน","กองบังคับการตำรวจตระเวนชายแดนภาค 1","กองกำกับการตำรวจตระเวนชายแดนที่ 14","8.627","0","0","0","0","0","1","0","0","0","0","0","0","0","0","0","0","0","0","0","0","0","0","0","0","0","0","0","1","0","0","0","0","0","0","0","0","0","0","0","0","0","0","0","0","0","0","0","0","0","0","0","0","0","0","0","0","0","0","0","0","0","0","0","0","0","0","0","0","0","0","0","0","0","0","0","2","B","ผ่าน","0","1.5","2","0","0","ผ่าน","B"
"2566","2023","สำนักงานตำรวจแห่งชาติ","กองบัญชาการตำรวจตระเวนชายแดน","กองบังคับการตำรวจตระเวนชายแดนภาค 1","กองกำกับการตำรวจตระเวนชายแดนที่ 14","9.6263","0","0","0","0","0","1","0","0","0","0","0","0","0","0","0","0","0","0","0","0","0","0","0","0","0","0","0","0","0","0","0","0","0","0","0","0","0","0","0","0","0","0","0","0","0","0","0","0","0","0","0","0","0","0","0","0","0","0","0","0","0","0","0","0","0","0","0","0","0","0","0","0","0","0","0","1","B","ผ่าน","0","1.333333","3","0","0","ผ่าน","A"
"2567","2024","สำนักงานตำรวจแห่งชาติ","กองบัญชาการตำรวจตระเวนชายแดน","กองบังคับการตำรวจตระเวนชายแดนภาค 1","กองกำกับการตำรวจตระเวนชายแดนที่ 14","10.6283","0","0","0","0","0","0","0","0","0","0","0","0","0","0","0","0","0","0","0","0","0","0","0","0","0","0","0","0","0","0","0","0","0","0","0","0","0","0","0","0","0","0","0","0","0","0","0","0","0","0","0","0","0","0","0","0","0","0","0","0","0","0","0","0","0","0","0","0","0","0","0","0","0","0","0","0","A","ผ่าน","0","1","4","0","0","ผ่าน","A"
"2568","2025","สำนักงานตำรวจแห่งชาติ","กองบัญชาการตำรวจตระเวนชายแดน","กองบังคับการตำรวจตระเวนชายแดนภาค 1","กองกำกับการตำรวจตระเวนชายแดนที่ 14","11.6277","0","0","0","0","0","0","0","0","0","0","0","0","0","0","0","0","0","0","0","0","0","0","0","0","0","0","0","0","0","0","0","0","0","0","0","0","0","0","0","0","0","0","0","0","0","0","0","0","0","0","0","0","0","0","0","0","0","0","0","0","0","0","0","0","0","0","0","0","0","0","0","0","0","0","0","0","A","ผ่าน","0","0.333333","5","0","0","ผ่าน","A"
"2563","2020","สำนักงานตำรวจแห่งชาติ","กองบัญชาการตำรวจตระเวนชายแดน","กองบังคับการตำรวจตระเวนชายแดนภาค 1","กองกำกับการตำรวจตระเวนชายแดนที่ 14","42.6968","","","","","","","","","","","","","","","","","","","","","","","","","","","","","","","","","","","","","","","","","","","","","","","","","","","","","","","","","","","","","","","","","","","","","","","","","","","","","","","","","0","0","0","ผ่าน","B"
"2565","2022","สำนักงานตำรวจแห่งชาติ","กองบัญชาการตำรวจตระเวนชายแดน","กองบังคับการตำรวจตระเวนชายแดนภาค 1","กองกำกับการตำรวจตระเวนชายแดนที่ 14","44.6954","","","","","","","","","","","","","","","","","","","","","","","","","","","","","","","","","","","","","","","","","","","","","","","","","","","","","","","","","","","","","","","","","","","","","","","","","","","","","","","0","2","0","0","0","ผ่าน","A"
"2566","2023","สำนักงานตำรวจแห่งชาติ","กองบัญชาการตำรวจตระเวนชายแดน","กองบังคับการตำรวจตระเวนชายแดนภาค 1","กองกำกับการตำรวจตระเวนชายแดนที่ 14","45.6947","0","0","0","0","0","0","0","0","0","0","0","0","0","0","0","0","0","0","0","0","0","0","0","0","0","0","0","0","0","0","0","0","0","0","0","0","0","0","0","0","0","0","0","0","0","0","0","0","0","0","0","0","0","0","0","0","0","0","0","0","0","0","0","0","0","0","0","0","0","0","0","0","0","0","0","0","A","ผ่าน","0","1","1","0","0","ผ่าน","B"
"2567","2024","สำนักงานตำรวจแห่งชาติ","กองบัญชาการตำรวจตระเวนชายแดน","กองบังคับการตำรวจตระเวนชายแดนภาค 1","กองกำกับการตำรวจตระเวนชายแดนที่ 14","46.6968","0","0","0","0","0","1","0","0","0","0","0","0","0","0","0","0","0","0","0","0","0","0","0","0","0","0","0","0","0","0","0","0","0","0","0","0","0","0","0","0","0","0","0","0","0","0","0","0","0","0","0","0","0","0","0","0","0","0","0","0","0","0","0","1","0","0","0","0","0","0","0","0","0","0","0","2","B","ผ่าน","0","1","2","0","0","ผ่าน","B"
"2568","2025","สำนักงานตำรวจแห่งชาติ","กองบัญชาการตำรวจตระเวนชายแดน","กองบังคับการตำรวจตระเวนชายแดนภาค 1","กองกำกับการตำรวจตระเวนชายแดนที่ 14","47.6961","0","0","0","0","0","1","0","0","0","0","0","0","0","0","0","0","0","0","0","0","0","0","0","0","0","0","0","0","0","0","0","0","0","0","0","0","0","0","0","0","0","0","0","0","0","0","0","0","0","0","0","0","0","0","0","0","0","0","0","0","0","0","0","0","0","0","0","0","0","0","0","0","0","0","0","1","B","ผ่าน","0","1","3","0","0","ผ่าน","B"
"2563","2020","สำนักงานตำรวจแห่งชาติ","กองบัญชาการตำรวจตระเวนชายแดน","กองบังคับการตำรวจตระเวนชายแดนภาค 1","กองกำกับการตำรวจตระเวนชายแดนที่ 14","29.6126","","","","","","","","","","","","","","","","","","","","","","","","","","","","","","","","","","","","","","","","","","","","","","","","","","","","","","","","","","","","","","","","","","","","","","","","","","","","","","","","","0","0","0","ผ่าน","A"
"2564","2021","สำนักงานตำรวจแห่งชาติ","กองบัญชาการตำรวจตระเวนชายแดน","กองบังคับการตำรวจตระเวนชายแดนภาค 1","กองกำกับการตำรวจตระเวนชายแดนที่ 14","30.6119","0","0","0","0","0","0","0","0","0","0","0","0","0","0","0","0","0","0","0","0","0","0","0","0","0","0","0","0","0","0","0","0","0","0","0","0","0","0","0","0","0","0","0","0","0","0","0","0","0","0","0","0","0","0","0","0","0","0","0","0","0","0","0","0","0","0","0","0","0","0","0","0","0","0","0","0","A","ผ่าน","0","0","1","0","0","ผ่าน","A"
"2565","2022","สำนักงานตำรวจแห่งชาติ","กองบัญชาการตำรวจตระเวนชายแดน","กองบังคับการตำรวจตระเวนชายแดนภาค 1","กองกำกับการตำรวจตระเวนชายแดนที่ 14","31.6112","0","0","0","0","0","0","0","0","0","0","0","0","0","0","0","0","0","0","0","0","0","0","0","0","0","0","0","0","0","0","0","0","0","0","0","0","0","0","0","0","0","0","0","0","0","0","0","0","0","0","0","0","0","0","0","0","0","0","0","0","0","0","0","0","0","0","0","0","0","0","0","0","0","0","0","0","A","ผ่าน","0","0","2","0","0","ผ่าน","A"
"2566","2023","สำนักงานตำรวจแห่งชาติ","กองบัญชาการตำรวจตระเวนชายแดน","กองบังคับการตำรวจตระเวนชายแดนภาค 1","กองกำกับการตำรวจตระเวนชายแดนที่ 14","32.6105","0","0","0","0","0","0","0","0","0","0","0","0","0","0","0","0","0","0","0","0","0","0","0","0","0","0","0","0","0","0","0","0","0","0","0","0","0","0","0","0","0","0","0","0","0","0","0","0","0","0","0","0","0","0","0","0","0","0","0","0","0","0","0","0","0","0","0","0","0","0","0","0","0","0","0","0","A","ผ่าน","0","0","3","0","0","ผ่าน","A"
"2567","2024","สำนักงานตำรวจแห่งชาติ","กองบัญชาการตำรวจตระเวนชายแดน","กองบังคับการตำรวจตระเวนชายแดนภาค 1","กองกำกับการตำรวจตระเวนชายแดนที่ 14","33.6126","0","0","0","0","0","0","0","0","0","0","0","0","0","0","0","0","0","0","0","0","0","0","0","0","0","0","0","0","0","0","0","0","0","0","0","0","0","0","0","0","0","0","0","0","0","0","0","0","0","0","0","0","0","0","0","0","0","0","0","0","0","0","0","0","0","0","0","0","0","0","0","0","0","0","0","0","A","ผ่าน","0","0","4","0","0","ผ่าน","B"
"2568","2025","สำนักงานตำรวจแห่งชาติ","กองบัญชาการตำรวจตระเวนชายแดน","กองบังคับการตำรวจตระเวนชายแดนภาค 1","กองกำกับการตำรวจตระเวนชายแดนที่ 14","34.6119","0","0","0","0","0","1","0","0","0","0","0","0","0","0","0","0","0","0","0","0","0","0","0","0","0","0","0","0","0","0","0","0","0","0","0","0","0","0","0","0","0","0","0","0","0","0","0","0","0","0","0","0","0","0","0","0","0","0","0","0","0","0","0","0","0","0","0","0","0","0","0","0","0","0","0","1","B","ผ่าน","0","0.333333","5","0","0","ผ่าน","A"
"2563","2020","สำนักงานตำรวจแห่งชาติ","กองบัญชาการตำรวจตระเวนชายแดน","กองบังคับการตำรวจตระเวนชายแดนภาค 1","กองกำกับการตำรวจตระเวนชายแดนที่ 14","38.2177","","","","","","","","","","","","","","","","","","","","","","","","","","","","","","","","","","","","","","","","","","","","","","","","","","","","","","","","","","","","","","","","","","","","","","","","","","","","","","","","","0","0","0","ผ่าน","A"
"2564","2021","สำนักงานตำรวจแห่งชาติ","กองบัญชาการตำรวจตระเวนชายแดน","กองบังคับการตำรวจตระเวนชายแดนภาค 1","กองกำกับการตำรวจตระเวนชายแดนที่ 14","39.217","0","0","0","0","0","0","0","0","0","0","0","0","0","0","0","0","0","0","0","0","0","0","0","0","0","0","0","0","0","0","0","0","0","0","0","0","0","0","0","0","0","0","0","0","0","0","0","0","0","0","0","0","0","0","0","0","0","0","0","0","0","0","0","0","0","0","0","0","0","0","0","0","0","0","0","0","A","ผ่าน","0","0","1","0","0","ผ่าน","A"
"2565","2022","สำนักงานตำรวจแห่งชาติ","กองบัญชาการตำรวจตระเวนชายแดน","กองบังคับการตำรวจตระเวนชายแดนภาค 1","กองกำกับการตำรวจตระเวนชายแดนที่ 14","40.2163","0","0","0","0","0","0","0","0","0","0","0","0","0","0","0","0","0","0","0","0","0","0","0","0","0","0","0","0","0","0","0","0","0","0","0","0","0","0","0","0","0","0","0","0","0","0","0","0","0","0","0","0","0","0","0","0","0","0","0","0","0","0","0","0","0","0","0","0","0","0","0","0","0","0","0","0","A","ผ่าน","0","0","2","0","0","ผ่าน","A"
"2566","2023","สำนักงานตำรวจแห่งชาติ","กองบัญชาการตำรวจตระเวนชายแดน","กองบังคับการตำรวจตระเวนชายแดนภาค 1","กองกำกับการตำรวจตระเวนชายแดนที่ 14","41.2156","0","0","0","0","0","0","0","0","0","0","0","0","0","0","0","0","0","0","0","0","0","0","0","0","0","0","0","0","0","0","0","0","0","0","0","0","0","0","0","0","0","0","0","0","0","0","0","0","0","0","0","0","0","0","0","0","0","0","0","0","0","0","0","0","0","0","0","0","0","0","0","0","0","0","0","0","A","ผ่าน","0","0","3","0","0","ผ่าน","A"
"2567","2024","สำนักงานตำรวจแห่งชาติ","กองบัญชาการตำรวจตระเวนชายแดน","กองบังคับการตำรวจตระเวนชายแดนภาค 1","กองกำกับการตำรวจตระเวนชายแดนที่ 14","42.2177","0","0","0","0","0","0","0","0","0","0","0","0","0","0","0","0","0","0","0","0","0","0","0","0","0","0","0","0","0","0","0","0","0","0","0","0","0","0","0","0","0","0","0","0","0","0","0","0","0","0","0","0","0","0","0","0","0","0","0","0","0","0","0","0","0","0","0","0","0","0","0","0","0","0","0","0","A","ผ่าน","0","0","4","0","0","ผ่าน","A"
"2568","2025","สำนักงานตำรวจแห่งชาติ","กองบัญชาการตำรวจตระเวนชายแดน","กองบังคับการตำรวจตระเวนชายแดนภาค 1","กองกำกับการตำรวจตระเวนชายแดนที่ 14","43.217","0","0","0","0","0","0","0","0","0","0","0","0","0","0","0","0","0","0","0","0","0","0","0","0","0","0","0","0","0","0","0","0","0","0","0","0","0","0","0","0","0","0","0","0","0","0","0","0","0","0","0","0","0","0","0","0","0","0","0","0","0","0","0","0","0","0","0","0","0","0","0","0","0","0","0","0","A","ผ่าน","0","0","5","0","0","ผ่าน","A"
"2563","2020","สำนักงานตำรวจแห่งชาติ","กองบัญชาการตำรวจตระเวนชายแดน","กองบังคับการตำรวจตระเวนชายแดนภาค 1","กองกำกับการตำรวจตระเวนชายแดนที่ 14","0.4025","","","","","","","","","","","","","","","","","","","","","","","","","","","","","","","","","","","","","","","","","","","","","","","","","","","","","","","","","","","","","","","","","","","","","","","","","","","","","","","","","0","0","0","ผ่าน","A"
"2564","2021","สำนักงานตำรวจแห่งชาติ","กองบัญชาการตำรวจตระเวนชายแดน","กองบังคับการตำรวจตระเวนชายแดนภาค 1","กองกำกับการตำรวจตระเวนชายแดนที่ 14","1.4018","0","0","0","0","0","0","0","0","0","0","0","0","0","0","0","0","0","0","0","0","0","0","0","0","0","0","0","0","0","0","0","0","0","0","0","0","0","0","0","0","0","0","0","0","0","0","0","0","0","0","0","0","0","0","0","0","0","0","0","0","0","0","0","0","0","0","0","0","0","0","0","0","0","0","0","0","A","ผ่าน","0","0","1","0","0","ผ่าน","A"
"2565","2022","สำนักงานตำรวจแห่งชาติ","กองบัญชาการตำรวจตระเวนชายแดน","กองบังคับการตำรวจตระเวนชายแดนภาค 1","กองกำกับการตำรวจตระเวนชายแดนที่ 14","2.4011","0","0","0","0","0","0","0","0","0","0","0","0","0","0","0","0","0","0","0","0","0","0","0","0","0","0","0","0","0","0","0","0","0","0","0","0","0","0","0","0","0","0","0","0","0","0","0","0","0","0","0","0","0","0","0","0","0","0","0","0","0","0","0","0","0","0","0","0","0","0","0","0","0","0","0","0","A","ผ่าน","0","0","2","0","0","ผ่าน","A"
"2566","2023","สำนักงานตำรวจแห่งชาติ","กองบัญชาการตำรวจตระเวนชายแดน","กองบังคับการตำรวจตระเวนชายแดนภาค 1","กองกำกับการตำรวจตระเวนชายแดนที่ 14","3.4004","0","0","0","0","0","0","0","0","0","0","0","0","0","0","0","0","0","0","0","0","0","0","0","0","0","0","0","0","0","0","0","0","0","0","0","0","0","0","0","0","0","0","0","0","0","0","0","0","0","0","0","0","0","0","0","0","0","0","0","0","0","0","0","0","0","0","0","0","0","0","0","0","0","0","0","0","A","ผ่าน","0","0","3","0","0","ผ่าน","A"
"2567","2024","สำนักงานตำรวจแห่งชาติ","กองบัญชาการตำรวจตระเวนชายแดน","กองบังคับการตำรวจตระเวนชายแดนภาค 1","กองกำกับการตำรวจตระเวนชายแดนที่ 14","4.4025","0","0","0","0","0","0","0","0","0","0","0","0","0","0","0","0","0","0","0","0","0","0","0","0","0","0","0","0","0","0","0","0","0","0","0","0","0","0","0","0","0","0","0","0","0","0","0","0","0","0","0","0","0","0","0","0","0","0","0","0","0","0","0","0","0","0","0","0","0","0","0","0","0","0","0","0","A","ผ่าน","0","0","4","0","0","ผ่าน","A"
"2568","2025","สำนักงานตำรวจแห่งชาติ","กองบัญชาการตำรวจตระเวนชายแดน","กองบังคับการตำรวจตระเวนชายแดนภาค 1","กองกำกับการตำรวจตระเวนชายแดนที่ 14","5.4018","0","0","0","0","0","0","0","0","0","0","0","0","0","0","0","0","0","0","0","0","0","0","0","0","0","0","0","0","0","0","0","0","0","0","0","0","0","0","0","0","0","0","0","0","0","0","0","0","0","0","0","0","0","0","0","0","0","0","0","0","0","0","0","0","0","0","0","0","0","0","0","0","0","0","0","0","A","ผ่าน","0","0","5","0","0","ผ่าน","A"
"2563","2020","สำนักงานตำรวจแห่งชาติ","กองบัญชาการตำรวจตระเวนชายแดน","กองบังคับการตำรวจตระเวนชายแดนภาค 1","กองกำกับการตำรวจตระเวนชายแดนที่ 14","","","","","","","","","","","","","","","","","","","","","","","","","","","","","","","","","","","","","","","","","","","","","","","","","","","","","","","","","","","","","","","","","","","","","","","","","","","","","","","","","","0","0","0","ผ่าน","A"
"2564","2021","สำนักงานตำรวจแห่งชาติ","กองบัญชาการตำรวจตระเวนชายแดน","กองบังคับการตำรวจตระเวนชายแดนภาค 1","กองกำกับการตำรวจตระเวนชายแดนที่ 14","","0","0","0","0","0","0","0","0","0","0","0","0","0","0","0","0","0","0","0","0","0","0","0","0","0","0","0","0","0","0","0","0","0","0","0","0","0","0","0","0","0","0","0","0","0","0","0","0","0","0","0","0","0","0","0","0","0","0","0","0","0","0","0","0","0","0","0","0","0","0","0","0","0","0","0","0","A","ผ่าน","0","0","1","0","0","ผ่าน","A"
"2565","2022","สำนักงานตำรวจแห่งชาติ","กองบัญชาการตำรวจตระเวนชายแดน","กองบังคับการตำรวจตระเวนชายแดนภาค 1","กองกำกับการตำรวจตระเวนชายแดนที่ 14","","0","0","0","0","0","0","0","0","0","0","0","0","0","0","0","0","0","0","0","0","0","0","0","0","0","0","0","0","0","0","0","0","0","0","0","0","0","0","0","0","0","0","0","0","0","0","0","0","0","0","0","0","0","0","0","0","0","0","0","0","0","0","0","0","0","0","0","0","0","0","0","0","0","0","0","0","A","ผ่าน","0","0","2","0","0","ผ่าน","A"
"2566","2023","สำนักงานตำรวจแห่งชาติ","กองบัญชาการตำรวจตระเวนชายแดน","กองบังคับการตำรวจตระเวนชายแดนภาค 1","กองกำกับการตำรวจตระเวนชายแดนที่ 14","","0","0","0","0","0","0","0","0","0","0","0","0","0","0","0","0","0","0","0","0","0","0","0","0","0","0","0","0","0","0","0","0","0","0","0","0","0","0","0","0","0","0","0","0","0","0","0","0","0","0","0","0","0","0","0","0","0","0","0","0","0","0","0","0","0","0","0","0","0","0","0","0","0","0","0","0","A","ผ่าน","0","0","3","0","0","ผ่าน","A"
"2567","2024","สำนักงานตำรวจแห่งชาติ","กองบัญชาการตำรวจตระเวนชายแดน","กองบังคับการตำรวจตระเวนชายแดนภาค 1","กองกำกับการตำรวจตระเวนชายแดนที่ 14","","0","0","0","0","0","0","0","0","0","0","0","0","0","0","0","0","0","0","0","0","0","0","0","0","0","0","0","0","0","0","0","0","0","0","0","0","0","0","0","0","0","0","0","0","0","0","0","0","0","0","0","0","0","0","0","0","0","0","0","0","0","0","0","0","0","0","0","0","0","0","0","0","0","0","0","0","A","ผ่าน","0","0","4","0","0","ผ่าน","A"
"2568","2025","สำนักงานตำรวจแห่งชาติ","กองบัญชาการตำรวจตระเวนชายแดน","กองบังคับการตำรวจตระเวนชายแดนภาค 1","กองกำกับการตำรวจตระเวนชายแดนที่ 14","0.7666","0","0","0","0","0","0","0","0","0","0","0","0","0","0","0","0","0","0","0","0","0","0","0","0","0","0","0","0","0","0","0","0","0","0","0","0","0","0","0","0","0","0","0","0","0","0","0","0","0","0","0","0","0","0","0","0","0","0","0","0","0","0","0","0","0","0","0","0","0","0","0","0","0","0","0","0","A","ผ่าน","0","0","5","0","0","ผ่าน","A"
"2563","2020","สำนักงานตำรวจแห่งชาติ","กองบัญชาการตำรวจตระเวนชายแดน","กองบังคับการตำรวจตระเวนชายแดนภาค 1","กองกำกับการตำรวจตระเวนชายแดนที่ 14","21.1663","","","","","","","","","","","","","","","","","","","","","","","","","","","","","","","","","","","","","","","","","","","","","","","","","","","","","","","","","","","","","","","","","","","","","","","","","","","","","","","","","0","0","0","ผ่าน","B"
"2564","2021","สำนักงานตำรวจแห่งชาติ","กองบัญชาการตำรวจตระเวนชายแดน","กองบังคับการตำรวจตระเวนชายแดนภาค 1","กองกำกับการตำรวจตระเวนชายแดนที่ 14","22.1656","0","0","0","0","0","1","0","0","0","0","0","0","0","0","0","0","0","0","0","0","0","0","0","0","0","0","0","0","0","0","0","0","0","0","0","0","0","0","0","0","0","0","0","0","0","0","0","0","0","0","0","0","0","0","0","0","0","0","0","0","0","0","0","0","0","0","0","0","0","0","0","0","0","0","0","1","B","ผ่าน","0","1","1","0","0","ผ่าน","A"
"2565","2022","สำนักงานตำรวจแห่งชาติ","กองบัญชาการตำรวจตระเวนชายแดน","กองบังคับการตำรวจตระเวนชายแดนภาค 1","กองกำกับการตำรวจตระเวนชายแดนที่ 14","23.165","0","0","0","0","0","0","0","0","0","0","0","0","0","0","0","0","0","0","0","0","0","0","0","0","0","0","0","0","0","0","0","0","0","0","0","0","0","0","0","0","0","0","0","0","0","0","0","0","0","0","0","0","0","0","0","0","0","0","0","0","0","0","0","0","0","0","0","0","0","0","0","0","0","0","0","0","A","ผ่าน","0","0.5","2","0","0","ผ่าน","B"
"2566","2023","สำนักงานตำรวจแห่งชาติ","กองบัญชาการตำรวจตระเวนชายแดน","กองบังคับการตำรวจตระเวนชายแดนภาค 1","กองกำกับการตำรวจตระเวนชายแดนที่ 14","24.1643","0","0","0","0","0","1","0","0","0","0","0","0","0","0","0","0","0","0","0","0","0","0","0","0","0","0","0","0","0","0","0","0","0","0","0","0","0","0","0","0","0","0","0","0","0","0","0","0","0","0","0","0","0","0","0","0","0","0","0","0","0","0","0","0","0","0","0","0","0","0","0","0","0","0","0","1","B","ผ่าน","0","0.666667","3","0","0","ผ่าน","A"
"2567","2024","สำนักงานตำรวจแห่งชาติ","กองบัญชาการตำรวจตระเวนชายแดน","กองบังคับการตำรวจตระเวนชายแดนภาค 1","กองกำกับการตำรวจตระเวนชายแดนที่ 14","25.1663","0","0","0","0","0","0","0","0","0","0","0","0","0","0","0","0","0","0","0","0","0","0","0","0","0","0","0","0","0","0","0","0","0","0","0","0","0","0","0","0","0","0","0","0","0","0","0","0","0","0","0","0","0","0","0","0","0","0","0","0","0","0","0","0","0","0","0","0","0","0","0","0","0","0","0","0","A","ผ่าน","0","0.333333","4","0","0","ผ่าน","A"
"2568","2025","สำนักงานตำรวจแห่งชาติ","กองบัญชาการตำรวจตระเวนชายแดน","กองบังคับการตำรวจตระเวนชายแดนภาค 1","กองกำกับการตำรวจตระเวนชายแดนที่ 14","26.1656","0","0","0","0","0","0","0","0","0","0","0","0","0","0","0","0","0","0","0","0","0","0","0","0","0","0","0","0","0","0","0","0","0","0","0","0","0","0","0","0","0","0","0","0","0","0","0","0","0","0","0","0","0","0","0","0","0","0","0","0","0","0","0","0","0","0","0","0","0","0","0","0","0","0","0","0","A","ผ่าน","0","0.333333","5","0","0","ผ่าน","A"
"2563","2020","สำนักงานตำรวจแห่งชาติ","กองบัญชาการตำรวจตระเวนชายแดน","กองบังคับการตำรวจตระเวนชายแดนภาค 4","กองกำกับการตำรวจตระเวนชายแดนที่ 42","6.6283","","","","","","","","","","","","","","","","","","","","","","","","","","","","","","","","","","","","","","","","","","","","","","","","","","","","","","","","","","","","","","","","","","","","","","","","","","","","","","","","","0","0","0","ผ่าน","A"
"2564","2021","สำนักงานตำรวจแห่งชาติ","กองบัญชาการตำรวจตระเวนชายแดน","กองบังคับการตำรวจตระเวนชายแดนภาค 4","กองกำกับการตำรวจตระเวนชายแดนที่ 42","7.6277","0","0","0","0","0","0","0","0","0","0","0","0","0","0","0","0","0","0","0","0","0","0","0","0","0","0","0","0","0","0","0","0","0","0","0","0","0","0","0","0","0","0","0","0","0","0","0","0","0","0","0","0","0","0","0","0","0","0","0","0","0","0","0","0","0","0","0","0","0","0","0","0","0","0","0","0","A","ผ่าน","0","0","1","0","0","ผ่าน","A"
"2566","2023","สำนักงานตำรวจแห่งชาติ","กองบัญชาการตำรวจตระเวนชายแดน","กองบังคับการตำรวจตระเวนชายแดนภาค 4","กองกำกับการตำรวจตระเวนชายแดนที่ 42","9.6263","","","","","","","","","","","","","","","","","","","","","","","","","","","","","","","","","","","","","","","","","","","","","","","","","","","","","","","","","","","","","","","","","","","","","","","","","","","","","","","0","0","0","0","0","ผ่าน","A"
"2567","2024","สำนักงานตำรวจแห่งชาติ","กองบัญชาการตำรวจตระเวนชายแดน","กองบังคับการตำรวจตระเวนชายแดนภาค 4","กองกำกับการตำรวจตระเวนชายแดนที่ 42","10.6283","0","0","0","0","0","0","0","0","0","0","0","0","0","0","0","0","0","0","0","0","0","0","0","0","0","0","0","0","0","0","0","0","0","0","0","0","0","0","0","0","0","0","0","0","0","0","0","0","0","0","0","0","0","0","0","0","0","0","0","0","0","0","0","0","0","0","0","0","0","0","0","0","0","0","0","0","A","ผ่าน","0","0","1","0","0","ผ่าน","A"
"2568","2025","สำนักงานตำรวจแห่งชาติ","กองบัญชาการตำรวจตระเวนชายแดน","กองบังคับการตำรวจตระเวนชายแดนภาค 4","กองกำกับการตำรวจตระเวนชายแดนที่ 42","11.6277","0","0","0","0","0","0","0","0","0","0","0","0","0","0","0","0","0","0","0","0","0","0","0","0","0","0","0","0","0","0","0","0","0","0","0","0","0","0","0","0","0","0","0","0","0","0","0","0","0","0","0","0","0","0","0","0","0","0","0","0","0","0","0","0","0","0","0","0","0","0","0","0","0","0","0","0","A","ผ่าน","0","0","2","0","0","ผ่าน","A"
"2563","2020","สำนักงานตำรวจแห่งชาติ","กองบัญชาการตำรวจตระเวนชายแดน","กองบังคับการตำรวจตระเวนชายแดนภาค 4","กองกำกับการตำรวจตระเวนชายแดนที่ 42","6.6283","","","","","","","","","","","","","","","","","","","","","","","","","","","","","","","","","","","","","","","","","","","","","","","","","","","","","","","","","","","","","","","","","","","","","","","","","","","","","","","","","0","0","0","ผ่าน","B"
"2564","2021","สำนักงานตำรวจแห่งชาติ","กองบัญชาการตำรวจตระเวนชายแดน","กองบังคับการตำรวจตระเวนชายแดนภาค 4","กองกำกับการตำรวจตระเวนชายแดนที่ 42","7.6277","0","0","0","0","0","0","0","0","0","0","0","0","0","0","0","0","0","0","0","0","0","0","0","0","0","0","0","0","1","0","1","0","0","0","0","0","0","0","0","0","0","0","0","0","0","0","0","0","0","0","0","0","0","0","0","0","0","0","0","0","0","0","0","0","0","0","0","1","0","0","0","0","0","0","0","3","B","ผ่าน","0","3","1","0","0","ผ่าน","B"
"2566","2023","สำนักงานตำรวจแห่งชาติ","กองบัญชาการตำรวจตระเวนชายแดน","กองบังคับการตำรวจตระเวนชายแดนภาค 4","กองกำกับการตำรวจตระเวนชายแดนที่ 42","9.6263","","","","","","","","","","","","","","","","","","","","","","","","","","","","","","","","","","","","","","","","","","","","","","","","","","","","","","","","","","","","","","","","","","","","","","","","","","","","","","","0","2","0","0","0","ผ่าน","A"
"2567","2024","สำนักงานตำรวจแห่งชาติ","กองบัญชาการตำรวจตระเวนชายแดน","กองบังคับการตำรวจตระเวนชายแดนภาค 4","กองกำกับการตำรวจตระเวนชายแดนที่ 42","10.6283","0","0","0","0","0","0","0","0","0","0","0","0","0","0","0","0","0","0","0","0","0","0","0","0","0","0","0","0","0","0","0","0","0","0","0","0","0","0","0","0","0","0","0","0","0","0","0","0","0","0","0","0","0","0","0","0","0","0","0","0","0","0","0","0","0","0","0","0","0","0","0","0","0","0","0","0","A","ผ่าน","0","0.5","1","0","0","ผ่าน","A"
"2568","2025","สำนักงานตำรวจแห่งชาติ","กองบัญชาการตำรวจตระเวนชายแดน","กองบังคับการตำรวจตระเวนชายแดนภาค 4","กองกำกับการตำรวจตระเวนชายแดนที่ 42","11.6277","0","0","0","0","0","0","0","0","0","0","0","0","0","0","0","0","0","0","0","0","0","0","0","0","0","0","0","0","0","0","0","0","0","0","0","0","0","0","0","0","0","0","0","0","0","0","0","0","0","0","0","0","0","0","0","0","0","0","0","0","0","0","0","0","0","0","0","0","0","0","0","0","0","0","0","0","A","ผ่าน","0","0","2","0","0","ผ่าน","A"
"2566","2023","สำนักงานตำรวจแห่งชาติ","กองบัญชาการตำรวจตระเวนชายแดน","กองบังคับการตำรวจตระเวนชายแดนภาค 4","กองกำกับการตำรวจตระเวนชายแดนที่ 42","0.6297","","","","","","","","","","","","","","","","","","","","","","","","","","","","","","","","","","","","","","","","","","","","","","","","","","","","","","","","","","","","","","","","","","","","","","","","","","","","","","","","","0","0","0","ผ่าน","C"
"2567","2024","สำนักงานตำรวจแห่งชาติ","กองบัญชาการตำรวจตระเวนชายแดน","กองบังคับการตำรวจตระเวนชายแดนภาค 4","กองกำกับการตำรวจตระเวนชายแดนที่ 42","1.6318","1","0","0","0","0","1","0","0","0","0","0","1","0","0","0","1","0","0","1","0","0","0","0","1","0","0","0","1","1","1","1","0","0","0","0","0","0","0","0","0","0","0","0","0","1","0","0","0","0","0","0","0","0","0","0","0","0","0","0","0","0","0","0","0","0","0","0","0","1","0","0","0","0","0","0","12","C","ผ่าน","0","12","1","0","0","ผ่าน","B"
"2568","2025","สำนักงานตำรวจแห่งชาติ","กองบัญชาการตำรวจตระเวนชายแดน","กองบังคับการตำรวจตระเวนชายแดนภาค 4","กองกำกับการตำรวจตระเวนชายแดนที่ 42","2.6311","0","0","0","0","1","0","0","0","0","0","0","0","0","1","1","0","0","0","1","0","0","0","0","0","0","1","0","0","0","0","0","0","0","0","0","0","0","0","0","0","0","0","0","0","0","1","0","0","0","0","0","0","0","0","0","0","0","0","0","0","0","0","0","0","0","0","0","0","0","0","0","0","0","0","0","6","B","ผ่าน","0","9","2","0","0","ผ่าน","A"
"2563","2020","สำนักงานตำรวจแห่งชาติ","กองบัญชาการตำรวจตระเวนชายแดน","กองบังคับการตำรวจตระเวนชายแดนภาค 4","กองกำกับการตำรวจตระเวนชายแดนที่ 42","6.6283","","","","","","","","","","","","","","","","","","","","","","","","","","","","","","","","","","","","","","","","","","","","","","","","","","","","","","","","","","","","","","","","","","","","","","","","","","","","","","","","","0","0","0","ผ่าน","B"
"2564","2021","สำนักงานตำรวจแห่งชาติ","กองบัญชาการตำรวจตระเวนชายแดน","กองบังคับการตำรวจตระเวนชายแดนภาค 4","กองกำกับการตำรวจตระเวนชายแดนที่ 42","7.6277","0","0","0","0","0","1","0","0","0","0","0","0","0","0","0","0","0","0","0","0","0","0","0","0","0","0","0","0","0","0","0","0","0","0","0","0","0","0","0","0","0","0","0","0","0","0","0","0","0","0","0","0","0","0","0","0","0","0","0","0","0","0","0","0","0","0","0","0","0","0","0","0","0","0","0","1","B","ผ่าน","0","1","1","0","0","ผ่าน","B"
"2565","2022","สำนักงานตำรวจแห่งชาติ","กองบัญชาการตำรวจตระเวนชายแดน","กองบังคับการตำรวจตระเวนชายแดนภาค 4","กองกำกับการตำรวจตระเวนชายแดนที่ 42","8.627","0","0","0","0","0","1","0","0","0","0","0","0","0","0","0","0","0","0","0","0","0","0","0","0","0","0","0","0","0","0","0","0","0","0","0","0","0","0","0","0","0","0","0","0","0","0","0","0","0","0","0","0","0","0","0","0","0","0","0","0","0","0","0","0","0","0","0","0","0","0","0","0","0","0","0","1","B","ผ่าน","0","1","2","0","0","ไม่ผ่าน","D"
"2566","2023","สำนักงานตำรวจแห่งชาติ","กองบัญชาการตำรวจตระเวนชายแดน","กองบังคับการตำรวจตระเวนชายแดนภาค 4","กองกำกับการตำรวจตระเวนชายแดนที่ 42","9.6263","1","1","1","1","1","1","1","1","1","1","1","1","1","1","1","1","1","1","1","1","1","1","1","1","1","1","1","1","1","1","1","1","1","1","1","1","1","1","1","1","1","1","0","0","0","0","0","0","0","0","0","0","0","0","0","0","0","0","0","0","0","0","0","0","0","0","0","0","0","0","0","0","0","0","0","42","D","ไม่ผ่าน","0.5","14.666667","0","1","1","ผ่าน","B"
"2567","2024","สำนักงานตำรวจแห่งชาติ","กองบัญชาการตำรวจตระเวนชายแดน","กองบังคับการตำรวจตระเวนชายแดนภาค 4","กองกำกับการตำรวจตระเวนชายแดนที่ 42","10.6283","0","0","0","0","0","0","0","0","0","0","0","0","0","0","0","0","0","0","0","0","0","0","0","0","0","0","0","0","0","0","0","0","0","0","0","0","0","0","0","0","0","0","0","0","0","0","0","0","0","0","0","0","0","0","0","0","1","0","0","0","0","0","0","0","0","0","0","0","0","0","0","0","0","0","0","1","B","ผ่าน","0.5","14.666667","1","0","1","ผ่าน","A"
"2568","2025","สำนักงานตำรวจแห่งชาติ","กองบัญชาการตำรวจตระเวนชายแดน","กองบังคับการตำรวจตระเวนชายแดนภาค 4","กองกำกับการตำรวจตระเวนชายแดนที่ 42","11.6277","0","0","0","0","0","0","0","0","0","0","0","0","0","0","0","0","0","0","0","0","0","0","0","0","0","0","0","0","0","0","0","0","0","0","0","0","0","0","0","0","0","0","0","0","0","0","0","0","0","0","0","0","0","0","0","0","0","0","0","0","0","0","0","0","0","0","0","0","0","0","0","0","0","0","0","0","A","ผ่าน","0","14.333333","2","0","1","ผ่าน","A"
"2563","2020","สำนักงานตำรวจแห่งชาติ","กองบัญชาการตำรวจตระเวนชายแดน","กองบังคับการตำรวจตระเวนชายแดนภาค 4","กองกำกับการตำรวจตระเวนชายแดนที่ 41","32.6461","","","","","","","","","","","","","","","","","","","","","","","","","","","","","","","","","","","","","","","","","","","","","","","","","","","","","","","","","","","","","","","","","","","","","","","","","","","","","","","","","0","0","0","ผ่าน","A"
"2564","2021","สำนักงานตำรวจแห่งชาติ","กองบัญชาการตำรวจตระเวนชายแดน","กองบังคับการตำรวจตระเวนชายแดนภาค 4","กองกำกับการตำรวจตระเวนชายแดนที่ 41","33.6454","0","0","0","0","0","0","0","0","0","0","0","0","0","0","0","0","0","0","0","0","0","0","0","0","0","0","0","0","0","0","0","0","0","0","0","0","0","0","0","0","0","0","0","0","0","0","0","0","0","0","0","0","0","0","0","0","0","0","0","0","0","0","0","0","0","0","0","0","0","0","0","0","0","0","0","0","A","ผ่าน","0","0","1","0","0","ผ่าน","A"
"2565","2022","สำนักงานตำรวจแห่งชาติ","กองบัญชาการตำรวจตระเวนชายแดน","กองบังคับการตำรวจตระเวนชายแดนภาค 4","กองกำกับการตำรวจตระเวนชายแดนที่ 41","34.6448","0","0","0","0","0","0","0","0","0","0","0","0","0","0","0","0","0","0","0","0","0","0","0","0","0","0","0","0","0","0","0","0","0","0","0","0","0","0","0","0","0","0","0","0","0","0","0","0","0","0","0","0","0","0","0","0","0","0","0","0","0","0","0","0","0","0","0","0","0","0","0","0","0","0","0","0","A","ผ่าน","0","0","2","0","0","ผ่าน","A"
"2566","2023","สำนักงานตำรวจแห่งชาติ","กองบัญชาการตำรวจตระเวนชายแดน","กองบังคับการตำรวจตระเวนชายแดนภาค 4","กองกำกับการตำรวจตระเวนชายแดนที่ 41","35.6441","0","0","0","0","0","0","0","0","0","0","0","0","0","0","0","0","0","0","0","0","0","0","0","0","0","0","0","0","0","0","0","0","0","0","0","0","0","0","0","0","0","0","0","0","0","0","0","0","0","0","0","0","0","0","0","0","0","0","0","0","0","0","0","0","0","0","0","0","0","0","0","0","0","0","0","0","A","ผ่าน","0","0","3","0","0","ผ่าน","A"
"2567","2024","สำนักงานตำรวจแห่งชาติ","กองบัญชาการตำรวจตระเวนชายแดน","กองบังคับการตำรวจตระเวนชายแดนภาค 4","กองกำกับการตำรวจตระเวนชายแดนที่ 41","36.6461","0","0","0","0","0","0","0","0","0","0","0","0","0","0","0","0","0","0","0","0","0","0","0","0","0","0","0","0","0","0","0","0","0","0","0","0","0","0","0","0","0","0","0","0","0","0","0","0","0","0","0","0","0","0","0","0","0","0","0","0","0","0","0","0","0","0","0","0","0","0","0","0","0","0","0","0","A","ผ่าน","0","0","4","0","0","ผ่าน","A"
"2568","2025","สำนักงานตำรวจแห่งชาติ","กองบัญชาการตำรวจตระเวนชายแดน","กองบังคับการตำรวจตระเวนชายแดนภาค 4","กองกำกับการตำรวจตระเวนชายแดนที่ 41","37.6454","0","0","0","0","0","0","0","0","0","0","0","0","0","0","0","0","0","0","0","0","0","0","0","0","0","0","0","0","0","0","0","0","0","0","0","0","0","0","0","0","0","0","0","0","0","0","0","0","0","0","0","0","0","0","0","0","0","0","0","0","0","0","0","0","0","0","0","0","0","0","0","0","0","0","0","0","A","ผ่าน","0","0","5","0","0","ผ่าน","A"
"2563","2020","สำนักงานตำรวจแห่งชาติ","กองบัญชาการตำรวจตระเวนชายแดน","กองบังคับการตำรวจตระเวนชายแดนภาค 4","กองกำกับการตำรวจตระเวนชายแดนที่ 41","","","","","","","","","","","","","","","","","","","","","","","","","","","","","","","","","","","","","","","","","","","","","","","","","","","","","","","","","","","","","","","","","","","","","","","","","","","","","","","","","","0","0","0","ผ่าน","A"
"2564","2021","สำนักงานตำรวจแห่งชาติ","กองบัญชาการตำรวจตระเวนชายแดน","กองบังคับการตำรวจตระเวนชายแดนภาค 4","กองกำกับการตำรวจตระเวนชายแดนที่ 41","","0","0","0","0","0","0","0","0","0","0","0","0","0","0","0","0","0","0","0","0","0","0","0","0","0","0","0","0","0","0","0","0","0","0","0","0","0","0","0","0","0","0","0","0","0","0","0","0","0","0","0","0","0","0","0","0","0","0","0","0","0","0","0","0","0","0","0","0","0","0","0","0","0","0","0","0","A","ผ่าน","0","0","1","0","0","ผ่าน","A"
"2565","2022","สำนักงานตำรวจแห่งชาติ","กองบัญชาการตำรวจตระเวนชายแดน","กองบังคับการตำรวจตระเวนชายแดนภาค 4","กองกำกับการตำรวจตระเวนชายแดนที่ 41","","0","0","0","0","0","0","0","0","0","0","0","0","0","0","0","0","0","0","0","0","0","0","0","0","0","0","0","0","0","0","0","0","0","0","0","0","0","0","0","0","0","0","0","0","0","0","0","0","0","0","0","0","0","0","0","0","0","0","0","0","0","0","0","0","0","0","0","0","0","0","0","0","0","0","0","0","A","ผ่าน","0","0","2","0","0","ผ่าน","A"
"2566","2023","สำนักงานตำรวจแห่งชาติ","กองบัญชาการตำรวจตระเวนชายแดน","กองบังคับการตำรวจตระเวนชายแดนภาค 4","กองกำกับการตำรวจตระเวนชายแดนที่ 41","","0","0","0","0","0","0","0","0","0","0","0","0","0","0","0","0","0","0","0","0","0","0","0","0","0","0","0","0","0","0","0","0","0","0","0","0","0","0","0","0","0","0","0","0","0","0","0","0","0","0","0","0","0","0","0","0","0","0","0","0","0","0","0","0","0","0","0","0","0","0","0","0","0","0","0","0","A","ผ่าน","0","0","3","0","0","ผ่าน","A"
"2567","2024","สำนักงานตำรวจแห่งชาติ","กองบัญชาการตำรวจตระเวนชายแดน","กองบังคับการตำรวจตระเวนชายแดนภาค 4","กองกำกับการตำรวจตระเวนชายแดนที่ 41","","0","0","0","0","0","0","0","0","0","0","0","0","0","0","0","0","0","0","0","0","0","0","0","0","0","0","0","0","0","0","0","0","0","0","0","0","0","0","0","0","0","0","0","0","0","0","0","0","0","0","0","0","0","0","0","0","0","0","0","0","0","0","0","0","0","0","0","0","0","0","0","0","0","0","0","0","A","ผ่าน","0","0","4","0","0","ผ่าน","A"
"2568","2025","สำนักงานตำรวจแห่งชาติ","กองบัญชาการตำรวจตระเวนชายแดน","กองบังคับการตำรวจตระเวนชายแดนภาค 4","กองกำกับการตำรวจตระเวนชายแดนที่ 41","","0","0","0","0","0","0","0","0","0","0","0","0","0","0","0","0","0","0","0","0","0","0","0","0","0","0","0","0","0","0","0","0","0","0","0","0","0","0","0","0","0","0","0","0","0","0","0","0","0","0","0","0","0","0","0","0","0","0","0","0","0","0","0","0","0","0","0","0","0","0","0","0","0","0","0","0","A","ผ่าน","0","0","5","0","0","ผ่าน","A"
"2563","2020","สำนักงานตำรวจแห่งชาติ","กองบัญชาการตำรวจตระเวนชายแดน","กองบังคับการตำรวจตระเวนชายแดนภาค 4","กองกำกับการตำรวจตระเวนชายแดนที่ 41","23.6277","","","","","","","","","","","","","","","","","","","","","","","","","","","","","","","","","","","","","","","","","","","","","","","","","","","","","","","","","","","","","","","","","","","","","","","","","","","","","","","","","0","0","0","ผ่าน","A"
"2564","2021","สำนักงานตำรวจแห่งชาติ","กองบัญชาการตำรวจตระเวนชายแดน","กองบังคับการตำรวจตระเวนชายแดนภาค 4","กองกำกับการตำรวจตระเวนชายแดนที่ 41","24.627","0","0","0","0","0","0","0","0","0","0","0","0","0","0","0","0","0","0","0","0","0","0","0","0","0","0","0","0","0","0","0","0","0","0","0","0","0","0","0","0","0","0","0","0","0","0","0","0","0","0","0","0","0","0","0","0","0","0","0","0","0","0","0","0","0","0","0","0","0","0","0","0","0","0","0","0","A","ผ่าน","0","0","1","0","0","ผ่าน","A"
"2565","2022","สำนักงานตำรวจแห่งชาติ","กองบัญชาการตำรวจตระเวนชายแดน","กองบังคับการตำรวจตระเวนชายแดนภาค 4","กองกำกับการตำรวจตระเวนชายแดนที่ 41","25.6263","0","0","0","0","0","0","0","0","0","0","0","0","0","0","0","0","0","0","0","0","0","0","0","0","0","0","0","0","0","0","0","0","0","0","0","0","0","0","0","0","0","0","0","0","0","0","0","0","0","0","0","0","0","0","0","0","0","0","0","0","0","0","0","0","0","0","0","0","0","0","0","0","0","0","0","0","A","ผ่าน","0","0","2","0","0","ผ่าน","A"
"2566","2023","สำนักงานตำรวจแห่งชาติ","กองบัญชาการตำรวจตระเวนชายแดน","กองบังคับการตำรวจตระเวนชายแดนภาค 4","กองกำกับการตำรวจตระเวนชายแดนที่ 41","26.6256","0","0","0","0","0","0","0","0","0","0","0","0","0","0","0","0","0","0","0","0","0","0","0","0","0","0","0","0","0","0","0","0","0","0","0","0","0","0","0","0","0","0","0","0","0","0","0","0","0","0","0","0","0","0","0","0","0","0","0","0","0","0","0","0","0","0","0","0","0","0","0","0","0","0","0","0","A","ผ่าน","0","0","3","0","0","ผ่าน","B"
"2567","2024","สำนักงานตำรวจแห่งชาติ","กองบัญชาการตำรวจตระเวนชายแดน","กองบังคับการตำรวจตระเวนชายแดนภาค 4","กองกำกับการตำรวจตระเวนชายแดนที่ 41","27.6277","0","0","0","0","0","1","0","0","0","0","0","0","0","0","0","0","0","0","0","0","0","0","0","0","0","0","0","0","0","0","0","0","0","0","0","0","0","0","0","0","0","0","0","0","0","0","0","0","0","0","0","0","0","0","0","0","0","0","0","0","0","0","0","0","0","0","0","0","0","0","0","0","0","0","0","1","B","ผ่าน","0","0.333333","4","0","0","ผ่าน","B"
"2568","2025","สำนักงานตำรวจแห่งชาติ","กองบัญชาการตำรวจตระเวนชายแดน","กองบังคับการตำรวจตระเวนชายแดนภาค 4","กองกำกับการตำรวจตระเวนชายแดนที่ 41","28.627","0","0","0","0","0","1","0","0","0","0","0","0","0","0","0","0","0","0","0","0","0","0","0","0","0","0","0","0","0","0","0","0","0","0","0","0","0","0","0","0","0","0","0","0","0","0","0","0","0","0","0","0","0","0","0","0","0","0","0","0","0","0","0","0","0","0","0","0","0","0","0","0","0","0","0","1","B","ผ่าน","0","0.666667","5","0","0","ผ่าน","A"
"2563","2020","สำนักงานตำรวจแห่งชาติ","กองบัญชาการตำรวจตระเวนชายแดน","กองบังคับการตำรวจตระเวนชายแดนภาค 4","กองกำกับการตำรวจตระเวนชายแดนที่ 41","33.4894","","","","","","","","","","","","","","","","","","","","","","","","","","","","","","","","","","","","","","","","","","","","","","","","","","","","","","","","","","","","","","","","","","","","","","","","","","","","","","","","","0","0","0","ผ่าน","A"
"2564","2021","สำนักงานตำรวจแห่งชาติ","กองบัญชาการตำรวจตระเวนชายแดน","กองบังคับการตำรวจตระเวนชายแดนภาค 4","กองกำกับการตำรวจตระเวนชายแดนที่ 41","34.4887","0","0","0","0","0","0","0","0","0","0","0","0","0","0","0","0","0","0","0","0","0","0","0","0","0","0","0","0","0","0","0","0","0","0","0","0","0","0","0","0","0","0","0","0","0","0","0","0","0","0","0","0","0","0","0","0","0","0","0","0","0","0","0","0","0","0","0","0","0","0","0","0","0","0","0","0","A","ผ่าน","0","0","1","0","0","ผ่าน","A"
"2565","2022","สำนักงานตำรวจแห่งชาติ","กองบัญชาการตำรวจตระเวนชายแดน","กองบังคับการตำรวจตระเวนชายแดนภาค 4","กองกำกับการตำรวจตระเวนชายแดนที่ 41","35.488","0","0","0","0","0","0","0","0","0","0","0","0","0","0","0","0","0","0","0","0","0","0","0","0","0","0","0","0","0","0","0","0","0","0","0","0","0","0","0","0","0","0","0","0","0","0","0","0","0","0","0","0","0","0","0","0","0","0","0","0","0","0","0","0","0","0","0","0","0","0","0","0","0","0","0","0","A","ผ่าน","0","0","2","0","0","ผ่าน","A"
"2566","2023","สำนักงานตำรวจแห่งชาติ","กองบัญชาการตำรวจตระเวนชายแดน","กองบังคับการตำรวจตระเวนชายแดนภาค 4","กองกำกับการตำรวจตระเวนชายแดนที่ 41","36.4873","0","0","0","0","0","0","0","0","0","0","0","0","0","0","0","0","0","0","0","0","0","0","0","0","0","0","0","0","0","0","0","0","0","0","0","0","0","0","0","0","0","0","0","0","0","0","0","0","0","0","0","0","0","0","0","0","0","0","0","0","0","0","0","0","0","0","0","0","0","0","0","0","0","0","0","0","A","ผ่าน","0","0","3","0","0","ผ่าน","A"
"2567","2024","สำนักงานตำรวจแห่งชาติ","กองบัญชาการตำรวจตระเวนชายแดน","กองบังคับการตำรวจตระเวนชายแดนภาค 4","กองกำกับการตำรวจตระเวนชายแดนที่ 41","37.4894","0","0","0","0","0","0","0","0","0","0","0","0","0","0","0","0","0","0","0","0","0","0","0","0","0","0","0","0","0","0","0","0","0","0","0","0","0","0","0","0","0","0","0","0","0","0","0","0","0","0","0","0","0","0","0","0","0","0","0","0","0","0","0","0","0","0","0","0","0","0","0","0","0","0","0","0","A","ผ่าน","0","0","4","0","0","ผ่าน","A"
"2568","2025","สำนักงานตำรวจแห่งชาติ","กองบัญชาการตำรวจตระเวนชายแดน","กองบังคับการตำรวจตระเวนชายแดนภาค 4","กองกำกับการตำรวจตระเวนชายแดนที่ 41","38.4887","0","0","0","0","0","0","0","0","0","0","0","0","0","0","0","0","0","0","0","0","0","0","0","0","0","0","0","0","0","0","0","0","0","0","0","0","0","0","0","0","0","0","0","0","0","0","0","0","0","0","0","0","0","0","0","0","0","0","0","0","0","0","0","0","0","0","0","0","0","0","0","0","0","0","0","0","A","ผ่าน","0","0","5","0","0","ผ่าน","A"
"2563","2020","สำนักงานตำรวจแห่งชาติ","กองบัญชาการตำรวจตระเวนชายแดน","กองบังคับการตำรวจตระเวนชายแดนภาค 4","กองกำกับการตำรวจตระเวนชายแดนที่ 41","0.501","","","","","","","","","","","","","","","","","","","","","","","","","","","","","","","","","","","","","","","","","","","","","","","","","","","","","","","","","","","","","","","","","","","","","","","","","","","","","","","","","0","0","0","ผ่าน","B"
"2564","2021","สำนักงานตำรวจแห่งชาติ","กองบัญชาการตำรวจตระเวนชายแดน","กองบังคับการตำรวจตระเวนชายแดนภาค 4","กองกำกับการตำรวจตระเวนชายแดนที่ 41","1.5003","0","0","0","0","0","0","0","0","0","1","0","0","0","0","0","0","0","0","0","0","0","0","0","0","0","0","0","0","0","0","0","0","0","0","0","0","0","0","0","0","0","0","0","0","0","0","0","0","0","0","0","0","0","0","0","0","0","0","0","0","0","0","0","1","0","0","0","0","0","0","0","0","0","0","0","2","B","ผ่าน","0","2","1","0","0","ผ่าน","B"
"2565","2022","สำนักงานตำรวจแห่งชาติ","กองบัญชาการตำรวจตระเวนชายแดน","กองบังคับการตำรวจตระเวนชายแดนภาค 4","กองกำกับการตำรวจตระเวนชายแดนที่ 41","2.4997","0","0","0","0","0","0","0","0","0","0","0","0","0","0","0","0","0","0","0","0","0","0","0","0","0","0","0","0","0","0","0","0","0","0","0","0","0","0","0","0","0","0","0","0","0","0","0","0","0","0","0","0","0","0","0","0","0","0","0","0","0","1","0","0","1","0","0","0","0","0","0","0","0","0","0","2","B","ผ่าน","0","2","2","0","0","ผ่าน","B"
"2566","2023","สำนักงานตำรวจแห่งชาติ","กองบัญชาการตำรวจตระเวนชายแดน","กองบังคับการตำรวจตระเวนชายแดนภาค 4","กองกำกับการตำรวจตระเวนชายแดนที่ 41","3.499","0","0","0","0","0","0","0","0","0","0","0","0","0","0","0","0","0","0","0","0","0","0","0","0","0","0","0","0","0","0","0","0","0","0","0","0","0","0","0","0","0","0","0","0","0","0","0","0","0","0","0","0","0","0","0","1","0","0","0","0","0","0","0","0","0","0","0","0","0","0","0","0","0","0","0","1","B","ผ่าน","0","1.666667","3","0","0","ผ่าน","A"
"2567","2024","สำนักงานตำรวจแห่งชาติ","กองบัญชาการตำรวจตระเวนชายแดน","กองบังคับการตำรวจตระเวนชายแดนภาค 4","กองกำกับการตำรวจตระเวนชายแดนที่ 41","4.501","0","0","0","0","0","0","0","0","0","0","0","0","0","0","0","0","0","0","0","0","0","0","0","0","0","0","0","0","0","0","0","0","0","0","0","0","0","0","0","0","0","0","0","0","0","0","0","0","0","0","0","0","0","0","0","0","0","0","0","0","0","0","0","0","0","0","0","0","0","0","0","0","0","0","0","0","A","ผ่าน","0","1","4","0","0","ผ่าน","A"
"2568","2025","สำนักงานตำรวจแห่งชาติ","กองบัญชาการตำรวจตระเวนชายแดน","กองบังคับการตำรวจตระเวนชายแดนภาค 4","กองกำกับการตำรวจตระเวนชายแดนที่ 41","5.5003","0","0","0","0","0","0","0","0","0","0","0","0","0","0","0","0","0","0","0","0","0","0","0","0","0","0","0","0","0","0","0","0","0","0","0","0","0","0","0","0","0","0","0","0","0","0","0","0","0","0","0","0","0","0","0","0","0","0","0","0","0","0","0","0","0","0","0","0","0","0","0","0","0","0","0","0","A","ผ่าน","0","0.333333","5","0","0","ผ่าน","A"
"2563","2020","สำนักงานตำรวจแห่งชาติ","กองบัญชาการตำรวจตระเวนชายแดน","กองบังคับการตำรวจตระเวนชายแดนภาค 4","กองกำกับการตำรวจตระเวนชายแดนที่ 41","17.4648","","","","","","","","","","","","","","","","","","","","","","","","","","","","","","","","","","","","","","","","","","","","","","","","","","","","","","","","","","","","","","","","","","","","","","","","","","","","","","","","","0","0","0","ผ่าน","A"
"2564","2021","สำนักงานตำรวจแห่งชาติ","กองบัญชาการตำรวจตระเวนชายแดน","กองบังคับการตำรวจตระเวนชายแดนภาค 4","กองกำกับการตำรวจตระเวนชายแดนที่ 41","18.4641","0","0","0","0","0","0","0","0","0","0","0","0","0","0","0","0","0","0","0","0","0","0","0","0","0","0","0","0","0","0","0","0","0","0","0","0","0","0","0","0","0","0","0","0","0","0","0","0","0","0","0","0","0","0","0","0","0","0","0","0","0","0","0","0","0","0","0","0","0","0","0","0","0","0","0","0","A","ผ่าน","0","0","1","0","0","ผ่าน","A"
"2565","2022","สำนักงานตำรวจแห่งชาติ","กองบัญชาการตำรวจตระเวนชายแดน","กองบังคับการตำรวจตระเวนชายแดนภาค 4","กองกำกับการตำรวจตระเวนชายแดนที่ 41","19.4634","0","0","0","0","0","0","0","0","0","0","0","0","0","0","0","0","0","0","0","0","0","0","0","0","0","0","0","0","0","0","0","0","0","0","0","0","0","0","0","0","0","0","0","0","0","0","0","0","0","0","0","0","0","0","0","0","0","0","0","0","0","0","0","0","0","0","0","0","0","0","0","0","0","0","0","0","A","ผ่าน","0","0","2","0","0","ผ่าน","A"
"2566","2023","สำนักงานตำรวจแห่งชาติ","กองบัญชาการตำรวจตระเวนชายแดน","กองบังคับการตำรวจตระเวนชายแดนภาค 4","กองกำกับการตำรวจตระเวนชายแดนที่ 41","20.4627","0","0","0","0","0","0","0","0","0","0","0","0","0","0","0","0","0","0","0","0","0","0","0","0","0","0","0","0","0","0","0","0","0","0","0","0","0","0","0","0","0","0","0","0","0","0","0","0","0","0","0","0","0","0","0","0","0","0","0","0","0","0","0","0","0","0","0","0","0","0","0","0","0","0","0","0","A","ผ่าน","0","0","3","0","0","ผ่าน","B"
"2567","2024","สำนักงานตำรวจแห่งชาติ","กองบัญชาการตำรวจตระเวนชายแดน","กองบังคับการตำรวจตระเวนชายแดนภาค 4","กองกำกับการตำรวจตระเวนชายแดนที่ 41","21.4648","0","0","0","0","0","0","0","0","0","0","0","0","0","0","0","0","0","0","0","0","0","0","0","0","0","0","0","0","0","0","0","0","0","0","0","0","0","0","0","0","0","0","0","0","0","0","0","0","0","0","0","0","0","1","0","1","0","0","0","0","0","0","0","0","0","0","0","0","0","0","0","0","0","0","0","2","B","ผ่าน","0","0.666667","4","0","0","ผ่าน","A"
"2568","2025","สำนักงานตำรวจแห่งชาติ","กองบัญชาการตำรวจตระเวนชายแดน","กองบังคับการตำรวจตระเวนชายแดนภาค 4","กองกำกับการตำรวจตระเวนชายแดนที่ 41","22.4641","0","0","0","0","0","0","0","0","0","0","0","0","0","0","0","0","0","0","0","0","0","0","0","0","0","0","0","0","0","0","0","0","0","0","0","0","0","0","0","0","0","0","0","0","0","0","0","0","0","0","0","0","0","0","0","0","0","0","0","0","0","0","0","0","0","0","0","0","0","0","0","0","0","0","0","0","A","ผ่าน","0","0.666667","5","0","0","ผ่าน","B"
"2563","2020","สำนักงานตำรวจแห่งชาติ","กองบัญชาการตำรวจตระเวนชายแดน","กองบังคับการตำรวจตระเวนชายแดนภาค 4","กองกำกับการตำรวจตระเวนชายแดนที่ 41","","","","","","","","","","","","","","","","","","","","","","","","","","","","","","","","","","","","","","","","","","","","","","","","","","","","","","","","","","","","","","","","","","","","","","","","","","","","","","","","","","0","0","0","ผ่าน","B"
"2564","2021","สำนักงานตำรวจแห่งชาติ","กองบัญชาการตำรวจตระเวนชายแดน","กองบังคับการตำรวจตระเวนชายแดนภาค 4","กองกำกับการตำรวจตระเวนชายแดนที่ 41","0.6242","0","0","0","0","0","1","0","0","0","0","0","0","0","0","0","0","0","0","0","0","0","0","0","0","0","0","0","0","0","0","0","0","0","0","0","0","0","0","0","0","0","0","0","0","0","0","0","0","0","0","0","0","0","0","0","0","0","0","0","0","0","0","0","0","0","0","0","0","0","0","0","0","0","0","0","1","B","ผ่าน","0","1","1","0","0","ผ่าน","B"
"2565","2022","สำนักงานตำรวจแห่งชาติ","กองบัญชาการตำรวจตระเวนชายแดน","กองบังคับการตำรวจตระเวนชายแดนภาค 4","กองกำกับการตำรวจตระเวนชายแดนที่ 41","1.6235","0","0","0","0","0","1","0","0","0","0","0","0","0","0","0","0","0","0","0","0","0","0","0","0","0","0","0","0","0","0","0","0","0","0","0","0","0","0","0","0","0","0","0","0","0","0","0","0","0","0","0","0","0","0","0","0","0","0","0","0","0","0","0","0","0","0","0","0","0","0","0","0","0","0","0","1","B","ผ่าน","0","1","2","0","0","ผ่าน","A"
"2566","2023","สำนักงานตำรวจแห่งชาติ","กองบัญชาการตำรวจตระเวนชายแดน","กองบังคับการตำรวจตระเวนชายแดนภาค 4","กองกำกับการตำรวจตระเวนชายแดนที่ 41","2.6229","0","0","0","0","0","0","0","0","0","0","0","0","0","0","0","0","0","0","0","0","0","0","0","0","0","0","0","0","0","0","0","0","0","0","0","0","0","0","0","0","0","0","0","0","0","0","0","0","0","0","0","0","0","0","0","0","0","0","0","0","0","0","0","0","0","0","0","0","0","0","0","0","0","0","0","0","A","ผ่าน","0","0.666667","3","0","0","ผ่าน","A"
"2567","2024","สำนักงานตำรวจแห่งชาติ","กองบัญชาการตำรวจตระเวนชายแดน","กองบังคับการตำรวจตระเวนชายแดนภาค 4","กองกำกับการตำรวจตระเวนชายแดนที่ 41","3.6249","0","0","0","0","0","0","0","0","0","0","0","0","0","0","0","0","0","0","0","0","0","0","0","0","0","0","0","0","0","0","0","0","0","0","0","0","0","0","0","0","0","0","0","0","0","0","0","0","0","0","0","0","0","0","0","0","0","0","0","0","0","0","0","0","0","0","0","0","0","0","0","0","0","0","0","0","A","ผ่าน","0","0.333333","4","0","0","ผ่าน","A"
"2568","2025","สำนักงานตำรวจแห่งชาติ","กองบัญชาการตำรวจตระเวนชายแดน","กองบังคับการตำรวจตระเวนชายแดนภาค 4","กองกำกับการตำรวจตระเวนชายแดนที่ 41","4.6242","0","0","0","0","0","0","0","0","0","0","0","0","0","0","0","0","0","0","0","0","0","0","0","0","0","0","0","0","0","0","0","0","0","0","0","0","0","0","0","0","0","0","0","0","0","0","0","0","0","0","0","0","0","0","0","0","0","0","0","0","0","0","0","0","0","0","0","0","0","0","0","0","0","0","0","0","A","ผ่าน","0","0","5","0","0","ผ่าน","A"
"2563","2020","สำนักงานตำรวจแห่งชาติ","กองบัญชาการตำรวจตระเวนชายแดน","กองบังคับการตำรวจตระเวนชายแดนภาค 4","กองกำกับการตำรวจตระเวนชายแดนที่ 41","32.4627","","","","","","","","","","","","","","","","","","","","","","","","","","","","","","","","","","","","","","","","","","","","","","","","","","","","","","","","","","","","","","","","","","","","","","","","","","","","","","","","","0","0","0","ผ่าน","B"
"2564","2021","สำนักงานตำรวจแห่งชาติ","กองบัญชาการตำรวจตระเวนชายแดน","กองบังคับการตำรวจตระเวนชายแดนภาค 4","กองกำกับการตำรวจตระเวนชายแดนที่ 41","33.462","0","0","0","0","0","0","0","0","0","0","0","0","0","0","0","0","0","0","0","0","0","0","0","0","0","0","0","0","0","0","0","0","0","0","0","0","0","0","0","0","0","0","0","0","0","0","0","0","0","0","0","0","0","0","0","1","0","0","0","0","0","0","0","0","0","0","0","0","0","0","0","0","0","0","0","1","B","ผ่าน","0","1","1","0","0","ผ่าน","B"
"2565","2022","สำนักงานตำรวจแห่งชาติ","กองบัญชาการตำรวจตระเวนชายแดน","กองบังคับการตำรวจตระเวนชายแดนภาค 4","กองกำกับการตำรวจตระเวนชายแดนที่ 41","34.4613","0","0","0","0","0","0","0","0","0","0","0","0","0","0","0","0","0","0","0","0","0","0","0","0","0","1","0","0","0","0","0","0","0","0","0","0","0","0","0","0","0","0","0","0","0","0","0","0","0","0","0","0","0","0","0","0","0","0","0","0","0","0","0","0","0","0","0","0","0","0","0","0","0","0","0","1","B","ผ่าน","0","1","2","0","0","ผ่าน","A"
"2566","2023","สำนักงานตำรวจแห่งชาติ","กองบัญชาการตำรวจตระเวนชายแดน","กองบังคับการตำรวจตระเวนชายแดนภาค 4","กองกำกับการตำรวจตระเวนชายแดนที่ 41","35.4606","0","0","0","0","0","0","0","0","0","0","0","0","0","0","0","0","0","0","0","0","0","0","0","0","0","0","0","0","0","0","0","0","0","0","0","0","0","0","0","0","0","0","0","0","0","0","0","0","0","0","0","0","0","0","0","0","0","0","0","0","0","0","0","0","0","0","0","0","0","0","0","0","0","0","0","0","A","ผ่าน","0","0.666667","3","0","0","ผ่าน","A"
"2567","2024","สำนักงานตำรวจแห่งชาติ","กองบัญชาการตำรวจตระเวนชายแดน","กองบังคับการตำรวจตระเวนชายแดนภาค 4","กองกำกับการตำรวจตระเวนชายแดนที่ 41","36.4627","0","0","0","0","0","0","0","0","0","0","0","0","0","0","0","0","0","0","0","0","0","0","0","0","0","0","0","0","0","0","0","0","0","0","0","0","0","0","0","0","0","0","0","0","0","0","0","0","0","0","0","0","0","0","0","0","0","0","0","0","0","0","0","0","0","0","0","0","0","0","0","0","0","0","0","0","A","ผ่าน","0","0.333333","4","0","0","ผ่าน","A"
"2568","2025","สำนักงานตำรวจแห่งชาติ","กองบัญชาการตำรวจตระเวนชายแดน","กองบังคับการตำรวจตระเวนชายแดนภาค 4","กองกำกับการตำรวจตระเวนชายแดนที่ 41","37.462","0","0","0","0","0","0","0","0","0","0","0","0","0","0","0","0","0","0","0","0","0","0","0","0","0","0","0","0","0","0","0","0","0","0","0","0","0","0","0","0","0","0","0","0","0","0","0","0","0","0","0","0","0","0","0","0","0","0","0","0","0","0","0","0","0","0","0","0","0","0","0","0","0","0","0","0","A","ผ่าน","0","0","5","0","0","ผ่าน","A"
"2563","2020","สำนักงานตำรวจแห่งชาติ","กองบัญชาการตำรวจตระเวนชายแดน","กองบังคับการตำรวจตระเวนชายแดนภาค 4","กองกำกับการตำรวจตระเวนชายแดนที่ 41","32.9144","","","","","","","","","","","","","","","","","","","","","","","","","","","","","","","","","","","","","","","","","","","","","","","","","","","","","","","","","","","","","","","","","","","","","","","","","","","","","","","","","0","0","0","ผ่าน","A"
"2564","2021","สำนักงานตำรวจแห่งชาติ","กองบัญชาการตำรวจตระเวนชายแดน","กองบังคับการตำรวจตระเวนชายแดนภาค 4","กองกำกับการตำรวจตระเวนชายแดนที่ 41","33.9138","0","0","0","0","0","0","0","0","0","0","0","0","0","0","0","0","0","0","0","0","0","0","0","0","0","0","0","0","0","0","0","0","0","0","0","0","0","0","0","0","0","0","0","0","0","0","0","0","0","0","0","0","0","0","0","0","0","0","0","0","0","0","0","0","0","0","0","0","0","0","0","0","0","0","0","0","A","ผ่าน","0","0","1","0","0","ผ่าน","B"
"2565","2022","สำนักงานตำรวจแห่งชาติ","กองบัญชาการตำรวจตระเวนชายแดน","กองบังคับการตำรวจตระเวนชายแดนภาค 4","กองกำกับการตำรวจตระเวนชายแดนที่ 41","34.9131","0","0","0","0","0","1","0","0","0","0","0","0","0","0","1","0","0","0","0","0","0","0","0","0","0","0","0","0","0","0","0","0","0","0","0","0","0","0","0","0","0","0","0","0","0","0","0","0","0","0","0","0","0","0","0","0","0","0","0","0","0","0","0","0","0","0","0","0","0","0","0","0","0","0","0","2","B","ผ่าน","0","1","2","0","0","ผ่าน","A"
"2566","2023","สำนักงานตำรวจแห่งชาติ","กองบัญชาการตำรวจตระเวนชายแดน","กองบังคับการตำรวจตระเวนชายแดนภาค 4","กองกำกับการตำรวจตระเวนชายแดนที่ 41","35.9124","0","0","0","0","0","0","0","0","0","0","0","0","0","0","0","0","0","0","0","0","0","0","0","0","0","0","0","0","0","0","0","0","0","0","0","0","0","0","0","0","0","0","0","0","0","0","0","0","0","0","0","0","0","0","0","0","0","0","0","0","0","0","0","0","0","0","0","0","0","0","0","0","0","0","0","0","A","ผ่าน","0","0.666667","3","0","0","ผ่าน","A"
"2567","2024","สำนักงานตำรวจแห่งชาติ","กองบัญชาการตำรวจตระเวนชายแดน","กองบังคับการตำรวจตระเวนชายแดนภาค 4","กองกำกับการตำรวจตระเวนชายแดนที่ 41","36.9144","0","0","0","0","0","0","0","0","0","0","0","0","0","0","0","0","0","0","0","0","0","0","0","0","0","0","0","0","0","0","0","0","0","0","0","0","0","0","0","0","0","0","0","0","0","0","0","0","0","0","0","0","0","0","0","0","0","0","0","0","0","0","0","0","0","0","0","0","0","0","0","0","0","0","0","0","A","ผ่าน","0","0.666667","4","0","0","ผ่าน","A"
"2568","2025","สำนักงานตำรวจแห่งชาติ","กองบัญชาการตำรวจตระเวนชายแดน","กองบังคับการตำรวจตระเวนชายแดนภาค 4","กองกำกับการตำรวจตระเวนชายแดนที่ 41","37.9138","0","0","0","0","0","0","0","0","0","0","0","0","0","0","0","0","0","0","0","0","0","0","0","0","0","0","0","0","0","0","0","0","0","0","0","0","0","0","0","0","0","0","0","0","0","0","0","0","0","0","0","0","0","0","0","0","0","0","0","0","0","0","0","0","0","0","0","0","0","0","0","0","0","0","0","0","A","ผ่าน","0","0","5","0","0","ผ่าน","A"
"2563","2020","สำนักงานตำรวจแห่งชาติ","กองบัญชาการตำรวจตระเวนชายแดน","กองบังคับการตำรวจตระเวนชายแดนภาค 4","กองกำกับการตำรวจตระเวนชายแดนที่ 41","31.6359","","","","","","","","","","","","","","","","","","","","","","","","","","","","","","","","","","","","","","","","","","","","","","","","","","","","","","","","","","","","","","","","","","","","","","","","","","","","","","","","","0","0","0","ผ่าน","B"
"2564","2021","สำนักงานตำรวจแห่งชาติ","กองบัญชาการตำรวจตระเวนชายแดน","กองบังคับการตำรวจตระเวนชายแดนภาค 4","กองกำกับการตำรวจตระเวนชายแดนที่ 41","32.6352","0","0","0","0","0","0","0","0","0","1","0","0","0","0","0","0","0","0","0","0","0","0","0","0","0","0","0","0","0","0","0","0","0","0","0","0","0","0","0","0","0","0","0","0","0","0","0","0","0","0","0","0","0","0","0","0","0","0","0","0","0","0","0","0","0","0","0","0","0","0","0","0","0","0","0","1","B","ผ่าน","0","1","1","0","0","ผ่าน","A"
"2565","2022","สำนักงานตำรวจแห่งชาติ","กองบัญชาการตำรวจตระเวนชายแดน","กองบังคับการตำรวจตระเวนชายแดนภาค 4","กองกำกับการตำรวจตระเวนชายแดนที่ 41","33.6345","0","0","0","0","0","0","0","0","0","0","0","0","0","0","0","0","0","0","0","0","0","0","0","0","0","0","0","0","0","0","0","0","0","0","0","0","0","0","0","0","0","0","0","0","0","0","0","0","0","0","0","0","0","0","0","0","0","0","0","0","0","0","0","0","0","0","0","0","0","0","0","0","0","0","0","0","A","ผ่าน","0","0.5","2","0","0","ผ่าน","A"
"2566","2023","สำนักงานตำรวจแห่งชาติ","กองบัญชาการตำรวจตระเวนชายแดน","กองบังคับการตำรวจตระเวนชายแดนภาค 4","กองกำกับการตำรวจตระเวนชายแดนที่ 41","34.6338","0","0","0","0","0","0","0","0","0","0","0","0","0","0","0","0","0","0","0","0","0","0","0","0","0","0","0","0","0","0","0","0","0","0","0","0","0","0","0","0","0","0","0","0","0","0","0","0","0","0","0","0","0","0","0","0","0","0","0","0","0","0","0","0","0","0","0","0","0","0","0","0","0","0","0","0","A","ผ่าน","0","0.333333","3","0","0","ผ่าน","A"
"2567","2024","สำนักงานตำรวจแห่งชาติ","กองบัญชาการตำรวจตระเวนชายแดน","กองบังคับการตำรวจตระเวนชายแดนภาค 4","กองกำกับการตำรวจตระเวนชายแดนที่ 41","35.6359","0","0","0","0","0","0","0","0","0","0","0","0","0","0","0","0","0","0","0","0","0","0","0","0","0","0","0","0","0","0","0","0","0","0","0","0","0","0","0","0","0","0","0","0","0","0","0","0","0","0","0","0","0","0","0","0","0","0","0","0","0","0","0","0","0","0","0","0","0","0","0","0","0","0","0","0","A","ผ่าน","0","0","4","0","0","ผ่าน","A"
"2568","2025","สำนักงานตำรวจแห่งชาติ","กองบัญชาการตำรวจตระเวนชายแดน","กองบังคับการตำรวจตระเวนชายแดนภาค 4","กองกำกับการตำรวจตระเวนชายแดนที่ 41","36.6352","0","0","0","0","0","0","0","0","0","0","0","0","0","0","0","0","0","0","0","0","0","0","0","0","0","0","0","0","0","0","0","0","0","0","0","0","0","0","0","0","0","0","0","0","0","0","0","0","0","0","0","0","0","0","0","0","0","0","0","0","0","0","0","0","0","0","0","0","0","0","0","0","0","0","0","0","A","ผ่าน","0","0","5","0","0","ผ่าน","A"
"2563","2020","สำนักงานตำรวจแห่งชาติ","กองบัญชาการตำรวจตระเวนชายแดน","กองบังคับการตำรวจตระเวนชายแดนภาค 4","กองกำกับการตำรวจตระเวนชายแดนที่ 41","","","","","","","","","","","","","","","","","","","","","","","","","","","","","","","","","","","","","","","","","","","","","","","","","","","","","","","","","","","","","","","","","","","","","","","","","","","","","","","","","","0","0","0","ผ่าน","A"
"2564","2021","สำนักงานตำรวจแห่งชาติ","กองบัญชาการตำรวจตระเวนชายแดน","กองบังคับการตำรวจตระเวนชายแดนภาค 4","กองกำกับการตำรวจตระเวนชายแดนที่ 41","","0","0","0","0","0","0","0","0","0","0","0","0","0","0","0","0","0","0","0","0","0","0","0","0","0","0","0","0","0","0","0","0","0","0","0","0","0","0","0","0","0","0","0","0","0","0","0","0","0","0","0","0","0","0","0","0","0","0","0","0","0","0","0","0","0","0","0","0","0","0","0","0","0","0","0","0","A","ผ่าน","0","0","1","0","0","ผ่าน","A"
"2565","2022","สำนักงานตำรวจแห่งชาติ","กองบัญชาการตำรวจตระเวนชายแดน","กองบังคับการตำรวจตระเวนชายแดนภาค 4","กองกำกับการตำรวจตระเวนชายแดนที่ 41","0.7995","0","0","0","0","0","0","0","0","0","0","0","0","0","0","0","0","0","0","0","0","0","0","0","0","0","0","0","0","0","0","0","0","0","0","0","0","0","0","0","0","0","0","0","0","0","0","0","0","0","0","0","0","0","0","0","0","0","0","0","0","0","0","0","0","0","0","0","0","0","0","0","0","0","0","0","0","A","ผ่าน","0","0","2","0","0","ผ่าน","A"
"2566","2023","สำนักงานตำรวจแห่งชาติ","กองบัญชาการตำรวจตระเวนชายแดน","กองบังคับการตำรวจตระเวนชายแดนภาค 4","กองกำกับการตำรวจตระเวนชายแดนที่ 41","1.7988","0","0","0","0","0","0","0","0","0","0","0","0","0","0","0","0","0","0","0","0","0","0","0","0","0","0","0","0","0","0","0","0","0","0","0","0","0","0","0","0","0","0","0","0","0","0","0","0","0","0","0","0","0","0","0","0","0","0","0","0","0","0","0","0","0","0","0","0","0","0","0","0","0","0","0","0","A","ผ่าน","0","0","3","0","0","ผ่าน","A"
"2567","2024","สำนักงานตำรวจแห่งชาติ","กองบัญชาการตำรวจตระเวนชายแดน","กองบังคับการตำรวจตระเวนชายแดนภาค 4","กองกำกับการตำรวจตระเวนชายแดนที่ 41","2.8008","0","0","0","0","0","0","0","0","0","0","0","0","0","0","0","0","0","0","0","0","0","0","0","0","0","0","0","0","0","0","0","0","0","0","0","0","0","0","0","0","0","0","0","0","0","0","0","0","0","0","0","0","0","0","0","0","0","0","0","0","0","0","0","0","0","0","0","0","0","0","0","0","0","0","0","0","A","ผ่าน","0","0","4","0","0","ผ่าน","B"
"2568","2025","สำนักงานตำรวจแห่งชาติ","กองบัญชาการตำรวจตระเวนชายแดน","กองบังคับการตำรวจตระเวนชายแดนภาค 4","กองกำกับการตำรวจตระเวนชายแดนที่ 41","3.8001","0","0","0","0","0","0","0","0","0","0","0","0","0","0","0","0","0","0","0","0","0","0","0","0","0","0","0","0","0","0","0","0","0","0","0","0","0","0","0","0","0","0","0","0","0","0","0","0","0","0","0","0","0","0","0","1","0","0","0","0","0","0","0","0","0","0","0","0","0","0","0","0","0","0","0","1","B","ผ่าน","0","0.333333","5","0","0","ผ่าน","A"
"2563","2020","สำนักงานตำรวจแห่งชาติ","กองบัญชาการตำรวจตระเวนชายแดน","กองบังคับการตำรวจตระเวนชายแดนภาค 4","กองกำกับการตำรวจตระเวนชายแดนที่ 43","","","","","","","","","","","","","","","","","","","","","","","","","","","","","","","","","","","","","","","","","","","","","","","","","","","","","","","","","","","","","","","","","","","","","","","","","","","","","","","","","","0","0","0","ผ่าน","A"
"2564","2021","สำนักงานตำรวจแห่งชาติ","กองบัญชาการตำรวจตระเวนชายแดน","กองบังคับการตำรวจตระเวนชายแดนภาค 4","กองกำกับการตำรวจตระเวนชายแดนที่ 43","","0","0","0","0","0","0","0","0","0","0","0","0","0","0","0","0","0","0","0","0","0","0","0","0","0","0","0","0","0","0","0","0","0","0","0","0","0","0","0","0","0","0","0","0","0","0","0","0","0","0","0","0","0","0","0","0","0","0","0","0","0","0","0","0","0","0","0","0","0","0","0","0","0","0","0","0","A","ผ่าน","0","0","1","0","0","ผ่าน","A"
"2565","2022","สำนักงานตำรวจแห่งชาติ","กองบัญชาการตำรวจตระเวนชายแดน","กองบังคับการตำรวจตระเวนชายแดนภาค 4","กองกำกับการตำรวจตระเวนชายแดนที่ 43","","0","0","0","0","0","0","0","0","0","0","0","0","0","0","0","0","0","0","0","0","0","0","0","0","0","0","0","0","0","0","0","0","0","0","0","0","0","0","0","0","0","0","0","0","0","0","0","0","0","0","0","0","0","0","0","0","0","0","0","0","0","0","0","0","0","0","0","0","0","0","0","0","0","0","0","0","A","ผ่าน","0","0","2","0","0","ผ่าน","A"
"2566","2023","สำนักงานตำรวจแห่งชาติ","กองบัญชาการตำรวจตระเวนชายแดน","กองบังคับการตำรวจตระเวนชายแดนภาค 4","กองกำกับการตำรวจตระเวนชายแดนที่ 43","","0","0","0","0","0","0","0","0","0","0","0","0","0","0","0","0","0","0","0","0","0","0","0","0","0","0","0","0","0","0","0","0","0","0","0","0","0","0","0","0","0","0","0","0","0","0","0","0","0","0","0","0","0","0","0","0","0","0","0","0","0","0","0","0","0","0","0","0","0","0","0","0","0","0","0","0","A","ผ่าน","0","0","3","0","0","ผ่าน","A"
"2567","2024","สำนักงานตำรวจแห่งชาติ","กองบัญชาการตำรวจตระเวนชายแดน","กองบังคับการตำรวจตระเวนชายแดนภาค 4","กองกำกับการตำรวจตระเวนชายแดนที่ 43","","0","0","0","0","0","0","0","0","0","0","0","0","0","0","0","0","0","0","0","0","0","0","0","0","0","0","0","0","0","0","0","0","0","0","0","0","0","0","0","0","0","0","0","0","0","0","0","0","0","0","0","0","0","0","0","0","0","0","0","0","0","0","0","0","0","0","0","0","0","0","0","0","0","0","0","0","A","ผ่าน","0","0","4","0","0","ผ่าน","A"
"2568","2025","สำนักงานตำรวจแห่งชาติ","กองบัญชาการตำรวจตระเวนชายแดน","กองบังคับการตำรวจตระเวนชายแดนภาค 4","กองกำกับการตำรวจตระเวนชายแดนที่ 43","0.8597","0","0","0","0","0","0","0","0","0","0","0","0","0","0","0","0","0","0","0","0","0","0","0","0","0","0","0","0","0","0","0","0","0","0","0","0","0","0","0","0","0","0","0","0","0","0","0","0","0","0","0","0","0","0","0","0","0","0","0","0","0","0","0","0","0","0","0","0","0","0","0","0","0","0","0","0","A","ผ่าน","0","0","5","0","0","ผ่าน","A"
"2563","2020","สำนักงานตำรวจแห่งชาติ","กองบัญชาการตำรวจตระเวนชายแดน","กองบังคับการตำรวจตระเวนชายแดนภาค 4","กองกำกับการตำรวจตระเวนชายแดนที่ 43","34.5079","","","","","","","","","","","","","","","","","","","","","","","","","","","","","","","","","","","","","","","","","","","","","","","","","","","","","","","","","","","","","","","","","","","","","","","","","","","","","","","","","0","0","0","ผ่าน","A"
"2564","2021","สำนักงานตำรวจแห่งชาติ","กองบัญชาการตำรวจตระเวนชายแดน","กองบังคับการตำรวจตระเวนชายแดนภาค 4","กองกำกับการตำรวจตระเวนชายแดนที่ 43","35.5072","0","0","0","0","0","0","0","0","0","0","0","0","0","0","0","0","0","0","0","0","0","0","0","0","0","0","0","0","0","0","0","0","0","0","0","0","0","0","0","0","0","0","0","0","0","0","0","0","0","0","0","0","0","0","0","0","0","0","0","0","0","0","0","0","0","0","0","0","0","0","0","0","0","0","0","0","A","ผ่าน","0","0","1","0","0","ผ่าน","A"
"2565","2022","สำนักงานตำรวจแห่งชาติ","กองบัญชาการตำรวจตระเวนชายแดน","กองบังคับการตำรวจตระเวนชายแดนภาค 4","กองกำกับการตำรวจตระเวนชายแดนที่ 43","36.5065","0","0","0","0","0","0","0","0","0","0","0","0","0","0","0","0","0","0","0","0","0","0","0","0","0","0","0","0","0","0","0","0","0","0","0","0","0","0","0","0","0","0","0","0","0","0","0","0","0","0","0","0","0","0","0","0","0","0","0","0","0","0","0","0","0","0","0","0","0","0","0","0","0","0","0","0","A","ผ่าน","0","0","2","0","0","ผ่าน","A"
"2566","2023","สำนักงานตำรวจแห่งชาติ","กองบัญชาการตำรวจตระเวนชายแดน","กองบังคับการตำรวจตระเวนชายแดนภาค 4","กองกำกับการตำรวจตระเวนชายแดนที่ 43","37.5058","0","0","0","0","0","0","0","0","0","0","0","0","0","0","0","0","0","0","0","0","0","0","0","0","0","0","0","0","0","0","0","0","0","0","0","0","0","0","0","0","0","0","0","0","0","0","0","0","0","0","0","0","0","0","0","0","0","0","0","0","0","0","0","0","0","0","0","0","0","0","0","0","0","0","0","0","A","ผ่าน","0","0","3","0","0","ผ่าน","A"
"2567","2024","สำนักงานตำรวจแห่งชาติ","กองบัญชาการตำรวจตระเวนชายแดน","กองบังคับการตำรวจตระเวนชายแดนภาค 4","กองกำกับการตำรวจตระเวนชายแดนที่ 43","38.5079","0","0","0","0","0","0","0","0","0","0","0","0","0","0","0","0","0","0","0","0","0","0","0","0","0","0","0","0","0","0","0","0","0","0","0","0","0","0","0","0","0","0","0","0","0","0","0","0","0","0","0","0","0","0","0","0","0","0","0","0","0","0","0","0","0","0","0","0","0","0","0","0","0","0","0","0","A","ผ่าน","0","0","4","0","0","ผ่าน","A"
"2568","2025","สำนักงานตำรวจแห่งชาติ","กองบัญชาการตำรวจตระเวนชายแดน","กองบังคับการตำรวจตระเวนชายแดนภาค 4","กองกำกับการตำรวจตระเวนชายแดนที่ 43","39.5072","0","0","0","0","0","0","0","0","0","0","0","0","0","0","0","0","0","0","0","0","0","0","0","0","0","0","0","0","0","0","0","0","0","0","0","0","0","0","0","0","0","0","0","0","0","0","0","0","0","0","0","0","0","0","0","0","0","0","0","0","0","0","0","0","0","0","0","0","0","0","0","0","0","0","0","0","A","ผ่าน","0","0","5","0","0","ผ่าน","A"
"2563","2020","สำนักงานตำรวจแห่งชาติ","กองบัญชาการตำรวจตระเวนชายแดน","กองบังคับการตำรวจตระเวนชายแดนภาค 4","กองกำกับการตำรวจตระเวนชายแดนที่ 43","","","","","","","","","","","","","","","","","","","","","","","","","","","","","","","","","","","","","","","","","","","","","","","","","","","","","","","","","","","","","","","","","","","","","","","","","","","","","","","","","","0","0","0","ผ่าน","A"
"2564","2021","สำนักงานตำรวจแห่งชาติ","กองบัญชาการตำรวจตระเวนชายแดน","กองบังคับการตำรวจตระเวนชายแดนภาค 4","กองกำกับการตำรวจตระเวนชายแดนที่ 43","","0","0","0","0","0","0","0","0","0","0","0","0","0","0","0","0","0","0","0","0","0","0","0","0","0","0","0","0","0","0","0","0","0","0","0","0","0","0","0","0","0","0","0","0","0","0","0","0","0","0","0","0","0","0","0","0","0","0","0","0","0","0","0","0","0","0","0","0","0","0","0","0","0","0","0","0","A","ผ่าน","0","0","1","0","0","ผ่าน","B"
"2565","2022","สำนักงานตำรวจแห่งชาติ","กองบัญชาการตำรวจตระเวนชายแดน","กองบังคับการตำรวจตระเวนชายแดนภาค 4","กองกำกับการตำรวจตระเวนชายแดนที่ 43","","0","0","0","0","0","0","0","0","0","0","0","0","0","0","1","0","0","0","0","0","0","0","0","0","0","0","0","0","0","0","0","0","0","0","0","0","0","0","0","0","0","0","0","0","0","0","0","0","0","0","0","0","0","0","0","0","0","0","0","0","0","0","0","0","0","0","1","0","0","0","0","0","0","0","0","2","B","ผ่าน","0","1","2","0","0","ผ่าน","A"
"2566","2023","สำนักงานตำรวจแห่งชาติ","กองบัญชาการตำรวจตระเวนชายแดน","กองบังคับการตำรวจตระเวนชายแดนภาค 4","กองกำกับการตำรวจตระเวนชายแดนที่ 43","0.627","0","0","0","0","0","0","0","0","0","0","0","0","0","0","0","0","0","0","0","0","0","0","0","0","0","0","0","0","0","0","0","0","0","0","0","0","0","0","0","0","0","0","0","0","0","0","0","0","0","0","0","0","0","0","0","0","0","0","0","0","0","0","0","0","0","0","0","0","0","0","0","0","0","0","0","0","A","ผ่าน","0","0.666667","3","0","0","ผ่าน","A"
"2567","2024","สำนักงานตำรวจแห่งชาติ","กองบัญชาการตำรวจตระเวนชายแดน","กองบังคับการตำรวจตระเวนชายแดนภาค 4","กองกำกับการตำรวจตระเวนชายแดนที่ 43","1.629","0","0","0","0","0","0","0","0","0","0","0","0","0","0","0","0","0","0","0","0","0","0","0","0","0","0","0","0","0","0","0","0","0","0","0","0","0","0","0","0","0","0","0","0","0","0","0","0","0","0","0","0","0","0","0","0","0","0","0","0","0","0","0","0","0","0","0","0","0","0","0","0","0","0","0","0","A","ผ่าน","0","0.666667","4","0","0","ผ่าน","A"
"2568","2025","สำนักงานตำรวจแห่งชาติ","กองบัญชาการตำรวจตระเวนชายแดน","กองบังคับการตำรวจตระเวนชายแดนภาค 4","กองกำกับการตำรวจตระเวนชายแดนที่ 43","2.6283","0","0","0","0","0","0","0","0","0","0","0","0","0","0","0","0","0","0","0","0","0","0","0","0","0","0","0","0","0","0","0","0","0","0","0","0","0","0","0","0","0","0","0","0","0","0","0","0","0","0","0","0","0","0","0","0","0","0","0","0","0","0","0","0","0","0","0","0","0","0","0","0","0","0","0","0","A","ผ่าน","0","0","5","0","0","ผ่าน","A"
"2563","2020","สำนักงานตำรวจแห่งชาติ","กองบัญชาการตำรวจตระเวนชายแดน","กองบังคับการตำรวจตระเวนชายแดนภาค 4","กองกำกับการตำรวจตระเวนชายแดนที่ 43","45.5387","","","","","","","","","","","","","","","","","","","","","","","","","","","","","","","","","","","","","","","","","","","","","","","","","","","","","","","","","","","","","","","","","","","","","","","","","","","","","","","","","0","0","0","ผ่าน","A"
"2564","2021","สำนักงานตำรวจแห่งชาติ","กองบัญชาการตำรวจตระเวนชายแดน","กองบังคับการตำรวจตระเวนชายแดนภาค 4","กองกำกับการตำรวจตระเวนชายแดนที่ 43","46.538","0","0","0","0","0","0","0","0","0","0","0","0","0","0","0","0","0","0","0","0","0","0","0","0","0","0","0","0","0","0","0","0","0","0","0","0","0","0","0","0","0","0","0","0","0","0","0","0","0","0","0","0","0","0","0","0","0","0","0","0","0","0","0","0","0","0","0","0","0","0","0","0","0","0","0","0","A","ผ่าน","0","0","1","0","0","ผ่าน","A"
"2565","2022","สำนักงานตำรวจแห่งชาติ","กองบัญชาการตำรวจตระเวนชายแดน","กองบังคับการตำรวจตระเวนชายแดนภาค 4","กองกำกับการตำรวจตระเวนชายแดนที่ 43","47.5373","0","0","0","0","0","0","0","0","0","0","0","0","0","0","0","0","0","0","0","0","0","0","0","0","0","0","0","0","0","0","0","0","0","0","0","0","0","0","0","0","0","0","0","0","0","0","0","0","0","0","0","0","0","0","0","0","0","0","0","0","0","0","0","0","0","0","0","0","0","0","0","0","0","0","0","0","A","ผ่าน","0","0","2","0","0","ผ่าน","A"
"2566","2023","สำนักงานตำรวจแห่งชาติ","กองบัญชาการตำรวจตระเวนชายแดน","กองบังคับการตำรวจตระเวนชายแดนภาค 4","กองกำกับการตำรวจตระเวนชายแดนที่ 43","48.5366","0","0","0","0","0","0","0","0","0","0","0","0","0","0","0","0","0","0","0","0","0","0","0","0","0","0","0","0","0","0","0","0","0","0","0","0","0","0","0","0","0","0","0","0","0","0","0","0","0","0","0","0","0","0","0","0","0","0","0","0","0","0","0","0","0","0","0","0","0","0","0","0","0","0","0","0","A","ผ่าน","0","0","3","0","0","ผ่าน","A"
"2567","2024","สำนักงานตำรวจแห่งชาติ","กองบัญชาการตำรวจตระเวนชายแดน","กองบังคับการตำรวจตระเวนชายแดนภาค 4","กองกำกับการตำรวจตระเวนชายแดนที่ 43","49.5387","0","0","0","0","0","0","0","0","0","0","0","0","0","0","0","0","0","0","0","0","0","0","0","0","0","0","0","0","0","0","0","0","0","0","0","0","0","0","0","0","0","0","0","0","0","0","0","0","0","0","0","0","0","0","0","0","0","0","0","0","0","0","0","0","0","0","0","0","0","0","0","0","0","0","0","0","A","ผ่าน","0","0","4","0","0","ผ่าน","A"
"2568","2025","สำนักงานตำรวจแห่งชาติ","กองบัญชาการตำรวจตระเวนชายแดน","กองบังคับการตำรวจตระเวนชายแดนภาค 4","กองกำกับการตำรวจตระเวนชายแดนที่ 43","50.538","0","0","0","0","0","0","0","0","0","0","0","0","0","0","0","0","0","0","0","0","0","0","0","0","0","0","0","0","0","0","0","0","0","0","0","0","0","0","0","0","0","0","0","0","0","0","0","0","0","0","0","0","0","0","0","0","0","0","0","0","0","0","0","0","0","0","0","0","0","0","0","0","0","0","0","0","A","ผ่าน","0","0","5","0","0","ผ่าน","A"
"2563","2020","สำนักงานตำรวจแห่งชาติ","กองบัญชาการตำรวจตระเวนชายแดน","กองบังคับการตำรวจตระเวนชายแดนภาค 4","กองกำกับการตำรวจตระเวนชายแดนที่ 43","37.6016","","","","","","","","","","","","","","","","","","","","","","","","","","","","","","","","","","","","","","","","","","","","","","","","","","","","","","","","","","","","","","","","","","","","","","","","","","","","","","","","","0","0","0","ผ่าน","A"
"2564","2021","สำนักงานตำรวจแห่งชาติ","กองบัญชาการตำรวจตระเวนชายแดน","กองบังคับการตำรวจตระเวนชายแดนภาค 4","กองกำกับการตำรวจตระเวนชายแดนที่ 43","38.601","0","0","0","0","0","0","0","0","0","0","0","0","0","0","0","0","0","0","0","0","0","0","0","0","0","0","0","0","0","0","0","0","0","0","0","0","0","0","0","0","0","0","0","0","0","0","0","0","0","0","0","0","0","0","0","0","0","0","0","0","0","0","0","0","0","0","0","0","0","0","0","0","0","0","0","0","A","ผ่าน","0","0","1","0","0","ผ่าน","A"
"2565","2022","สำนักงานตำรวจแห่งชาติ","กองบัญชาการตำรวจตระเวนชายแดน","กองบังคับการตำรวจตระเวนชายแดนภาค 4","กองกำกับการตำรวจตระเวนชายแดนที่ 43","39.6003","0","0","0","0","0","0","0","0","0","0","0","0","0","0","0","0","0","0","0","0","0","0","0","0","0","0","0","0","0","0","0","0","0","0","0","0","0","0","0","0","0","0","0","0","0","0","0","0","0","0","0","0","0","0","0","0","0","0","0","0","0","0","0","0","0","0","0","0","0","0","0","0","0","0","0","0","A","ผ่าน","0","0","2","0","0","ผ่าน","B"
"2566","2023","สำนักงานตำรวจแห่งชาติ","กองบัญชาการตำรวจตระเวนชายแดน","กองบังคับการตำรวจตระเวนชายแดนภาค 4","กองกำกับการตำรวจตระเวนชายแดนที่ 43","40.5996","0","0","0","0","0","0","0","0","0","0","0","0","0","0","0","0","0","0","0","0","0","0","0","0","0","0","0","0","0","0","0","0","0","0","0","0","0","0","0","0","0","0","0","0","0","0","0","0","0","0","0","0","0","1","1","1","0","0","0","1","1","0","0","0","0","0","0","1","0","0","0","0","0","0","0","6","B","ผ่าน","0","2","3","0","0","ผ่าน","A"
"2567","2024","สำนักงานตำรวจแห่งชาติ","กองบัญชาการตำรวจตระเวนชายแดน","กองบังคับการตำรวจตระเวนชายแดนภาค 4","กองกำกับการตำรวจตระเวนชายแดนที่ 43","41.6016","0","0","0","0","0","0","0","0","0","0","0","0","0","0","0","0","0","0","0","0","0","0","0","0","0","0","0","0","0","0","0","0","0","0","0","0","0","0","0","0","0","0","0","0","0","0","0","0","0","0","0","0","0","0","0","0","0","0","0","0","0","0","0","0","0","0","0","0","0","0","0","0","0","0","0","0","A","ผ่าน","0","2","4","0","0","ผ่าน","A"
"2568","2025","สำนักงานตำรวจแห่งชาติ","กองบัญชาการตำรวจตระเวนชายแดน","กองบังคับการตำรวจตระเวนชายแดนภาค 4","กองกำกับการตำรวจตระเวนชายแดนที่ 43","42.601","0","0","0","0","0","0","0","0","0","0","0","0","0","0","0","0","0","0","0","0","0","0","0","0","0","0","0","0","0","0","0","0","0","0","0","0","0","0","0","0","0","0","0","0","0","0","0","0","0","0","0","0","0","0","0","0","0","0","0","0","0","0","0","0","0","0","0","0","0","0","0","0","0","0","0","0","A","ผ่าน","0","2","5","0","0","ผ่าน","A"
"2563","2020","สำนักงานตำรวจแห่งชาติ","กองบัญชาการตำรวจตระเวนชายแดน","กองบังคับการตำรวจตระเวนชายแดนภาค 4","กองกำกับการตำรวจตระเวนชายแดนที่ 43","61.2211","","","","","","","","","","","","","","","","","","","","","","","","","","","","","","","","","","","","","","","","","","","","","","","","","","","","","","","","","","","","","","","","","","","","","","","","","","","","","","","","","0","0","0","ผ่าน","A"
"2564","2021","สำนักงานตำรวจแห่งชาติ","กองบัญชาการตำรวจตระเวนชายแดน","กองบังคับการตำรวจตระเวนชายแดนภาค 4","กองกำกับการตำรวจตระเวนชายแดนที่ 43","62.2204","0","0","0","0","0","0","0","0","0","0","0","0","0","0","0","0","0","0","0","0","0","0","0","0","0","0","0","0","0","0","0","0","0","0","0","0","0","0","0","0","0","0","0","0","0","0","0","0","0","0","0","0","0","0","0","0","0","0","0","0","0","0","0","0","0","0","0","0","0","0","0","0","0","0","0","0","A","ผ่าน","0","0","1","0","0","ผ่าน","A"
"2565","2022","สำนักงานตำรวจแห่งชาติ","กองบัญชาการตำรวจตระเวนชายแดน","กองบังคับการตำรวจตระเวนชายแดนภาค 4","กองกำกับการตำรวจตระเวนชายแดนที่ 43","63.2197","0","0","0","0","0","0","0","0","0","0","0","0","0","0","0","0","0","0","0","0","0","0","0","0","0","0","0","0","0","0","0","0","0","0","0","0","0","0","0","0","0","0","0","0","0","0","0","0","0","0","0","0","0","0","0","0","0","0","0","0","0","0","0","0","0","0","0","0","0","0","0","0","0","0","0","0","A","ผ่าน","0","0","2","0","0","ผ่าน","A"
"2566","2023","สำนักงานตำรวจแห่งชาติ","กองบัญชาการตำรวจตระเวนชายแดน","กองบังคับการตำรวจตระเวนชายแดนภาค 4","กองกำกับการตำรวจตระเวนชายแดนที่ 43","64.219","0","0","0","0","0","0","0","0","0","0","0","0","0","0","0","0","0","0","0","0","0","0","0","0","0","0","0","0","0","0","0","0","0","0","0","0","0","0","0","0","0","0","0","0","0","0","0","0","0","0","0","0","0","0","0","0","0","0","0","0","0","0","0","0","0","0","0","0","0","0","0","0","0","0","0","0","A","ผ่าน","0","0","3","0","0","ผ่าน","A"
"2567","2024","สำนักงานตำรวจแห่งชาติ","กองบัญชาการตำรวจตระเวนชายแดน","กองบังคับการตำรวจตระเวนชายแดนภาค 4","กองกำกับการตำรวจตระเวนชายแดนที่ 43","65.2211","0","0","0","0","0","0","0","0","0","0","0","0","0","0","0","0","0","0","0","0","0","0","0","0","0","0","0","0","0","0","0","0","0","0","0","0","0","0","0","0","0","0","0","0","0","0","0","0","0","0","0","0","0","0","0","0","0","0","0","0","0","0","0","0","0","0","0","0","0","0","0","0","0","0","0","0","A","ผ่าน","0","0","4","0","0","ผ่าน","A"
"2568","2025","สำนักงานตำรวจแห่งชาติ","กองบัญชาการตำรวจตระเวนชายแดน","กองบังคับการตำรวจตระเวนชายแดนภาค 4","กองกำกับการตำรวจตระเวนชายแดนที่ 43","66.2204","0","0","0","0","0","0","0","0","0","0","0","0","0","0","0","0","0","0","0","0","0","0","0","0","0","0","0","0","0","0","0","0","0","0","0","0","0","0","0","0","0","0","0","0","0","0","0","0","0","0","0","0","0","0","0","0","0","0","0","0","0","0","0","0","0","0","0","0","0","0","0","0","0","0","0","0","A","ผ่าน","0","0","5","0","0","ผ่าน","A"
"2563","2020","สำนักงานตำรวจแห่งชาติ","กองบัญชาการตำรวจตระเวนชายแดน","กองบังคับการตำรวจตระเวนชายแดนภาค 4","กองกำกับการตำรวจตระเวนชายแดนที่ 43","","","","","","","","","","","","","","","","","","","","","","","","","","","","","","","","","","","","","","","","","","","","","","","","","","","","","","","","","","","","","","","","","","","","","","","","","","","","","","","","","","0","0","0","ผ่าน","A"
"2564","2021","สำนักงานตำรวจแห่งชาติ","กองบัญชาการตำรวจตระเวนชายแดน","กองบังคับการตำรวจตระเวนชายแดนภาค 4","กองกำกับการตำรวจตระเวนชายแดนที่ 43","","0","0","0","0","0","0","0","0","0","0","0","0","0","0","0","0","0","0","0","0","0","0","0","0","0","0","0","0","0","0","0","0","0","0","0","0","0","0","0","0","0","0","0","0","0","0","0","0","0","0","0","0","0","0","0","0","0","0","0","0","0","0","0","0","0","0","0","0","0","0","0","0","0","0","0","0","A","ผ่าน","0","0","1","0","0","ผ่าน","B"
"2565","2022","สำนักงานตำรวจแห่งชาติ","กองบัญชาการตำรวจตระเวนชายแดน","กองบังคับการตำรวจตระเวนชายแดนภาค 4","กองกำกับการตำรวจตระเวนชายแดนที่ 43","","0","0","0","0","0","1","0","0","0","0","0","0","0","0","0","0","0","0","0","0","0","0","0","0","0","0","0","0","0","0","0","0","0","0","0","0","0","0","0","0","0","0","0","0","0","0","0","0","0","0","0","0","0","0","0","0","0","0","0","0","0","0","0","0","0","0","0","0","0","0","0","0","0","0","0","1","B","ผ่าน","0","0.5","2","0","0","ผ่าน","A"
"2566","2023","สำนักงานตำรวจแห่งชาติ","กองบัญชาการตำรวจตระเวนชายแดน","กองบังคับการตำรวจตระเวนชายแดนภาค 4","กองกำกับการตำรวจตระเวนชายแดนที่ 43","","0","0","0","0","0","0","0","0","0","0","0","0","0","0","0","0","0","0","0","0","0","0","0","0","0","0","0","0","0","0","0","0","0","0","0","0","0","0","0","0","0","0","0","0","0","0","0","0","0","0","0","0","0","0","0","0","0","0","0","0","0","0","0","0","0","0","0","0","0","0","0","0","0","0","0","0","A","ผ่าน","0","0.333333","3","0","0","ผ่าน","A"
"2567","2024","สำนักงานตำรวจแห่งชาติ","กองบัญชาการตำรวจตระเวนชายแดน","กองบังคับการตำรวจตระเวนชายแดนภาค 4","กองกำกับการตำรวจตระเวนชายแดนที่ 43","","0","0","0","0","0","0","0","0","0","0","0","0","0","0","0","0","0","0","0","0","0","0","0","0","0","0","0","0","0","0","0","0","0","0","0","0","0","0","0","0","0","0","0","0","0","0","0","0","0","0","0","0","0","0","0","0","0","0","0","0","0","0","0","0","0","0","0","0","0","0","0","0","0","0","0","0","A","ผ่าน","0","0.333333","4","0","0","ผ่าน","A"
"2568","2025","สำนักงานตำรวจแห่งชาติ","กองบัญชาการตำรวจตระเวนชายแดน","กองบังคับการตำรวจตระเวนชายแดนภาค 4","กองกำกับการตำรวจตระเวนชายแดนที่ 43","","0","0","0","0","0","0","0","0","0","0","0","0","0","0","0","0","0","0","0","0","0","0","0","0","0","0","0","0","0","0","0","0","0","0","0","0","0","0","0","0","0","0","0","0","0","0","0","0","0","0","0","0","0","0","0","0","0","0","0","0","0","0","0","0","0","0","0","0","0","0","0","0","0","0","0","0","A","ผ่าน","0","0","5","0","0","ผ่าน","A"
"2563","2020","สำนักงานตำรวจแห่งชาติ","กองบัญชาการตำรวจตระเวนชายแดน","กองบังคับการตำรวจตระเวนชายแดนภาค 4","กองกำกับการตำรวจตระเวนชายแดนที่ 43","","","","","","","","","","","","","","","","","","","","","","","","","","","","","","","","","","","","","","","","","","","","","","","","","","","","","","","","","","","","","","","","","","","","","","","","","","","","","","","","","","0","0","0","ผ่าน","A"
"2564","2021","สำนักงานตำรวจแห่งชาติ","กองบัญชาการตำรวจตระเวนชายแดน","กองบังคับการตำรวจตระเวนชายแดนภาค 4","กองกำกับการตำรวจตระเวนชายแดนที่ 43","","0","0","0","0","0","0","0","0","0","0","0","0","0","0","0","0","0","0","0","0","0","0","0","0","0","0","0","0","0","0","0","0","0","0","0","0","0","0","0","0","0","0","0","0","0","0","0","0","0","0","0","0","0","0","0","0","0","0","0","0","0","0","0","0","0","0","0","0","0","0","0","0","0","0","0","0","A","ผ่าน","0","0","1","0","0","ผ่าน","A"
"2565","2022","สำนักงานตำรวจแห่งชาติ","กองบัญชาการตำรวจตระเวนชายแดน","กองบังคับการตำรวจตระเวนชายแดนภาค 4","กองกำกับการตำรวจตระเวนชายแดนที่ 43","","0","0","0","0","0","0","0","0","0","0","0","0","0","0","0","0","0","0","0","0","0","0","0","0","0","0","0","0","0","0","0","0","0","0","0","0","0","0","0","0","0","0","0","0","0","0","0","0","0","0","0","0","0","0","0","0","0","0","0","0","0","0","0","0","0","0","0","0","0","0","0","0","0","0","0","0","A","ผ่าน","0","0","2","0","0","ผ่าน","A"
"2566","2023","สำนักงานตำรวจแห่งชาติ","กองบัญชาการตำรวจตระเวนชายแดน","กองบังคับการตำรวจตระเวนชายแดนภาค 4","กองกำกับการตำรวจตระเวนชายแดนที่ 43","","0","0","0","0","0","0","0","0","0","0","0","0","0","0","0","0","0","0","0","0","0","0","0","0","0","0","0","0","0","0","0","0","0","0","0","0","0","0","0","0","0","0","0","0","0","0","0","0","0","0","0","0","0","0","0","0","0","0","0","0","0","0","0","0","0","0","0","0","0","0","0","0","0","0","0","0","A","ผ่าน","0","0","3","0","0","ผ่าน","A"
"2567","2024","สำนักงานตำรวจแห่งชาติ","กองบัญชาการตำรวจตระเวนชายแดน","กองบังคับการตำรวจตระเวนชายแดนภาค 4","กองกำกับการตำรวจตระเวนชายแดนที่ 43","","0","0","0","0","0","0","0","0","0","0","0","0","0","0","0","0","0","0","0","0","0","0","0","0","0","0","0","0","0","0","0","0","0","0","0","0","0","0","0","0","0","0","0","0","0","0","0","0","0","0","0","0","0","0","0","0","0","0","0","0","0","0","0","0","0","0","0","0","0","0","0","0","0","0","0","0","A","ผ่าน","0","0","4","0","0","ผ่าน","A"
"2568","2025","สำนักงานตำรวจแห่งชาติ","กองบัญชาการตำรวจตระเวนชายแดน","กองบังคับการตำรวจตระเวนชายแดนภาค 4","กองกำกับการตำรวจตระเวนชายแดนที่ 43","0.7693","0","0","0","0","0","0","0","0","0","0","0","0","0","0","0","0","0","0","0","0","0","0","0","0","0","0","0","0","0","0","0","0","0","0","0","0","0","0","0","0","0","0","0","0","0","0","0","0","0","0","0","0","0","0","0","0","0","0","0","0","0","0","0","0","0","0","0","0","0","0","0","0","0","0","0","0","A","ผ่าน","0","0","5","0","0","ผ่าน","A"
"2563","2020","สำนักงานตำรวจแห่งชาติ","กองบัญชาการตำรวจตระเวนชายแดน","กองบังคับการตำรวจตระเวนชายแดนภาค 4","กองกำกับการตำรวจตระเวนชายแดนที่ 43","22.1437","","","","","","","","","","","","","","","","","","","","","","","","","","","","","","","","","","","","","","","","","","","","","","","","","","","","","","","","","","","","","","","","","","","","","","","","","","","","","","","","","0","0","0","ผ่าน","A"
"2564","2021","สำนักงานตำรวจแห่งชาติ","กองบัญชาการตำรวจตระเวนชายแดน","กองบังคับการตำรวจตระเวนชายแดนภาค 4","กองกำกับการตำรวจตระเวนชายแดนที่ 43","23.1431","0","0","0","0","0","0","0","0","0","0","0","0","0","0","0","0","0","0","0","0","0","0","0","0","0","0","0","0","0","0","0","0","0","0","0","0","0","0","0","0","0","0","0","0","0","0","0","0","0","0","0","0","0","0","0","0","0","0","0","0","0","0","0","0","0","0","0","0","0","0","0","0","0","0","0","0","A","ผ่าน","0","0","1","0","0","ผ่าน","A"
"2565","2022","สำนักงานตำรวจแห่งชาติ","กองบัญชาการตำรวจตระเวนชายแดน","กองบังคับการตำรวจตระเวนชายแดนภาค 4","กองกำกับการตำรวจตระเวนชายแดนที่ 43","24.1424","0","0","0","0","0","0","0","0","0","0","0","0","0","0","0","0","0","0","0","0","0","0","0","0","0","0","0","0","0","0","0","0","0","0","0","0","0","0","0","0","0","0","0","0","0","0","0","0","0","0","0","0","0","0","0","0","0","0","0","0","0","0","0","0","0","0","0","0","0","0","0","0","0","0","0","0","A","ผ่าน","0","0","2","0","0","ผ่าน","A"
"2566","2023","สำนักงานตำรวจแห่งชาติ","กองบัญชาการตำรวจตระเวนชายแดน","กองบังคับการตำรวจตระเวนชายแดนภาค 4","กองกำกับการตำรวจตระเวนชายแดนที่ 43","25.1417","0","0","0","0","0","0","0","0","0","0","0","0","0","0","0","0","0","0","0","0","0","0","0","0","0","0","0","0","0","0","0","0","0","0","0","0","0","0","0","0","0","0","0","0","0","0","0","0","0","0","0","0","0","0","0","0","0","0","0","0","0","0","0","0","0","0","0","0","0","0","0","0","0","0","0","0","A","ผ่าน","0","0","3","0","0","ผ่าน","A"
"2567","2024","สำนักงานตำรวจแห่งชาติ","กองบัญชาการตำรวจตระเวนชายแดน","กองบังคับการตำรวจตระเวนชายแดนภาค 4","กองกำกับการตำรวจตระเวนชายแดนที่ 43","26.1437","0","0","0","0","0","0","0","0","0","0","0","0","0","0","0","0","0","0","0","0","0","0","0","0","0","0","0","0","0","0","0","0","0","0","0","0","0","0","0","0","0","0","0","0","0","0","0","0","0","0","0","0","0","0","0","0","0","0","0","0","0","0","0","0","0","0","0","0","0","0","0","0","0","0","0","0","A","ผ่าน","0","0","4","0","0","ผ่าน","A"
"2568","2025","สำนักงานตำรวจแห่งชาติ","กองบัญชาการตำรวจตระเวนชายแดน","กองบังคับการตำรวจตระเวนชายแดนภาค 4","กองกำกับการตำรวจตระเวนชายแดนที่ 43","27.1431","0","0","0","0","0","0","0","0","0","0","0","0","0","0","0","0","0","0","0","0","0","0","0","0","0","0","0","0","0","0","0","0","0","0","0","0","0","0","0","0","0","0","0","0","0","0","0","0","0","0","0","0","0","0","0","0","0","0","0","0","0","0","0","0","0","0","0","0","0","0","0","0","0","0","0","0","A","ผ่าน","0","0","5","0","0","ผ่าน","A"
"2563","2020","สำนักงานตำรวจแห่งชาติ","กองบัญชาการตำรวจตระเวนชายแดน","กองบังคับการตำรวจตระเวนชายแดนภาค 4","กองกำกับการตำรวจตระเวนชายแดนที่ 43","10.6256","","","","","","","","","","","","","","","","","","","","","","","","","","","","","","","","","","","","","","","","","","","","","","","","","","","","","","","","","","","","","","","","","","","","","","","","","","","","","","","","","0","0","0","ผ่าน","A"
"2564","2021","สำนักงานตำรวจแห่งชาติ","กองบัญชาการตำรวจตระเวนชายแดน","กองบังคับการตำรวจตระเวนชายแดนภาค 4","กองกำกับการตำรวจตระเวนชายแดนที่ 43","11.6249","0","0","0","0","0","0","0","0","0","0","0","0","0","0","0","0","0","0","0","0","0","0","0","0","0","0","0","0","0","0","0","0","0","0","0","0","0","0","0","0","0","0","0","0","0","0","0","0","0","0","0","0","0","0","0","0","0","0","0","0","0","0","0","0","0","0","0","0","0","0","0","0","0","0","0","0","A","ผ่าน","0","0","1","0","0","ผ่าน","A"
"2565","2022","สำนักงานตำรวจแห่งชาติ","กองบัญชาการตำรวจตระเวนชายแดน","กองบังคับการตำรวจตระเวนชายแดนภาค 4","กองกำกับการตำรวจตระเวนชายแดนที่ 43","12.6242","0","0","0","0","0","0","0","0","0","0","0","0","0","0","0","0","0","0","0","0","0","0","0","0","0","0","0","0","0","0","0","0","0","0","0","0","0","0","0","0","0","0","0","0","0","0","0","0","0","0","0","0","0","0","0","0","0","0","0","0","0","0","0","0","0","0","0","0","0","0","0","0","0","0","0","0","A","ผ่าน","0","0","2","0","0","ผ่าน","A"
"2566","2023","สำนักงานตำรวจแห่งชาติ","กองบัญชาการตำรวจตระเวนชายแดน","กองบังคับการตำรวจตระเวนชายแดนภาค 4","กองกำกับการตำรวจตระเวนชายแดนที่ 43","13.6235","0","0","0","0","0","0","0","0","0","0","0","0","0","0","0","0","0","0","0","0","0","0","0","0","0","0","0","0","0","0","0","0","0","0","0","0","0","0","0","0","0","0","0","0","0","0","0","0","0","0","0","0","0","0","0","0","0","0","0","0","0","0","0","0","0","0","0","0","0","0","0","0","0","0","0","0","A","ผ่าน","0","0","3","0","0","ผ่าน","A"
"2567","2024","สำนักงานตำรวจแห่งชาติ","กองบัญชาการตำรวจตระเวนชายแดน","กองบังคับการตำรวจตระเวนชายแดนภาค 4","กองกำกับการตำรวจตระเวนชายแดนที่ 43","14.6256","0","0","0","0","0","0","0","0","0","0","0","0","0","0","0","0","0","0","0","0","0","0","0","0","0","0","0","0","0","0","0","0","0","0","0","0","0","0","0","0","0","0","0","0","0","0","0","0","0","0","0","0","0","0","0","0","0","0","0","0","0","0","0","0","0","0","0","0","0","0","0","0","0","0","0","0","A","ผ่าน","0","0","4","0","0","ผ่าน","A"
"2568","2025","สำนักงานตำรวจแห่งชาติ","กองบัญชาการตำรวจตระเวนชายแดน","กองบังคับการตำรวจตระเวนชายแดนภาค 4","กองกำกับการตำรวจตระเวนชายแดนที่ 43","15.6249","0","0","0","0","0","0","0","0","0","0","0","0","0","0","0","0","0","0","0","0","0","0","0","0","0","0","0","0","0","0","0","0","0","0","0","0","0","0","0","0","0","0","0","0","0","0","0","0","0","0","0","0","0","0","0","0","0","0","0","0","0","0","0","0","0","0","0","0","0","0","0","0","0","0","0","0","A","ผ่าน","0","0","5","0","0","ผ่าน","A"
"2563","2020","สำนักงานตำรวจแห่งชาติ","กองบัญชาการตำรวจตระเวนชายแดน","กองบังคับการตำรวจตระเวนชายแดนภาค 4","กองกำกับการตำรวจตระเวนชายแดนที่ 43","","","","","","","","","","","","","","","","","","","","","","","","","","","","","","","","","","","","","","","","","","","","","","","","","","","","","","","","","","","","","","","","","","","","","","","","","","","","","","","","","","0","0","0","ผ่าน","A"
"2564","2021","สำนักงานตำรวจแห่งชาติ","กองบัญชาการตำรวจตระเวนชายแดน","กองบังคับการตำรวจตระเวนชายแดนภาค 4","กองกำกับการตำรวจตระเวนชายแดนที่ 43","","0","0","0","0","0","0","0","0","0","0","0","0","0","0","0","0","0","0","0","0","0","0","0","0","0","0","0","0","0","0","0","0","0","0","0","0","0","0","0","0","0","0","0","0","0","0","0","0","0","0","0","0","0","0","0","0","0","0","0","0","0","0","0","0","0","0","0","0","0","0","0","0","0","0","0","0","A","ผ่าน","0","0","1","0","0","ผ่าน","A"
"2565","2022","สำนักงานตำรวจแห่งชาติ","กองบัญชาการตำรวจตระเวนชายแดน","กองบังคับการตำรวจตระเวนชายแดนภาค 4","กองกำกับการตำรวจตระเวนชายแดนที่ 43","","0","0","0","0","0","0","0","0","0","0","0","0","0","0","0","0","0","0","0","0","0","0","0","0","0","0","0","0","0","0","0","0","0","0","0","0","0","0","0","0","0","0","0","0","0","0","0","0","0","0","0","0","0","0","0","0","0","0","0","0","0","0","0","0","0","0","0","0","0","0","0","0","0","0","0","0","A","ผ่าน","0","0","2","0","0","ผ่าน","A"
"2566","2023","สำนักงานตำรวจแห่งชาติ","กองบัญชาการตำรวจตระเวนชายแดน","กองบังคับการตำรวจตระเวนชายแดนภาค 4","กองกำกับการตำรวจตระเวนชายแดนที่ 43","","0","0","0","0","0","0","0","0","0","0","0","0","0","0","0","0","0","0","0","0","0","0","0","0","0","0","0","0","0","0","0","0","0","0","0","0","0","0","0","0","0","0","0","0","0","0","0","0","0","0","0","0","0","0","0","0","0","0","0","0","0","0","0","0","0","0","0","0","0","0","0","0","0","0","0","0","A","ผ่าน","0","0","3","0","0","ผ่าน","A"
"2567","2024","สำนักงานตำรวจแห่งชาติ","กองบัญชาการตำรวจตระเวนชายแดน","กองบังคับการตำรวจตระเวนชายแดนภาค 4","กองกำกับการตำรวจตระเวนชายแดนที่ 43","","0","0","0","0","0","0","0","0","0","0","0","0","0","0","0","0","0","0","0","0","0","0","0","0","0","0","0","0","0","0","0","0","0","0","0","0","0","0","0","0","0","0","0","0","0","0","0","0","0","0","0","0","0","0","0","0","0","0","0","0","0","0","0","0","0","0","0","0","0","0","0","0","0","0","0","0","A","ผ่าน","0","0","4","0","0","ผ่าน","A"
"2568","2025","สำนักงานตำรวจแห่งชาติ","กองบัญชาการตำรวจตระเวนชายแดน","กองบังคับการตำรวจตระเวนชายแดนภาค 4","กองกำกับการตำรวจตระเวนชายแดนที่ 43","0.627","0","0","0","0","0","0","0","0","0","0","0","0","0","0","0","0","0","0","0","0","0","0","0","0","0","0","0","0","0","0","0","0","0","0","0","0","0","0","0","0","0","0","0","0","0","0","0","0","0","0","0","0","0","0","0","0","0","0","0","0","0","0","0","0","0","0","0","0","0","0","0","0","0","0","0","0","A","ผ่าน","0","0","5","0","0","ผ่าน","A"
"2563","2020","สำนักงานตำรวจแห่งชาติ","กองบัญชาการตำรวจตระเวนชายแดน","กองบังคับการตำรวจตระเวนชายแดนภาค 4","กองกำกับการตำรวจตระเวนชายแดนที่ 43","","","","","","","","","","","","","","","","","","","","","","","","","","","","","","","","","","","","","","","","","","","","","","","","","","","","","","","","","","","","","","","","","","","","","","","","","","","","","","","","","","0","0","0","ผ่าน","A"
"2564","2021","สำนักงานตำรวจแห่งชาติ","กองบัญชาการตำรวจตระเวนชายแดน","กองบังคับการตำรวจตระเวนชายแดนภาค 4","กองกำกับการตำรวจตระเวนชายแดนที่ 43","","0","0","0","0","0","0","0","0","0","0","0","0","0","0","0","0","0","0","0","0","0","0","0","0","0","0","0","0","0","0","0","0","0","0","0","0","0","0","0","0","0","0","0","0","0","0","0","0","0","0","0","0","0","0","0","0","0","0","0","0","0","0","0","0","0","0","0","0","0","0","0","0","0","0","0","0","A","ผ่าน","0","0","1","0","0","ผ่าน","A"
"2565","2022","สำนักงานตำรวจแห่งชาติ","กองบัญชาการตำรวจตระเวนชายแดน","กองบังคับการตำรวจตระเวนชายแดนภาค 4","กองกำกับการตำรวจตระเวนชายแดนที่ 43","","0","0","0","0","0","0","0","0","0","0","0","0","0","0","0","0","0","0","0","0","0","0","0","0","0","0","0","0","0","0","0","0","0","0","0","0","0","0","0","0","0","0","0","0","0","0","0","0","0","0","0","0","0","0","0","0","0","0","0","0","0","0","0","0","0","0","0","0","0","0","0","0","0","0","0","0","A","ผ่าน","0","0","2","0","0","ผ่าน","A"
"2566","2023","สำนักงานตำรวจแห่งชาติ","กองบัญชาการตำรวจตระเวนชายแดน","กองบังคับการตำรวจตระเวนชายแดนภาค 4","กองกำกับการตำรวจตระเวนชายแดนที่ 43","","0","0","0","0","0","0","0","0","0","0","0","0","0","0","0","0","0","0","0","0","0","0","0","0","0","0","0","0","0","0","0","0","0","0","0","0","0","0","0","0","0","0","0","0","0","0","0","0","0","0","0","0","0","0","0","0","0","0","0","0","0","0","0","0","0","0","0","0","0","0","0","0","0","0","0","0","A","ผ่าน","0","0","3","0","0","ผ่าน","A"
"2567","2024","สำนักงานตำรวจแห่งชาติ","กองบัญชาการตำรวจตระเวนชายแดน","กองบังคับการตำรวจตระเวนชายแดนภาค 4","กองกำกับการตำรวจตระเวนชายแดนที่ 43","","0","0","0","0","0","0","0","0","0","0","0","0","0","0","0","0","0","0","0","0","0","0","0","0","0","0","0","0","0","0","0","0","0","0","0","0","0","0","0","0","0","0","0","0","0","0","0","0","0","0","0","0","0","0","0","0","0","0","0","0","0","0","0","0","0","0","0","0","0","0","0","0","0","0","0","0","A","ผ่าน","0","0","4","0","0","ผ่าน","A"
"2568","2025","สำนักงานตำรวจแห่งชาติ","กองบัญชาการตำรวจตระเวนชายแดน","กองบังคับการตำรวจตระเวนชายแดนภาค 4","กองกำกับการตำรวจตระเวนชายแดนที่ 43","","0","0","0","0","0","0","0","0","0","0","0","0","0","0","0","0","0","0","0","0","0","0","0","0","0","0","0","0","0","0","0","0","0","0","0","0","0","0","0","0","0","0","0","0","0","0","0","0","0","0","0","0","0","0","0","0","0","0","0","0","0","0","0","0","0","0","0","0","0","0","0","0","0","0","0","0","A","ผ่าน","0","0","5","0","0","ผ่าน","A"
"2563","2020","สำนักงานตำรวจแห่งชาติ","กองบัญชาการตำรวจตระเวนชายแดน","กองบังคับการตำรวจตระเวนชายแดนภาค 4","กองกำกับการตำรวจตระเวนชายแดนที่ 43","35.5483","","","","","","","","","","","","","","","","","","","","","","","","","","","","","","","","","","","","","","","","","","","","","","","","","","","","","","","","","","","","","","","","","","","","","","","","","","","","","","","","","0","0","0","ผ่าน","A"
"2564","2021","สำนักงานตำรวจแห่งชาติ","กองบัญชาการตำรวจตระเวนชายแดน","กองบังคับการตำรวจตระเวนชายแดนภาค 4","กองกำกับการตำรวจตระเวนชายแดนที่ 43","36.5476","0","0","0","0","0","0","0","0","0","0","0","0","0","0","0","0","0","0","0","0","0","0","0","0","0","0","0","0","0","0","0","0","0","0","0","0","0","0","0","0","0","0","0","0","0","0","0","0","0","0","0","0","0","0","0","0","0","0","0","0","0","0","0","0","0","0","0","0","0","0","0","0","0","0","0","0","A","ผ่าน","0","0","1","0","0","ผ่าน","A"
"2565","2022","สำนักงานตำรวจแห่งชาติ","กองบัญชาการตำรวจตระเวนชายแดน","กองบังคับการตำรวจตระเวนชายแดนภาค 4","กองกำกับการตำรวจตระเวนชายแดนที่ 43","37.5469","0","0","0","0","0","0","0","0","0","0","0","0","0","0","0","0","0","0","0","0","0","0","0","0","0","0","0","0","0","0","0","0","0","0","0","0","0","0","0","0","0","0","0","0","0","0","0","0","0","0","0","0","0","0","0","0","0","0","0","0","0","0","0","0","0","0","0","0","0","0","0","0","0","0","0","0","A","ผ่าน","0","0","2","0","0","ผ่าน","A"
"2566","2023","สำนักงานตำรวจแห่งชาติ","กองบัญชาการตำรวจตระเวนชายแดน","กองบังคับการตำรวจตระเวนชายแดนภาค 4","กองกำกับการตำรวจตระเวนชายแดนที่ 43","38.5462","0","0","0","0","0","0","0","0","0","0","0","0","0","0","0","0","0","0","0","0","0","0","0","0","0","0","0","0","0","0","0","0","0","0","0","0","0","0","0","0","0","0","0","0","0","0","0","0","0","0","0","0","0","0","0","0","0","0","0","0","0","0","0","0","0","0","0","0","0","0","0","0","0","0","0","0","A","ผ่าน","0","0","3","0","0","ผ่าน","A"
"2567","2024","สำนักงานตำรวจแห่งชาติ","กองบัญชาการตำรวจตระเวนชายแดน","กองบังคับการตำรวจตระเวนชายแดนภาค 4","กองกำกับการตำรวจตระเวนชายแดนที่ 43","39.5483","0","0","0","0","0","0","0","0","0","0","0","0","0","0","0","0","0","0","0","0","0","0","0","0","0","0","0","0","0","0","0","0","0","0","0","0","0","0","0","0","0","0","0","0","0","0","0","0","0","0","0","0","0","0","0","0","0","0","0","0","0","0","0","0","0","0","0","0","0","0","0","0","0","0","0","0","A","ผ่าน","0","0","4","0","0","ผ่าน","A"
"2568","2025","สำนักงานตำรวจแห่งชาติ","กองบัญชาการตำรวจตระเวนชายแดน","กองบังคับการตำรวจตระเวนชายแดนภาค 4","กองกำกับการตำรวจตระเวนชายแดนที่ 43","40.5476","0","0","0","0","0","0","0","0","0","0","0","0","0","0","0","0","0","0","0","0","0","0","0","0","0","0","0","0","0","0","0","0","0","0","0","0","0","0","0","0","0","0","0","0","0","0","0","0","0","0","0","0","0","0","0","0","0","0","0","0","0","0","0","0","0","0","0","0","0","0","0","0","0","0","0","0","A","ผ่าน","0","0","5","0","0","ผ่าน","A"
"2563","2020","สำนักงานตำรวจแห่งชาติ","กองบัญชาการตำรวจตระเวนชายแดน","กองบังคับการตำรวจตระเวนชายแดนภาค 4","กองกำกับการตำรวจตระเวนชายแดนที่ 43","32.6571","","","","","","","","","","","","","","","","","","","","","","","","","","","","","","","","","","","","","","","","","","","","","","","","","","","","","","","","","","","","","","","","","","","","","","","","","","","","","","","","","0","0","0","ผ่าน","A"
"2564","2021","สำนักงานตำรวจแห่งชาติ","กองบัญชาการตำรวจตระเวนชายแดน","กองบังคับการตำรวจตระเวนชายแดนภาค 4","กองกำกับการตำรวจตระเวนชายแดนที่ 43","33.6564","0","0","0","0","0","0","0","0","0","0","0","0","0","0","0","0","0","0","0","0","0","0","0","0","0","0","0","0","0","0","0","0","0","0","0","0","0","0","0","0","0","0","0","0","0","0","0","0","0","0","0","0","0","0","0","0","0","0","0","0","0","0","0","0","0","0","0","0","0","0","0","0","0","0","0","0","A","ผ่าน","0","0","1","0","0","ผ่าน","A"
"2565","2022","สำนักงานตำรวจแห่งชาติ","กองบัญชาการตำรวจตระเวนชายแดน","กองบังคับการตำรวจตระเวนชายแดนภาค 4","กองกำกับการตำรวจตระเวนชายแดนที่ 43","34.6557","0","0","0","0","0","0","0","0","0","0","0","0","0","0","0","0","0","0","0","0","0","0","0","0","0","0","0","0","0","0","0","0","0","0","0","0","0","0","0","0","0","0","0","0","0","0","0","0","0","0","0","0","0","0","0","0","0","0","0","0","0","0","0","0","0","0","0","0","0","0","0","0","0","0","0","0","A","ผ่าน","0","0","2","0","0","ผ่าน","B"
"2566","2023","สำนักงานตำรวจแห่งชาติ","กองบัญชาการตำรวจตระเวนชายแดน","กองบังคับการตำรวจตระเวนชายแดนภาค 4","กองกำกับการตำรวจตระเวนชายแดนที่ 43","35.655","0","0","0","0","0","1","0","0","0","0","0","0","0","0","0","0","0","0","0","0","0","0","0","0","0","0","0","0","0","0","0","0","0","0","0","0","0","0","0","0","0","0","0","0","0","0","0","0","0","0","0","0","0","0","0","0","0","0","0","0","0","0","0","0","0","0","0","0","0","0","0","0","0","0","0","1","B","ผ่าน","0","0.333333","3","0","0","ผ่าน","B"
"2567","2024","สำนักงานตำรวจแห่งชาติ","กองบัญชาการตำรวจตระเวนชายแดน","กองบังคับการตำรวจตระเวนชายแดนภาค 4","กองกำกับการตำรวจตระเวนชายแดนที่ 43","36.6571","0","0","0","0","0","1","0","0","0","0","0","0","0","0","0","0","0","0","0","0","0","0","0","0","0","0","0","0","0","0","0","0","0","0","0","0","0","0","0","0","0","0","0","0","0","0","0","0","0","0","0","0","0","0","0","0","0","0","0","0","0","0","0","0","0","0","0","0","0","0","0","0","0","0","0","1","B","ผ่าน","0","0.666667","4","0","0","ผ่าน","A"
"2568","2025","สำนักงานตำรวจแห่งชาติ","กองบัญชาการตำรวจตระเวนชายแดน","กองบังคับการตำรวจตระเวนชายแดนภาค 4","กองกำกับการตำรวจตระเวนชายแดนที่ 43","37.6564","0","0","0","0","0","0","0","0","0","0","0","0","0","0","0","0","0","0","0","0","0","0","0","0","0","0","0","0","0","0","0","0","0","0","0","0","0","0","0","0","0","0","0","0","0","0","0","0","0","0","0","0","0","0","0","0","0","0","0","0","0","0","0","0","0","0","0","0","0","0","0","0","0","0","0","0","A","ผ่าน","0","0.666667","5","0","0","ผ่าน","B"
"2563","2020","สำนักงานตำรวจแห่งชาติ","กองบัญชาการตำรวจตระเวนชายแดน","กองบังคับการตำรวจตระเวนชายแดนภาค 4","กองกำกับการตำรวจตระเวนชายแดนที่ 43","30.8775","","","","","","","","","","","","","","","","","","","","","","","","","","","","","","","","","","","","","","","","","","","","","","","","","","","","","","","","","","","","","","","","","","","","","","","","","","","","","","","","","0","0","0","ผ่าน","B"
"2564","2021","สำนักงานตำรวจแห่งชาติ","กองบัญชาการตำรวจตระเวนชายแดน","กองบังคับการตำรวจตระเวนชายแดนภาค 4","กองกำกับการตำรวจตระเวนชายแดนที่ 43","31.8768","0","0","0","0","0","1","0","0","0","0","0","0","0","0","0","0","0","0","0","0","0","0","0","0","0","0","0","0","0","0","0","0","0","0","0","0","0","0","0","0","0","0","0","0","0","0","0","0","0","0","0","0","0","0","0","0","0","0","0","0","0","0","0","0","0","0","0","0","0","0","0","0","0","0","0","1","B","ผ่าน","0","1","1","0","0","ผ่าน","A"
"2565","2022","สำนักงานตำรวจแห่งชาติ","กองบัญชาการตำรวจตระเวนชายแดน","กองบังคับการตำรวจตระเวนชายแดนภาค 4","กองกำกับการตำรวจตระเวนชายแดนที่ 43","32.8761","0","0","0","0","0","0","0","0","0","0","0","0","0","0","0","0","0","0","0","0","0","0","0","0","0","0","0","0","0","0","0","0","0","0","0","0","0","0","0","0","0","0","0","0","0","0","0","0","0","0","0","0","0","0","0","0","0","0","0","0","0","0","0","0","0","0","0","0","0","0","0","0","0","0","0","0","A","ผ่าน","0","0.5","2","0","0","ผ่าน","B"
"2566","2023","สำนักงานตำรวจแห่งชาติ","กองบัญชาการตำรวจตระเวนชายแดน","กองบังคับการตำรวจตระเวนชายแดนภาค 4","กองกำกับการตำรวจตระเวนชายแดนที่ 43","33.8754","0","0","0","0","0","0","0","0","0","0","0","0","0","0","1","0","0","0","0","0","0","0","0","0","0","0","0","0","0","0","0","0","0","0","0","0","0","0","0","0","0","0","0","0","0","0","0","0","0","0","0","0","0","0","0","0","0","0","0","0","0","0","0","0","0","0","0","0","0","0","0","0","0","0","0","1","B","ผ่าน","0","0.666667","3","0","0","ผ่าน","B"
"2567","2024","สำนักงานตำรวจแห่งชาติ","กองบัญชาการตำรวจตระเวนชายแดน","กองบังคับการตำรวจตระเวนชายแดนภาค 4","กองกำกับการตำรวจตระเวนชายแดนที่ 43","34.8775","0","0","0","0","0","1","0","0","0","0","0","0","0","0","0","0","0","0","0","0","0","0","0","0","0","0","0","0","0","0","0","0","0","0","0","0","0","0","0","0","0","0","0","0","0","0","0","0","0","0","0","0","0","0","0","0","0","0","0","0","0","0","0","0","0","0","0","0","0","0","0","0","0","0","0","1","B","ผ่าน","0","0.666667","4","0","0","ผ่าน","A"
"2568","2025","สำนักงานตำรวจแห่งชาติ","กองบัญชาการตำรวจตระเวนชายแดน","กองบังคับการตำรวจตระเวนชายแดนภาค 4","กองกำกับการตำรวจตระเวนชายแดนที่ 43","35.8768","0","0","0","0","0","0","0","0","0","0","0","0","0","0","0","0","0","0","0","0","0","0","0","0","0","0","0","0","0","0","0","0","0","0","0","0","0","0","0","0","0","0","0","0","0","0","0","0","0","0","0","0","0","0","0","0","0","0","0","0","0","0","0","0","0","0","0","0","0","0","0","0","0","0","0","0","A","ผ่าน","0","0.666667","5","0","0","ผ่าน","A"
"2563","2020","สำนักงานตำรวจแห่งชาติ","กองบัญชาการตำรวจตระเวนชายแดน","กองบังคับการตำรวจตระเวนชายแดนภาค 4","กองกำกับการตำรวจตระเวนชายแดนที่ 44","25.2594","","","","","","","","","","","","","","","","","","","","","","","","","","","","","","","","","","","","","","","","","","","","","","","","","","","","","","","","","","","","","","","","","","","","","","","","","","","","","","","","","0","0","0","ผ่าน","A"
"2566","2023","สำนักงานตำรวจแห่งชาติ","กองบัญชาการตำรวจตระเวนชายแดน","กองบังคับการตำรวจตระเวนชายแดนภาค 4","กองกำกับการตำรวจตระเวนชายแดนที่ 44","28.2574","","","","","","","","","","","","","","","","","","","","","","","","","","","","","","","","","","","","","","","","","","","","","","","","","","","","","","","","","","","","","","","","","","","","","","","","","","","","","","","","0","0","0","0","ผ่าน","B"
"2563","2020","สำนักงานตำรวจแห่งชาติ","กองบัญชาการตำรวจตระเวนชายแดน","กองบังคับการตำรวจตระเวนชายแดนภาค 4","กองกำกับการตำรวจตระเวนชายแดนที่ 44","","","","","","","","","","","","","","","","","","","","","","","","","","","","","","","","","","","","","","","","","","","","","","","","","","","","","","","","","","","","","","","","","","","","","","","","","","","","","","","","","","0","0","0","ผ่าน","B"
"2564","2021","สำนักงานตำรวจแห่งชาติ","กองบัญชาการตำรวจตระเวนชายแดน","กองบังคับการตำรวจตระเวนชายแดนภาค 4","กองกำกับการตำรวจตระเวนชายแดนที่ 44","0.5476","0","0","0","0","0","1","0","0","0","0","0","0","0","0","0","0","0","0","0","0","0","0","0","0","0","0","0","0","0","0","0","0","0","0","0","0","0","0","0","0","0","0","0","0","0","0","0","0","0","0","0","0","0","0","0","0","0","0","0","0","0","0","0","0","0","0","0","0","0","0","0","0","0","0","0","1","B","ผ่าน","0","1","1","0","0","ผ่าน","B"
"2566","2023","สำนักงานตำรวจแห่งชาติ","กองบัญชาการตำรวจตระเวนชายแดน","กองบังคับการตำรวจตระเวนชายแดนภาค 4","กองกำกับการตำรวจตระเวนชายแดนที่ 44","2.5462","","","","","","","","","","","","","","","","","","","","","","","","","","","","","","","","","","","","","","","","","","","","","","","","","","","","","","","","","","","","","","","","","","","","","","","","","","","","","","","0","1","0","0","0","ผ่าน","A"
"2567","2024","สำนักงานตำรวจแห่งชาติ","กองบัญชาการตำรวจตระเวนชายแดน","กองบังคับการตำรวจตระเวนชายแดนภาค 4","กองกำกับการตำรวจตระเวนชายแดนที่ 44","3.5483","0","0","0","0","0","0","0","0","0","0","0","0","0","0","0","0","0","0","0","0","0","0","0","0","0","0","0","0","0","0","0","0","0","0","0","0","0","0","0","0","0","0","0","0","0","0","0","0","0","0","0","0","0","0","0","0","0","0","0","0","0","0","0","0","0","0","0","0","0","0","0","0","0","0","0","0","A","ผ่าน","0","0.5","1","0","0","ผ่าน","B"
"2568","2025","สำนักงานตำรวจแห่งชาติ","กองบัญชาการตำรวจตระเวนชายแดน","กองบังคับการตำรวจตระเวนชายแดนภาค 4","กองกำกับการตำรวจตระเวนชายแดนที่ 44","4.5476","0","0","0","0","0","1","0","0","0","0","0","0","0","0","0","0","0","0","0","0","0","0","0","0","0","0","0","0","0","0","0","0","0","0","0","0","0","0","0","0","0","0","0","0","0","0","0","0","0","0","0","0","0","0","0","1","0","0","0","0","0","0","0","0","0","0","0","0","0","0","0","0","0","0","0","2","B","ผ่าน","0","1","2","0","0","ผ่าน","B"
"2563","2020","สำนักงานตำรวจแห่งชาติ","กองบัญชาการตำรวจตระเวนชายแดน","กองบังคับการตำรวจตระเวนชายแดนภาค 4","กองกำกับการตำรวจตระเวนชายแดนที่ 44","5.6235","","","","","","","","","","","","","","","","","","","","","","","","","","","","","","","","","","","","","","","","","","","","","","","","","","","","","","","","","","","","","","","","","","","","","","","","","","","","","","","","","0","0","0","ผ่าน","B"
"2564","2021","สำนักงานตำรวจแห่งชาติ","กองบัญชาการตำรวจตระเวนชายแดน","กองบังคับการตำรวจตระเวนชายแดนภาค 4","กองกำกับการตำรวจตระเวนชายแดนที่ 44","6.6229","0","0","0","0","0","1","0","0","0","0","0","0","0","0","0","0","0","0","0","0","0","0","0","0","0","0","0","0","0","0","0","0","0","0","0","0","0","0","0","0","0","0","0","0","0","0","0","0","0","0","0","0","0","0","0","0","0","0","0","0","0","0","0","0","0","0","0","0","0","0","0","0","0","0","0","1","B","ผ่าน","0","1","1","0","0","ผ่าน","A"
"2566","2023","สำนักงานตำรวจแห่งชาติ","กองบัญชาการตำรวจตระเวนชายแดน","กองบังคับการตำรวจตระเวนชายแดนภาค 4","กองกำกับการตำรวจตระเวนชายแดนที่ 44","8.6215","","","","","","","","","","","","","","","","","","","","","","","","","","","","","","","","","","","","","","","","","","","","","","","","","","","","","","","","","","","","","","","","","","","","","","","","","","","","","","","0","0.5","0","0","0","ผ่าน","B"
"2567","2024","สำนักงานตำรวจแห่งชาติ","กองบัญชาการตำรวจตระเวนชายแดน","กองบังคับการตำรวจตระเวนชายแดนภาค 4","กองกำกับการตำรวจตระเวนชายแดนที่ 44","9.6235","0","0","0","0","0","0","0","0","0","0","0","0","0","0","1","0","0","0","0","0","0","0","0","0","0","0","0","0","0","0","0","0","0","0","0","0","0","0","0","0","0","0","0","0","0","0","0","0","0","0","0","0","0","0","0","0","0","0","0","0","0","0","0","0","0","0","0","0","0","0","0","0","0","0","0","1","B","ผ่าน","0","0.5","1","0","0","ไม่ผ่าน","D"
"2568","2025","สำนักงานตำรวจแห่งชาติ","กองบัญชาการตำรวจตระเวนชายแดน","กองบังคับการตำรวจตระเวนชายแดนภาค 4","กองกำกับการตำรวจตระเวนชายแดนที่ 44","10.6229","0","0","0","0","0","0","0","0","0","0","0","0","0","0","0","0","0","0","0","0","0","0","0","0","0","0","1","1","1","1","1","1","1","1","1","1","1","1","1","1","1","1","1","1","1","1","1","1","1","1","1","1","1","1","1","1","1","1","1","1","1","1","1","1","1","0","0","0","0","0","0","0","0","0","0","39","D","ไม่ผ่าน","0.5","20","0","1","1","ผ่าน","A"
"2563","2020","สำนักงานตำรวจแห่งชาติ","กองบัญชาการตำรวจตระเวนชายแดน","กองบังคับการตำรวจตระเวนชายแดนภาค 4","กองกำกับการตำรวจตระเวนชายแดนที่ 44","53.629","","","","","","","","","","","","","","","","","","","","","","","","","","","","","","","","","","","","","","","","","","","","","","","","","","","","","","","","","","","","","","","","","","","","","","","","","","","","","","","","","0","0","0","ผ่าน","B"
"2564","2021","สำนักงานตำรวจแห่งชาติ","กองบัญชาการตำรวจตระเวนชายแดน","กองบังคับการตำรวจตระเวนชายแดนภาค 4","กองกำกับการตำรวจตระเวนชายแดนที่ 44","54.6283","0","0","0","0","0","1","0","0","0","0","0","0","0","0","0","0","0","0","0","0","0","0","0","0","0","0","0","0","0","0","0","0","0","0","0","0","0","0","0","0","0","0","0","0","0","0","0","0","0","0","0","0","0","0","0","0","0","0","0","0","0","0","0","0","0","0","0","0","0","0","0","0","0","0","0","1","B","ผ่าน","0","1","1","0","0","ผ่าน","B"
"2566","2023","สำนักงานตำรวจแห่งชาติ","กองบัญชาการตำรวจตระเวนชายแดน","กองบังคับการตำรวจตระเวนชายแดนภาค 4","กองกำกับการตำรวจตระเวนชายแดนที่ 44","56.627","","","","","","","","","","","","","","","","","","","","","","","","","","","","","","","","","","","","","","","","","","","","","","","","","","","","","","","","","","","","","","","","","","","","","","","","","","","","","","","0","1","0","0","0","ผ่าน","A"
"2567","2024","สำนักงานตำรวจแห่งชาติ","กองบัญชาการตำรวจตระเวนชายแดน","กองบังคับการตำรวจตระเวนชายแดนภาค 4","กองกำกับการตำรวจตระเวนชายแดนที่ 44","57.629","0","0","0","0","0","0","0","0","0","0","0","0","0","0","0","0","0","0","0","0","0","0","0","0","0","0","0","0","0","0","0","0","0","0","0","0","0","0","0","0","0","0","0","0","0","0","0","0","0","0","0","0","0","0","0","0","0","0","0","0","0","0","0","0","0","0","0","0","0","0","0","0","0","0","0","0","A","ผ่าน","0","0.5","1","0","0","ผ่าน","A"
"2568","2025","สำนักงานตำรวจแห่งชาติ","กองบัญชาการตำรวจตระเวนชายแดน","กองบังคับการตำรวจตระเวนชายแดนภาค 4","กองกำกับการตำรวจตระเวนชายแดนที่ 44","58.6283","0","0","0","0","0","0","0","0","0","0","0","0","0","0","0","0","0","0","0","0","0","0","0","0","0","0","0","0","0","0","0","0","0","0","0","0","0","0","0","0","0","0","0","0","0","0","0","0","0","0","0","0","0","0","0","0","0","0","0","0","0","0","0","0","0","0","0","0","0","0","0","0","0","0","0","0","A","ผ่าน","0","0","2","0","0","ผ่าน","A"
"2563","2020","สำนักงานตำรวจแห่งชาติ","กองบัญชาการตำรวจตระเวนชายแดน","กองบังคับการตำรวจตระเวนชายแดนภาค 4","กองกำกับการตำรวจตระเวนชายแดนที่ 44","","","","","","","","","","","","","","","","","","","","","","","","","","","","","","","","","","","","","","","","","","","","","","","","","","","","","","","","","","","","","","","","","","","","","","","","","","","","","","","","","","0","0","0","ผ่าน","B"
"2564","2021","สำนักงานตำรวจแห่งชาติ","กองบัญชาการตำรวจตระเวนชายแดน","กองบังคับการตำรวจตระเวนชายแดนภาค 4","กองกำกับการตำรวจตระเวนชายแดนที่ 44","0.4819","0","0","0","0","0","0","0","0","0","0","0","0","0","0","0","0","0","0","0","0","0","0","0","0","0","0","0","0","0","0","0","0","0","0","0","0","0","0","0","0","0","0","0","0","0","0","0","0","0","0","0","0","0","0","0","1","0","0","0","0","0","0","0","0","0","0","0","0","0","0","0","0","0","0","0","1","B","ผ่าน","0","1","1","0","0","ผ่าน","A"
"2566","2023","สำนักงานตำรวจแห่งชาติ","กองบัญชาการตำรวจตระเวนชายแดน","กองบังคับการตำรวจตระเวนชายแดนภาค 4","กองกำกับการตำรวจตระเวนชายแดนที่ 44","2.4805","","","","","","","","","","","","","","","","","","","","","","","","","","","","","","","","","","","","","","","","","","","","","","","","","","","","","","","","","","","","","","","","","","","","","","","","","","","","","","","0","0.5","0","0","0","ผ่าน","A"
"2567","2024","สำนักงานตำรวจแห่งชาติ","กองบัญชาการตำรวจตระเวนชายแดน","กองบังคับการตำรวจตระเวนชายแดนภาค 4","กองกำกับการตำรวจตระเวนชายแดนที่ 44","3.4825","0","0","0","0","0","0","0","0","0","0","0","0","0","0","0","0","0","0","0","0","0","0","0","0","0","0","0","0","0","0","0","0","0","0","0","0","0","0","0","0","0","0","0","0","0","0","0","0","0","0","0","0","0","0","0","0","0","0","0","0","0","0","0","0","0","0","0","0","0","0","0","0","0","0","0","0","A","ผ่าน","0","0","1","0","0","ผ่าน","A"
"2568","2025","สำนักงานตำรวจแห่งชาติ","กองบัญชาการตำรวจตระเวนชายแดน","กองบังคับการตำรวจตระเวนชายแดนภาค 4","กองกำกับการตำรวจตระเวนชายแดนที่ 44","4.4819","0","0","0","0","0","0","0","0","0","0","0","0","0","0","0","0","0","0","0","0","0","0","0","0","0","0","0","0","0","0","0","0","0","0","0","0","0","0","0","0","0","0","0","0","0","0","0","0","0","0","0","0","0","0","0","0","0","0","0","0","0","0","0","0","0","0","0","0","0","0","0","0","0","0","0","0","A","ผ่าน","0","0","2","0","0","ผ่าน","A"
"2563","2020","สำนักงานตำรวจแห่งชาติ","กองบัญชาการตำรวจตระเวนชายแดน","กองบังคับการตำรวจตระเวนชายแดนภาค 4","กองกำกับการตำรวจตระเวนชายแดนที่ 44","32.5832","","","","","","","","","","","","","","","","","","","","","","","","","","","","","","","","","","","","","","","","","","","","","","","","","","","","","","","","","","","","","","","","","","","","","","","","","","","","","","","","","0","0","0","ผ่าน","C"
"2564","2021","สำนักงานตำรวจแห่งชาติ","กองบัญชาการตำรวจตระเวนชายแดน","กองบังคับการตำรวจตระเวนชายแดนภาค 4","กองกำกับการตำรวจตระเวนชายแดนที่ 44","33.5825","0","0","0","0","0","1","0","0","0","0","0","0","0","0","0","0","0","0","0","0","0","0","0","0","0","0","0","0","0","0","0","0","0","0","0","0","0","0","0","0","0","0","0","0","0","0","0","0","0","0","0","0","0","0","0","0","0","1","1","0","0","1","1","1","1","1","1","1","1","1","1","0","0","0","0","13","C","ผ่าน","0","13","1","0","0","ผ่าน","C"
"2566","2023","สำนักงานตำรวจแห่งชาติ","กองบัญชาการตำรวจตระเวนชายแดน","กองบังคับการตำรวจตระเวนชายแดนภาค 4","กองกำกับการตำรวจตระเวนชายแดนที่ 44","35.5811","","","","","","","","","","","","","","","","","","","","","","","","","","","","","","","","","","","","","","","","","","","","","","","","","","","","","","","","","","","","","","","","","","","","","","","","","","","","","","","0","12.5","0","0","0","ผ่าน","A"
"2567","2024","สำนักงานตำรวจแห่งชาติ","กองบัญชาการตำรวจตระเวนชายแดน","กองบังคับการตำรวจตระเวนชายแดนภาค 4","กองกำกับการตำรวจตระเวนชายแดนที่ 44","36.5832","0","0","0","0","0","0","0","0","0","0","0","0","0","0","0","0","0","0","0","0","0","0","0","0","0","0","0","0","0","0","0","0","0","0","0","0","0","0","0","0","0","0","0","0","0","0","0","0","0","0","0","0","0","0","0","0","0","0","0","0","0","0","0","0","0","0","0","0","0","0","0","0","0","0","0","0","A","ผ่าน","0","6","1","0","0","ผ่าน","A"
"2568","2025","สำนักงานตำรวจแห่งชาติ","กองบัญชาการตำรวจตระเวนชายแดน","กองบังคับการตำรวจตระเวนชายแดนภาค 4","กองกำกับการตำรวจตระเวนชายแดนที่ 44","37.5825","0","0","0","0","0","0","0","0","0","0","0","0","0","0","0","0","0","0","0","0","0","0","0","0","0","0","0","0","0","0","0","0","0","0","0","0","0","0","0","0","0","0","0","0","0","0","0","0","0","0","0","0","0","0","0","0","0","0","0","0","0","0","0","0","0","0","0","0","0","0","0","0","0","0","0","0","A","ผ่าน","0","0","2","0","0","ผ่าน","A"
"2566","2023","สำนักงานตำรวจแห่งชาติ","กองบัญชาการตำรวจตระเวนชายแดน","กองบังคับการตำรวจตระเวนชายแดนภาค 4","กองกำกับการตำรวจตระเวนชายแดนที่ 44","49.4565","","","","","","","","","","","","","","","","","","","","","","","","","","","","","","","","","","","","","","","","","","","","","","","","","","","","","","","","","","","","","","","","","","","","","","","","","","","","","","","","","0","0","0","ผ่าน","A"
"2567","2024","สำนักงานตำรวจแห่งชาติ","กองบัญชาการตำรวจตระเวนชายแดน","กองบังคับการตำรวจตระเวนชายแดนภาค 4","กองกำกับการตำรวจตระเวนชายแดนที่ 44","50.4586","0","0","0","0","0","0","0","0","0","0","0","0","0","0","0","0","0","0","0","0","0","0","0","0","0","0","0","0","0","0","0","0","0","0","0","0","0","0","0","0","0","0","0","0","0","0","0","0","0","0","0","0","0","0","0","0","0","0","0","0","0","0","0","0","0","0","0","0","0","0","0","0","0","0","0","0","A","ผ่าน","0","0","1","0","0","ผ่าน","A"
"2568","2025","สำนักงานตำรวจแห่งชาติ","กองบัญชาการตำรวจตระเวนชายแดน","กองบังคับการตำรวจตระเวนชายแดนภาค 4","กองกำกับการตำรวจตระเวนชายแดนที่ 44","51.4579","0","0","0","0","0","0","0","0","0","0","0","0","0","0","0","0","0","0","0","0","0","0","0","0","0","0","0","0","0","0","0","0","0","0","0","0","0","0","0","0","0","0","0","0","0","0","0","0","0","0","0","0","0","0","0","0","0","0","0","0","0","0","0","0","0","0","0","0","0","0","0","0","0","0","0","0","A","ผ่าน","0","0","2","0","0","ผ่าน","A"
"2563","2020","สำนักงานตำรวจแห่งชาติ","กองบัญชาการตำรวจตระเวนชายแดน","กองบังคับการตำรวจตระเวนชายแดนภาค 4","กองกำกับการตำรวจตระเวนชายแดนที่ 44","20.627","","","","","","","","","","","","","","","","","","","","","","","","","","","","","","","","","","","","","","","","","","","","","","","","","","","","","","","","","","","","","","","","","","","","","","","","","","","","","","","","","0","0","0","ผ่าน","B"
"2564","2021","สำนักงานตำรวจแห่งชาติ","กองบัญชาการตำรวจตระเวนชายแดน","กองบังคับการตำรวจตระเวนชายแดนภาค 4","กองกำกับการตำรวจตระเวนชายแดนที่ 44","21.6263","0","0","0","0","0","0","0","0","0","0","0","0","0","0","0","0","0","0","0","0","0","0","0","0","0","0","0","0","0","0","0","0","0","0","0","0","0","0","0","0","0","0","0","0","0","0","0","0","0","0","0","0","0","1","0","1","0","0","0","1","0","1","0","0","0","0","0","1","1","0","1","0","0","0","0","7","B","ผ่าน","0","7","1","0","0","ผ่าน","B"
"2566","2023","สำนักงานตำรวจแห่งชาติ","กองบัญชาการตำรวจตระเวนชายแดน","กองบังคับการตำรวจตระเวนชายแดนภาค 4","กองกำกับการตำรวจตระเวนชายแดนที่ 44","23.6249","","","","","","","","","","","","","","","","","","","","","","","","","","","","","","","","","","","","","","","","","","","","","","","","","","","","","","","","","","","","","","","","","","","","","","","","","","","","","","","0","5","0","0","0","ผ่าน","A"
"2567","2024","สำนักงานตำรวจแห่งชาติ","กองบัญชาการตำรวจตระเวนชายแดน","กองบังคับการตำรวจตระเวนชายแดนภาค 4","กองกำกับการตำรวจตระเวนชายแดนที่ 44","24.627","0","0","0","0","0","0","0","0","0","0","0","0","0","0","0","0","0","0","0","0","0","0","0","0","0","0","0","0","0","0","0","0","0","0","0","0","0","0","0","0","0","0","0","0","0","0","0","0","0","0","0","0","0","0","0","0","0","0","0","0","0","0","0","0","0","0","0","0","0","0","0","0","0","0","0","0","A","ผ่าน","0","1.5","1","0","0","ผ่าน","A"
"2568","2025","สำนักงานตำรวจแห่งชาติ","กองบัญชาการตำรวจตระเวนชายแดน","กองบังคับการตำรวจตระเวนชายแดนภาค 4","กองกำกับการตำรวจตระเวนชายแดนที่ 44","25.6263","0","0","0","0","0","0","0","0","0","0","0","0","0","0","0","0","0","0","0","0","0","0","0","0","0","0","0","0","0","0","0","0","0","0","0","0","0","0","0","0","0","0","0","0","0","0","0","0","0","0","0","0","0","0","0","0","0","0","0","0","0","0","0","0","0","0","0","0","0","0","0","0","0","0","0","0","A","ผ่าน","0","0","2","0","0","ผ่าน","A"
"2563","2020","สำนักงานตำรวจแห่งชาติ","กองบัญชาการตำรวจตระเวนชายแดน","กองบังคับการตำรวจตระเวนชายแดนภาค 4","กองกำกับการตำรวจตระเวนชายแดนที่ 44","29.4648","","","","","","","","","","","","","","","","","","","","","","","","","","","","","","","","","","","","","","","","","","","","","","","","","","","","","","","","","","","","","","","","","","","","","","","","","","","","","","","","","0","0","0","ผ่าน","B"
"2564","2021","สำนักงานตำรวจแห่งชาติ","กองบัญชาการตำรวจตระเวนชายแดน","กองบังคับการตำรวจตระเวนชายแดนภาค 4","กองกำกับการตำรวจตระเวนชายแดนที่ 44","30.4641","0","0","0","0","0","1","0","0","0","0","0","1","0","0","0","0","0","0","0","0","0","0","0","0","0","0","0","0","0","0","0","0","0","0","0","0","0","0","0","0","0","0","0","0","0","0","0","0","0","0","0","0","0","1","1","0","0","0","0","0","0","0","0","0","1","1","0","1","0","0","0","0","0","0","0","7","B","ผ่าน","0","7","1","0","0","ผ่าน","B"
"2566","2023","สำนักงานตำรวจแห่งชาติ","กองบัญชาการตำรวจตระเวนชายแดน","กองบังคับการตำรวจตระเวนชายแดนภาค 4","กองกำกับการตำรวจตระเวนชายแดนที่ 44","32.4627","","","","","","","","","","","","","","","","","","","","","","","","","","","","","","","","","","","","","","","","","","","","","","","","","","","","","","","","","","","","","","","","","","","","","","","","","","","","","","","0","4.5","0","0","0","ไม่ผ่าน","D"
"2567","2024","สำนักงานตำรวจแห่งชาติ","กองบัญชาการตำรวจตระเวนชายแดน","กองบังคับการตำรวจตระเวนชายแดนภาค 4","กองกำกับการตำรวจตระเวนชายแดนที่ 44","33.4648","1","1","1","1","1","1","1","1","1","1","1","1","1","1","1","1","1","1","1","1","1","1","1","1","1","1","0","0","0","0","0","0","0","0","0","0","0","0","0","0","0","0","0","0","0","0","0","0","0","0","0","0","0","1","0","1","0","0","0","0","0","0","0","1","1","0","0","0","1","0","0","0","0","0","0","31","D","ไม่ผ่าน","1","16.5","0","1","1","ผ่าน","A"
"2568","2025","สำนักงานตำรวจแห่งชาติ","กองบัญชาการตำรวจตระเวนชายแดน","กองบังคับการตำรวจตระเวนชายแดนภาค 4","กองกำกับการตำรวจตระเวนชายแดนที่ 44","34.4641","0","0","0","0","0","0","0","0","0","0","0","0","0","0","0","0","0","0","0","0","0","0","0","0","0","0","0","0","0","0","0","0","0","0","0","0","0","0","0","0","0","0","0","0","0","0","0","0","0","0","0","0","0","0","0","0","0","0","0","0","0","0","0","0","0","0","0","0","0","0","0","0","0","0","0","0","A","ผ่าน","0.5","15.5","1","0","1","ผ่าน","B"
"2563","2020","สำนักงานตำรวจแห่งชาติ","กองบัญชาการตำรวจตระเวนชายแดน","กองบังคับการตำรวจตระเวนชายแดนภาค 4","กองกำกับการตำรวจตระเวนชายแดนที่ 44","27.6277","","","","","","","","","","","","","","","","","","","","","","","","","","","","","","","","","","","","","","","","","","","","","","","","","","","","","","","","","","","","","","","","","","","","","","","","","","","","","","","","","0","0","0","ไม่ผ่าน","D"
"2566","2023","สำนักงานตำรวจแห่งชาติ","กองบัญชาการตำรวจตระเวนชายแดน","กองบังคับการตำรวจตระเวนชายแดนภาค 4","กองกำกับการตำรวจตระเวนชายแดนที่ 44","30.6256","","","","","","","","","","","","","","","","","","","","","","","","","","","","","","","","","","","","","","","","","","","","","","","","","","","","","","","","","","","","","","","","","","","","","","","","","","","","","","","","42","0","0","1","ผ่าน","B"
"2567","2024","สำนักงานตำรวจแห่งชาติ","กองบัญชาการตำรวจตระเวนชายแดน","กองบังคับการตำรวจตระเวนชายแดนภาค 4","กองกำกับการตำรวจตระเวนชายแดนที่ 44","31.6277","0","0","0","0","0","0","0","0","0","1","0","0","0","0","1","0","0","0","0","0","0","0","0","0","0","0","0","0","0","0","0","0","0","0","0","0","0","0","0","0","0","0","0","0","0","0","0","0","0","0","0","0","0","0","0","0","0","0","0","0","0","0","0","0","0","0","0","0","0","0","0","0","0","0","0","2","B","ผ่าน","0","2","1","0","1","ผ่าน","A"
"2568","2025","สำนักงานตำรวจแห่งชาติ","กองบัญชาการตำรวจตระเวนชายแดน","กองบังคับการตำรวจตระเวนชายแดนภาค 4","กองกำกับการตำรวจตระเวนชายแดนที่ 44","32.627","0","0","0","0","0","0","0","0","0","0","0","0","0","0","0","0","0","0","0","0","0","0","0","0","0","0","0","0","0","0","0","0","0","0","0","0","0","0","0","0","0","0","0","0","0","0","0","0","0","0","0","0","0","0","0","0","0","0","0","0","0","0","0","0","0","0","0","0","0","0","0","0","0","0","0","0","A","ผ่าน","0","1","2","0","1","ผ่าน","A"
"2563","2020","สำนักงานตำรวจแห่งชาติ","กองบัญชาการตำรวจตระเวนชายแดน","กองบังคับการตำรวจตระเวนชายแดนภาค 4","กองกำกับการตำรวจตระเวนชายแดนที่ 44","27.5373","","","","","","","","","","","","","","","","","","","","","","","","","","","","","","","","","","","","","","","","","","","","","","","","","","","","","","","","","","","","","","","","","","","","","","","","","","","","","","","","","0","0","0","ผ่าน","B"
"2564","2021","สำนักงานตำรวจแห่งชาติ","กองบัญชาการตำรวจตระเวนชายแดน","กองบังคับการตำรวจตระเวนชายแดนภาค 4","กองกำกับการตำรวจตระเวนชายแดนที่ 44","28.5366","0","0","0","0","0","1","0","0","0","0","0","0","0","0","0","0","0","0","0","0","0","0","0","0","0","0","0","0","0","0","0","0","0","0","0","0","0","0","0","0","0","0","0","0","0","0","0","0","0","0","0","0","0","0","0","0","0","0","0","0","0","0","0","0","0","0","0","0","0","0","0","0","0","0","0","1","B","ผ่าน","0","1","1","0","0","ผ่าน","B"
"2566","2023","สำนักงานตำรวจแห่งชาติ","กองบัญชาการตำรวจตระเวนชายแดน","กองบังคับการตำรวจตระเวนชายแดนภาค 4","กองกำกับการตำรวจตระเวนชายแดนที่ 44","30.5352","","","","","","","","","","","","","","","","","","","","","","","","","","","","","","","","","","","","","","","","","","","","","","","","","","","","","","","","","","","","","","","","","","","","","","","","","","","","","","","0","1","0","0","0","ผ่าน","A"
"2567","2024","สำนักงานตำรวจแห่งชาติ","กองบัญชาการตำรวจตระเวนชายแดน","กองบังคับการตำรวจตระเวนชายแดนภาค 4","กองกำกับการตำรวจตระเวนชายแดนที่ 44","31.5373","0","0","0","0","0","0","0","0","0","0","0","0","0","0","0","0","0","0","0","0","0","0","0","0","0","0","0","0","0","0","0","0","0","0","0","0","0","0","0","0","0","0","0","0","0","0","0","0","0","0","0","0","0","0","0","0","0","0","0","0","0","0","0","0","0","0","0","0","0","0","0","0","0","0","0","0","A","ผ่าน","0","0.5","1","0","0","ผ่าน","A"
"2568","2025","สำนักงานตำรวจแห่งชาติ","กองบัญชาการตำรวจตระเวนชายแดน","กองบังคับการตำรวจตระเวนชายแดนภาค 4","กองกำกับการตำรวจตระเวนชายแดนที่ 44","32.5366","0","0","0","0","0","0","0","0","0","0","0","0","0","0","0","0","0","0","0","0","0","0","0","0","0","0","0","0","0","0","0","0","0","0","0","0","0","0","0","0","0","0","0","0","0","0","0","0","0","0","0","0","0","0","0","0","0","0","0","0","0","0","0","0","0","0","0","0","0","0","0","0","0","0","0","0","A","ผ่าน","0","0","2","0","0","ผ่าน","B"
"2563","2020","สำนักงานตำรวจแห่งชาติ","กองบัญชาการตำรวจตระเวนชายแดน","กองบังคับการตำรวจตระเวนชายแดนภาค 4","กองกำกับการตำรวจตระเวนชายแดนที่ 44","30.5517","","","","","","","","","","","","","","","","","","","","","","","","","","","","","","","","","","","","","","","","","","","","","","","","","","","","","","","","","","","","","","","","","","","","","","","","","","","","","","","","","0","0","0","ผ่าน","B"
"2564","2021","สำนักงานตำรวจแห่งชาติ","กองบัญชาการตำรวจตระเวนชายแดน","กองบังคับการตำรวจตระเวนชายแดนภาค 4","กองกำกับการตำรวจตระเวนชายแดนที่ 44","31.551","0","0","0","0","0","0","0","0","0","0","0","0","0","0","0","0","0","0","0","0","0","0","0","0","0","0","0","0","0","0","0","0","0","0","0","0","0","0","0","0","0","0","0","0","0","0","0","0","0","0","0","0","0","0","0","1","0","0","0","0","0","0","0","0","0","0","0","0","0","0","0","0","0","0","0","1","B","ผ่าน","0","1","1","0","0","ผ่าน","A"
"2566","2023","สำนักงานตำรวจแห่งชาติ","กองบัญชาการตำรวจตระเวนชายแดน","กองบังคับการตำรวจตระเวนชายแดนภาค 4","กองกำกับการตำรวจตระเวนชายแดนที่ 44","33.5496","","","","","","","","","","","","","","","","","","","","","","","","","","","","","","","","","","","","","","","","","","","","","","","","","","","","","","","","","","","","","","","","","","","","","","","","","","","","","","","0","0.5","0","0","0","ผ่าน","B"
"2567","2024","สำนักงานตำรวจแห่งชาติ","กองบัญชาการตำรวจตระเวนชายแดน","กองบังคับการตำรวจตระเวนชายแดนภาค 4","กองกำกับการตำรวจตระเวนชายแดนที่ 44","34.5517","0","0","0","0","0","0","0","0","0","1","0","0","0","0","0","0","0","0","0","0","0","0","0","0","0","0","0","0","0","0","0","0","0","0","0","0","0","0","0","0","0","0","0","0","0","0","0","0","0","0","0","0","0","0","0","0","0","0","0","0","0","0","0","0","0","0","0","0","0","0","0","0","0","0","0","1","B","ผ่าน","0","0.5","1","0","0","ผ่าน","A"
"2568","2025","สำนักงานตำรวจแห่งชาติ","กองบัญชาการตำรวจตระเวนชายแดน","กองบังคับการตำรวจตระเวนชายแดนภาค 4","กองกำกับการตำรวจตระเวนชายแดนที่ 44","35.551","0","0","0","0","0","0","0","0","0","0","0","0","0","0","0","0","0","0","0","0","0","0","0","0","0","0","0","0","0","0","0","0","0","0","0","0","0","0","0","0","0","0","0","0","0","0","0","0","0","0","0","0","0","0","0","0","0","0","0","0","0","0","0","0","0","0","0","0","0","0","0","0","0","0","0","0","A","ผ่าน","0","0.5","2","0","0","ผ่าน","A"
