"year","source_file","row_number_in_sheet","ministry","sub_agency_1","sub_agency_2","sub_agency_3","province","district","subdistrict","user_code","center_name","open_date","improvement_codes_raw","improvement_code_count","improvement_codes_mapped"
"2563","7. 2563 REP004-IMPROVEMENT 12 - ตารางสรุปรายงานมาตรฐานแต่ละด้าน พร้อมจำนวนข้อที่ต้องปรับปรุง และจำนวนเด็กที่ผ่านเกณฑ์.xls","3","สำนักงานตำรวจแห่งชาติ","กองบัญชาการตำรวจตระเวนชายแดน","กองบังคับการตำรวจตระเวนชายแดนภาค 1","กองกำกับการตำรวจตระเวนชายแดนที่ 11","","","","7222021101","รร.ตชด.บ้านน้ำแดง","27/02/2528","","0",""
"2563","7. 2563 REP004-IMPROVEMENT 12 - ตารางสรุปรายงานมาตรฐานแต่ละด้าน พร้อมจำนวนข้อที่ต้องปรับปรุง และจำนวนเด็กที่ผ่านเกณฑ์.xls","4","สำนักงานตำรวจแห่งชาติ","กองบัญชาการตำรวจตระเวนชายแดน","กองบังคับการตำรวจตระเวนชายแดนภาค 1","กองกำกับการตำรวจตระเวนชายแดนที่ 11","","","","7222051102","รร.ตชด.บ้านคลองมะลิประเวศน์วิทยา","30/07/2529","","0",""
"2563","7. 2563 REP004-IMPROVEMENT 12 - ตารางสรุปรายงานมาตรฐานแต่ละด้าน พร้อมจำนวนข้อที่ต้องปรับปรุง และจำนวนเด็กที่ผ่านเกณฑ์.xls","5","สำนักงานตำรวจแห่งชาติ","กองบัญชาการตำรวจตระเวนชายแดน","กองบังคับการตำรวจตระเวนชายแดนภาค 1","กองกำกับการตำรวจตระเวนชายแดนที่ 11","","","","7222071103","รร.ตชด.สิงคโปร์แอร์ไลน์สฯ","03/03/2530","1.2.3,3.1.1ข,3.1.3ข,3.2.1ข","4","1.2.3,3.1.1,3.1.3,3.2.1"
"2563","7. 2563 REP004-IMPROVEMENT 12 - ตารางสรุปรายงานมาตรฐานแต่ละด้าน พร้อมจำนวนข้อที่ต้องปรับปรุง และจำนวนเด็กที่ผ่านเกณฑ์.xls","6","สำนักงานตำรวจแห่งชาติ","กองบัญชาการตำรวจตระเวนชายแดน","กองบังคับการตำรวจตระเวนชายแดนภาค 1","กองกำกับการตำรวจตระเวนชายแดนที่ 11","","","","7222081104","รร.ตชด.บ้านบ่อชะอม","16/05/2568","1.2.2,1.2.3,3.1.3ข,3.4.2ข,3.4.3ข,3.5.1ข,3.5.2ข,3.5.3ข,3.6.1ข,3.6.2ข","10","1.2.2,1.2.3,3.1.3,3.4.2,3.4.3,3.5.1,3.5.2,3.5.3,3.6.1,3.6.2"
"2563","7. 2563 REP004-IMPROVEMENT 12 - ตารางสรุปรายงานมาตรฐานแต่ละด้าน พร้อมจำนวนข้อที่ต้องปรับปรุง และจำนวนเด็กที่ผ่านเกณฑ์.xls","7","สำนักงานตำรวจแห่งชาติ","กองบัญชาการตำรวจตระเวนชายแดน","กองบังคับการตำรวจตระเวนชายแดนภาค 1","กองกำกับการตำรวจตระเวนชายแดนที่ 11","","","","7222081105","รร.ตชด.บ้านหางแมว","15/03/2534","","0",""
"2563","7. 2563 REP004-IMPROVEMENT 12 - ตารางสรุปรายงานมาตรฐานแต่ละด้าน พร้อมจำนวนข้อที่ต้องปรับปรุง และจำนวนเด็กที่ผ่านเกณฑ์.xls","8","สำนักงานตำรวจแห่งชาติ","กองบัญชาการตำรวจตระเวนชายแดน","กองบังคับการตำรวจตระเวนชายแดนภาค 1","กองกำกับการตำรวจตระเวนชายแดนที่ 11","","","","7222081108","รร.ตชด.บ้านคลองแดง","16/05/2545","","0",""
"2563","7. 2563 REP004-IMPROVEMENT 12 - ตารางสรุปรายงานมาตรฐานแต่ละด้าน พร้อมจำนวนข้อที่ต้องปรับปรุง และจำนวนเด็กที่ผ่านเกณฑ์.xls","9","สำนักงานตำรวจแห่งชาติ","กองบัญชาการตำรวจตระเวนชายแดน","กองบังคับการตำรวจตระเวนชายแดนภาค 1","กองกำกับการตำรวจตระเวนชายแดนที่ 11","","","","7223011106","รร.ตชด.บ้านท่ากุ่ม","01/11/2536","","0",""
"2563","7. 2563 REP004-IMPROVEMENT 12 - ตารางสรุปรายงานมาตรฐานแต่ละด้าน พร้อมจำนวนข้อที่ต้องปรับปรุง และจำนวนเด็กที่ผ่านเกณฑ์.xls","10","สำนักงานตำรวจแห่งชาติ","กองบัญชาการตำรวจตระเวนชายแดน","กองบังคับการตำรวจตระเวนชายแดนภาค 1","กองกำกับการตำรวจตระเวนชายแดนที่ 11","","","","7223031107","รร.ตชด.บ้านเขาฉลาด","16/05/2542","","0",""
"2563","7. 2563 REP004-IMPROVEMENT 12 - ตารางสรุปรายงานมาตรฐานแต่ละด้าน พร้อมจำนวนข้อที่ต้องปรับปรุง และจำนวนเด็กที่ผ่านเกณฑ์.xls","11","สำนักงานตำรวจแห่งชาติ","กองบัญชาการตำรวจตระเวนชายแดน","กองบังคับการตำรวจตระเวนชายแดนภาค 1","กองกำกับการตำรวจตระเวนชายแดนที่ 12","","","","7224081210","รร.ตชด.บ้านนายาว","12/07/2564","1.2.3,3.5.2ข","2","1.2.3,3.5.2"
"2563","7. 2563 REP004-IMPROVEMENT 12 - ตารางสรุปรายงานมาตรฐานแต่ละด้าน พร้อมจำนวนข้อที่ต้องปรับปรุง และจำนวนเด็กที่ผ่านเกณฑ์.xls","12","สำนักงานตำรวจแห่งชาติ","กองบัญชาการตำรวจตระเวนชายแดน","กองบังคับการตำรวจตระเวนชายแดนภาค 1","กองกำกับการตำรวจตระเวนชายแดนที่ 12","","","","7227021205","รร.ตชด.การบินไทย","16/05/2560","1.2.3","1","1.2.3"
"2563","7. 2563 REP004-IMPROVEMENT 12 - ตารางสรุปรายงานมาตรฐานแต่ละด้าน พร้อมจำนวนข้อที่ต้องปรับปรุง และจำนวนเด็กที่ผ่านเกณฑ์.xls","13","สำนักงานตำรวจแห่งชาติ","กองบัญชาการตำรวจตระเวนชายแดน","กองบังคับการตำรวจตระเวนชายแดนภาค 1","กองกำกับการตำรวจตระเวนชายแดนที่ 12","","","","7227061206","รร.ตชด.ประชารัฐบำรุง 1","03/06/2568","","0",""
"2563","7. 2563 REP004-IMPROVEMENT 12 - ตารางสรุปรายงานมาตรฐานแต่ละด้าน พร้อมจำนวนข้อที่ต้องปรับปรุง และจำนวนเด็กที่ผ่านเกณฑ์.xls","14","สำนักงานตำรวจแห่งชาติ","กองบัญชาการตำรวจตระเวนชายแดน","กองบังคับการตำรวจตระเวนชายแดนภาค 1","กองกำกับการตำรวจตระเวนชายแดนที่ 12","","","","7227071209","รร.ตชด.บ้านน้ำอ้อม","09/02/2525","","0",""
"2563","7. 2563 REP004-IMPROVEMENT 12 - ตารางสรุปรายงานมาตรฐานแต่ละด้าน พร้อมจำนวนข้อที่ต้องปรับปรุง และจำนวนเด็กที่ผ่านเกณฑ์.xls","15","สำนักงานตำรวจแห่งชาติ","กองบัญชาการตำรวจตระเวนชายแดน","กองบังคับการตำรวจตระเวนชายแดนภาค 1","กองกำกับการตำรวจตระเวนชายแดนที่ 12","","","","7227091202","รร.ตชด.บ้านทุ่งกบินทร์","20/06/2520","1.2.3,1.3.5,1.4.2,1.4.4,3.6.2ข","5","1.2.3,1.3.5,1.4.2,1.4.4,3.6.2"
"2563","7. 2563 REP004-IMPROVEMENT 12 - ตารางสรุปรายงานมาตรฐานแต่ละด้าน พร้อมจำนวนข้อที่ต้องปรับปรุง และจำนวนเด็กที่ผ่านเกณฑ์.xls","16","สำนักงานตำรวจแห่งชาติ","กองบัญชาการตำรวจตระเวนชายแดน","กองบังคับการตำรวจตระเวนชายแดนภาค 1","กองกำกับการตำรวจตระเวนชายแดนที่ 12","","","","7227091203","รร.ตชด.วังศรีทอง","","1.2.3","1","1.2.3"
"2563","7. 2563 REP004-IMPROVEMENT 12 - ตารางสรุปรายงานมาตรฐานแต่ละด้าน พร้อมจำนวนข้อที่ต้องปรับปรุง และจำนวนเด็กที่ผ่านเกณฑ์.xls","17","สำนักงานตำรวจแห่งชาติ","กองบัญชาการตำรวจตระเวนชายแดน","กองบังคับการตำรวจตระเวนชายแดนภาค 1","กองกำกับการตำรวจตระเวนชายแดนที่ 12","","","","7227091212","รร.ตชด.พีระยานุเคราะห์ฯ 1","01/06/2538","","0",""
"2563","7. 2563 REP004-IMPROVEMENT 12 - ตารางสรุปรายงานมาตรฐานแต่ละด้าน พร้อมจำนวนข้อที่ต้องปรับปรุง และจำนวนเด็กที่ผ่านเกณฑ์.xls","18","สำนักงานตำรวจแห่งชาติ","กองบัญชาการตำรวจตระเวนชายแดน","กองบังคับการตำรวจตระเวนชายแดนภาค 2","กองกำกับการตำรวจตระเวนชายแดนที่ 21","","","","7232052103","รร.ตชด.พีระยานุเคราะห์ฯ 2","","1.2.1,1.3.6,1.3.8","3","1.2.1,1.3.6,1.3.8"
"2563","7. 2563 REP004-IMPROVEMENT 12 - ตารางสรุปรายงานมาตรฐานแต่ละด้าน พร้อมจำนวนข้อที่ต้องปรับปรุง และจำนวนเด็กที่ผ่านเกณฑ์.xls","19","สำนักงานตำรวจแห่งชาติ","กองบัญชาการตำรวจตระเวนชายแดน","กองบังคับการตำรวจตระเวนชายแดนภาค 2","กองกำกับการตำรวจตระเวนชายแดนที่ 21","","","","7232102105","รร.ตชด.บ้านตาตุม","","3.5.2ข,3.5.3ข","2","3.5.2,3.5.3"
"2563","7. 2563 REP004-IMPROVEMENT 12 - ตารางสรุปรายงานมาตรฐานแต่ละด้าน พร้อมจำนวนข้อที่ต้องปรับปรุง และจำนวนเด็กที่ผ่านเกณฑ์.xls","20","สำนักงานตำรวจแห่งชาติ","กองบัญชาการตำรวจตระเวนชายแดน","กองบังคับการตำรวจตระเวนชายแดนภาค 2","กองกำกับการตำรวจตระเวนชายแดนที่ 21","","","","7232102106","รร.ตชด.บ้านตาแตรว","30/03/2540","","0",""
"2563","7. 2563 REP004-IMPROVEMENT 12 - ตารางสรุปรายงานมาตรฐานแต่ละด้าน พร้อมจำนวนข้อที่ต้องปรับปรุง และจำนวนเด็กที่ผ่านเกณฑ์.xls","21","สำนักงานตำรวจแห่งชาติ","กองบัญชาการตำรวจตระเวนชายแดน","กองบังคับการตำรวจตระเวนชายแดนภาค 2","กองกำกับการตำรวจตระเวนชายแดนที่ 21","","","","7232142101","รร.ตชด.บ้านโคกแสลง","29/04/2566","","0",""
"2563","7. 2563 REP004-IMPROVEMENT 12 - ตารางสรุปรายงานมาตรฐานแต่ละด้าน พร้อมจำนวนข้อที่ต้องปรับปรุง และจำนวนเด็กที่ผ่านเกณฑ์.xls","22","สำนักงานตำรวจแห่งชาติ","กองบัญชาการตำรวจตระเวนชายแดน","กองบังคับการตำรวจตระเวนชายแดนภาค 2","กองกำกับการตำรวจตระเวนชายแดนที่ 22","","","","7233042210","รร.ตชด.บ้านหนองใหญ่","01/05/2538","","0",""
"2563","7. 2563 REP004-IMPROVEMENT 12 - ตารางสรุปรายงานมาตรฐานแต่ละด้าน พร้อมจำนวนข้อที่ต้องปรับปรุง และจำนวนเด็กที่ผ่านเกณฑ์.xls","23","สำนักงานตำรวจแห่งชาติ","กองบัญชาการตำรวจตระเวนชายแดน","กองบังคับการตำรวจตระเวนชายแดนภาค 2","กองกำกับการตำรวจตระเวนชายแดนที่ 22","","","","7234092204","รร.ตชด.บ้านท่าแสนคูณ","27/08/2567","1.3.4,3.1.3ข,3.5.3ข,3.6.3ข,3.6.4ข","5","1.3.4,3.1.3,3.5.3,3.6.3,3.6.4"
"2563","7. 2563 REP004-IMPROVEMENT 12 - ตารางสรุปรายงานมาตรฐานแต่ละด้าน พร้อมจำนวนข้อที่ต้องปรับปรุง และจำนวนเด็กที่ผ่านเกณฑ์.xls","24","สำนักงานตำรวจแห่งชาติ","กองบัญชาการตำรวจตระเวนชายแดน","กองบังคับการตำรวจตระเวนชายแดนภาค 2","กองกำกับการตำรวจตระเวนชายแดนที่ 22","","","","7234092212","ศกร.ตชด.บ้านหนองบัวพัฒนา","16/05/2557","3.6.1ข","1","3.6.1"
"2563","7. 2563 REP004-IMPROVEMENT 12 - ตารางสรุปรายงานมาตรฐานแต่ละด้าน พร้อมจำนวนข้อที่ต้องปรับปรุง และจำนวนเด็กที่ผ่านเกณฑ์.xls","25","สำนักงานตำรวจแห่งชาติ","กองบัญชาการตำรวจตระเวนชายแดน","กองบังคับการตำรวจตระเวนชายแดนภาค 2","กองกำกับการตำรวจตระเวนชายแดนที่ 22","","","","7234172215","ศกร.ตชด.เอไอเอ ประเทศไทย (บ้านบ๋าฮี)","16/05/2561","1.2.3,3.6.2ข,3.6.4ข,3.7.2ข","4","1.2.3,3.6.2,3.6.4,3.7.2"
"2563","7. 2563 REP004-IMPROVEMENT 12 - ตารางสรุปรายงานมาตรฐานแต่ละด้าน พร้อมจำนวนข้อที่ต้องปรับปรุง และจำนวนเด็กที่ผ่านเกณฑ์.xls","26","สำนักงานตำรวจแห่งชาติ","กองบัญชาการตำรวจตระเวนชายแดน","กองบังคับการตำรวจตระเวนชายแดนภาค 2","กองกำกับการตำรวจตระเวนชายแดนที่ 22","","","","7234252211","ศกร.ตชด.ชุมชนป่าหญ้าคา","27/08/2545","1.3.8","1","1.3.8"
"2563","7. 2563 REP004-IMPROVEMENT 12 - ตารางสรุปรายงานมาตรฐานแต่ละด้าน พร้อมจำนวนข้อที่ต้องปรับปรุง และจำนวนเด็กที่ผ่านเกณฑ์.xls","27","สำนักงานตำรวจแห่งชาติ","กองบัญชาการตำรวจตระเวนชายแดน","กองบังคับการตำรวจตระเวนชายแดนภาค 2","กองกำกับการตำรวจตระเวนชายแดนที่ 22","","","","7234272214","ศกร.ตชด.พิทักษ์ปัญญา","16/05/2561","","0",""
"2563","7. 2563 REP004-IMPROVEMENT 12 - ตารางสรุปรายงานมาตรฐานแต่ละด้าน พร้อมจำนวนข้อที่ต้องปรับปรุง และจำนวนเด็กที่ผ่านเกณฑ์.xls","28","สำนักงานตำรวจแห่งชาติ","กองบัญชาการตำรวจตระเวนชายแดน","กองบังคับการตำรวจตระเวนชายแดนภาค 2","กองกำกับการตำรวจตระเวนชายแดนที่ 22","","","","7237022207","รร.ตชด.บ้านห้วยฆ้อง","11/08/2529","","0",""
"2563","7. 2563 REP004-IMPROVEMENT 12 - ตารางสรุปรายงานมาตรฐานแต่ละด้าน พร้อมจำนวนข้อที่ต้องปรับปรุง และจำนวนเด็กที่ผ่านเกณฑ์.xls","29","สำนักงานตำรวจแห่งชาติ","กองบัญชาการตำรวจตระเวนชายแดน","กองบังคับการตำรวจตระเวนชายแดนภาค 2","กองกำกับการตำรวจตระเวนชายแดนที่ 22","","","","7237022216","รร.ตชด.บ้านห้วยกระแสน","18/08/2564","1.4.3","1","1.4.3"
"2563","7. 2563 REP004-IMPROVEMENT 12 - ตารางสรุปรายงานมาตรฐานแต่ละด้าน พร้อมจำนวนข้อที่ต้องปรับปรุง และจำนวนเด็กที่ผ่านเกณฑ์.xls","30","สำนักงานตำรวจแห่งชาติ","กองบัญชาการตำรวจตระเวนชายแดน","กองบังคับการตำรวจตระเวนชายแดนภาค 2","กองกำกับการตำรวจตระเวนชายแดนที่ 22","","","","7237112213","ศกร.ตชด.บ้านภูดานกอย","18/05/2558","1.2.3,1.3.8","2","1.2.3,1.3.8"
"2563","7. 2563 REP004-IMPROVEMENT 12 - ตารางสรุปรายงานมาตรฐานแต่ละด้าน พร้อมจำนวนข้อที่ต้องปรับปรุง และจำนวนเด็กที่ผ่านเกณฑ์.xls","31","สำนักงานตำรวจแห่งชาติ","กองบัญชาการตำรวจตระเวนชายแดน","กองบังคับการตำรวจตระเวนชายแดนภาค 2","กองกำกับการตำรวจตระเวนชายแดนที่ 24","","","","7238012406","รร.ตชด.บ้านห้วยดอกไม้","25/02/2565","1.3.8","1","1.3.8"
"2563","7. 2563 REP004-IMPROVEMENT 12 - ตารางสรุปรายงานมาตรฐานแต่ละด้าน พร้อมจำนวนข้อที่ต้องปรับปรุง และจำนวนเด็กที่ผ่านเกณฑ์.xls","32","สำนักงานตำรวจแห่งชาติ","กองบัญชาการตำรวจตระเวนชายแดน","กองบังคับการตำรวจตระเวนชายแดนภาค 2","กองกำกับการตำรวจตระเวนชายแดนที่ 24","","","","7238012411","รร.ตชด.บ้านหนองตะไก้","10/06/2538","","0",""
"2563","7. 2563 REP004-IMPROVEMENT 12 - ตารางสรุปรายงานมาตรฐานแต่ละด้าน พร้อมจำนวนข้อที่ต้องปรับปรุง และจำนวนเด็กที่ผ่านเกณฑ์.xls","33","สำนักงานตำรวจแห่งชาติ","กองบัญชาการตำรวจตระเวนชายแดน","กองบังคับการตำรวจตระเวนชายแดนภาค 2","กองกำกับการตำรวจตระเวนชายแดนที่ 24","","","","7238012412","รร.ตชด.บ้านนาแวง","22/07/2564","","0",""
"2563","7. 2563 REP004-IMPROVEMENT 12 - ตารางสรุปรายงานมาตรฐานแต่ละด้าน พร้อมจำนวนข้อที่ต้องปรับปรุง และจำนวนเด็กที่ผ่านเกณฑ์.xls","34","สำนักงานตำรวจแห่งชาติ","กองบัญชาการตำรวจตระเวนชายแดน","กองบังคับการตำรวจตระเวนชายแดนภาค 2","กองกำกับการตำรวจตระเวนชายแดนที่ 24","","","","7238152417","รร.ตชด.บ้านคำชมภู","18/05/2558","1.3.8,1.4.1,2.5.2","3","1.3.8,1.4.1,2.5.2"
"2563","7. 2563 REP004-IMPROVEMENT 12 - ตารางสรุปรายงานมาตรฐานแต่ละด้าน พร้อมจำนวนข้อที่ต้องปรับปรุง และจำนวนเด็กที่ผ่านเกณฑ์.xls","35","สำนักงานตำรวจแห่งชาติ","กองบัญชาการตำรวจตระเวนชายแดน","กองบังคับการตำรวจตระเวนชายแดนภาค 2","กองกำกับการตำรวจตระเวนชายแดนที่ 24","","","","7238152418","รร..ตชด.บ้านไทยเสรี","16/05/2560","1.2.3","1","1.2.3"
"2563","7. 2563 REP004-IMPROVEMENT 12 - ตารางสรุปรายงานมาตรฐานแต่ละด้าน พร้อมจำนวนข้อที่ต้องปรับปรุง และจำนวนเด็กที่ผ่านเกณฑ์.xls","36","สำนักงานตำรวจแห่งชาติ","กองบัญชาการตำรวจตระเวนชายแดน","กองบังคับการตำรวจตระเวนชายแดนภาค 2","กองกำกับการตำรวจตระเวนชายแดนที่ 24","","","","7241182415","รร.ตชด.บ้านเทพภูเงิน","07/11/2548","1.2.3","1","1.2.3"
"2563","7. 2563 REP004-IMPROVEMENT 12 - ตารางสรุปรายงานมาตรฐานแต่ละด้าน พร้อมจำนวนข้อที่ต้องปรับปรุง และจำนวนเด็กที่ผ่านเกณฑ์.xls","37","สำนักงานตำรวจแห่งชาติ","กองบัญชาการตำรวจตระเวนชายแดน","กองบังคับการตำรวจตระเวนชายแดนภาค 2","กองกำกับการตำรวจตระเวนชายแดนที่ 24","","","","7241222404","รร.ตชด.บ้านห้วยเวียงงาม","22/10/2523","","0",""
"2563","7. 2563 REP004-IMPROVEMENT 12 - ตารางสรุปรายงานมาตรฐานแต่ละด้าน พร้อมจำนวนข้อที่ต้องปรับปรุง และจำนวนเด็กที่ผ่านเกณฑ์.xls","38","สำนักงานตำรวจแห่งชาติ","กองบัญชาการตำรวจตระเวนชายแดน","กองบังคับการตำรวจตระเวนชายแดนภาค 2","กองกำกับการตำรวจตระเวนชายแดนที่ 24","","","","7241222409","รร.ตชด.บ้านเมืองทอง","26/07/2564","3.5.3ข","1","3.5.3"
"2563","7. 2563 REP004-IMPROVEMENT 12 - ตารางสรุปรายงานมาตรฐานแต่ละด้าน พร้อมจำนวนข้อที่ต้องปรับปรุง และจำนวนเด็กที่ผ่านเกณฑ์.xls","39","สำนักงานตำรวจแห่งชาติ","กองบัญชาการตำรวจตระเวนชายแดน","กองบังคับการตำรวจตระเวนชายแดนภาค 2","กองกำกับการตำรวจตระเวนชายแดนที่ 24","","","","7241222413","รร.ตชด.บ้านนาชมภู","22/07/2564","3.1.3ข","1","3.1.3"
"2563","7. 2563 REP004-IMPROVEMENT 12 - ตารางสรุปรายงานมาตรฐานแต่ละด้าน พร้อมจำนวนข้อที่ต้องปรับปรุง และจำนวนเด็กที่ผ่านเกณฑ์.xls","40","สำนักงานตำรวจแห่งชาติ","กองบัญชาการตำรวจตระเวนชายแดน","กองบังคับการตำรวจตระเวนชายแดนภาค 2","กองกำกับการตำรวจตระเวนชายแดนที่ 24","","","","7242022408","รร.ตชด.บ้านหนองแคน","24/08/2532","","0",""
"2563","7. 2563 REP004-IMPROVEMENT 12 - ตารางสรุปรายงานมาตรฐานแต่ละด้าน พร้อมจำนวนข้อที่ต้องปรับปรุง และจำนวนเด็กที่ผ่านเกณฑ์.xls","41","สำนักงานตำรวจแห่งชาติ","กองบัญชาการตำรวจตระเวนชายแดน","กองบังคับการตำรวจตระเวนชายแดนภาค 2","กองกำกับการตำรวจตระเวนชายแดนที่ 24","","","","7242042402","รร.ตชด.บ้านห้วยเป้า","20/09/2520","1.2.3,3.1.3ข","2","1.2.3,3.1.3"
"2563","7. 2563 REP004-IMPROVEMENT 12 - ตารางสรุปรายงานมาตรฐานแต่ละด้าน พร้อมจำนวนข้อที่ต้องปรับปรุง และจำนวนเด็กที่ผ่านเกณฑ์.xls","42","สำนักงานตำรวจแห่งชาติ","กองบัญชาการตำรวจตระเวนชายแดน","กองบังคับการตำรวจตระเวนชายแดนภาค 2","กองกำกับการตำรวจตระเวนชายแดนที่ 24","","","","7242042405","รร.ตชด.ฮิลมาร์พาเบิล","23/12/2523","","0",""
"2563","7. 2563 REP004-IMPROVEMENT 12 - ตารางสรุปรายงานมาตรฐานแต่ละด้าน พร้อมจำนวนข้อที่ต้องปรับปรุง และจำนวนเด็กที่ผ่านเกณฑ์.xls","43","สำนักงานตำรวจแห่งชาติ","กองบัญชาการตำรวจตระเวนชายแดน","กองบังคับการตำรวจตระเวนชายแดนภาค 2","กองกำกับการตำรวจตระเวนชายแดนที่ 24","","","","7242042407","รร.ตชด.บ้านนานกปีด","05/05/2529","","0",""
"2563","7. 2563 REP004-IMPROVEMENT 12 - ตารางสรุปรายงานมาตรฐานแต่ละด้าน พร้อมจำนวนข้อที่ต้องปรับปรุง และจำนวนเด็กที่ผ่านเกณฑ์.xls","44","สำนักงานตำรวจแห่งชาติ","กองบัญชาการตำรวจตระเวนชายแดน","กองบังคับการตำรวจตระเวนชายแดนภาค 2","กองกำกับการตำรวจตระเวนชายแดนที่ 24","","","","7242052401","รร.ตชด.เฉลิมราษฎร์บำรุง","","","0",""
"2563","7. 2563 REP004-IMPROVEMENT 12 - ตารางสรุปรายงานมาตรฐานแต่ละด้าน พร้อมจำนวนข้อที่ต้องปรับปรุง และจำนวนเด็กที่ผ่านเกณฑ์.xls","45","สำนักงานตำรวจแห่งชาติ","กองบัญชาการตำรวจตระเวนชายแดน","กองบังคับการตำรวจตระเวนชายแดนภาค 2","กองกำกับการตำรวจตระเวนชายแดนที่ 24","","","","7242062414","รร.ตชด.บ้านนาปอ","16/05/2567","","0",""
"2563","7. 2563 REP004-IMPROVEMENT 12 - ตารางสรุปรายงานมาตรฐานแต่ละด้าน พร้อมจำนวนข้อที่ต้องปรับปรุง และจำนวนเด็กที่ผ่านเกณฑ์.xls","46","สำนักงานตำรวจแห่งชาติ","กองบัญชาการตำรวจตระเวนชายแดน","กองบังคับการตำรวจตระเวนชายแดนภาค 2","กองกำกับการตำรวจตระเวนชายแดนที่ 24","","","","7242132410","รร.ตชด.บ้านวังชมภู","14/06/2538","1.2.2,1.2.3","2","1.2.2,1.2.3"
"2563","7. 2563 REP004-IMPROVEMENT 12 - ตารางสรุปรายงานมาตรฐานแต่ละด้าน พร้อมจำนวนข้อที่ต้องปรับปรุง และจำนวนเด็กที่ผ่านเกณฑ์.xls","47","สำนักงานตำรวจแห่งชาติ","กองบัญชาการตำรวจตระเวนชายแดน","กองบังคับการตำรวจตระเวนชายแดนภาค 2","กองกำกับการตำรวจตระเวนชายแดนที่ 23","","","","7247152307","รร.ตชด.ค็อกนิสไทยฯ","15/05/2568","1.2.3","1","1.2.3"
"2563","7. 2563 REP004-IMPROVEMENT 12 - ตารางสรุปรายงานมาตรฐานแต่ละด้าน พร้อมจำนวนข้อที่ต้องปรับปรุง และจำนวนเด็กที่ผ่านเกณฑ์.xls","48","สำนักงานตำรวจแห่งชาติ","กองบัญชาการตำรวจตระเวนชายแดน","กองบังคับการตำรวจตระเวนชายแดนภาค 2","กองกำกับการตำรวจตระเวนชายแดนที่ 23","","","","7248032301","รร.ตชด.ชูทิศวิทยา","14/06/2564","1.2.3","1","1.2.3"
"2563","7. 2563 REP004-IMPROVEMENT 12 - ตารางสรุปรายงานมาตรฐานแต่ละด้าน พร้อมจำนวนข้อที่ต้องปรับปรุง และจำนวนเด็กที่ผ่านเกณฑ์.xls","49","สำนักงานตำรวจแห่งชาติ","กองบัญชาการตำรวจตระเวนชายแดน","กองบังคับการตำรวจตระเวนชายแดนภาค 2","กองกำกับการตำรวจตระเวนชายแดนที่ 23","","","","7248032303","รร.ตชด.บ้านหาดทรายเพ","01/10/2520","1.2.3,1.3.5,3.5.2ข,3.5.3ข,3.6.2ข,3.6.3ข,3.7.2ข","7","1.2.3,1.3.5,3.5.2,3.5.3,3.6.2,3.6.3,3.7.2"
"2563","7. 2563 REP004-IMPROVEMENT 12 - ตารางสรุปรายงานมาตรฐานแต่ละด้าน พร้อมจำนวนข้อที่ต้องปรับปรุง และจำนวนเด็กที่ผ่านเกณฑ์.xls","50","สำนักงานตำรวจแห่งชาติ","กองบัญชาการตำรวจตระเวนชายแดน","กองบังคับการตำรวจตระเวนชายแดนภาค 2","กองกำกับการตำรวจตระเวนชายแดนที่ 23","","","","7248032309","ศกร.ตชด.บ้านนากระเสริม","07/01/2557","","0",""
"2563","7. 2563 REP004-IMPROVEMENT 12 - ตารางสรุปรายงานมาตรฐานแต่ละด้าน พร้อมจำนวนข้อที่ต้องปรับปรุง และจำนวนเด็กที่ผ่านเกณฑ์.xls","51","สำนักงานตำรวจแห่งชาติ","กองบัญชาการตำรวจตระเวนชายแดน","กองบังคับการตำรวจตระเวนชายแดนภาค 2","กองกำกับการตำรวจตระเวนชายแดนที่ 23","","","","7248042310","ศกร.ตชด.บ้านปากห้วยม่วง","16/05/2557","","0",""
"2563","7. 2563 REP004-IMPROVEMENT 12 - ตารางสรุปรายงานมาตรฐานแต่ละด้าน พร้อมจำนวนข้อที่ต้องปรับปรุง และจำนวนเด็กที่ผ่านเกณฑ์.xls","52","สำนักงานตำรวจแห่งชาติ","กองบัญชาการตำรวจตระเวนชายแดน","กองบังคับการตำรวจตระเวนชายแดนภาค 2","กองกำกับการตำรวจตระเวนชายแดนที่ 23","","","","7248102304","รร.ตชด.บ้านหนองดู่","","","0",""
"2563","7. 2563 REP004-IMPROVEMENT 12 - ตารางสรุปรายงานมาตรฐานแต่ละด้าน พร้อมจำนวนข้อที่ต้องปรับปรุง และจำนวนเด็กที่ผ่านเกณฑ์.xls","53","สำนักงานตำรวจแห่งชาติ","กองบัญชาการตำรวจตระเวนชายแดน","กองบังคับการตำรวจตระเวนชายแดนภาค 2","กองกำกับการตำรวจตระเวนชายแดนที่ 23","","","","7248112302","รร.ตชด.ช่างกลปทุมวันอนุสรณ์ 8","01/06/2519","","0",""
"2563","7. 2563 REP004-IMPROVEMENT 12 - ตารางสรุปรายงานมาตรฐานแต่ละด้าน พร้อมจำนวนข้อที่ต้องปรับปรุง และจำนวนเด็กที่ผ่านเกณฑ์.xls","54","สำนักงานตำรวจแห่งชาติ","กองบัญชาการตำรวจตระเวนชายแดน","กองบังคับการตำรวจตระเวนชายแดนภาค 2","กองกำกับการตำรวจตระเวนชายแดนที่ 23","","","","7248112305","รร.ตชด.บ้านนาสามัคคี","10/05/2528","","0",""
"2563","7. 2563 REP004-IMPROVEMENT 12 - ตารางสรุปรายงานมาตรฐานแต่ละด้าน พร้อมจำนวนข้อที่ต้องปรับปรุง และจำนวนเด็กที่ผ่านเกณฑ์.xls","55","สำนักงานตำรวจแห่งชาติ","กองบัญชาการตำรวจตระเวนชายแดน","กองบังคับการตำรวจตระเวนชายแดนภาค 2","กองกำกับการตำรวจตระเวนชายแดนที่ 23","","","","7249052311","ศกร.ตชด.ใต้ร่มพระบารมี (ธนาคารอาคารสงเคราะห์อุปถัมภ์)","12/05/2558","1.2.3","1","1.2.3"
"2563","7. 2563 REP004-IMPROVEMENT 12 - ตารางสรุปรายงานมาตรฐานแต่ละด้าน พร้อมจำนวนข้อที่ต้องปรับปรุง และจำนวนเด็กที่ผ่านเกณฑ์.xls","56","สำนักงานตำรวจแห่งชาติ","กองบัญชาการตำรวจตระเวนชายแดน","กองบังคับการตำรวจตระเวนชายแดนภาค 3","กองกำกับการตำรวจตระเวนชายแดนที่ 33","","","","7250033310","รร.ตชด.บ้านแม่ลอง","08/07/2564","","0",""
"2563","7. 2563 REP004-IMPROVEMENT 12 - ตารางสรุปรายงานมาตรฐานแต่ละด้าน พร้อมจำนวนข้อที่ต้องปรับปรุง และจำนวนเด็กที่ผ่านเกณฑ์.xls","57","สำนักงานตำรวจแห่งชาติ","กองบัญชาการตำรวจตระเวนชายแดน","กองบังคับการตำรวจตระเวนชายแดนภาค 3","กองกำกับการตำรวจตระเวนชายแดนที่ 33","","","","7250033314","รร.ตชด.บ้านใหม่พัฒนาสันติ","20/03/2568","2.1.5,3.5.3ข","2","2.1.5,3.5.3"
"2563","7. 2563 REP004-IMPROVEMENT 12 - ตารางสรุปรายงานมาตรฐานแต่ละด้าน พร้อมจำนวนข้อที่ต้องปรับปรุง และจำนวนเด็กที่ผ่านเกณฑ์.xls","58","สำนักงานตำรวจแห่งชาติ","กองบัญชาการตำรวจตระเวนชายแดน","กองบังคับการตำรวจตระเวนชายแดนภาค 3","กองกำกับการตำรวจตระเวนชายแดนที่ 33","","","","7250033332","รร.ตชด.บางกอก เชฟ แชร์ริตี้ บ้านแม่ขอ","16/05/2560","","0",""
"2563","7. 2563 REP004-IMPROVEMENT 12 - ตารางสรุปรายงานมาตรฐานแต่ละด้าน พร้อมจำนวนข้อที่ต้องปรับปรุง และจำนวนเด็กที่ผ่านเกณฑ์.xls","59","สำนักงานตำรวจแห่งชาติ","กองบัญชาการตำรวจตระเวนชายแดน","กองบังคับการตำรวจตระเวนชายแดนภาค 3","กองกำกับการตำรวจตระเวนชายแดนที่ 33","","","","7250033333","ศกร.ตชด.บ้านแม่มุใน (บริษัท ซี เค พาวเวอร์ จำกัด (มหาชน)อุปถัมภ์)","16/05/2561","","0",""
"2563","7. 2563 REP004-IMPROVEMENT 12 - ตารางสรุปรายงานมาตรฐานแต่ละด้าน พร้อมจำนวนข้อที่ต้องปรับปรุง และจำนวนเด็กที่ผ่านเกณฑ์.xls","60","สำนักงานตำรวจแห่งชาติ","กองบัญชาการตำรวจตระเวนชายแดน","กองบังคับการตำรวจตระเวนชายแดนภาค 3","กองกำกับการตำรวจตระเวนชายแดนที่ 33","","","","7250043311","รร.ตชด.เฉลิมพระเกียรติฯ","09/07/2564","1.3.8","1","1.3.8"
"2563","7. 2563 REP004-IMPROVEMENT 12 - ตารางสรุปรายงานมาตรฐานแต่ละด้าน พร้อมจำนวนข้อที่ต้องปรับปรุง และจำนวนเด็กที่ผ่านเกณฑ์.xls","61","สำนักงานตำรวจแห่งชาติ","กองบัญชาการตำรวจตระเวนชายแดน","กองบังคับการตำรวจตระเวนชายแดนภาค 3","กองกำกับการตำรวจตระเวนชายแดนที่ 33","","","","7250043316","รร.ตชด.บ้านหนองแขม","25/07/2541","","0",""
"2563","7. 2563 REP004-IMPROVEMENT 12 - ตารางสรุปรายงานมาตรฐานแต่ละด้าน พร้อมจำนวนข้อที่ต้องปรับปรุง และจำนวนเด็กที่ผ่านเกณฑ์.xls","62","สำนักงานตำรวจแห่งชาติ","กองบัญชาการตำรวจตระเวนชายแดน","กองบังคับการตำรวจตระเวนชายแดนภาค 3","กองกำกับการตำรวจตระเวนชายแดนที่ 33","","","","7250063315","รร.ตชด.ไลออนส์มหาจักร 9","27/06/2535","1.2.3,3.1.3ข,3.5.2ข","3","1.2.3,3.1.3,3.5.2"
"2563","7. 2563 REP004-IMPROVEMENT 12 - ตารางสรุปรายงานมาตรฐานแต่ละด้าน พร้อมจำนวนข้อที่ต้องปรับปรุง และจำนวนเด็กที่ผ่านเกณฑ์.xls","63","สำนักงานตำรวจแห่งชาติ","กองบัญชาการตำรวจตระเวนชายแดน","กองบังคับการตำรวจตระเวนชายแดนภาค 3","กองกำกับการตำรวจตระเวนชายแดนที่ 33","","","","7250093302","รร.ตชด.อาโอยาม่า","10/01/2510","1.2.3,3.1.3ข","2","1.2.3,3.1.3"
"2563","7. 2563 REP004-IMPROVEMENT 12 - ตารางสรุปรายงานมาตรฐานแต่ละด้าน พร้อมจำนวนข้อที่ต้องปรับปรุง และจำนวนเด็กที่ผ่านเกณฑ์.xls","64","สำนักงานตำรวจแห่งชาติ","กองบัญชาการตำรวจตระเวนชายแดน","กองบังคับการตำรวจตระเวนชายแดนภาค 3","กองกำกับการตำรวจตระเวนชายแดนที่ 33","","","","7250103301","รร.ตชด.เฮียงไทยธำรงค์","11/01/2505","1.2.3,1.3.3,1.3.5,1.3.6,1.3.7,1.4.3,3.6.1ข","7","1.2.3,1.3.3,1.3.5,1.3.6,1.3.7,1.4.3,3.6.1"
"2563","7. 2563 REP004-IMPROVEMENT 12 - ตารางสรุปรายงานมาตรฐานแต่ละด้าน พร้อมจำนวนข้อที่ต้องปรับปรุง และจำนวนเด็กที่ผ่านเกณฑ์.xls","65","สำนักงานตำรวจแห่งชาติ","กองบัญชาการตำรวจตระเวนชายแดน","กองบังคับการตำรวจตระเวนชายแดนภาค 3","กองกำกับการตำรวจตระเวนชายแดนที่ 33","","","","7250103307","รร.ตชด.ทุติยะโพธิ์อนุสรณ์","14/06/2514","1.2.2,3.7.1ข","2","1.2.2,3.7.1"
"2563","7. 2563 REP004-IMPROVEMENT 12 - ตารางสรุปรายงานมาตรฐานแต่ละด้าน พร้อมจำนวนข้อที่ต้องปรับปรุง และจำนวนเด็กที่ผ่านเกณฑ์.xls","66","สำนักงานตำรวจแห่งชาติ","กองบัญชาการตำรวจตระเวนชายแดน","กองบังคับการตำรวจตระเวนชายแดนภาค 3","กองกำกับการตำรวจตระเวนชายแดนที่ 33","","","","7250113304","รร.ตชด.เจ้าพ่อหลวงอุปถัมภ์ 2","01/12/2508","","0",""
"2563","7. 2563 REP004-IMPROVEMENT 12 - ตารางสรุปรายงานมาตรฐานแต่ละด้าน พร้อมจำนวนข้อที่ต้องปรับปรุง และจำนวนเด็กที่ผ่านเกณฑ์.xls","67","สำนักงานตำรวจแห่งชาติ","กองบัญชาการตำรวจตระเวนชายแดน","กองบังคับการตำรวจตระเวนชายแดนภาค 3","กองกำกับการตำรวจตระเวนชายแดนที่ 33","","","","7250183318","รร.ตชด.รางวัลอินทิรา  คานธี","20/04/2555","","0",""
"2563","7. 2563 REP004-IMPROVEMENT 12 - ตารางสรุปรายงานมาตรฐานแต่ละด้าน พร้อมจำนวนข้อที่ต้องปรับปรุง และจำนวนเด็กที่ผ่านเกณฑ์.xls","68","สำนักงานตำรวจแห่งชาติ","กองบัญชาการตำรวจตระเวนชายแดน","กองบังคับการตำรวจตระเวนชายแดนภาค 3","กองกำกับการตำรวจตระเวนชายแดนที่ 33","","","","7250183319","รร.ตชด.ท่านผู้หญิงประไพ ศิวะโกเศศ","01/12/2550","","0",""
"2563","7. 2563 REP004-IMPROVEMENT 12 - ตารางสรุปรายงานมาตรฐานแต่ละด้าน พร้อมจำนวนข้อที่ต้องปรับปรุง และจำนวนเด็กที่ผ่านเกณฑ์.xls","69","สำนักงานตำรวจแห่งชาติ","กองบัญชาการตำรวจตระเวนชายแดน","กองบังคับการตำรวจตระเวนชายแดนภาค 3","กองกำกับการตำรวจตระเวนชายแดนที่ 33","","","","7250183326","รร.ตชด.บางกอก เชฟ แชร์ริตี้","18/05/2558","","0",""
"2563","7. 2563 REP004-IMPROVEMENT 12 - ตารางสรุปรายงานมาตรฐานแต่ละด้าน พร้อมจำนวนข้อที่ต้องปรับปรุง และจำนวนเด็กที่ผ่านเกณฑ์.xls","70","สำนักงานตำรวจแห่งชาติ","กองบัญชาการตำรวจตระเวนชายแดน","กองบังคับการตำรวจตระเวนชายแดนภาค 3","กองกำกับการตำรวจตระเวนชายแดนที่ 33","","","","7250283334","ศกร.ตชด.บ้านนามะอื้น","16/05/2562","","0",""
"2563","7. 2563 REP004-IMPROVEMENT 12 - ตารางสรุปรายงานมาตรฐานแต่ละด้าน พร้อมจำนวนข้อที่ต้องปรับปรุง และจำนวนเด็กที่ผ่านเกณฑ์.xls","71","สำนักงานตำรวจแห่งชาติ","กองบัญชาการตำรวจตระเวนชายแดน","กองบังคับการตำรวจตระเวนชายแดนภาค 3","กองกำกับการตำรวจตระเวนชายแดนที่ 31","","","","7253063101","รร.ตชด.บุญธรรม-บุญพรั้ง","01/05/2501","","0",""
"2563","7. 2563 REP004-IMPROVEMENT 12 - ตารางสรุปรายงานมาตรฐานแต่ละด้าน พร้อมจำนวนข้อที่ต้องปรับปรุง และจำนวนเด็กที่ผ่านเกณฑ์.xls","72","สำนักงานตำรวจแห่งชาติ","กองบัญชาการตำรวจตระเวนชายแดน","กองบังคับการตำรวจตระเวนชายแดนภาค 3","กองกำกับการตำรวจตระเวนชายแดนที่ 31","","","","7253063105","รร.ตชด.ยอดโพธิ์ทอง 1","01/08/2529","","0",""
"2563","7. 2563 REP004-IMPROVEMENT 12 - ตารางสรุปรายงานมาตรฐานแต่ละด้าน พร้อมจำนวนข้อที่ต้องปรับปรุง และจำนวนเด็กที่ผ่านเกณฑ์.xls","73","สำนักงานตำรวจแห่งชาติ","กองบัญชาการตำรวจตระเวนชายแดน","กองบังคับการตำรวจตระเวนชายแดนภาค 3","กองกำกับการตำรวจตระเวนชายแดนที่ 32","","","","7255013224","ศกร.ตชด.บ้านห้วยลู่","24/01/2563","1.4.6","1","1.4.6"
"2563","7. 2563 REP004-IMPROVEMENT 12 - ตารางสรุปรายงานมาตรฐานแต่ละด้าน พร้อมจำนวนข้อที่ต้องปรับปรุง และจำนวนเด็กที่ผ่านเกณฑ์.xls","74","สำนักงานตำรวจแห่งชาติ","กองบัญชาการตำรวจตระเวนชายแดน","กองบังคับการตำรวจตระเวนชายแดนภาค 3","กองกำกับการตำรวจตระเวนชายแดนที่ 32","","","","7255023216","รร.ตชด.พีระยานุเคราะห์ฯ 3","26/01/2538","1.2.3,3.1.1ข,3.1.3ข","3","1.2.3,3.1.1,3.1.3"
"2563","7. 2563 REP004-IMPROVEMENT 12 - ตารางสรุปรายงานมาตรฐานแต่ละด้าน พร้อมจำนวนข้อที่ต้องปรับปรุง และจำนวนเด็กที่ผ่านเกณฑ์.xls","75","สำนักงานตำรวจแห่งชาติ","กองบัญชาการตำรวจตระเวนชายแดน","กองบังคับการตำรวจตระเวนชายแดนภาค 3","กองกำกับการตำรวจตระเวนชายแดนที่ 32","","","","7255123217","รร.ตชด.เฉลิมฉลอง 100 ปีฯ","","","0",""
"2563","7. 2563 REP004-IMPROVEMENT 12 - ตารางสรุปรายงานมาตรฐานแต่ละด้าน พร้อมจำนวนข้อที่ต้องปรับปรุง และจำนวนเด็กที่ผ่านเกณฑ์.xls","76","สำนักงานตำรวจแห่งชาติ","กองบัญชาการตำรวจตระเวนชายแดน","กองบังคับการตำรวจตระเวนชายแดนภาค 3","กองกำกับการตำรวจตระเวนชายแดนที่ 32","","","","7256063211","รร.ตชด.เบ็ตตี้ดูเมน","12/01/2528","","0",""
"2563","7. 2563 REP004-IMPROVEMENT 12 - ตารางสรุปรายงานมาตรฐานแต่ละด้าน พร้อมจำนวนข้อที่ต้องปรับปรุง และจำนวนเด็กที่ผ่านเกณฑ์.xls","77","สำนักงานตำรวจแห่งชาติ","กองบัญชาการตำรวจตระเวนชายแดน","กองบังคับการตำรวจตระเวนชายแดนภาค 3","กองกำกับการตำรวจตระเวนชายแดนที่ 32","","","","7256113223","ศกร.ตชด.อินทรีอาสา (บ้านห้วยปุ้ม)","10/02/2561","1.2.3,3.3.2ข,3.5.3ข,3.6.1ข,3.6.4ข,3.7.3ข","6","1.2.3,3.3.2,3.5.3,3.6.1,3.6.4,3.7.3"
"2563","7. 2563 REP004-IMPROVEMENT 12 - ตารางสรุปรายงานมาตรฐานแต่ละด้าน พร้อมจำนวนข้อที่ต้องปรับปรุง และจำนวนเด็กที่ผ่านเกณฑ์.xls","78","สำนักงานตำรวจแห่งชาติ","กองบัญชาการตำรวจตระเวนชายแดน","กองบังคับการตำรวจตระเวนชายแดนภาค 3","กองกำกับการตำรวจตระเวนชายแดนที่ 32","","","","7257013213","รร.ตชด.เทคนิคดุสิต","14/06/2564","","0",""
"2563","7. 2563 REP004-IMPROVEMENT 12 - ตารางสรุปรายงานมาตรฐานแต่ละด้าน พร้อมจำนวนข้อที่ต้องปรับปรุง และจำนวนเด็กที่ผ่านเกณฑ์.xls","79","สำนักงานตำรวจแห่งชาติ","กองบัญชาการตำรวจตระเวนชายแดน","กองบังคับการตำรวจตระเวนชายแดนภาค 3","กองกำกับการตำรวจตระเวนชายแดนที่ 32","","","","7257013222","ศกร.ตชด.บ้านจะนู (จิราธิวัฒน์อุปถัมภ์)","17/02/2568","1.2.3,3.5.2ข,3.5.3ข,3.6.1ข,3.6.3ข,3.6.4ข","6","1.2.3,3.5.2,3.5.3,3.6.1,3.6.3,3.6.4"
"2563","7. 2563 REP004-IMPROVEMENT 12 - ตารางสรุปรายงานมาตรฐานแต่ละด้าน พร้อมจำนวนข้อที่ต้องปรับปรุง และจำนวนเด็กที่ผ่านเกณฑ์.xls","80","สำนักงานตำรวจแห่งชาติ","กองบัญชาการตำรวจตระเวนชายแดน","กองบังคับการตำรวจตระเวนชายแดนภาค 3","กองกำกับการตำรวจตระเวนชายแดนที่ 32","","","","7257033203","รร.ตชด.อาชีวศึกษา เชียงราย-พะเยา","08/05/2508","3.1.3ข","1","3.1.3"
"2563","7. 2563 REP004-IMPROVEMENT 12 - ตารางสรุปรายงานมาตรฐานแต่ละด้าน พร้อมจำนวนข้อที่ต้องปรับปรุง และจำนวนเด็กที่ผ่านเกณฑ์.xls","81","สำนักงานตำรวจแห่งชาติ","กองบัญชาการตำรวจตระเวนชายแดน","กองบังคับการตำรวจตระเวนชายแดนภาค 3","กองกำกับการตำรวจตระเวนชายแดนที่ 32","","","","7257103201","รร.ตชด.บ้านดอยล้าน *","01/10/2503","3.5.2ข,3.6.1ข","2","3.5.2,3.6.1"
"2563","7. 2563 REP004-IMPROVEMENT 12 - ตารางสรุปรายงานมาตรฐานแต่ละด้าน พร้อมจำนวนข้อที่ต้องปรับปรุง และจำนวนเด็กที่ผ่านเกณฑ์.xls","82","สำนักงานตำรวจแห่งชาติ","กองบัญชาการตำรวจตระเวนชายแดน","กองบังคับการตำรวจตระเวนชายแดนภาค 3","กองกำกับการตำรวจตระเวนชายแดนที่ 32","","","","7257103221","ศกร.ตชด.อินทรีอาสา (บ้านห้วยน้ำกืน)","16/05/2567","1.3.8,3.5.2ข,3.5.3ข,3.5.5ข,3.6.1ข,3.6.3ข","6","1.3.8,3.5.2,3.5.3,3.5.5,3.6.1,3.6.3"
"2563","7. 2563 REP004-IMPROVEMENT 12 - ตารางสรุปรายงานมาตรฐานแต่ละด้าน พร้อมจำนวนข้อที่ต้องปรับปรุง และจำนวนเด็กที่ผ่านเกณฑ์.xls","83","สำนักงานตำรวจแห่งชาติ","กองบัญชาการตำรวจตระเวนชายแดน","กองบังคับการตำรวจตระเวนชายแดนภาค 3","กองกำกับการตำรวจตระเวนชายแดนที่ 32","","","","7257133206","รร.ตชด.ชนัตถ์ปิยะอุย","09/01/2517","1.1.3,1.2.1,1.2.3,1.3.1,1.3.3,1.3.4,1.3.6,1.4.4,2.5.1,3.1.1ข,3.3.2ข,3.5.3ข,3.5.4ข,3.6.2ข,3.6.3ข","15","1.1.3,1.2.1,1.2.3,1.3.1,1.3.3,1.3.4,1.3.6,1.4.4,2.5.1,3.1.1,3.3.2,3.5.3,3.5.4,3.6.2,3.6.3"
"2563","7. 2563 REP004-IMPROVEMENT 12 - ตารางสรุปรายงานมาตรฐานแต่ละด้าน พร้อมจำนวนข้อที่ต้องปรับปรุง และจำนวนเด็กที่ผ่านเกณฑ์.xls","84","สำนักงานตำรวจแห่งชาติ","กองบัญชาการตำรวจตระเวนชายแดน","กองบังคับการตำรวจตระเวนชายแดนภาค 3","กองกำกับการตำรวจตระเวนชายแดนที่ 32","","","","7257133219","ศกร.ตชด.บ้านฟ้าไทยงาม","16/05/2557","","0",""
"2563","7. 2563 REP004-IMPROVEMENT 12 - ตารางสรุปรายงานมาตรฐานแต่ละด้าน พร้อมจำนวนข้อที่ต้องปรับปรุง และจำนวนเด็กที่ผ่านเกณฑ์.xls","85","สำนักงานตำรวจแห่งชาติ","กองบัญชาการตำรวจตระเวนชายแดน","กองบังคับการตำรวจตระเวนชายแดนภาค 3","กองกำกับการตำรวจตระเวนชายแดนที่ 32","","","","7257133220","ศกร.ตชด.บ้านห้วยกุ๊ก","28/07/2564","3.1.3ข,3.5.1ข,3.5.2ข,3.5.3ข,3.5.5ข,3.6.1ข,3.6.2ข,3.6.4ข,3.7.2ข,3.7.3ข","10","3.1.3,3.5.1,3.5.2,3.5.3,3.5.5,3.6.1,3.6.2,3.6.4,3.7.2,3.7.3"
"2563","7. 2563 REP004-IMPROVEMENT 12 - ตารางสรุปรายงานมาตรฐานแต่ละด้าน พร้อมจำนวนข้อที่ต้องปรับปรุง และจำนวนเด็กที่ผ่านเกณฑ์.xls","86","สำนักงานตำรวจแห่งชาติ","กองบัญชาการตำรวจตระเวนชายแดน","กองบังคับการตำรวจตระเวนชายแดนภาค 3","กองกำกับการตำรวจตระเวนชายแดนที่ 32","","","","7257153208","รร.ตชด.เจ้าพ่อหลวงอุปถัมภ์ 4 *","01/01/2508","","0",""
"2563","7. 2563 REP004-IMPROVEMENT 12 - ตารางสรุปรายงานมาตรฐานแต่ละด้าน พร้อมจำนวนข้อที่ต้องปรับปรุง และจำนวนเด็กที่ผ่านเกณฑ์.xls","87","สำนักงานตำรวจแห่งชาติ","กองบัญชาการตำรวจตระเวนชายแดน","กองบังคับการตำรวจตระเวนชายแดนภาค 3","กองกำกับการตำรวจตระเวนชายแดนที่ 32","","","","7257153210","รร.ตชด.บำรุงที่ 112 *","07/07/2564","1.2.3,3.1.1ข","2","1.2.3,3.1.1"
"2563","7. 2563 REP004-IMPROVEMENT 12 - ตารางสรุปรายงานมาตรฐานแต่ละด้าน พร้อมจำนวนข้อที่ต้องปรับปรุง และจำนวนเด็กที่ผ่านเกณฑ์.xls","88","สำนักงานตำรวจแห่งชาติ","กองบัญชาการตำรวจตระเวนชายแดน","กองบังคับการตำรวจตระเวนชายแดนภาค 3","กองกำกับการตำรวจตระเวนชายแดนที่ 32","","","","7257153214","รร.ตชด.สังวาลย์วิท 8 *","17/05/2566","1.2.3","1","1.2.3"
"2563","7. 2563 REP004-IMPROVEMENT 12 - ตารางสรุปรายงานมาตรฐานแต่ละด้าน พร้อมจำนวนข้อที่ต้องปรับปรุง และจำนวนเด็กที่ผ่านเกณฑ์.xls","89","สำนักงานตำรวจแห่งชาติ","กองบัญชาการตำรวจตระเวนชายแดน","กองบังคับการตำรวจตระเวนชายแดนภาค 3","กองกำกับการตำรวจตระเวนชายแดนที่ 33","","","","7258013323","ศกร.ตชด.บ้านดอยแสง","16/05/2558","","0",""
"2563","7. 2563 REP004-IMPROVEMENT 12 - ตารางสรุปรายงานมาตรฐานแต่ละด้าน พร้อมจำนวนข้อที่ต้องปรับปรุง และจำนวนเด็กที่ผ่านเกณฑ์.xls","90","สำนักงานตำรวจแห่งชาติ","กองบัญชาการตำรวจตระเวนชายแดน","กองบังคับการตำรวจตระเวนชายแดนภาค 3","กองกำกับการตำรวจตระเวนชายแดนที่ 33","","","","7258023328","ศกร.ตชด.บ้านห้วยโปงเลา","24/11/2559","","0",""
"2563","7. 2563 REP004-IMPROVEMENT 12 - ตารางสรุปรายงานมาตรฐานแต่ละด้าน พร้อมจำนวนข้อที่ต้องปรับปรุง และจำนวนเด็กที่ผ่านเกณฑ์.xls","91","สำนักงานตำรวจแห่งชาติ","กองบัญชาการตำรวจตระเวนชายแดน","กองบังคับการตำรวจตระเวนชายแดนภาค 3","กองกำกับการตำรวจตระเวนชายแดนที่ 33","","","","7258043320","ศกร.ตชด.บ้านโกแประ","15/05/2551","1.2.3","1","1.2.3"
"2563","7. 2563 REP004-IMPROVEMENT 12 - ตารางสรุปรายงานมาตรฐานแต่ละด้าน พร้อมจำนวนข้อที่ต้องปรับปรุง และจำนวนเด็กที่ผ่านเกณฑ์.xls","92","สำนักงานตำรวจแห่งชาติ","กองบัญชาการตำรวจตระเวนชายแดน","กองบังคับการตำรวจตระเวนชายแดนภาค 3","กองกำกับการตำรวจตระเวนชายแดนที่ 33","","","","7258043321","ศกร.ตชด.บ้านปอหมื้อ","17/05/2565","","0",""
"2563","7. 2563 REP004-IMPROVEMENT 12 - ตารางสรุปรายงานมาตรฐานแต่ละด้าน พร้อมจำนวนข้อที่ต้องปรับปรุง และจำนวนเด็กที่ผ่านเกณฑ์.xls","93","สำนักงานตำรวจแห่งชาติ","กองบัญชาการตำรวจตระเวนชายแดน","กองบังคับการตำรวจตระเวนชายแดนภาค 3","กองกำกับการตำรวจตระเวนชายแดนที่ 33","","","","7258043322","รร.ตชด.๙๐๕","16/05/2569","","0",""
"2563","7. 2563 REP004-IMPROVEMENT 12 - ตารางสรุปรายงานมาตรฐานแต่ละด้าน พร้อมจำนวนข้อที่ต้องปรับปรุง และจำนวนเด็กที่ผ่านเกณฑ์.xls","94","สำนักงานตำรวจแห่งชาติ","กองบัญชาการตำรวจตระเวนชายแดน","กองบังคับการตำรวจตระเวนชายแดนภาค 3","กองกำกับการตำรวจตระเวนชายแดนที่ 33","","","","7258043327","ศกร.ตชด.บ้านแม่เหลอ","30/07/2564","1.2.3","1","1.2.3"
"2563","7. 2563 REP004-IMPROVEMENT 12 - ตารางสรุปรายงานมาตรฐานแต่ละด้าน พร้อมจำนวนข้อที่ต้องปรับปรุง และจำนวนเด็กที่ผ่านเกณฑ์.xls","95","สำนักงานตำรวจแห่งชาติ","กองบัญชาการตำรวจตระเวนชายแดน","กองบังคับการตำรวจตระเวนชายแดนภาค 3","กองกำกับการตำรวจตระเวนชายแดนที่ 33","","","","7258053308","รร.ตชด.บ้านแม่ลางิ้ว","05/08/2525","","0",""
"2563","7. 2563 REP004-IMPROVEMENT 12 - ตารางสรุปรายงานมาตรฐานแต่ละด้าน พร้อมจำนวนข้อที่ต้องปรับปรุง และจำนวนเด็กที่ผ่านเกณฑ์.xls","96","สำนักงานตำรวจแห่งชาติ","กองบัญชาการตำรวจตระเวนชายแดน","กองบังคับการตำรวจตระเวนชายแดนภาค 3","กองกำกับการตำรวจตระเวนชายแดนที่ 33","","","","7258053309","รร.ตชด.บ้านตุน","30/07/2564","1.2.3","1","1.2.3"
"2563","7. 2563 REP004-IMPROVEMENT 12 - ตารางสรุปรายงานมาตรฐานแต่ละด้าน พร้อมจำนวนข้อที่ต้องปรับปรุง และจำนวนเด็กที่ผ่านเกณฑ์.xls","97","สำนักงานตำรวจแห่งชาติ","กองบัญชาการตำรวจตระเวนชายแดน","กองบังคับการตำรวจตระเวนชายแดนภาค 3","กองกำกับการตำรวจตระเวนชายแดนที่ 33","","","","7258063329","ศกร.ตชด.บ้านห้วยมะโอ","","","0",""
"2563","7. 2563 REP004-IMPROVEMENT 12 - ตารางสรุปรายงานมาตรฐานแต่ละด้าน พร้อมจำนวนข้อที่ต้องปรับปรุง และจำนวนเด็กที่ผ่านเกณฑ์.xls","98","สำนักงานตำรวจแห่งชาติ","กองบัญชาการตำรวจตระเวนชายแดน","กองบังคับการตำรวจตระเวนชายแดนภาค 3","กองกำกับการตำรวจตระเวนชายแดนที่ 33","","","","7258073305","รร.ตชด.ชมรมอนุรักษ์พุทธศิลปไทยอนุสรณ์","","1.2.3,2.3.5,3.5.2ข,3.5.5ข,3.7.3ข","5","1.2.3,2.3.5,3.5.2,3.5.5,3.7.3"
"2563","7. 2563 REP004-IMPROVEMENT 12 - ตารางสรุปรายงานมาตรฐานแต่ละด้าน พร้อมจำนวนข้อที่ต้องปรับปรุง และจำนวนเด็กที่ผ่านเกณฑ์.xls","99","สำนักงานตำรวจแห่งชาติ","กองบัญชาการตำรวจตระเวนชายแดน","กองบังคับการตำรวจตระเวนชายแดนภาค 3","กองกำกับการตำรวจตระเวนชายแดนที่ 33","","","","7258073313","รร.ตชด.ชมรมอนุรักษ์พุทธศิลปไทยอนุสรณ์ 2","04/04/2534","","0",""
"2563","7. 2563 REP004-IMPROVEMENT 12 - ตารางสรุปรายงานมาตรฐานแต่ละด้าน พร้อมจำนวนข้อที่ต้องปรับปรุง และจำนวนเด็กที่ผ่านเกณฑ์.xls","100","สำนักงานตำรวจแห่งชาติ","กองบัญชาการตำรวจตระเวนชายแดน","กองบังคับการตำรวจตระเวนชายแดนภาค 3","กองกำกับการตำรวจตระเวนชายแดนที่ 33","","","","7258073324","ศกร.ตชด.เฉลิมพระเกียรติ ฯ บ้านน้ำบ่อสะเป่","16/05/2557","","0",""
"2563","7. 2563 REP004-IMPROVEMENT 12 - ตารางสรุปรายงานมาตรฐานแต่ละด้าน พร้อมจำนวนข้อที่ต้องปรับปรุง และจำนวนเด็กที่ผ่านเกณฑ์.xls","101","สำนักงานตำรวจแห่งชาติ","กองบัญชาการตำรวจตระเวนชายแดน","กองบังคับการตำรวจตระเวนชายแดนภาค 3","กองกำกับการตำรวจตระเวนชายแดนที่ 33","","","","7258133330","ศกร.ตชด.พลเอก อรชุน พิบูลนครินทร์","01/05/2559","3.1.1ข,3.1.2ข,3.1.3ข,3.2.1ข,3.3.1ข,3.3.2ข,3.4.1ข,3.4.2ข,3.4.3ข,3.5.1ข,3.5.2ข,3.5.3ข,3.5.4ข,3.5.5ข,3.6.1ข,3.6.2ข,3.6.3ข,3.6.4ข,3.7.1ข,3.7.2ข,3.7.3ข,3.7.4ข","22","3.1.1,3.1.2,3.1.3,3.2.1,3.3.1,3.3.2,3.4.1,3.4.2,3.4.3,3.5.1,3.5.2,3.5.3,3.5.4,3.5.5,3.6.1,3.6.2,3.6.3,3.6.4,3.7.1,3.7.2,3.7.3,3.7.4"
"2563","7. 2563 REP004-IMPROVEMENT 12 - ตารางสรุปรายงานมาตรฐานแต่ละด้าน พร้อมจำนวนข้อที่ต้องปรับปรุง และจำนวนเด็กที่ผ่านเกณฑ์.xls","102","สำนักงานตำรวจแห่งชาติ","กองบัญชาการตำรวจตระเวนชายแดน","กองบังคับการตำรวจตระเวนชายแดนภาค 3","กองกำกับการตำรวจตระเวนชายแดนที่ 33","","","","7258153331","รร.ตชด.บำรุงที่ 114","16/05/2559","1.3.8,3.1.3ข","2","1.3.8,3.1.3"
"2563","7. 2563 REP004-IMPROVEMENT 12 - ตารางสรุปรายงานมาตรฐานแต่ละด้าน พร้อมจำนวนข้อที่ต้องปรับปรุง และจำนวนเด็กที่ผ่านเกณฑ์.xls","103","สำนักงานตำรวจแห่งชาติ","กองบัญชาการตำรวจตระเวนชายแดน","กองบังคับการตำรวจตระเวนชายแดนภาค 3","กองกำกับการตำรวจตระเวนชายแดนที่ 34","","","","7263043403","รร.ตชด.เฉลิมพระเกียรติ 7 รอบฯ (บ้านแพะ จังหวัดตาก)","09/06/2524","1.3.8,1.4.6","2","1.3.8,1.4.6"
"2563","7. 2563 REP004-IMPROVEMENT 12 - ตารางสรุปรายงานมาตรฐานแต่ละด้าน พร้อมจำนวนข้อที่ต้องปรับปรุง และจำนวนเด็กที่ผ่านเกณฑ์.xls","104","สำนักงานตำรวจแห่งชาติ","กองบัญชาการตำรวจตระเวนชายแดน","กองบังคับการตำรวจตระเวนชายแดนภาค 3","กองกำกับการตำรวจตระเวนชายแดนที่ 34","","","","7263043419","รร.ตชด.หม่อมราชวงศ์เฉลิมลักษณ์ จันทรเสน (ขยายโอกาส)","07/02/2545","1.2.3,3.1.3ข","2","1.2.3,3.1.3"
"2563","7. 2563 REP004-IMPROVEMENT 12 - ตารางสรุปรายงานมาตรฐานแต่ละด้าน พร้อมจำนวนข้อที่ต้องปรับปรุง และจำนวนเด็กที่ผ่านเกณฑ์.xls","105","สำนักงานตำรวจแห่งชาติ","กองบัญชาการตำรวจตระเวนชายแดน","กองบังคับการตำรวจตระเวนชายแดนภาค 3","กองกำกับการตำรวจตระเวนชายแดนที่ 34","","","","7263043420","ศกร.ตชด.บ้านทีวะเบยทะ *","16/05/2545","1.3.8,3.6.4ข","2","1.3.8,3.6.4"
"2563","7. 2563 REP004-IMPROVEMENT 12 - ตารางสรุปรายงานมาตรฐานแต่ละด้าน พร้อมจำนวนข้อที่ต้องปรับปรุง และจำนวนเด็กที่ผ่านเกณฑ์.xls","106","สำนักงานตำรวจแห่งชาติ","กองบัญชาการตำรวจตระเวนชายแดน","กองบังคับการตำรวจตระเวนชายแดนภาค 3","กองกำกับการตำรวจตระเวนชายแดนที่ 34","","","","7263043421","ศกร.ตชด.บ้านวะกะเลโค๊ะ *(เอ็ม เอส ไอ จี อุปถัมภ์)","16/05/2546","1.2.3,2.1.5,2.5.1,2.5.2,3.6.4ข","5","1.2.3,2.1.5,2.5.1,2.5.2,3.6.4"
"2563","7. 2563 REP004-IMPROVEMENT 12 - ตารางสรุปรายงานมาตรฐานแต่ละด้าน พร้อมจำนวนข้อที่ต้องปรับปรุง และจำนวนเด็กที่ผ่านเกณฑ์.xls","107","สำนักงานตำรวจแห่งชาติ","กองบัญชาการตำรวจตระเวนชายแดน","กองบังคับการตำรวจตระเวนชายแดนภาค 3","กองกำกับการตำรวจตระเวนชายแดนที่ 34","","","","7263043422","ศกร.ตชด.บ้านเลผะสุคี *","16/05/2546","","0",""
"2563","7. 2563 REP004-IMPROVEMENT 12 - ตารางสรุปรายงานมาตรฐานแต่ละด้าน พร้อมจำนวนข้อที่ต้องปรับปรุง และจำนวนเด็กที่ผ่านเกณฑ์.xls","108","สำนักงานตำรวจแห่งชาติ","กองบัญชาการตำรวจตระเวนชายแดน","กองบังคับการตำรวจตระเวนชายแดนภาค 3","กองกำกับการตำรวจตระเวนชายแดนที่ 34","","","","7263043427","ศกร.ตชด.บ้านห้วยสลุง","16/05/2560","1.2.3","1","1.2.3"
"2563","7. 2563 REP004-IMPROVEMENT 12 - ตารางสรุปรายงานมาตรฐานแต่ละด้าน พร้อมจำนวนข้อที่ต้องปรับปรุง และจำนวนเด็กที่ผ่านเกณฑ์.xls","109","สำนักงานตำรวจแห่งชาติ","กองบัญชาการตำรวจตระเวนชายแดน","กองบังคับการตำรวจตระเวนชายแดนภาค 3","กองกำกับการตำรวจตระเวนชายแดนที่ 34","","","","7263053402","รร.ตชด.จุฬา - ธรรมศาสตร์ 3","07/09/2515","","0",""
"2563","7. 2563 REP004-IMPROVEMENT 12 - ตารางสรุปรายงานมาตรฐานแต่ละด้าน พร้อมจำนวนข้อที่ต้องปรับปรุง และจำนวนเด็กที่ผ่านเกณฑ์.xls","110","สำนักงานตำรวจแห่งชาติ","กองบัญชาการตำรวจตระเวนชายแดน","กองบังคับการตำรวจตระเวนชายแดนภาค 3","กองกำกับการตำรวจตระเวนชายแดนที่ 34","","","","7263053404","รร.ตชด.เทคนิคอาสา 1","15/03/2528","1.2.2,1.2.3,1.4.6,2.2.1,3.6.1ข,3.6.2ข,3.6.4ข","7","1.2.2,1.2.3,1.4.6,2.2.1,3.6.1,3.6.2,3.6.4"
"2563","7. 2563 REP004-IMPROVEMENT 12 - ตารางสรุปรายงานมาตรฐานแต่ละด้าน พร้อมจำนวนข้อที่ต้องปรับปรุง และจำนวนเด็กที่ผ่านเกณฑ์.xls","111","สำนักงานตำรวจแห่งชาติ","กองบัญชาการตำรวจตระเวนชายแดน","กองบังคับการตำรวจตระเวนชายแดนภาค 3","กองกำกับการตำรวจตระเวนชายแดนที่ 34","","","","7263053409","รร.ตชด.บ้านกามาผาโด้","16/05/2526","","0",""
"2563","7. 2563 REP004-IMPROVEMENT 12 - ตารางสรุปรายงานมาตรฐานแต่ละด้าน พร้อมจำนวนข้อที่ต้องปรับปรุง และจำนวนเด็กที่ผ่านเกณฑ์.xls","112","สำนักงานตำรวจแห่งชาติ","กองบัญชาการตำรวจตระเวนชายแดน","กองบังคับการตำรวจตระเวนชายแดนภาค 3","กองกำกับการตำรวจตระเวนชายแดนที่ 34","","","","7263053414","ศกร.ตชด.บ้านแม่อมยะ *","02/04/2545","1.2.4,1.4.6,1.5.3","3","1.2.4,1.4.6,1.5.3"
"2563","7. 2563 REP004-IMPROVEMENT 12 - ตารางสรุปรายงานมาตรฐานแต่ละด้าน พร้อมจำนวนข้อที่ต้องปรับปรุง และจำนวนเด็กที่ผ่านเกณฑ์.xls","113","สำนักงานตำรวจแห่งชาติ","กองบัญชาการตำรวจตระเวนชายแดน","กองบังคับการตำรวจตระเวนชายแดนภาค 3","กองกำกับการตำรวจตระเวนชายแดนที่ 34","","","","7263053415","ศกร.ตชด.บ้านแม่ละนา *","16/05/2546","1.2.3,2.1.1,2.1.2,2.1.3,2.1.4,2.1.5,2.2.1,2.2.2,2.2.3,2.2.4,2.2.5,2.3.1,2.3.2,2.3.3,2.3.4,2.3.5,2.4.1,2.4.2,2.4.3,2.5.1,2.5.2,3.1.1ข,3.1.2ข,3.1.3ข,3.2.1ข,3.3.1ข,3.3.2ข,3.4.1ข,3.4.2ข,3.4.3ข,3.5.1ข,3.5.2ข,3.5.3ข,3.5.4ข,3.5.5ข,3.6.1ข,3.6.2ข,3.6.3ข,3.6.4ข,3.7","40","1.2.3,2.1.1,2.1.2,2.1.3,2.1.4,2.1.5,2.2.1,2.2.2,2.2.3,2.2.4,2.2.5,2.3.1,2.3.2,2.3.3,2.3.4,2.3.5,2.4.1,2.4.2,2.4.3,2.5.1,2.5.2,3.1.1,3.1.2,3.1.3,3.2.1,3.3.1,3.3.2,3.4.1,3.4.2,3.4.3,3.5.1,3.5.2,3.5.3,3.5.4,3.5.5,3.6.1,3.6.2,3.6.3,3.6.4"
"2563","7. 2563 REP004-IMPROVEMENT 12 - ตารางสรุปรายงานมาตรฐานแต่ละด้าน พร้อมจำนวนข้อที่ต้องปรับปรุง และจำนวนเด็กที่ผ่านเกณฑ์.xls","114","สำนักงานตำรวจแห่งชาติ","กองบัญชาการตำรวจตระเวนชายแดน","กองบังคับการตำรวจตระเวนชายแดนภาค 3","กองกำกับการตำรวจตระเวนชายแดนที่ 34","","","","7263053416","ศกร.ตชด.บ้านพอบือละคี *","16/05/2545","3.5.2ข,3.5.3ข,3.5.4ข,3.5.5ข,3.6.2ข,3.6.3ข,3.6.4ข","7","3.5.2,3.5.3,3.5.4,3.5.5,3.6.2,3.6.3,3.6.4"
"2563","7. 2563 REP004-IMPROVEMENT 12 - ตารางสรุปรายงานมาตรฐานแต่ละด้าน พร้อมจำนวนข้อที่ต้องปรับปรุง และจำนวนเด็กที่ผ่านเกณฑ์.xls","115","สำนักงานตำรวจแห่งชาติ","กองบัญชาการตำรวจตระเวนชายแดน","กองบังคับการตำรวจตระเวนชายแดนภาค 3","กองกำกับการตำรวจตระเวนชายแดนที่ 34","","","","7263053417","ศกร.ตชด.บ้านแม่หละคี *","08/02/2566","1.1.1,1.1.2,1.1.3,1.2.1,1.2.2,1.2.3,1.2.4,1.3.1,1.3.2,1.3.3,1.3.4,1.3.5,1.3.6,1.3.7,1.3.8,1.4.1,1.4.2,1.4.3,1.4.4,1.4.5,1.4.6,1.4.7,1.5.1,1.5.2,1.5.3,1.5.4,2.1.1,2.1.2,2.1.3,2.1.4,2.1.5,2.2.1,2.2.2,2.2.3,2.2.4,2.2.5,2.3.1,2.3.2,2.3.3,2.3.4,2.3.5,2.4.1,2.4","43","1.1.1,1.1.2,1.1.3,1.2.1,1.2.2,1.2.3,1.2.4,1.3.1,1.3.2,1.3.3,1.3.4,1.3.5,1.3.6,1.3.7,1.3.8,1.4.1,1.4.2,1.4.3,1.4.4,1.4.5,1.4.6,1.4.7,1.5.1,1.5.2,1.5.3,1.5.4,2.1.1,2.1.2,2.1.3,2.1.4,2.1.5,2.2.1,2.2.2,2.2.3,2.2.4,2.2.5,2.3.1,2.3.2,2.3.3,2.3.4,2.3.5,2.4.1"
"2563","7. 2563 REP004-IMPROVEMENT 12 - ตารางสรุปรายงานมาตรฐานแต่ละด้าน พร้อมจำนวนข้อที่ต้องปรับปรุง และจำนวนเด็กที่ผ่านเกณฑ์.xls","116","สำนักงานตำรวจแห่งชาติ","กองบัญชาการตำรวจตระเวนชายแดน","กองบังคับการตำรวจตระเวนชายแดนภาค 3","กองกำกับการตำรวจตระเวนชายแดนที่ 34","","","","7263053418","ศกร.ตชด.บ้านคะเนจือทะ *","16/07/2545","","0",""
"2563","7. 2563 REP004-IMPROVEMENT 12 - ตารางสรุปรายงานมาตรฐานแต่ละด้าน พร้อมจำนวนข้อที่ต้องปรับปรุง และจำนวนเด็กที่ผ่านเกณฑ์.xls","117","สำนักงานตำรวจแห่งชาติ","กองบัญชาการตำรวจตระเวนชายแดน","กองบังคับการตำรวจตระเวนชายแดนภาค 3","กองกำกับการตำรวจตระเวนชายแดนที่ 34","","","","7263053424","ศกร.ตชด.บ้านตีนดอย *","30/01/2547","","0",""
"2563","7. 2563 REP004-IMPROVEMENT 12 - ตารางสรุปรายงานมาตรฐานแต่ละด้าน พร้อมจำนวนข้อที่ต้องปรับปรุง และจำนวนเด็กที่ผ่านเกณฑ์.xls","118","สำนักงานตำรวจแห่งชาติ","กองบัญชาการตำรวจตระเวนชายแดน","กองบังคับการตำรวจตระเวนชายแดนภาค 3","กองกำกับการตำรวจตระเวนชายแดนที่ 34","","","","7263063412","รร.ตชด.ท่านผู้หญิงทวี มณีนุตร","01/05/2541","1.4.6,1.5.4,3.6.2ข,3.6.4ข,3.7.1ข","5","1.4.6,1.5.4,3.6.2,3.6.4,3.7.1"
"2563","7. 2563 REP004-IMPROVEMENT 12 - ตารางสรุปรายงานมาตรฐานแต่ละด้าน พร้อมจำนวนข้อที่ต้องปรับปรุง และจำนวนเด็กที่ผ่านเกณฑ์.xls","119","สำนักงานตำรวจแห่งชาติ","กองบัญชาการตำรวจตระเวนชายแดน","กองบังคับการตำรวจตระเวนชายแดนภาค 3","กองกำกับการตำรวจตระเวนชายแดนที่ 34","","","","7263063425","รร.ตชด.ศาสตราจารย์สำเภา-ไพวรรณ วรางกูร","16/05/2557","1.2.3,3.4.3ข,3.6.3ข,3.6.4ข","4","1.2.3,3.4.3,3.6.3,3.6.4"
"2563","7. 2563 REP004-IMPROVEMENT 12 - ตารางสรุปรายงานมาตรฐานแต่ละด้าน พร้อมจำนวนข้อที่ต้องปรับปรุง และจำนวนเด็กที่ผ่านเกณฑ์.xls","120","สำนักงานตำรวจแห่งชาติ","กองบัญชาการตำรวจตระเวนชายแดน","กองบังคับการตำรวจตระเวนชายแดนภาค 3","กองกำกับการตำรวจตระเวนชายแดนที่ 34","","","","7263083405","รร.ตชด.บ้านแม่กลองคี","25/02/2528","","0",""
"2563","7. 2563 REP004-IMPROVEMENT 12 - ตารางสรุปรายงานมาตรฐานแต่ละด้าน พร้อมจำนวนข้อที่ต้องปรับปรุง และจำนวนเด็กที่ผ่านเกณฑ์.xls","121","สำนักงานตำรวจแห่งชาติ","กองบัญชาการตำรวจตระเวนชายแดน","กองบังคับการตำรวจตระเวนชายแดนภาค 3","กองกำกับการตำรวจตระเวนชายแดนที่ 34","","","","7263083407","รร.ตชด.บ้านเลตองคุ","18/06/2533","1.2.3,1.3.5,3.1.3ข,3.6.2ข,3.6.3ข","5","1.2.3,1.3.5,3.1.3,3.6.2,3.6.3"
"2563","7. 2563 REP004-IMPROVEMENT 12 - ตารางสรุปรายงานมาตรฐานแต่ละด้าน พร้อมจำนวนข้อที่ต้องปรับปรุง และจำนวนเด็กที่ผ่านเกณฑ์.xls","122","สำนักงานตำรวจแห่งชาติ","กองบัญชาการตำรวจตระเวนชายแดน","กองบังคับการตำรวจตระเวนชายแดนภาค 3","กองกำกับการตำรวจตระเวนชายแดนที่ 34","","","","7263083408","รร.ตชด.บ้านแม่จันทะ","19/07/2539","","0",""
"2563","7. 2563 REP004-IMPROVEMENT 12 - ตารางสรุปรายงานมาตรฐานแต่ละด้าน พร้อมจำนวนข้อที่ต้องปรับปรุง และจำนวนเด็กที่ผ่านเกณฑ์.xls","123","สำนักงานตำรวจแห่งชาติ","กองบัญชาการตำรวจตระเวนชายแดน","กองบังคับการตำรวจตระเวนชายแดนภาค 3","กองกำกับการตำรวจตระเวนชายแดนที่ 34","","","","7263083411","รร.ตชด.เฉลิมพระเกียรติ 7 รอบฯ (บ้านหม่องกั๊วะ จังหวัดตาก)","13/04/2556","","0",""
"2563","7. 2563 REP004-IMPROVEMENT 12 - ตารางสรุปรายงานมาตรฐานแต่ละด้าน พร้อมจำนวนข้อที่ต้องปรับปรุง และจำนวนเด็กที่ผ่านเกณฑ์.xls","124","สำนักงานตำรวจแห่งชาติ","กองบัญชาการตำรวจตระเวนชายแดน","กองบังคับการตำรวจตระเวนชายแดนภาค 3","กองกำกับการตำรวจตระเวนชายแดนที่ 34","","","","7263133426","ศกร.ตชด.พระยาประสาทธาตุการย์และคุณหญิงวาส (ประนิช)","10/05/2559","1.2.3","1","1.2.3"
"2563","7. 2563 REP004-IMPROVEMENT 12 - ตารางสรุปรายงานมาตรฐานแต่ละด้าน พร้อมจำนวนข้อที่ต้องปรับปรุง และจำนวนเด็กที่ผ่านเกณฑ์.xls","125","สำนักงานตำรวจแห่งชาติ","กองบัญชาการตำรวจตระเวนชายแดน","กองบังคับการตำรวจตระเวนชายแดนภาค 3","กองกำกับการตำรวจตระเวนชายแดนที่ 31","","","","7265023104","รร.ตชด.อาทรอุทิศ","18/08/2522","1.3.5,1.4.5","2","1.3.5,1.4.5"
"2563","7. 2563 REP004-IMPROVEMENT 12 - ตารางสรุปรายงานมาตรฐานแต่ละด้าน พร้อมจำนวนข้อที่ต้องปรับปรุง และจำนวนเด็กที่ผ่านเกณฑ์.xls","126","สำนักงานตำรวจแห่งชาติ","กองบัญชาการตำรวจตระเวนชายแดน","กองบังคับการตำรวจตระเวนชายแดนภาค 3","กองกำกับการตำรวจตระเวนชายแดนที่ 31","","","","7265033102","รร.ตชด.บ้านลาดเรือ","22/07/2516","1.2.3","1","1.2.3"
"2563","7. 2563 REP004-IMPROVEMENT 12 - ตารางสรุปรายงานมาตรฐานแต่ละด้าน พร้อมจำนวนข้อที่ต้องปรับปรุง และจำนวนเด็กที่ผ่านเกณฑ์.xls","127","สำนักงานตำรวจแห่งชาติ","กองบัญชาการตำรวจตระเวนชายแดน","กองบังคับการตำรวจตระเวนชายแดนภาค 3","กองกำกับการตำรวจตระเวนชายแดนที่ 31","","","","7265033106","รร.ตชด.บ้านรักไทย","23/07/2534","","0",""
"2563","7. 2563 REP004-IMPROVEMENT 12 - ตารางสรุปรายงานมาตรฐานแต่ละด้าน พร้อมจำนวนข้อที่ต้องปรับปรุง และจำนวนเด็กที่ผ่านเกณฑ์.xls","128","สำนักงานตำรวจแห่งชาติ","กองบัญชาการตำรวจตระเวนชายแดน","กองบังคับการตำรวจตระเวนชายแดนภาค 3","กองกำกับการตำรวจตระเวนชายแดนที่ 31","","","","7265033107","รร.ตชด.บ้านนุชเทียน","15/07/2536","3.1.1ข","1","3.1.1"
"2563","7. 2563 REP004-IMPROVEMENT 12 - ตารางสรุปรายงานมาตรฐานแต่ละด้าน พร้อมจำนวนข้อที่ต้องปรับปรุง และจำนวนเด็กที่ผ่านเกณฑ์.xls","129","สำนักงานตำรวจแห่งชาติ","กองบัญชาการตำรวจตระเวนชายแดน","กองบังคับการตำรวจตระเวนชายแดนภาค 1","กองกำกับการตำรวจตระเวนชายแดนที่ 13","","","","7270031306","รร.ตชด.ตะโกปิดทอง","01/07/2563","3.1.3ข,3.6.2ข","2","3.1.3,3.6.2"
"2563","7. 2563 REP004-IMPROVEMENT 12 - ตารางสรุปรายงานมาตรฐานแต่ละด้าน พร้อมจำนวนข้อที่ต้องปรับปรุง และจำนวนเด็กที่ผ่านเกณฑ์.xls","130","สำนักงานตำรวจแห่งชาติ","กองบัญชาการตำรวจตระเวนชายแดน","กองบังคับการตำรวจตระเวนชายแดนภาค 1","กองกำกับการตำรวจตระเวนชายแดนที่ 13","","","","7270031309","รร.ตชด.บ้านถ้ำหิน","12/07/2564","3.1.3ข","1","3.1.3"
"2563","7. 2563 REP004-IMPROVEMENT 12 - ตารางสรุปรายงานมาตรฐานแต่ละด้าน พร้อมจำนวนข้อที่ต้องปรับปรุง และจำนวนเด็กที่ผ่านเกณฑ์.xls","131","สำนักงานตำรวจแห่งชาติ","กองบัญชาการตำรวจตระเวนชายแดน","กองบังคับการตำรวจตระเวนชายแดนภาค 1","กองกำกับการตำรวจตระเวนชายแดนที่ 13","","","","7271021305","รร.ตชด.บ้านแม่น้ำน้อย","26/01/2566","3.1.1ข,3.1.2ข,3.1.3ข,3.2.1ข,3.3.1ข,3.3.2ข,3.4.1ข,3.4.2ข,3.4.3ข,3.5.1ข,3.5.2ข,3.5.3ข,3.5.4ข,3.5.5ข,3.6.1ข,3.6.2ข,3.6.3ข,3.6.4ข,3.7.1ข,3.7.2ข,3.7.3ข,3.7.4ข","22","3.1.1,3.1.2,3.1.3,3.2.1,3.3.1,3.3.2,3.4.1,3.4.2,3.4.3,3.5.1,3.5.2,3.5.3,3.5.4,3.5.5,3.6.1,3.6.2,3.6.3,3.6.4,3.7.1,3.7.2,3.7.3,3.7.4"
"2563","7. 2563 REP004-IMPROVEMENT 12 - ตารางสรุปรายงานมาตรฐานแต่ละด้าน พร้อมจำนวนข้อที่ต้องปรับปรุง และจำนวนเด็กที่ผ่านเกณฑ์.xls","132","สำนักงานตำรวจแห่งชาติ","กองบัญชาการตำรวจตระเวนชายแดน","กองบังคับการตำรวจตระเวนชายแดนภาค 1","กองกำกับการตำรวจตระเวนชายแดนที่ 13","","","","7271021307","รร.ตชด.เฮงเค็ลไทย","23/05/2526","1.2.3","1","1.2.3"
"2563","7. 2563 REP004-IMPROVEMENT 12 - ตารางสรุปรายงานมาตรฐานแต่ละด้าน พร้อมจำนวนข้อที่ต้องปรับปรุง และจำนวนเด็กที่ผ่านเกณฑ์.xls","133","สำนักงานตำรวจแห่งชาติ","กองบัญชาการตำรวจตระเวนชายแดน","กองบังคับการตำรวจตระเวนชายแดนภาค 1","กองกำกับการตำรวจตระเวนชายแดนที่ 13","","","","7271021308","รร.ตชด.ต้นมะม่วง","13/03/2567","","0",""
"2563","7. 2563 REP004-IMPROVEMENT 12 - ตารางสรุปรายงานมาตรฐานแต่ละด้าน พร้อมจำนวนข้อที่ต้องปรับปรุง และจำนวนเด็กที่ผ่านเกณฑ์.xls","134","สำนักงานตำรวจแห่งชาติ","กองบัญชาการตำรวจตระเวนชายแดน","กองบังคับการตำรวจตระเวนชายแดนภาค 1","กองกำกับการตำรวจตระเวนชายแดนที่ 13","","","","7271021313","รร.ตชด.วัดสุธาสินี","06/07/2564","1.2.2,1.2.3","2","1.2.2,1.2.3"
"2563","7. 2563 REP004-IMPROVEMENT 12 - ตารางสรุปรายงานมาตรฐานแต่ละด้าน พร้อมจำนวนข้อที่ต้องปรับปรุง และจำนวนเด็กที่ผ่านเกณฑ์.xls","135","สำนักงานตำรวจแห่งชาติ","กองบัญชาการตำรวจตระเวนชายแดน","กองบังคับการตำรวจตระเวนชายแดนภาค 1","กองกำกับการตำรวจตระเวนชายแดนที่ 13","","","","7271041303","รร.ตชด.มิตรมวลชน 2","17/05/2553","","0",""
"2563","7. 2563 REP004-IMPROVEMENT 12 - ตารางสรุปรายงานมาตรฐานแต่ละด้าน พร้อมจำนวนข้อที่ต้องปรับปรุง และจำนวนเด็กที่ผ่านเกณฑ์.xls","136","สำนักงานตำรวจแห่งชาติ","กองบัญชาการตำรวจตระเวนชายแดน","กองบังคับการตำรวจตระเวนชายแดนภาค 1","กองกำกับการตำรวจตระเวนชายแดนที่ 13","","","","7271041316","ศูนย์การเรียนตำรวจตระเวนชายแดนปูนอินทรี-มูลนิธิกรุงศรี(บ้านไกรเกรียง)","15/05/2560","","0",""
"2563","7. 2563 REP004-IMPROVEMENT 12 - ตารางสรุปรายงานมาตรฐานแต่ละด้าน พร้อมจำนวนข้อที่ต้องปรับปรุง และจำนวนเด็กที่ผ่านเกณฑ์.xls","137","สำนักงานตำรวจแห่งชาติ","กองบัญชาการตำรวจตระเวนชายแดน","กองบังคับการตำรวจตระเวนชายแดนภาค 1","กองกำกับการตำรวจตระเวนชายแดนที่ 13","","","","7271071304","รร.ตชด.วิจิตรวิทยาคาร","11/04/2569","","0",""
"2563","7. 2563 REP004-IMPROVEMENT 12 - ตารางสรุปรายงานมาตรฐานแต่ละด้าน พร้อมจำนวนข้อที่ต้องปรับปรุง และจำนวนเด็กที่ผ่านเกณฑ์.xls","138","สำนักงานตำรวจแห่งชาติ","กองบัญชาการตำรวจตระเวนชายแดน","กองบังคับการตำรวจตระเวนชายแดนภาค 1","กองกำกับการตำรวจตระเวนชายแดนที่ 13","","","","7271071312","รร.ตชด.บ้านปิล๊อกคี่","","1.3.3,3.3.2ข","2","1.3.3,3.3.2"
"2563","7. 2563 REP004-IMPROVEMENT 12 - ตารางสรุปรายงานมาตรฐานแต่ละด้าน พร้อมจำนวนข้อที่ต้องปรับปรุง และจำนวนเด็กที่ผ่านเกณฑ์.xls","139","สำนักงานตำรวจแห่งชาติ","กองบัญชาการตำรวจตระเวนชายแดน","กองบังคับการตำรวจตระเวนชายแดนภาค 1","กองกำกับการตำรวจตระเวนชายแดนที่ 13","","","","7271071314","ศกร.ตชด.หลวงประกอบนิติสารและท่านผู้หญิงถวิล","24/02/2557","","0",""
"2563","7. 2563 REP004-IMPROVEMENT 12 - ตารางสรุปรายงานมาตรฐานแต่ละด้าน พร้อมจำนวนข้อที่ต้องปรับปรุง และจำนวนเด็กที่ผ่านเกณฑ์.xls","140","สำนักงานตำรวจแห่งชาติ","กองบัญชาการตำรวจตระเวนชายแดน","กองบังคับการตำรวจตระเวนชายแดนภาค 1","กองกำกับการตำรวจตระเวนชายแดนที่ 13","","","","7271081301","รร.ตชด.สหธนาคารกรุงเทพ","26/08/2513","","0",""
"2563","7. 2563 REP004-IMPROVEMENT 12 - ตารางสรุปรายงานมาตรฐานแต่ละด้าน พร้อมจำนวนข้อที่ต้องปรับปรุง และจำนวนเด็กที่ผ่านเกณฑ์.xls","141","สำนักงานตำรวจแห่งชาติ","กองบัญชาการตำรวจตระเวนชายแดน","กองบังคับการตำรวจตระเวนชายแดนภาค 1","กองกำกับการตำรวจตระเวนชายแดนที่ 13","","","","7271081302","รร.ตชด.สุนทรเวช","13/07/2564","","0",""
"2563","7. 2563 REP004-IMPROVEMENT 12 - ตารางสรุปรายงานมาตรฐานแต่ละด้าน พร้อมจำนวนข้อที่ต้องปรับปรุง และจำนวนเด็กที่ผ่านเกณฑ์.xls","142","สำนักงานตำรวจแห่งชาติ","กองบัญชาการตำรวจตระเวนชายแดน","กองบังคับการตำรวจตระเวนชายแดนภาค 1","กองกำกับการตำรวจตระเวนชายแดนที่ 13","","","","7271081310","รร.ตชด.บ้านเรดาร์ *","15/07/2564","1.3.8","1","1.3.8"
"2563","7. 2563 REP004-IMPROVEMENT 12 - ตารางสรุปรายงานมาตรฐานแต่ละด้าน พร้อมจำนวนข้อที่ต้องปรับปรุง และจำนวนเด็กที่ผ่านเกณฑ์.xls","143","สำนักงานตำรวจแห่งชาติ","กองบัญชาการตำรวจตระเวนชายแดน","กองบังคับการตำรวจตระเวนชายแดนภาค 1","กองกำกับการตำรวจตระเวนชายแดนที่ 13","","","","7271081311","รร.ตชด.บ้านทิไล่ป้า","19/05/2540","","0",""
"2563","7. 2563 REP004-IMPROVEMENT 12 - ตารางสรุปรายงานมาตรฐานแต่ละด้าน พร้อมจำนวนข้อที่ต้องปรับปรุง และจำนวนเด็กที่ผ่านเกณฑ์.xls","144","สำนักงานตำรวจแห่งชาติ","กองบัญชาการตำรวจตระเวนชายแดน","กองบังคับการตำรวจตระเวนชายแดนภาค 1","กองกำกับการตำรวจตระเวนชายแดนที่ 13","","","","7271081315","ศกร.ตชด.ท่านผู้หญิงมณีรัตน์ บุนนาค","","","0",""
"2563","7. 2563 REP004-IMPROVEMENT 12 - ตารางสรุปรายงานมาตรฐานแต่ละด้าน พร้อมจำนวนข้อที่ต้องปรับปรุง และจำนวนเด็กที่ผ่านเกณฑ์.xls","145","สำนักงานตำรวจแห่งชาติ","กองบัญชาการตำรวจตระเวนชายแดน","กองบังคับการตำรวจตระเวนชายแดนภาค 1","กองกำกับการตำรวจตระเวนชายแดนที่ 14","","","","7276081405","รร.ตชด.นเรศวรบ้านห้วยโสก","01/01/2528","1.2.3","1","1.2.3"
"2563","7. 2563 REP004-IMPROVEMENT 12 - ตารางสรุปรายงานมาตรฐานแต่ละด้าน พร้อมจำนวนข้อที่ต้องปรับปรุง และจำนวนเด็กที่ผ่านเกณฑ์.xls","146","สำนักงานตำรวจแห่งชาติ","กองบัญชาการตำรวจตระเวนชายแดน","กองบังคับการตำรวจตระเวนชายแดนภาค 1","กองกำกับการตำรวจตระเวนชายแดนที่ 14","","","","7276081406","รร.ตชด.บ้านโป่งลึก *","09/04/2564","1.2.3","1","1.2.3"
"2563","7. 2563 REP004-IMPROVEMENT 12 - ตารางสรุปรายงานมาตรฐานแต่ละด้าน พร้อมจำนวนข้อที่ต้องปรับปรุง และจำนวนเด็กที่ผ่านเกณฑ์.xls","147","สำนักงานตำรวจแห่งชาติ","กองบัญชาการตำรวจตระเวนชายแดน","กองบังคับการตำรวจตระเวนชายแดนภาค 1","กองกำกับการตำรวจตระเวนชายแดนที่ 14","","","","7276081412","ศกร.ตชด.อินทรีอาสา","01/07/2563","1.2.3","1","1.2.3"
"2563","7. 2563 REP004-IMPROVEMENT 12 - ตารางสรุปรายงานมาตรฐานแต่ละด้าน พร้อมจำนวนข้อที่ต้องปรับปรุง และจำนวนเด็กที่ผ่านเกณฑ์.xls","148","สำนักงานตำรวจแห่งชาติ","กองบัญชาการตำรวจตระเวนชายแดน","กองบังคับการตำรวจตระเวนชายแดนภาค 1","กองกำกับการตำรวจตระเวนชายแดนที่ 14","","","","7277021403","รร.ตชด.บ้านย่านซื่อ","23/07/2524","","0",""
"2563","7. 2563 REP004-IMPROVEMENT 12 - ตารางสรุปรายงานมาตรฐานแต่ละด้าน พร้อมจำนวนข้อที่ต้องปรับปรุง และจำนวนเด็กที่ผ่านเกณฑ์.xls","149","สำนักงานตำรวจแห่งชาติ","กองบัญชาการตำรวจตระเวนชายแดน","กองบังคับการตำรวจตระเวนชายแดนภาค 1","กองกำกับการตำรวจตระเวนชายแดนที่ 14","","","","7277051411","ศกร.ตชด.บ้านคีรีล้อม","16/05/2557","1.2.3","1","1.2.3"
"2563","7. 2563 REP004-IMPROVEMENT 12 - ตารางสรุปรายงานมาตรฐานแต่ละด้าน พร้อมจำนวนข้อที่ต้องปรับปรุง และจำนวนเด็กที่ผ่านเกณฑ์.xls","150","สำนักงานตำรวจแห่งชาติ","กองบัญชาการตำรวจตระเวนชายแดน","กองบังคับการตำรวจตระเวนชายแดนภาค 1","กองกำกับการตำรวจตระเวนชายแดนที่ 14","","","","7277061401","รร.ตชด.บ้านเขาจ้าว","21/04/2521","1.2.3,1.3.8","2","1.2.3,1.3.8"
"2563","7. 2563 REP004-IMPROVEMENT 12 - ตารางสรุปรายงานมาตรฐานแต่ละด้าน พร้อมจำนวนข้อที่ต้องปรับปรุง และจำนวนเด็กที่ผ่านเกณฑ์.xls","151","สำนักงานตำรวจแห่งชาติ","กองบัญชาการตำรวจตระเวนชายแดน","กองบังคับการตำรวจตระเวนชายแดนภาค 1","กองกำกับการตำรวจตระเวนชายแดนที่ 14","","","","7277061407","รร.ตชด.บ้านท่าวังหิน","22/05/2534","","0",""
"2563","7. 2563 REP004-IMPROVEMENT 12 - ตารางสรุปรายงานมาตรฐานแต่ละด้าน พร้อมจำนวนข้อที่ต้องปรับปรุง และจำนวนเด็กที่ผ่านเกณฑ์.xls","152","สำนักงานตำรวจแห่งชาติ","กองบัญชาการตำรวจตระเวนชายแดน","กองบังคับการตำรวจตระเวนชายแดนภาค 1","กองกำกับการตำรวจตระเวนชายแดนที่ 14","","","","7277071404","รร.ตชด.นเรศวรป่าละอู","13/10/2525","","0",""
"2563","7. 2563 REP004-IMPROVEMENT 12 - ตารางสรุปรายงานมาตรฐานแต่ละด้าน พร้อมจำนวนข้อที่ต้องปรับปรุง และจำนวนเด็กที่ผ่านเกณฑ์.xls","153","สำนักงานตำรวจแห่งชาติ","กองบัญชาการตำรวจตระเวนชายแดน","กองบังคับการตำรวจตระเวนชายแดนภาค 1","กองกำกับการตำรวจตระเวนชายแดนที่ 14","","","","7277071408","รร.ตชด.บ้านแพรกตะคร้อ","06/08/2563","","0",""
"2563","7. 2563 REP004-IMPROVEMENT 12 - ตารางสรุปรายงานมาตรฐานแต่ละด้าน พร้อมจำนวนข้อที่ต้องปรับปรุง และจำนวนเด็กที่ผ่านเกณฑ์.xls","154","สำนักงานตำรวจแห่งชาติ","กองบัญชาการตำรวจตระเวนชายแดน","กองบังคับการตำรวจตระเวนชายแดนภาค 1","กองกำกับการตำรวจตระเวนชายแดนที่ 14","","","","7277071409","รร.ตชด.บ้านคลองน้อย","26/03/2568","","0",""
"2563","7. 2563 REP004-IMPROVEMENT 12 - ตารางสรุปรายงานมาตรฐานแต่ละด้าน พร้อมจำนวนข้อที่ต้องปรับปรุง และจำนวนเด็กที่ผ่านเกณฑ์.xls","155","สำนักงานตำรวจแห่งชาติ","กองบัญชาการตำรวจตระเวนชายแดน","กองบังคับการตำรวจตระเวนชายแดนภาค 1","กองกำกับการตำรวจตระเวนชายแดนที่ 14","","","","7277081410","รร.ตชด.บ้านป่าหมาก","01/11/2542","1.2.3","1","1.2.3"
"2563","7. 2563 REP004-IMPROVEMENT 12 - ตารางสรุปรายงานมาตรฐานแต่ละด้าน พร้อมจำนวนข้อที่ต้องปรับปรุง และจำนวนเด็กที่ผ่านเกณฑ์.xls","156","สำนักงานตำรวจแห่งชาติ","กองบัญชาการตำรวจตระเวนชายแดน","กองบังคับการตำรวจตระเวนชายแดนภาค 4","กองกำกับการตำรวจตระเวนชายแดนที่ 42","","","","7280074207","ศกร.ตชด.บ้านหลังอ้ายหมี","16/05/2557","","0",""
"2563","7. 2563 REP004-IMPROVEMENT 12 - ตารางสรุปรายงานมาตรฐานแต่ละด้าน พร้อมจำนวนข้อที่ต้องปรับปรุง และจำนวนเด็กที่ผ่านเกณฑ์.xls","157","สำนักงานตำรวจแห่งชาติ","กองบัญชาการตำรวจตระเวนชายแดน","กองบังคับการตำรวจตระเวนชายแดนภาค 4","กองกำกับการตำรวจตระเวนชายแดนที่ 42","","","","7280084205","ศกร.ตชด.บ้านห้วยตง","16/05/2557","2.1.3,2.1.5,3.6.1ข","3","2.1.3,2.1.5,3.6.1"
"2563","7. 2563 REP004-IMPROVEMENT 12 - ตารางสรุปรายงานมาตรฐานแต่ละด้าน พร้อมจำนวนข้อที่ต้องปรับปรุง และจำนวนเด็กที่ผ่านเกณฑ์.xls","158","สำนักงานตำรวจแห่งชาติ","กองบัญชาการตำรวจตระเวนชายแดน","กองบังคับการตำรวจตระเวนชายแดนภาค 4","กองกำกับการตำรวจตระเวนชายแดนที่ 42","","","","7281044206","ศกร.ตชด.บ้านแผ่นดินเสมอ","16/05/2557","1.2.3","1","1.2.3"
"2563","7. 2563 REP004-IMPROVEMENT 12 - ตารางสรุปรายงานมาตรฐานแต่ละด้าน พร้อมจำนวนข้อที่ต้องปรับปรุง และจำนวนเด็กที่ผ่านเกณฑ์.xls","159","สำนักงานตำรวจแห่งชาติ","กองบัญชาการตำรวจตระเวนชายแดน","กองบังคับการตำรวจตระเวนชายแดนภาค 4","กองกำกับการตำรวจตระเวนชายแดนที่ 41","","","","7282194103","รร.ตชด.บ้านคลองวาย","09/05/2531","","0",""
"2563","7. 2563 REP004-IMPROVEMENT 12 - ตารางสรุปรายงานมาตรฐานแต่ละด้าน พร้อมจำนวนข้อที่ต้องปรับปรุง และจำนวนเด็กที่ผ่านเกณฑ์.xls","160","สำนักงานตำรวจแห่งชาติ","กองบัญชาการตำรวจตระเวนชายแดน","กองบังคับการตำรวจตระเวนชายแดนภาค 4","กองกำกับการตำรวจตระเวนชายแดนที่ 41","","","","7284064111","รร.ตชด.บ้านยางโพรง","","","0",""
"2563","7. 2563 REP004-IMPROVEMENT 12 - ตารางสรุปรายงานมาตรฐานแต่ละด้าน พร้อมจำนวนข้อที่ต้องปรับปรุง และจำนวนเด็กที่ผ่านเกณฑ์.xls","161","สำนักงานตำรวจแห่งชาติ","กองบัญชาการตำรวจตระเวนชายแดน","กองบังคับการตำรวจตระเวนชายแดนภาค 4","กองกำกับการตำรวจตระเวนชายแดนที่ 41","","","","7284074110","รร.ตชด.บ้านกอเตย","16/05/2540","","0",""
"2563","7. 2563 REP004-IMPROVEMENT 12 - ตารางสรุปรายงานมาตรฐานแต่ละด้าน พร้อมจำนวนข้อที่ต้องปรับปรุง และจำนวนเด็กที่ผ่านเกณฑ์.xls","162","สำนักงานตำรวจแห่งชาติ","กองบัญชาการตำรวจตระเวนชายแดน","กองบังคับการตำรวจตระเวนชายแดนภาค 4","กองกำกับการตำรวจตระเวนชายแดนที่ 41","","","","7284164101","รร.ตชด.เทคนิคมีนบุรีอนุสรณ์ 1","06/07/2530","","0",""
"2563","7. 2563 REP004-IMPROVEMENT 12 - ตารางสรุปรายงานมาตรฐานแต่ละด้าน พร้อมจำนวนข้อที่ต้องปรับปรุง และจำนวนเด็กที่ผ่านเกณฑ์.xls","163","สำนักงานตำรวจแห่งชาติ","กองบัญชาการตำรวจตระเวนชายแดน","กองบังคับการตำรวจตระเวนชายแดนภาค 4","กองกำกับการตำรวจตระเวนชายแดนที่ 41","","","","7284164109","รร.ตชด.บ้านควนสามัคคี","01/07/2563","1.3.3,3.5.2ข","2","1.3.3,3.5.2"
"2563","7. 2563 REP004-IMPROVEMENT 12 - ตารางสรุปรายงานมาตรฐานแต่ละด้าน พร้อมจำนวนข้อที่ต้องปรับปรุง และจำนวนเด็กที่ผ่านเกณฑ์.xls","164","สำนักงานตำรวจแห่งชาติ","กองบัญชาการตำรวจตระเวนชายแดน","กองบังคับการตำรวจตระเวนชายแดนภาค 4","กองกำกับการตำรวจตระเวนชายแดนที่ 41","","","","7286024102","รร.ตชด.สันตินิมิตร","15/07/2546","","0",""
"2563","7. 2563 REP004-IMPROVEMENT 12 - ตารางสรุปรายงานมาตรฐานแต่ละด้าน พร้อมจำนวนข้อที่ต้องปรับปรุง และจำนวนเด็กที่ผ่านเกณฑ์.xls","165","สำนักงานตำรวจแห่งชาติ","กองบัญชาการตำรวจตระเวนชายแดน","กองบังคับการตำรวจตระเวนชายแดนภาค 4","กองกำกับการตำรวจตระเวนชายแดนที่ 41","","","","7286024107","รร.ตชด.บ้านพันวาล","17/05/2564","1.2.3","1","1.2.3"
"2563","7. 2563 REP004-IMPROVEMENT 12 - ตารางสรุปรายงานมาตรฐานแต่ละด้าน พร้อมจำนวนข้อที่ต้องปรับปรุง และจำนวนเด็กที่ผ่านเกณฑ์.xls","166","สำนักงานตำรวจแห่งชาติ","กองบัญชาการตำรวจตระเวนชายแดน","กองบังคับการตำรวจตระเวนชายแดนภาค 4","กองกำกับการตำรวจตระเวนชายแดนที่ 41","","","","7286044106","รร.ตชด.บ้านห้วยเหมือง","15/07/2531","3.1.3ข","1","3.1.3"
"2563","7. 2563 REP004-IMPROVEMENT 12 - ตารางสรุปรายงานมาตรฐานแต่ละด้าน พร้อมจำนวนข้อที่ต้องปรับปรุง และจำนวนเด็กที่ผ่านเกณฑ์.xls","167","สำนักงานตำรวจแห่งชาติ","กองบัญชาการตำรวจตระเวนชายแดน","กองบังคับการตำรวจตระเวนชายแดนภาค 4","กองกำกับการตำรวจตระเวนชายแดนที่ 41","","","","7286054105","รร.ตชด.สิริราษฎร์","01/02/2531","","0",""
"2563","7. 2563 REP004-IMPROVEMENT 12 - ตารางสรุปรายงานมาตรฐานแต่ละด้าน พร้อมจำนวนข้อที่ต้องปรับปรุง และจำนวนเด็กที่ผ่านเกณฑ์.xls","168","สำนักงานตำรวจแห่งชาติ","กองบัญชาการตำรวจตระเวนชายแดน","กองบังคับการตำรวจตระเวนชายแดนภาค 4","กองกำกับการตำรวจตระเวนชายแดนที่ 41","","","","7286054108","รร.ตชด.บ้านสวนเพชร","13/05/2532","1.3.3","1","1.3.3"
"2563","7. 2563 REP004-IMPROVEMENT 12 - ตารางสรุปรายงานมาตรฐานแต่ละด้าน พร้อมจำนวนข้อที่ต้องปรับปรุง และจำนวนเด็กที่ผ่านเกณฑ์.xls","169","สำนักงานตำรวจแห่งชาติ","กองบัญชาการตำรวจตระเวนชายแดน","กองบังคับการตำรวจตระเวนชายแดนภาค 4","กองกำกับการตำรวจตระเวนชายแดนที่ 41","","","","7286064112","รร.ตชด.บ้านตะแบกงาม (ตันตระเธียรอุปถัมป์)","14/03/2565","","0",""
"2563","7. 2563 REP004-IMPROVEMENT 12 - ตารางสรุปรายงานมาตรฐานแต่ละด้าน พร้อมจำนวนข้อที่ต้องปรับปรุง และจำนวนเด็กที่ผ่านเกณฑ์.xls","170","สำนักงานตำรวจแห่งชาติ","กองบัญชาการตำรวจตระเวนชายแดน","กองบังคับการตำรวจตระเวนชายแดนภาค 4","กองกำกับการตำรวจตระเวนชายแดนที่ 43","","","","7290044303","รร.ตชด.เชิญ  พิศลยบุตร","20/02/2568","","0",""
"2563","7. 2563 REP004-IMPROVEMENT 12 - ตารางสรุปรายงานมาตรฐานแต่ละด้าน พร้อมจำนวนข้อที่ต้องปรับปรุง และจำนวนเด็กที่ผ่านเกณฑ์.xls","171","สำนักงานตำรวจแห่งชาติ","กองบัญชาการตำรวจตระเวนชายแดน","กองบังคับการตำรวจตระเวนชายแดนภาค 4","กองกำกับการตำรวจตระเวนชายแดนที่ 43","","","","7290044310","รร.ตชด.บ้านประกอบออก","29/06/2529","","0",""
"2563","7. 2563 REP004-IMPROVEMENT 12 - ตารางสรุปรายงานมาตรฐานแต่ละด้าน พร้อมจำนวนข้อที่ต้องปรับปรุง และจำนวนเด็กที่ผ่านเกณฑ์.xls","172","สำนักงานตำรวจแห่งชาติ","กองบัญชาการตำรวจตระเวนชายแดน","กองบังคับการตำรวจตระเวนชายแดนภาค 4","กองกำกับการตำรวจตระเวนชายแดนที่ 43","","","","7290064302","รร.ตชด.มหาราช 1","16/05/2566","","0",""
"2563","7. 2563 REP004-IMPROVEMENT 12 - ตารางสรุปรายงานมาตรฐานแต่ละด้าน พร้อมจำนวนข้อที่ต้องปรับปรุง และจำนวนเด็กที่ผ่านเกณฑ์.xls","173","สำนักงานตำรวจแห่งชาติ","กองบัญชาการตำรวจตระเวนชายแดน","กองบังคับการตำรวจตระเวนชายแดนภาค 4","กองกำกับการตำรวจตระเวนชายแดนที่ 43","","","","7290064304","รร.ตชด.บ้านสำนักเอาะ","18/06/2518","","0",""
"2563","7. 2563 REP004-IMPROVEMENT 12 - ตารางสรุปรายงานมาตรฐานแต่ละด้าน พร้อมจำนวนข้อที่ต้องปรับปรุง และจำนวนเด็กที่ผ่านเกณฑ์.xls","174","สำนักงานตำรวจแห่งชาติ","กองบัญชาการตำรวจตระเวนชายแดน","กองบังคับการตำรวจตระเวนชายแดนภาค 4","กองกำกับการตำรวจตระเวนชายแดนที่ 43","","","","7290064308","รร.ตชด.บ้านหาดทราย","26/05/2526","","0",""
"2563","7. 2563 REP004-IMPROVEMENT 12 - ตารางสรุปรายงานมาตรฐานแต่ละด้าน พร้อมจำนวนข้อที่ต้องปรับปรุง และจำนวนเด็กที่ผ่านเกณฑ์.xls","175","สำนักงานตำรวจแห่งชาติ","กองบัญชาการตำรวจตระเวนชายแดน","กองบังคับการตำรวจตระเวนชายแดนภาค 4","กองกำกับการตำรวจตระเวนชายแดนที่ 43","","","","7290104301","รร.ตชด.สื่อมวลชนกีฬา","12/10/2502","","0",""
"2563","7. 2563 REP004-IMPROVEMENT 12 - ตารางสรุปรายงานมาตรฐานแต่ละด้าน พร้อมจำนวนข้อที่ต้องปรับปรุง และจำนวนเด็กที่ผ่านเกณฑ์.xls","176","สำนักงานตำรวจแห่งชาติ","กองบัญชาการตำรวจตระเวนชายแดน","กองบังคับการตำรวจตระเวนชายแดนภาค 4","กองกำกับการตำรวจตระเวนชายแดนที่ 43","","","","7290104305","รร.ตชด.บ้านชายควน","","","0",""
"2563","7. 2563 REP004-IMPROVEMENT 12 - ตารางสรุปรายงานมาตรฐานแต่ละด้าน พร้อมจำนวนข้อที่ต้องปรับปรุง และจำนวนเด็กที่ผ่านเกณฑ์.xls","177","สำนักงานตำรวจแห่งชาติ","กองบัญชาการตำรวจตระเวนชายแดน","กองบังคับการตำรวจตระเวนชายแดนภาค 4","กองกำกับการตำรวจตระเวนชายแดนที่ 43","","","","7290104307","โรงเรียน ตชด.พลตำรวจเอกสมศักดิ์ แขวงโสภา(บ้านทุ่งสบายใจ)","25/03/2568","","0",""
"2563","7. 2563 REP004-IMPROVEMENT 12 - ตารางสรุปรายงานมาตรฐานแต่ละด้าน พร้อมจำนวนข้อที่ต้องปรับปรุง และจำนวนเด็กที่ผ่านเกณฑ์.xls","178","สำนักงานตำรวจแห่งชาติ","กองบัญชาการตำรวจตระเวนชายแดน","กองบังคับการตำรวจตระเวนชายแดนภาค 4","กองกำกับการตำรวจตระเวนชายแดนที่ 43","","","","7290104315","รร.ตชด.บ้านบาโรย","09/11/2541","","0",""
"2563","7. 2563 REP004-IMPROVEMENT 12 - ตารางสรุปรายงานมาตรฐานแต่ละด้าน พร้อมจำนวนข้อที่ต้องปรับปรุง และจำนวนเด็กที่ผ่านเกณฑ์.xls","179","สำนักงานตำรวจแห่งชาติ","กองบัญชาการตำรวจตระเวนชายแดน","กองบังคับการตำรวจตระเวนชายแดนภาค 4","กองกำกับการตำรวจตระเวนชายแดนที่ 43","","","","7290104316","รร.ตชด.พลเอกนวล-คุณหญิงบานชื่น จันทร์ตรี","17/05/2553","","0",""
"2563","7. 2563 REP004-IMPROVEMENT 12 - ตารางสรุปรายงานมาตรฐานแต่ละด้าน พร้อมจำนวนข้อที่ต้องปรับปรุง และจำนวนเด็กที่ผ่านเกณฑ์.xls","180","สำนักงานตำรวจแห่งชาติ","กองบัญชาการตำรวจตระเวนชายแดน","กองบังคับการตำรวจตระเวนชายแดนภาค 4","กองกำกับการตำรวจตระเวนชายแดนที่ 43","","","","7291034311","รร.ตชด.ยูงทองรัฐประชาสรรค์","16/05/2568","","0",""
"2563","7. 2563 REP004-IMPROVEMENT 12 - ตารางสรุปรายงานมาตรฐานแต่ละด้าน พร้อมจำนวนข้อที่ต้องปรับปรุง และจำนวนเด็กที่ผ่านเกณฑ์.xls","181","สำนักงานตำรวจแห่งชาติ","กองบัญชาการตำรวจตระเวนชายแดน","กองบังคับการตำรวจตระเวนชายแดนภาค 4","กองกำกับการตำรวจตระเวนชายแดนที่ 43","","","","7291034314","รร.ตชด.บ้านส้านแดง","","","0",""
"2563","7. 2563 REP004-IMPROVEMENT 12 - ตารางสรุปรายงานมาตรฐานแต่ละด้าน พร้อมจำนวนข้อที่ต้องปรับปรุง และจำนวนเด็กที่ผ่านเกณฑ์.xls","182","สำนักงานตำรวจแห่งชาติ","กองบัญชาการตำรวจตระเวนชายแดน","กองบังคับการตำรวจตระเวนชายแดนภาค 4","กองกำกับการตำรวจตระเวนชายแดนที่ 43","","","","7292044309","รร.ตชด.สันติราษฎร์ประชาบำรุง","14/06/2528","","0",""
"2563","7. 2563 REP004-IMPROVEMENT 12 - ตารางสรุปรายงานมาตรฐานแต่ละด้าน พร้อมจำนวนข้อที่ต้องปรับปรุง และจำนวนเด็กที่ผ่านเกณฑ์.xls","183","สำนักงานตำรวจแห่งชาติ","กองบัญชาการตำรวจตระเวนชายแดน","กองบังคับการตำรวจตระเวนชายแดนภาค 4","กองกำกับการตำรวจตระเวนชายแดนที่ 43","","","","7292044312","รร.ตชด.บ้านหินจอก","05/05/2531","","0",""
"2563","7. 2563 REP004-IMPROVEMENT 12 - ตารางสรุปรายงานมาตรฐานแต่ละด้าน พร้อมจำนวนข้อที่ต้องปรับปรุง และจำนวนเด็กที่ผ่านเกณฑ์.xls","184","สำนักงานตำรวจแห่งชาติ","กองบัญชาการตำรวจตระเวนชายแดน","กองบังคับการตำรวจตระเวนชายแดนภาค 4","กองกำกับการตำรวจตระเวนชายแดนที่ 43","","","","7293104313","รร.ตชด.บ้านควนตะแบก","14/02/2533","1.2.3","1","1.2.3"
"2563","7. 2563 REP004-IMPROVEMENT 12 - ตารางสรุปรายงานมาตรฐานแต่ละด้าน พร้อมจำนวนข้อที่ต้องปรับปรุง และจำนวนเด็กที่ผ่านเกณฑ์.xls","185","สำนักงานตำรวจแห่งชาติ","กองบัญชาการตำรวจตระเวนชายแดน","กองบังคับการตำรวจตระเวนชายแดนภาค 4","กองกำกับการตำรวจตระเวนชายแดนที่ 44","","","","7294054410","รร.ตชด.พีระยานุเคราะห์ฯ 4","28/09/2538","","0",""
"2563","7. 2563 REP004-IMPROVEMENT 12 - ตารางสรุปรายงานมาตรฐานแต่ละด้าน พร้อมจำนวนข้อที่ต้องปรับปรุง และจำนวนเด็กที่ผ่านเกณฑ์.xls","186","สำนักงานตำรวจแห่งชาติ","กองบัญชาการตำรวจตระเวนชายแดน","กองบังคับการตำรวจตระเวนชายแดนภาค 4","กองกำกับการตำรวจตระเวนชายแดนที่ 44","","","","7295014412","รร.ตชด.เฉลิมพระเกียรติ 50 พรรษาฯ","14/06/2564","1.2.3","1","1.2.3"
"2563","7. 2563 REP004-IMPROVEMENT 12 - ตารางสรุปรายงานมาตรฐานแต่ละด้าน พร้อมจำนวนข้อที่ต้องปรับปรุง และจำนวนเด็กที่ผ่านเกณฑ์.xls","187","สำนักงานตำรวจแห่งชาติ","กองบัญชาการตำรวจตระเวนชายแดน","กองบังคับการตำรวจตระเวนชายแดนภาค 4","กองกำกับการตำรวจตระเวนชายแดนที่ 44","","","","7295034413","ศกร.ตชด.บ้านภักดี","18/05/2558","1.2.3","1","1.2.3"
"2563","7. 2563 REP004-IMPROVEMENT 12 - ตารางสรุปรายงานมาตรฐานแต่ละด้าน พร้อมจำนวนข้อที่ต้องปรับปรุง และจำนวนเด็กที่ผ่านเกณฑ์.xls","188","สำนักงานตำรวจแห่งชาติ","กองบัญชาการตำรวจตระเวนชายแดน","กองบังคับการตำรวจตระเวนชายแดนภาค 4","กองกำกับการตำรวจตระเวนชายแดนที่ 44","","","","7295044401","รร.ตชด.สังวาลย์วิท 4","16/05/2510","1.2.3","1","1.2.3"
"2563","7. 2563 REP004-IMPROVEMENT 12 - ตารางสรุปรายงานมาตรฐานแต่ละด้าน พร้อมจำนวนข้อที่ต้องปรับปรุง และจำนวนเด็กที่ผ่านเกณฑ์.xls","189","สำนักงานตำรวจแห่งชาติ","กองบัญชาการตำรวจตระเวนชายแดน","กองบังคับการตำรวจตระเวนชายแดนภาค 4","กองกำกับการตำรวจตระเวนชายแดนที่ 44","","","","7295044403","รร.ตชด.นิคมพิทักษ์ราษฎร์","08/07/2564","3.1.3ข","1","3.1.3"
"2563","7. 2563 REP004-IMPROVEMENT 12 - ตารางสรุปรายงานมาตรฐานแต่ละด้าน พร้อมจำนวนข้อที่ต้องปรับปรุง และจำนวนเด็กที่ผ่านเกณฑ์.xls","190","สำนักงานตำรวจแห่งชาติ","กองบัญชาการตำรวจตระเวนชายแดน","กองบังคับการตำรวจตระเวนชายแดนภาค 4","กองกำกับการตำรวจตระเวนชายแดนที่ 44","","","","7295044404","รร.ตชด.บ้านปาโจแมเราะ","01/06/2531","1.2.3,3.3.1ข,3.3.2ข,3.4.3ข,3.5.1ข,3.5.2ข,3.5.3ข,3.5.4ข,3.5.5ข,3.6.1ข,3.6.2ข,3.6.3ข,3.6.4ข","13","1.2.3,3.3.1,3.3.2,3.4.3,3.5.1,3.5.2,3.5.3,3.5.4,3.5.5,3.6.1,3.6.2,3.6.3,3.6.4"
"2563","7. 2563 REP004-IMPROVEMENT 12 - ตารางสรุปรายงานมาตรฐานแต่ละด้าน พร้อมจำนวนข้อที่ต้องปรับปรุง และจำนวนเด็กที่ผ่านเกณฑ์.xls","191","สำนักงานตำรวจแห่งชาติ","กองบัญชาการตำรวจตระเวนชายแดน","กองบังคับการตำรวจตระเวนชายแดนภาค 4","กองกำกับการตำรวจตระเวนชายแดนที่ 44","","","","7296064411","รร.ตชด.การท่าอากาศยานฯ","16/05/2543","3.1.1ข,3.1.3ข,3.4.1ข,3.4.3ข,3.6.1ข,3.6.2ข,3.6.4ข","7","3.1.1,3.1.3,3.4.1,3.4.3,3.6.1,3.6.2,3.6.4"
"2563","7. 2563 REP004-IMPROVEMENT 12 - ตารางสรุปรายงานมาตรฐานแต่ละด้าน พร้อมจำนวนข้อที่ต้องปรับปรุง และจำนวนเด็กที่ผ่านเกณฑ์.xls","192","สำนักงานตำรวจแห่งชาติ","กองบัญชาการตำรวจตระเวนชายแดน","กองบังคับการตำรวจตระเวนชายแดนภาค 4","กองกำกับการตำรวจตระเวนชายแดนที่ 44","","","","7296074407","รร.ตชด.บ้านตืองอช่างกลปทุมวันอนุสรณ์ 13","15/07/2534","1.2.3,1.3.5,3.1.1ข,3.1.2ข,3.5.3ข,3.5.4ข,3.6.1ข","7","1.2.3,1.3.5,3.1.1,3.1.2,3.5.3,3.5.4,3.6.1"
"2563","7. 2563 REP004-IMPROVEMENT 12 - ตารางสรุปรายงานมาตรฐานแต่ละด้าน พร้อมจำนวนข้อที่ต้องปรับปรุง และจำนวนเด็กที่ผ่านเกณฑ์.xls","193","สำนักงานตำรวจแห่งชาติ","กองบัญชาการตำรวจตระเวนชายแดน","กองบังคับการตำรวจตระเวนชายแดนภาค 4","กองกำกับการตำรวจตระเวนชายแดนที่ 44","","","","7296074408","รร.ตชด.บ้านละโอ","16/05/2536","1.1.1,1.1.2,1.1.3,1.2.1,1.2.2,1.2.3,1.2.4,1.3.1,1.3.2,1.3.3,1.3.4,1.3.5,1.3.6,1.3.7,1.3.8,1.4.1,1.4.2,1.4.3,1.4.4,1.4.5,1.4.6,1.4.7,1.5.1,1.5.2,1.5.3,1.5.4,2.1.1,2.1.2,2.1.3,2.1.4,2.1.5,2.2.1,2.2.2,2.2.3,2.2.4,2.2.5,2.3.1,2.3.2,2.3.3,2.3.4,2.3.5,2.4.1,2.4","43","1.1.1,1.1.2,1.1.3,1.2.1,1.2.2,1.2.3,1.2.4,1.3.1,1.3.2,1.3.3,1.3.4,1.3.5,1.3.6,1.3.7,1.3.8,1.4.1,1.4.2,1.4.3,1.4.4,1.4.5,1.4.6,1.4.7,1.5.1,1.5.2,1.5.3,1.5.4,2.1.1,2.1.2,2.1.3,2.1.4,2.1.5,2.2.1,2.2.2,2.2.3,2.2.4,2.2.5,2.3.1,2.3.2,2.3.3,2.3.4,2.3.5,2.4.1"
"2563","7. 2563 REP004-IMPROVEMENT 12 - ตารางสรุปรายงานมาตรฐานแต่ละด้าน พร้อมจำนวนข้อที่ต้องปรับปรุง และจำนวนเด็กที่ผ่านเกณฑ์.xls","194","สำนักงานตำรวจแห่งชาติ","กองบัญชาการตำรวจตระเวนชายแดน","กองบังคับการตำรวจตระเวนชายแดนภาค 4","กองกำกับการตำรวจตระเวนชายแดนที่ 44","","","","7296094409","รร.ตชด.บ้านลีนานนท์","18/06/2536","1.2.3","1","1.2.3"
"2563","7. 2563 REP004-IMPROVEMENT 12 - ตารางสรุปรายงานมาตรฐานแต่ละด้าน พร้อมจำนวนข้อที่ต้องปรับปรุง และจำนวนเด็กที่ผ่านเกณฑ์.xls","195","สำนักงานตำรวจแห่งชาติ","กองบัญชาการตำรวจตระเวนชายแดน","กองบังคับการตำรวจตระเวนชายแดนภาค 4","กองกำกับการตำรวจตระเวนชายแดนที่ 44","","","","7296124405","รร.ตชด.บ้านไอร์บือแต","13/06/2533","3.1.3ข","1","3.1.3"
"2564","8. 2564 REP004-IMPROVEMENT 12 - ตารางสรุปรายงานมาตรฐานแต่ละด้าน พร้อมจำนวนข้อที่ต้องปรับปรุง และจำนวนเด็กที่ผ่านเกณฑ์.xls","3","สำนักงานตำรวจแห่งชาติ","กองบัญชาการตำรวจตระเวนชายแดน","กองบังคับการตำรวจตระเวนชายแดนภาค 1","กองกำกับการตำรวจตระเวนชายแดนที่ 11","","","","7222081108","รร.ตชด.บ้านคลองแดง","16/05/2545","","0",""
"2564","8. 2564 REP004-IMPROVEMENT 12 - ตารางสรุปรายงานมาตรฐานแต่ละด้าน พร้อมจำนวนข้อที่ต้องปรับปรุง และจำนวนเด็กที่ผ่านเกณฑ์.xls","4","สำนักงานตำรวจแห่งชาติ","กองบัญชาการตำรวจตระเวนชายแดน","กองบังคับการตำรวจตระเวนชายแดนภาค 1","กองกำกับการตำรวจตระเวนชายแดนที่ 11","","","","7223011106","รร.ตชด.บ้านท่ากุ่ม","01/11/2536","","0",""
"2564","8. 2564 REP004-IMPROVEMENT 12 - ตารางสรุปรายงานมาตรฐานแต่ละด้าน พร้อมจำนวนข้อที่ต้องปรับปรุง และจำนวนเด็กที่ผ่านเกณฑ์.xls","5","สำนักงานตำรวจแห่งชาติ","กองบัญชาการตำรวจตระเวนชายแดน","กองบังคับการตำรวจตระเวนชายแดนภาค 1","กองกำกับการตำรวจตระเวนชายแดนที่ 11","","","","7223031107","รร.ตชด.บ้านเขาฉลาด","16/05/2542","","0",""
"2564","8. 2564 REP004-IMPROVEMENT 12 - ตารางสรุปรายงานมาตรฐานแต่ละด้าน พร้อมจำนวนข้อที่ต้องปรับปรุง และจำนวนเด็กที่ผ่านเกณฑ์.xls","6","สำนักงานตำรวจแห่งชาติ","กองบัญชาการตำรวจตระเวนชายแดน","กองบังคับการตำรวจตระเวนชายแดนภาค 1","กองกำกับการตำรวจตระเวนชายแดนที่ 12","","","","7224081210","รร.ตชด.บ้านนายาว","12/07/2564","1.1.1,1.1.2,1.1.3,1.2.1,1.2.2,1.2.3,1.2.4,1.3.1,1.3.2,1.3.3,1.3.4,1.3.5,1.3.6,1.3.7,1.3.8,1.4.1,1.4.2,1.4.3,1.4.4,1.4.5,1.4.6,1.4.7,1.5.1,1.5.2,1.5.3,1.5.4,2.1.1,2.1.2,2.1.3,2.1.4,2.1.5,2.2.1,2.2.2,2.2.3,2.2.4,2.2.5,2.3.1,2.3.2,2.3.3,2.3.4,2.3.5,2.4.1,2.4.2,2.4.3,2.5.1,2.5.2,3.1.1ข,3.1.2ข,3.1.3ข,3.2.1ข,3.3.1ข,3.3.2ข,3.4.1ข,3.4.2ข,3.4.3ข,3.5.1ข,3.5.2ข,3.5.3ข,3.5.4ข,3.5.5ข,3.6.1ข,3.6.2ข,3.6.3ข,3.6.4ข,3.7.1ข,3.7.2ข,3.7.3ข,3.7.4ข","68","1.1.1,1.1.2,1.1.3,1.2.1,1.2.2,1.2.3,1.2.4,1.3.1,1.3.2,1.3.3,1.3.4,1.3.5,1.3.6,1.3.7,1.3.8,1.4.1,1.4.2,1.4.3,1.4.4,1.4.5,1.4.6,1.4.7,1.5.1,1.5.2,1.5.3,1.5.4,2.1.1,2.1.2,2.1.3,2.1.4,2.1.5,2.2.1,2.2.2,2.2.3,2.2.4,2.2.5,2.3.1,2.3.2,2.3.3,2.3.4,2.3.5,2.4.1,2.4.2,2.4.3,2.5.1,2.5.2,3.1.1,3.1.2,3.1.3,3.2.1,3.3.1,3.3.2,3.4.1,3.4.2,3.4.3,3.5.1,3.5.2,3.5.3,3.5.4,3.5.5,3.6.1,3.6.2,3.6.3,3.6.4,3.7.1,3.7.2,3.7.3,3.7.4"
"2564","8. 2564 REP004-IMPROVEMENT 12 - ตารางสรุปรายงานมาตรฐานแต่ละด้าน พร้อมจำนวนข้อที่ต้องปรับปรุง และจำนวนเด็กที่ผ่านเกณฑ์.xls","7","สำนักงานตำรวจแห่งชาติ","กองบัญชาการตำรวจตระเวนชายแดน","กองบังคับการตำรวจตระเวนชายแดนภาค 1","กองกำกับการตำรวจตระเวนชายแดนที่ 12","","","","7227041208","รร.ตชด.บ้านคลองตะเคียนชัย","","","0",""
"2564","8. 2564 REP004-IMPROVEMENT 12 - ตารางสรุปรายงานมาตรฐานแต่ละด้าน พร้อมจำนวนข้อที่ต้องปรับปรุง และจำนวนเด็กที่ผ่านเกณฑ์.xls","8","สำนักงานตำรวจแห่งชาติ","กองบัญชาการตำรวจตระเวนชายแดน","กองบังคับการตำรวจตระเวนชายแดนภาค 1","กองกำกับการตำรวจตระเวนชายแดนที่ 12","","","","7227061201","รร.ตชด.บ้านเขาสารภี","27/10/2513","","0",""
"2564","8. 2564 REP004-IMPROVEMENT 12 - ตารางสรุปรายงานมาตรฐานแต่ละด้าน พร้อมจำนวนข้อที่ต้องปรับปรุง และจำนวนเด็กที่ผ่านเกณฑ์.xls","9","สำนักงานตำรวจแห่งชาติ","กองบัญชาการตำรวจตระเวนชายแดน","กองบังคับการตำรวจตระเวนชายแดนภาค 1","กองกำกับการตำรวจตระเวนชายแดนที่ 12","","","","7227061206","รร.ตชด.ประชารัฐบำรุง 1","03/06/2568","","0",""
"2564","8. 2564 REP004-IMPROVEMENT 12 - ตารางสรุปรายงานมาตรฐานแต่ละด้าน พร้อมจำนวนข้อที่ต้องปรับปรุง และจำนวนเด็กที่ผ่านเกณฑ์.xls","10","สำนักงานตำรวจแห่งชาติ","กองบัญชาการตำรวจตระเวนชายแดน","กองบังคับการตำรวจตระเวนชายแดนภาค 1","กองกำกับการตำรวจตระเวนชายแดนที่ 12","","","","7227071209","รร.ตชด.บ้านน้ำอ้อม","09/02/2525","","0",""
"2564","8. 2564 REP004-IMPROVEMENT 12 - ตารางสรุปรายงานมาตรฐานแต่ละด้าน พร้อมจำนวนข้อที่ต้องปรับปรุง และจำนวนเด็กที่ผ่านเกณฑ์.xls","11","สำนักงานตำรวจแห่งชาติ","กองบัญชาการตำรวจตระเวนชายแดน","กองบังคับการตำรวจตระเวนชายแดนภาค 1","กองกำกับการตำรวจตระเวนชายแดนที่ 12","","","","7227091203","รร.ตชด.วังศรีทอง","","","0",""
"2564","8. 2564 REP004-IMPROVEMENT 12 - ตารางสรุปรายงานมาตรฐานแต่ละด้าน พร้อมจำนวนข้อที่ต้องปรับปรุง และจำนวนเด็กที่ผ่านเกณฑ์.xls","12","สำนักงานตำรวจแห่งชาติ","กองบัญชาการตำรวจตระเวนชายแดน","กองบังคับการตำรวจตระเวนชายแดนภาค 1","กองกำกับการตำรวจตระเวนชายแดนที่ 12","","","","7227091212","รร.ตชด.พีระยานุเคราะห์ฯ 1","01/06/2538","","0",""
"2564","8. 2564 REP004-IMPROVEMENT 12 - ตารางสรุปรายงานมาตรฐานแต่ละด้าน พร้อมจำนวนข้อที่ต้องปรับปรุง และจำนวนเด็กที่ผ่านเกณฑ์.xls","13","สำนักงานตำรวจแห่งชาติ","กองบัญชาการตำรวจตระเวนชายแดน","กองบังคับการตำรวจตระเวนชายแดนภาค 2","กองกำกับการตำรวจตระเวนชายแดนที่ 21","","","","7232052103","รร.ตชด.พีระยานุเคราะห์ฯ 2","","1.2.3,2.1.5","2","1.2.3,2.1.5"
"2564","8. 2564 REP004-IMPROVEMENT 12 - ตารางสรุปรายงานมาตรฐานแต่ละด้าน พร้อมจำนวนข้อที่ต้องปรับปรุง และจำนวนเด็กที่ผ่านเกณฑ์.xls","14","สำนักงานตำรวจแห่งชาติ","กองบัญชาการตำรวจตระเวนชายแดน","กองบังคับการตำรวจตระเวนชายแดนภาค 2","กองกำกับการตำรวจตระเวนชายแดนที่ 21","","","","7232102105","รร.ตชด.บ้านตาตุม","","","0",""
"2564","8. 2564 REP004-IMPROVEMENT 12 - ตารางสรุปรายงานมาตรฐานแต่ละด้าน พร้อมจำนวนข้อที่ต้องปรับปรุง และจำนวนเด็กที่ผ่านเกณฑ์.xls","15","สำนักงานตำรวจแห่งชาติ","กองบัญชาการตำรวจตระเวนชายแดน","กองบังคับการตำรวจตระเวนชายแดนภาค 2","กองกำกับการตำรวจตระเวนชายแดนที่ 21","","","","7232102106","รร.ตชด.บ้านตาแตรว","30/03/2540","","0",""
"2564","8. 2564 REP004-IMPROVEMENT 12 - ตารางสรุปรายงานมาตรฐานแต่ละด้าน พร้อมจำนวนข้อที่ต้องปรับปรุง และจำนวนเด็กที่ผ่านเกณฑ์.xls","16","สำนักงานตำรวจแห่งชาติ","กองบัญชาการตำรวจตระเวนชายแดน","กองบังคับการตำรวจตระเวนชายแดนภาค 2","กองกำกับการตำรวจตระเวนชายแดนที่ 21","","","","7232132102","รร.ตชด.บ้านซำปะโต","16/05/2568","","0",""
"2564","8. 2564 REP004-IMPROVEMENT 12 - ตารางสรุปรายงานมาตรฐานแต่ละด้าน พร้อมจำนวนข้อที่ต้องปรับปรุง และจำนวนเด็กที่ผ่านเกณฑ์.xls","17","สำนักงานตำรวจแห่งชาติ","กองบัญชาการตำรวจตระเวนชายแดน","กองบังคับการตำรวจตระเวนชายแดนภาค 2","กองกำกับการตำรวจตระเวนชายแดนที่ 21","","","","7232132104","รร.ตชด.บ้านรุน","24/04/2568","","0",""
"2564","8. 2564 REP004-IMPROVEMENT 12 - ตารางสรุปรายงานมาตรฐานแต่ละด้าน พร้อมจำนวนข้อที่ต้องปรับปรุง และจำนวนเด็กที่ผ่านเกณฑ์.xls","18","สำนักงานตำรวจแห่งชาติ","กองบัญชาการตำรวจตระเวนชายแดน","กองบังคับการตำรวจตระเวนชายแดนภาค 2","กองกำกับการตำรวจตระเวนชายแดนที่ 21","","","","7232142101","รร.ตชด.บ้านโคกแสลง","29/04/2566","","0",""
"2564","8. 2564 REP004-IMPROVEMENT 12 - ตารางสรุปรายงานมาตรฐานแต่ละด้าน พร้อมจำนวนข้อที่ต้องปรับปรุง และจำนวนเด็กที่ผ่านเกณฑ์.xls","19","สำนักงานตำรวจแห่งชาติ","กองบัญชาการตำรวจตระเวนชายแดน","กองบังคับการตำรวจตระเวนชายแดนภาค 2","กองกำกับการตำรวจตระเวนชายแดนที่ 22","","","","7234252211","ศกร.ตชด.ชุมชนป่าหญ้าคา","27/08/2545","1.2.3,1.3.8,3.5.3ข,3.6.1ข,3.6.2ข,3.6.3ข,3.7.3ข","7","1.2.3,1.3.8,3.5.3,3.6.1,3.6.2,3.6.3,3.7.3"
"2564","8. 2564 REP004-IMPROVEMENT 12 - ตารางสรุปรายงานมาตรฐานแต่ละด้าน พร้อมจำนวนข้อที่ต้องปรับปรุง และจำนวนเด็กที่ผ่านเกณฑ์.xls","20","สำนักงานตำรวจแห่งชาติ","กองบัญชาการตำรวจตระเวนชายแดน","กองบังคับการตำรวจตระเวนชายแดนภาค 2","กองกำกับการตำรวจตระเวนชายแดนที่ 24","","","","7238012406","รร.ตชด.บ้านห้วยดอกไม้","25/02/2565","1.2.3,1.3.8,2.1.1,2.1.2,2.1.3,2.1.4,2.1.5,2.2.1,2.2.2,2.2.3,2.2.4,2.2.5,2.3.1,2.3.2,2.3.3,2.3.4,2.3.5,2.4.1,2.4.2,2.4.3,2.5.1,2.5.2,3.1.1ข,3.1.2ข,3.1.3ข,3.2.1ข,3.3.1ข,3.3.2ข,3.4.1ข,3.4.2ข,3.4.3ข,3.5.1ข,3.5.2ข,3.5.3ข,3.5.4ข,3.5.5ข,3.6.1ข,3.6.2ข,3.6.3ข,3.6.4ข,3.7.1ข,3.7.2ข,3.7.3ข,3.7.4ข","44","1.2.3,1.3.8,2.1.1,2.1.2,2.1.3,2.1.4,2.1.5,2.2.1,2.2.2,2.2.3,2.2.4,2.2.5,2.3.1,2.3.2,2.3.3,2.3.4,2.3.5,2.4.1,2.4.2,2.4.3,2.5.1,2.5.2,3.1.1,3.1.2,3.1.3,3.2.1,3.3.1,3.3.2,3.4.1,3.4.2,3.4.3,3.5.1,3.5.2,3.5.3,3.5.4,3.5.5,3.6.1,3.6.2,3.6.3,3.6.4,3.7.1,3.7.2,3.7.3,3.7.4"
"2564","8. 2564 REP004-IMPROVEMENT 12 - ตารางสรุปรายงานมาตรฐานแต่ละด้าน พร้อมจำนวนข้อที่ต้องปรับปรุง และจำนวนเด็กที่ผ่านเกณฑ์.xls","21","สำนักงานตำรวจแห่งชาติ","กองบัญชาการตำรวจตระเวนชายแดน","กองบังคับการตำรวจตระเวนชายแดนภาค 2","กองกำกับการตำรวจตระเวนชายแดนที่ 24","","","","7238012411","รร.ตชด.บ้านหนองตะไก้","10/06/2538","","0",""
"2564","8. 2564 REP004-IMPROVEMENT 12 - ตารางสรุปรายงานมาตรฐานแต่ละด้าน พร้อมจำนวนข้อที่ต้องปรับปรุง และจำนวนเด็กที่ผ่านเกณฑ์.xls","22","สำนักงานตำรวจแห่งชาติ","กองบัญชาการตำรวจตระเวนชายแดน","กองบังคับการตำรวจตระเวนชายแดนภาค 2","กองกำกับการตำรวจตระเวนชายแดนที่ 24","","","","7238012412","รร.ตชด.บ้านนาแวง","22/07/2564","1.2.3","1","1.2.3"
"2564","8. 2564 REP004-IMPROVEMENT 12 - ตารางสรุปรายงานมาตรฐานแต่ละด้าน พร้อมจำนวนข้อที่ต้องปรับปรุง และจำนวนเด็กที่ผ่านเกณฑ์.xls","23","สำนักงานตำรวจแห่งชาติ","กองบัญชาการตำรวจตระเวนชายแดน","กองบังคับการตำรวจตระเวนชายแดนภาค 2","กองกำกับการตำรวจตระเวนชายแดนที่ 24","","","","7238152418","รร..ตชด.บ้านไทยเสรี","16/05/2560","","0",""
"2564","8. 2564 REP004-IMPROVEMENT 12 - ตารางสรุปรายงานมาตรฐานแต่ละด้าน พร้อมจำนวนข้อที่ต้องปรับปรุง และจำนวนเด็กที่ผ่านเกณฑ์.xls","24","สำนักงานตำรวจแห่งชาติ","กองบัญชาการตำรวจตระเวนชายแดน","กองบังคับการตำรวจตระเวนชายแดนภาค 2","กองกำกับการตำรวจตระเวนชายแดนที่ 24","","","","7241222413","รร.ตชด.บ้านนาชมภู","22/07/2564","","0",""
"2564","8. 2564 REP004-IMPROVEMENT 12 - ตารางสรุปรายงานมาตรฐานแต่ละด้าน พร้อมจำนวนข้อที่ต้องปรับปรุง และจำนวนเด็กที่ผ่านเกณฑ์.xls","25","สำนักงานตำรวจแห่งชาติ","กองบัญชาการตำรวจตระเวนชายแดน","กองบังคับการตำรวจตระเวนชายแดนภาค 2","กองกำกับการตำรวจตระเวนชายแดนที่ 24","","","","7242022408","รร.ตชด.บ้านหนองแคน","24/08/2532","1.2.3","1","1.2.3"
"2564","8. 2564 REP004-IMPROVEMENT 12 - ตารางสรุปรายงานมาตรฐานแต่ละด้าน พร้อมจำนวนข้อที่ต้องปรับปรุง และจำนวนเด็กที่ผ่านเกณฑ์.xls","26","สำนักงานตำรวจแห่งชาติ","กองบัญชาการตำรวจตระเวนชายแดน","กองบังคับการตำรวจตระเวนชายแดนภาค 2","กองกำกับการตำรวจตระเวนชายแดนที่ 24","","","","7242042402","รร.ตชด.บ้านห้วยเป้า","20/09/2520","","0",""
"2564","8. 2564 REP004-IMPROVEMENT 12 - ตารางสรุปรายงานมาตรฐานแต่ละด้าน พร้อมจำนวนข้อที่ต้องปรับปรุง และจำนวนเด็กที่ผ่านเกณฑ์.xls","27","สำนักงานตำรวจแห่งชาติ","กองบัญชาการตำรวจตระเวนชายแดน","กองบังคับการตำรวจตระเวนชายแดนภาค 2","กองกำกับการตำรวจตระเวนชายแดนที่ 24","","","","7242042405","รร.ตชด.ฮิลมาร์พาเบิล","23/12/2523","","0",""
"2564","8. 2564 REP004-IMPROVEMENT 12 - ตารางสรุปรายงานมาตรฐานแต่ละด้าน พร้อมจำนวนข้อที่ต้องปรับปรุง และจำนวนเด็กที่ผ่านเกณฑ์.xls","28","สำนักงานตำรวจแห่งชาติ","กองบัญชาการตำรวจตระเวนชายแดน","กองบังคับการตำรวจตระเวนชายแดนภาค 2","กองกำกับการตำรวจตระเวนชายแดนที่ 24","","","","7242042407","รร.ตชด.บ้านนานกปีด","05/05/2529","","0",""
"2564","8. 2564 REP004-IMPROVEMENT 12 - ตารางสรุปรายงานมาตรฐานแต่ละด้าน พร้อมจำนวนข้อที่ต้องปรับปรุง และจำนวนเด็กที่ผ่านเกณฑ์.xls","29","สำนักงานตำรวจแห่งชาติ","กองบัญชาการตำรวจตระเวนชายแดน","กองบังคับการตำรวจตระเวนชายแดนภาค 2","กองกำกับการตำรวจตระเวนชายแดนที่ 24","","","","7242132410","รร.ตชด.บ้านวังชมภู","14/06/2538","1.2.3","1","1.2.3"
"2564","8. 2564 REP004-IMPROVEMENT 12 - ตารางสรุปรายงานมาตรฐานแต่ละด้าน พร้อมจำนวนข้อที่ต้องปรับปรุง และจำนวนเด็กที่ผ่านเกณฑ์.xls","30","สำนักงานตำรวจแห่งชาติ","กองบัญชาการตำรวจตระเวนชายแดน","กองบังคับการตำรวจตระเวนชายแดนภาค 2","กองกำกับการตำรวจตระเวนชายแดนที่ 23","","","","7247152307","รร.ตชด.ค็อกนิสไทยฯ","15/05/2568","","0",""
"2564","8. 2564 REP004-IMPROVEMENT 12 - ตารางสรุปรายงานมาตรฐานแต่ละด้าน พร้อมจำนวนข้อที่ต้องปรับปรุง และจำนวนเด็กที่ผ่านเกณฑ์.xls","31","สำนักงานตำรวจแห่งชาติ","กองบัญชาการตำรวจตระเวนชายแดน","กองบังคับการตำรวจตระเวนชายแดนภาค 2","กองกำกับการตำรวจตระเวนชายแดนที่ 23","","","","7248032301","รร.ตชด.ชูทิศวิทยา","14/06/2564","1.2.3","1","1.2.3"
"2564","8. 2564 REP004-IMPROVEMENT 12 - ตารางสรุปรายงานมาตรฐานแต่ละด้าน พร้อมจำนวนข้อที่ต้องปรับปรุง และจำนวนเด็กที่ผ่านเกณฑ์.xls","32","สำนักงานตำรวจแห่งชาติ","กองบัญชาการตำรวจตระเวนชายแดน","กองบังคับการตำรวจตระเวนชายแดนภาค 2","กองกำกับการตำรวจตระเวนชายแดนที่ 23","","","","7248032303","รร.ตชด.บ้านหาดทรายเพ","01/10/2520","1.2.3","1","1.2.3"
"2564","8. 2564 REP004-IMPROVEMENT 12 - ตารางสรุปรายงานมาตรฐานแต่ละด้าน พร้อมจำนวนข้อที่ต้องปรับปรุง และจำนวนเด็กที่ผ่านเกณฑ์.xls","33","สำนักงานตำรวจแห่งชาติ","กองบัญชาการตำรวจตระเวนชายแดน","กองบังคับการตำรวจตระเวนชายแดนภาค 2","กองกำกับการตำรวจตระเวนชายแดนที่ 23","","","","7248032309","ศกร.ตชด.บ้านนากระเสริม","07/01/2557","1.3.8","1","1.3.8"
"2564","8. 2564 REP004-IMPROVEMENT 12 - ตารางสรุปรายงานมาตรฐานแต่ละด้าน พร้อมจำนวนข้อที่ต้องปรับปรุง และจำนวนเด็กที่ผ่านเกณฑ์.xls","34","สำนักงานตำรวจแห่งชาติ","กองบัญชาการตำรวจตระเวนชายแดน","กองบังคับการตำรวจตระเวนชายแดนภาค 2","กองกำกับการตำรวจตระเวนชายแดนที่ 23","","","","7248042310","ศกร.ตชด.บ้านปากห้วยม่วง","16/05/2557","","0",""
"2564","8. 2564 REP004-IMPROVEMENT 12 - ตารางสรุปรายงานมาตรฐานแต่ละด้าน พร้อมจำนวนข้อที่ต้องปรับปรุง และจำนวนเด็กที่ผ่านเกณฑ์.xls","35","สำนักงานตำรวจแห่งชาติ","กองบัญชาการตำรวจตระเวนชายแดน","กองบังคับการตำรวจตระเวนชายแดนภาค 2","กองกำกับการตำรวจตระเวนชายแดนที่ 23","","","","7248112302","รร.ตชด.ช่างกลปทุมวันอนุสรณ์ 8","01/06/2519","","0",""
"2564","8. 2564 REP004-IMPROVEMENT 12 - ตารางสรุปรายงานมาตรฐานแต่ละด้าน พร้อมจำนวนข้อที่ต้องปรับปรุง และจำนวนเด็กที่ผ่านเกณฑ์.xls","36","สำนักงานตำรวจแห่งชาติ","กองบัญชาการตำรวจตระเวนชายแดน","กองบังคับการตำรวจตระเวนชายแดนภาค 2","กองกำกับการตำรวจตระเวนชายแดนที่ 23","","","","7248112305","รร.ตชด.บ้านนาสามัคคี","10/05/2528","","0",""
"2564","8. 2564 REP004-IMPROVEMENT 12 - ตารางสรุปรายงานมาตรฐานแต่ละด้าน พร้อมจำนวนข้อที่ต้องปรับปรุง และจำนวนเด็กที่ผ่านเกณฑ์.xls","37","สำนักงานตำรวจแห่งชาติ","กองบัญชาการตำรวจตระเวนชายแดน","กองบังคับการตำรวจตระเวนชายแดนภาค 2","กองกำกับการตำรวจตระเวนชายแดนที่ 23","","","","7249052311","ศกร.ตชด.ใต้ร่มพระบารมี (ธนาคารอาคารสงเคราะห์อุปถัมภ์)","12/05/2558","1.3.8","1","1.3.8"
"2564","8. 2564 REP004-IMPROVEMENT 12 - ตารางสรุปรายงานมาตรฐานแต่ละด้าน พร้อมจำนวนข้อที่ต้องปรับปรุง และจำนวนเด็กที่ผ่านเกณฑ์.xls","38","สำนักงานตำรวจแห่งชาติ","กองบัญชาการตำรวจตระเวนชายแดน","กองบังคับการตำรวจตระเวนชายแดนภาค 3","กองกำกับการตำรวจตระเวนชายแดนที่ 33","","","","7250030005","ศกร.ตชด.สนั่น-เฉลิมเกตุ นภาศัพท์","17/05/2564","1.2.3,2.1.1,2.1.5,2.5.1","4","1.2.3,2.1.1,2.1.5,2.5.1"
"2564","8. 2564 REP004-IMPROVEMENT 12 - ตารางสรุปรายงานมาตรฐานแต่ละด้าน พร้อมจำนวนข้อที่ต้องปรับปรุง และจำนวนเด็กที่ผ่านเกณฑ์.xls","39","สำนักงานตำรวจแห่งชาติ","กองบัญชาการตำรวจตระเวนชายแดน","กองบังคับการตำรวจตระเวนชายแดนภาค 3","กองกำกับการตำรวจตระเวนชายแดนที่ 33","","","","7250033310","รร.ตชด.บ้านแม่ลอง","08/07/2564","1.2.3","1","1.2.3"
"2564","8. 2564 REP004-IMPROVEMENT 12 - ตารางสรุปรายงานมาตรฐานแต่ละด้าน พร้อมจำนวนข้อที่ต้องปรับปรุง และจำนวนเด็กที่ผ่านเกณฑ์.xls","40","สำนักงานตำรวจแห่งชาติ","กองบัญชาการตำรวจตระเวนชายแดน","กองบังคับการตำรวจตระเวนชายแดนภาค 3","กองกำกับการตำรวจตระเวนชายแดนที่ 33","","","","7250033314","รร.ตชด.บ้านใหม่พัฒนาสันติ","20/03/2568","","0",""
"2564","8. 2564 REP004-IMPROVEMENT 12 - ตารางสรุปรายงานมาตรฐานแต่ละด้าน พร้อมจำนวนข้อที่ต้องปรับปรุง และจำนวนเด็กที่ผ่านเกณฑ์.xls","41","สำนักงานตำรวจแห่งชาติ","กองบัญชาการตำรวจตระเวนชายแดน","กองบังคับการตำรวจตระเวนชายแดนภาค 3","กองกำกับการตำรวจตระเวนชายแดนที่ 33","","","","7250033332","รร.ตชด.บางกอก เชฟ แชร์ริตี้ บ้านแม่ขอ","16/05/2560","1.2.3","1","1.2.3"
"2564","8. 2564 REP004-IMPROVEMENT 12 - ตารางสรุปรายงานมาตรฐานแต่ละด้าน พร้อมจำนวนข้อที่ต้องปรับปรุง และจำนวนเด็กที่ผ่านเกณฑ์.xls","42","สำนักงานตำรวจแห่งชาติ","กองบัญชาการตำรวจตระเวนชายแดน","กองบังคับการตำรวจตระเวนชายแดนภาค 3","กองกำกับการตำรวจตระเวนชายแดนที่ 33","","","","7250033333","ศกร.ตชด.บ้านแม่มุใน (บริษัท ซี เค พาวเวอร์ จำกัด (มหาชน)อุปถัมภ์)","16/05/2561","","0",""
"2564","8. 2564 REP004-IMPROVEMENT 12 - ตารางสรุปรายงานมาตรฐานแต่ละด้าน พร้อมจำนวนข้อที่ต้องปรับปรุง และจำนวนเด็กที่ผ่านเกณฑ์.xls","43","สำนักงานตำรวจแห่งชาติ","กองบัญชาการตำรวจตระเวนชายแดน","กองบังคับการตำรวจตระเวนชายแดนภาค 3","กองกำกับการตำรวจตระเวนชายแดนที่ 33","","","","7250043311","รร.ตชด.เฉลิมพระเกียรติฯ","09/07/2564","","0",""
"2564","8. 2564 REP004-IMPROVEMENT 12 - ตารางสรุปรายงานมาตรฐานแต่ละด้าน พร้อมจำนวนข้อที่ต้องปรับปรุง และจำนวนเด็กที่ผ่านเกณฑ์.xls","44","สำนักงานตำรวจแห่งชาติ","กองบัญชาการตำรวจตระเวนชายแดน","กองบังคับการตำรวจตระเวนชายแดนภาค 3","กองกำกับการตำรวจตระเวนชายแดนที่ 33","","","","7250043316","รร.ตชด.บ้านหนองแขม","25/07/2541","3.1.1ข","1","3.1.1"
"2564","8. 2564 REP004-IMPROVEMENT 12 - ตารางสรุปรายงานมาตรฐานแต่ละด้าน พร้อมจำนวนข้อที่ต้องปรับปรุง และจำนวนเด็กที่ผ่านเกณฑ์.xls","45","สำนักงานตำรวจแห่งชาติ","กองบัญชาการตำรวจตระเวนชายแดน","กองบังคับการตำรวจตระเวนชายแดนภาค 3","กองกำกับการตำรวจตระเวนชายแดนที่ 33","","","","7250063315","รร.ตชด.ไลออนส์มหาจักร 9","27/06/2535","","0",""
"2564","8. 2564 REP004-IMPROVEMENT 12 - ตารางสรุปรายงานมาตรฐานแต่ละด้าน พร้อมจำนวนข้อที่ต้องปรับปรุง และจำนวนเด็กที่ผ่านเกณฑ์.xls","46","สำนักงานตำรวจแห่งชาติ","กองบัญชาการตำรวจตระเวนชายแดน","กองบังคับการตำรวจตระเวนชายแดนภาค 3","กองกำกับการตำรวจตระเวนชายแดนที่ 33","","","","7250093302","รร.ตชด.อาโอยาม่า","10/01/2510","1.2.3,1.3.8,3.1.3ข,3.6.1ข","4","1.2.3,1.3.8,3.1.3,3.6.1"
"2564","8. 2564 REP004-IMPROVEMENT 12 - ตารางสรุปรายงานมาตรฐานแต่ละด้าน พร้อมจำนวนข้อที่ต้องปรับปรุง และจำนวนเด็กที่ผ่านเกณฑ์.xls","47","สำนักงานตำรวจแห่งชาติ","กองบัญชาการตำรวจตระเวนชายแดน","กองบังคับการตำรวจตระเวนชายแดนภาค 3","กองกำกับการตำรวจตระเวนชายแดนที่ 33","","","","7250103301","รร.ตชด.เฮียงไทยธำรงค์","11/01/2505","1.2.3,1.3.4,1.3.5,1.3.6,2.1.2,3.6.1ข","6","1.2.3,1.3.4,1.3.5,1.3.6,2.1.2,3.6.1"
"2564","8. 2564 REP004-IMPROVEMENT 12 - ตารางสรุปรายงานมาตรฐานแต่ละด้าน พร้อมจำนวนข้อที่ต้องปรับปรุง และจำนวนเด็กที่ผ่านเกณฑ์.xls","48","สำนักงานตำรวจแห่งชาติ","กองบัญชาการตำรวจตระเวนชายแดน","กองบังคับการตำรวจตระเวนชายแดนภาค 3","กองกำกับการตำรวจตระเวนชายแดนที่ 33","","","","7250103307","รร.ตชด.ทุติยะโพธิ์อนุสรณ์","14/06/2514","1.2.2","1","1.2.2"
"2564","8. 2564 REP004-IMPROVEMENT 12 - ตารางสรุปรายงานมาตรฐานแต่ละด้าน พร้อมจำนวนข้อที่ต้องปรับปรุง และจำนวนเด็กที่ผ่านเกณฑ์.xls","49","สำนักงานตำรวจแห่งชาติ","กองบัญชาการตำรวจตระเวนชายแดน","กองบังคับการตำรวจตระเวนชายแดนภาค 3","กองกำกับการตำรวจตระเวนชายแดนที่ 33","","","","7250113304","รร.ตชด.เจ้าพ่อหลวงอุปถัมภ์ 2","01/12/2508","","0",""
"2564","8. 2564 REP004-IMPROVEMENT 12 - ตารางสรุปรายงานมาตรฐานแต่ละด้าน พร้อมจำนวนข้อที่ต้องปรับปรุง และจำนวนเด็กที่ผ่านเกณฑ์.xls","50","สำนักงานตำรวจแห่งชาติ","กองบัญชาการตำรวจตระเวนชายแดน","กองบังคับการตำรวจตระเวนชายแดนภาค 3","กองกำกับการตำรวจตระเวนชายแดนที่ 33","","","","7250183318","รร.ตชด.รางวัลอินทิรา  คานธี","20/04/2555","","0",""
"2564","8. 2564 REP004-IMPROVEMENT 12 - ตารางสรุปรายงานมาตรฐานแต่ละด้าน พร้อมจำนวนข้อที่ต้องปรับปรุง และจำนวนเด็กที่ผ่านเกณฑ์.xls","51","สำนักงานตำรวจแห่งชาติ","กองบัญชาการตำรวจตระเวนชายแดน","กองบังคับการตำรวจตระเวนชายแดนภาค 3","กองกำกับการตำรวจตระเวนชายแดนที่ 33","","","","7250183326","รร.ตชด.บางกอก เชฟ แชร์ริตี้","18/05/2558","","0",""
"2564","8. 2564 REP004-IMPROVEMENT 12 - ตารางสรุปรายงานมาตรฐานแต่ละด้าน พร้อมจำนวนข้อที่ต้องปรับปรุง และจำนวนเด็กที่ผ่านเกณฑ์.xls","52","สำนักงานตำรวจแห่งชาติ","กองบัญชาการตำรวจตระเวนชายแดน","กองบังคับการตำรวจตระเวนชายแดนภาค 3","กองกำกับการตำรวจตระเวนชายแดนที่ 33","","","","7250283334","ศกร.ตชด.บ้านนามะอื้น","16/05/2562","1.4.2,1.4.5,1.4.6,1.5.4,3.1.3ข,3.6.2ข","6","1.4.2,1.4.5,1.4.6,1.5.4,3.1.3,3.6.2"
"2564","8. 2564 REP004-IMPROVEMENT 12 - ตารางสรุปรายงานมาตรฐานแต่ละด้าน พร้อมจำนวนข้อที่ต้องปรับปรุง และจำนวนเด็กที่ผ่านเกณฑ์.xls","53","สำนักงานตำรวจแห่งชาติ","กองบัญชาการตำรวจตระเวนชายแดน","กองบังคับการตำรวจตระเวนชายแดนภาค 3","กองกำกับการตำรวจตระเวนชายแดนที่ 31","","","","7253063101","รร.ตชด.บุญธรรม-บุญพรั้ง","01/05/2501","","0",""
"2564","8. 2564 REP004-IMPROVEMENT 12 - ตารางสรุปรายงานมาตรฐานแต่ละด้าน พร้อมจำนวนข้อที่ต้องปรับปรุง และจำนวนเด็กที่ผ่านเกณฑ์.xls","54","สำนักงานตำรวจแห่งชาติ","กองบัญชาการตำรวจตระเวนชายแดน","กองบังคับการตำรวจตระเวนชายแดนภาค 3","กองกำกับการตำรวจตระเวนชายแดนที่ 31","","","","7253063105","รร.ตชด.ยอดโพธิ์ทอง 1","01/08/2529","","0",""
"2564","8. 2564 REP004-IMPROVEMENT 12 - ตารางสรุปรายงานมาตรฐานแต่ละด้าน พร้อมจำนวนข้อที่ต้องปรับปรุง และจำนวนเด็กที่ผ่านเกณฑ์.xls","55","สำนักงานตำรวจแห่งชาติ","กองบัญชาการตำรวจตระเวนชายแดน","กองบังคับการตำรวจตระเวนชายแดนภาค 3","กองกำกับการตำรวจตระเวนชายแดนที่ 32","","","","7255013224","ศกร.ตชด.บ้านห้วยลู่","24/01/2563","1.2.3","1","1.2.3"
"2564","8. 2564 REP004-IMPROVEMENT 12 - ตารางสรุปรายงานมาตรฐานแต่ละด้าน พร้อมจำนวนข้อที่ต้องปรับปรุง และจำนวนเด็กที่ผ่านเกณฑ์.xls","56","สำนักงานตำรวจแห่งชาติ","กองบัญชาการตำรวจตระเวนชายแดน","กองบังคับการตำรวจตระเวนชายแดนภาค 3","กองกำกับการตำรวจตระเวนชายแดนที่ 32","","","","7255023216","รร.ตชด.พีระยานุเคราะห์ฯ 3","26/01/2538","1.2.3","1","1.2.3"
"2564","8. 2564 REP004-IMPROVEMENT 12 - ตารางสรุปรายงานมาตรฐานแต่ละด้าน พร้อมจำนวนข้อที่ต้องปรับปรุง และจำนวนเด็กที่ผ่านเกณฑ์.xls","57","สำนักงานตำรวจแห่งชาติ","กองบัญชาการตำรวจตระเวนชายแดน","กองบังคับการตำรวจตระเวนชายแดนภาค 3","กองกำกับการตำรวจตระเวนชายแดนที่ 32","","","","7255123217","รร.ตชด.เฉลิมฉลอง 100 ปีฯ","","","0",""
"2564","8. 2564 REP004-IMPROVEMENT 12 - ตารางสรุปรายงานมาตรฐานแต่ละด้าน พร้อมจำนวนข้อที่ต้องปรับปรุง และจำนวนเด็กที่ผ่านเกณฑ์.xls","58","สำนักงานตำรวจแห่งชาติ","กองบัญชาการตำรวจตระเวนชายแดน","กองบังคับการตำรวจตระเวนชายแดนภาค 3","กองกำกับการตำรวจตระเวนชายแดนที่ 32","","","","7256063211","รร.ตชด.เบ็ตตี้ดูเมน","12/01/2528","","0",""
"2564","8. 2564 REP004-IMPROVEMENT 12 - ตารางสรุปรายงานมาตรฐานแต่ละด้าน พร้อมจำนวนข้อที่ต้องปรับปรุง และจำนวนเด็กที่ผ่านเกณฑ์.xls","59","สำนักงานตำรวจแห่งชาติ","กองบัญชาการตำรวจตระเวนชายแดน","กองบังคับการตำรวจตระเวนชายแดนภาค 3","กองกำกับการตำรวจตระเวนชายแดนที่ 32","","","","7256113223","ศกร.ตชด.อินทรีอาสา (บ้านห้วยปุ้ม)","10/02/2561","3.1.3ข","1","3.1.3"
"2564","8. 2564 REP004-IMPROVEMENT 12 - ตารางสรุปรายงานมาตรฐานแต่ละด้าน พร้อมจำนวนข้อที่ต้องปรับปรุง และจำนวนเด็กที่ผ่านเกณฑ์.xls","60","สำนักงานตำรวจแห่งชาติ","กองบัญชาการตำรวจตระเวนชายแดน","กองบังคับการตำรวจตระเวนชายแดนภาค 3","กองกำกับการตำรวจตระเวนชายแดนที่ 32","","","","7257013213","รร.ตชด.เทคนิคดุสิต","14/06/2564","","0",""
"2564","8. 2564 REP004-IMPROVEMENT 12 - ตารางสรุปรายงานมาตรฐานแต่ละด้าน พร้อมจำนวนข้อที่ต้องปรับปรุง และจำนวนเด็กที่ผ่านเกณฑ์.xls","61","สำนักงานตำรวจแห่งชาติ","กองบัญชาการตำรวจตระเวนชายแดน","กองบังคับการตำรวจตระเวนชายแดนภาค 3","กองกำกับการตำรวจตระเวนชายแดนที่ 32","","","","7257103201","รร.ตชด.บ้านดอยล้าน *","01/10/2503","","0",""
"2564","8. 2564 REP004-IMPROVEMENT 12 - ตารางสรุปรายงานมาตรฐานแต่ละด้าน พร้อมจำนวนข้อที่ต้องปรับปรุง และจำนวนเด็กที่ผ่านเกณฑ์.xls","62","สำนักงานตำรวจแห่งชาติ","กองบัญชาการตำรวจตระเวนชายแดน","กองบังคับการตำรวจตระเวนชายแดนภาค 3","กองกำกับการตำรวจตระเวนชายแดนที่ 32","","","","7257153208","รร.ตชด.เจ้าพ่อหลวงอุปถัมภ์ 4 *","01/01/2508","3.1.3ข","1","3.1.3"
"2564","8. 2564 REP004-IMPROVEMENT 12 - ตารางสรุปรายงานมาตรฐานแต่ละด้าน พร้อมจำนวนข้อที่ต้องปรับปรุง และจำนวนเด็กที่ผ่านเกณฑ์.xls","63","สำนักงานตำรวจแห่งชาติ","กองบัญชาการตำรวจตระเวนชายแดน","กองบังคับการตำรวจตระเวนชายแดนภาค 3","กองกำกับการตำรวจตระเวนชายแดนที่ 32","","","","7257153210","รร.ตชด.บำรุงที่ 112 *","07/07/2564","1.2.3","1","1.2.3"
"2564","8. 2564 REP004-IMPROVEMENT 12 - ตารางสรุปรายงานมาตรฐานแต่ละด้าน พร้อมจำนวนข้อที่ต้องปรับปรุง และจำนวนเด็กที่ผ่านเกณฑ์.xls","64","สำนักงานตำรวจแห่งชาติ","กองบัญชาการตำรวจตระเวนชายแดน","กองบังคับการตำรวจตระเวนชายแดนภาค 3","กองกำกับการตำรวจตระเวนชายแดนที่ 33","","","","7258013323","ศกร.ตชด.บ้านดอยแสง","16/05/2558","","0",""
"2564","8. 2564 REP004-IMPROVEMENT 12 - ตารางสรุปรายงานมาตรฐานแต่ละด้าน พร้อมจำนวนข้อที่ต้องปรับปรุง และจำนวนเด็กที่ผ่านเกณฑ์.xls","65","สำนักงานตำรวจแห่งชาติ","กองบัญชาการตำรวจตระเวนชายแดน","กองบังคับการตำรวจตระเวนชายแดนภาค 3","กองกำกับการตำรวจตระเวนชายแดนที่ 33","","","","7258023328","ศกร.ตชด.บ้านห้วยโปงเลา","24/11/2559","","0",""
"2564","8. 2564 REP004-IMPROVEMENT 12 - ตารางสรุปรายงานมาตรฐานแต่ละด้าน พร้อมจำนวนข้อที่ต้องปรับปรุง และจำนวนเด็กที่ผ่านเกณฑ์.xls","66","สำนักงานตำรวจแห่งชาติ","กองบัญชาการตำรวจตระเวนชายแดน","กองบังคับการตำรวจตระเวนชายแดนภาค 3","กองกำกับการตำรวจตระเวนชายแดนที่ 33","","","","7258043320","ศกร.ตชด.บ้านโกแประ","15/05/2551","","0",""
"2564","8. 2564 REP004-IMPROVEMENT 12 - ตารางสรุปรายงานมาตรฐานแต่ละด้าน พร้อมจำนวนข้อที่ต้องปรับปรุง และจำนวนเด็กที่ผ่านเกณฑ์.xls","67","สำนักงานตำรวจแห่งชาติ","กองบัญชาการตำรวจตระเวนชายแดน","กองบังคับการตำรวจตระเวนชายแดนภาค 3","กองกำกับการตำรวจตระเวนชายแดนที่ 33","","","","7258043321","ศกร.ตชด.บ้านปอหมื้อ","17/05/2565","","0",""
"2564","8. 2564 REP004-IMPROVEMENT 12 - ตารางสรุปรายงานมาตรฐานแต่ละด้าน พร้อมจำนวนข้อที่ต้องปรับปรุง และจำนวนเด็กที่ผ่านเกณฑ์.xls","68","สำนักงานตำรวจแห่งชาติ","กองบัญชาการตำรวจตระเวนชายแดน","กองบังคับการตำรวจตระเวนชายแดนภาค 3","กองกำกับการตำรวจตระเวนชายแดนที่ 33","","","","7258043322","รร.ตชด.๙๐๕","16/05/2569","","0",""
"2564","8. 2564 REP004-IMPROVEMENT 12 - ตารางสรุปรายงานมาตรฐานแต่ละด้าน พร้อมจำนวนข้อที่ต้องปรับปรุง และจำนวนเด็กที่ผ่านเกณฑ์.xls","69","สำนักงานตำรวจแห่งชาติ","กองบัญชาการตำรวจตระเวนชายแดน","กองบังคับการตำรวจตระเวนชายแดนภาค 3","กองกำกับการตำรวจตระเวนชายแดนที่ 33","","","","7258043327","ศกร.ตชด.บ้านแม่เหลอ","30/07/2564","1.2.3","1","1.2.3"
"2564","8. 2564 REP004-IMPROVEMENT 12 - ตารางสรุปรายงานมาตรฐานแต่ละด้าน พร้อมจำนวนข้อที่ต้องปรับปรุง และจำนวนเด็กที่ผ่านเกณฑ์.xls","70","สำนักงานตำรวจแห่งชาติ","กองบัญชาการตำรวจตระเวนชายแดน","กองบังคับการตำรวจตระเวนชายแดนภาค 3","กองกำกับการตำรวจตระเวนชายแดนที่ 33","","","","7258053309","รร.ตชด.บ้านตุน","30/07/2564","1.2.3","1","1.2.3"
"2564","8. 2564 REP004-IMPROVEMENT 12 - ตารางสรุปรายงานมาตรฐานแต่ละด้าน พร้อมจำนวนข้อที่ต้องปรับปรุง และจำนวนเด็กที่ผ่านเกณฑ์.xls","71","สำนักงานตำรวจแห่งชาติ","กองบัญชาการตำรวจตระเวนชายแดน","กองบังคับการตำรวจตระเวนชายแดนภาค 3","กองกำกับการตำรวจตระเวนชายแดนที่ 33","","","","7258063329","ศกร.ตชด.บ้านห้วยมะโอ","","1.2.3","1","1.2.3"
"2564","8. 2564 REP004-IMPROVEMENT 12 - ตารางสรุปรายงานมาตรฐานแต่ละด้าน พร้อมจำนวนข้อที่ต้องปรับปรุง และจำนวนเด็กที่ผ่านเกณฑ์.xls","72","สำนักงานตำรวจแห่งชาติ","กองบัญชาการตำรวจตระเวนชายแดน","กองบังคับการตำรวจตระเวนชายแดนภาค 3","กองกำกับการตำรวจตระเวนชายแดนที่ 33","","","","7258073305","รร.ตชด.ชมรมอนุรักษ์พุทธศิลปไทยอนุสรณ์","","1.2.3","1","1.2.3"
"2564","8. 2564 REP004-IMPROVEMENT 12 - ตารางสรุปรายงานมาตรฐานแต่ละด้าน พร้อมจำนวนข้อที่ต้องปรับปรุง และจำนวนเด็กที่ผ่านเกณฑ์.xls","73","สำนักงานตำรวจแห่งชาติ","กองบัญชาการตำรวจตระเวนชายแดน","กองบังคับการตำรวจตระเวนชายแดนภาค 3","กองกำกับการตำรวจตระเวนชายแดนที่ 33","","","","7258073313","รร.ตชด.ชมรมอนุรักษ์พุทธศิลปไทยอนุสรณ์ 2","04/04/2534","","0",""
"2564","8. 2564 REP004-IMPROVEMENT 12 - ตารางสรุปรายงานมาตรฐานแต่ละด้าน พร้อมจำนวนข้อที่ต้องปรับปรุง และจำนวนเด็กที่ผ่านเกณฑ์.xls","74","สำนักงานตำรวจแห่งชาติ","กองบัญชาการตำรวจตระเวนชายแดน","กองบังคับการตำรวจตระเวนชายแดนภาค 3","กองกำกับการตำรวจตระเวนชายแดนที่ 33","","","","7258133330","ศกร.ตชด.พลเอก อรชุน พิบูลนครินทร์","01/05/2559","2.1.1,2.1.2,2.1.3,2.1.4,2.1.5,2.2.1,2.2.2,2.2.3,2.2.4,2.2.5,2.3.1,2.3.2,2.3.3,2.3.4,2.3.5,2.4.1,2.4.2,2.4.3,2.5.1,2.5.2,3.1.1ข,3.1.2ข,3.1.3ข,3.2.1ข,3.3.1ข,3.3.2ข,3.4.1ข,3.4.2ข,3.4.3ข,3.5.1ข,3.5.2ข,3.5.3ข,3.5.4ข,3.5.5ข,3.6.1ข,3.6.2ข,3.6.3ข,3.6.4ข,3.7.1ข,3.7.2ข,3.7.3ข,3.7.4ข","42","2.1.1,2.1.2,2.1.3,2.1.4,2.1.5,2.2.1,2.2.2,2.2.3,2.2.4,2.2.5,2.3.1,2.3.2,2.3.3,2.3.4,2.3.5,2.4.1,2.4.2,2.4.3,2.5.1,2.5.2,3.1.1,3.1.2,3.1.3,3.2.1,3.3.1,3.3.2,3.4.1,3.4.2,3.4.3,3.5.1,3.5.2,3.5.3,3.5.4,3.5.5,3.6.1,3.6.2,3.6.3,3.6.4,3.7.1,3.7.2,3.7.3,3.7.4"
"2564","8. 2564 REP004-IMPROVEMENT 12 - ตารางสรุปรายงานมาตรฐานแต่ละด้าน พร้อมจำนวนข้อที่ต้องปรับปรุง และจำนวนเด็กที่ผ่านเกณฑ์.xls","75","สำนักงานตำรวจแห่งชาติ","กองบัญชาการตำรวจตระเวนชายแดน","กองบังคับการตำรวจตระเวนชายแดนภาค 3","กองกำกับการตำรวจตระเวนชายแดนที่ 33","","","","7258153331","รร.ตชด.บำรุงที่ 114","16/05/2559","1.2.3,3.1.3ข,3.5.3ข,3.6.2ข,3.6.4ข","5","1.2.3,3.1.3,3.5.3,3.6.2,3.6.4"
"2564","8. 2564 REP004-IMPROVEMENT 12 - ตารางสรุปรายงานมาตรฐานแต่ละด้าน พร้อมจำนวนข้อที่ต้องปรับปรุง และจำนวนเด็กที่ผ่านเกณฑ์.xls","76","สำนักงานตำรวจแห่งชาติ","กองบัญชาการตำรวจตระเวนชายแดน","กองบังคับการตำรวจตระเวนชายแดนภาค 3","กองกำกับการตำรวจตระเวนชายแดนที่ 34","","","","7263043420","ศกร.ตชด.บ้านทีวะเบยทะ *","16/05/2545","1.3.8,3.6.4ข","2","1.3.8,3.6.4"
"2564","8. 2564 REP004-IMPROVEMENT 12 - ตารางสรุปรายงานมาตรฐานแต่ละด้าน พร้อมจำนวนข้อที่ต้องปรับปรุง และจำนวนเด็กที่ผ่านเกณฑ์.xls","77","สำนักงานตำรวจแห่งชาติ","กองบัญชาการตำรวจตระเวนชายแดน","กองบังคับการตำรวจตระเวนชายแดนภาค 3","กองกำกับการตำรวจตระเวนชายแดนที่ 34","","","","7263043421","ศกร.ตชด.บ้านวะกะเลโค๊ะ *(เอ็ม เอส ไอ จี อุปถัมภ์)","16/05/2546","1.2.3","1","1.2.3"
"2564","8. 2564 REP004-IMPROVEMENT 12 - ตารางสรุปรายงานมาตรฐานแต่ละด้าน พร้อมจำนวนข้อที่ต้องปรับปรุง และจำนวนเด็กที่ผ่านเกณฑ์.xls","78","สำนักงานตำรวจแห่งชาติ","กองบัญชาการตำรวจตระเวนชายแดน","กองบังคับการตำรวจตระเวนชายแดนภาค 3","กองกำกับการตำรวจตระเวนชายแดนที่ 34","","","","7263043422","ศกร.ตชด.บ้านเลผะสุคี *","16/05/2546","","0",""
"2564","8. 2564 REP004-IMPROVEMENT 12 - ตารางสรุปรายงานมาตรฐานแต่ละด้าน พร้อมจำนวนข้อที่ต้องปรับปรุง และจำนวนเด็กที่ผ่านเกณฑ์.xls","79","สำนักงานตำรวจแห่งชาติ","กองบัญชาการตำรวจตระเวนชายแดน","กองบังคับการตำรวจตระเวนชายแดนภาค 3","กองกำกับการตำรวจตระเวนชายแดนที่ 34","","","","7263053402","รร.ตชด.จุฬา - ธรรมศาสตร์ 3","07/09/2515","","0",""
"2564","8. 2564 REP004-IMPROVEMENT 12 - ตารางสรุปรายงานมาตรฐานแต่ละด้าน พร้อมจำนวนข้อที่ต้องปรับปรุง และจำนวนเด็กที่ผ่านเกณฑ์.xls","80","สำนักงานตำรวจแห่งชาติ","กองบัญชาการตำรวจตระเวนชายแดน","กองบังคับการตำรวจตระเวนชายแดนภาค 3","กองกำกับการตำรวจตระเวนชายแดนที่ 34","","","","7263053404","รร.ตชด.เทคนิคอาสา 1","15/03/2528","1.2.3,1.4.6","2","1.2.3,1.4.6"
"2564","8. 2564 REP004-IMPROVEMENT 12 - ตารางสรุปรายงานมาตรฐานแต่ละด้าน พร้อมจำนวนข้อที่ต้องปรับปรุง และจำนวนเด็กที่ผ่านเกณฑ์.xls","81","สำนักงานตำรวจแห่งชาติ","กองบัญชาการตำรวจตระเวนชายแดน","กองบังคับการตำรวจตระเวนชายแดนภาค 3","กองกำกับการตำรวจตระเวนชายแดนที่ 34","","","","7263053409","รร.ตชด.บ้านกามาผาโด้","16/05/2526","","0",""
"2564","8. 2564 REP004-IMPROVEMENT 12 - ตารางสรุปรายงานมาตรฐานแต่ละด้าน พร้อมจำนวนข้อที่ต้องปรับปรุง และจำนวนเด็กที่ผ่านเกณฑ์.xls","82","สำนักงานตำรวจแห่งชาติ","กองบัญชาการตำรวจตระเวนชายแดน","กองบังคับการตำรวจตระเวนชายแดนภาค 3","กองกำกับการตำรวจตระเวนชายแดนที่ 34","","","","7263053414","ศกร.ตชด.บ้านแม่อมยะ *","02/04/2545","1.2.3,1.2.4,1.4.6","3","1.2.3,1.2.4,1.4.6"
"2564","8. 2564 REP004-IMPROVEMENT 12 - ตารางสรุปรายงานมาตรฐานแต่ละด้าน พร้อมจำนวนข้อที่ต้องปรับปรุง และจำนวนเด็กที่ผ่านเกณฑ์.xls","83","สำนักงานตำรวจแห่งชาติ","กองบัญชาการตำรวจตระเวนชายแดน","กองบังคับการตำรวจตระเวนชายแดนภาค 3","กองกำกับการตำรวจตระเวนชายแดนที่ 34","","","","7263053415","ศกร.ตชด.บ้านแม่ละนา *","16/05/2546","1.2.3,3.1.1ข","2","1.2.3,3.1.1"
"2564","8. 2564 REP004-IMPROVEMENT 12 - ตารางสรุปรายงานมาตรฐานแต่ละด้าน พร้อมจำนวนข้อที่ต้องปรับปรุง และจำนวนเด็กที่ผ่านเกณฑ์.xls","84","สำนักงานตำรวจแห่งชาติ","กองบัญชาการตำรวจตระเวนชายแดน","กองบังคับการตำรวจตระเวนชายแดนภาค 3","กองกำกับการตำรวจตระเวนชายแดนที่ 34","","","","7263053416","ศกร.ตชด.บ้านพอบือละคี *","16/05/2545","1.2.3,3.3.2ข,3.4.1ข,3.4.2ข,3.4.3ข,3.5.1ข,3.5.2ข,3.5.3ข,3.5.4ข,3.5.5ข,3.6.1ข,3.6.2ข,3.6.3ข,3.6.4ข,3.7.1ข,3.7.2ข,3.7.3ข,3.7.4ข","18","1.2.3,3.3.2,3.4.1,3.4.2,3.4.3,3.5.1,3.5.2,3.5.3,3.5.4,3.5.5,3.6.1,3.6.2,3.6.3,3.6.4,3.7.1,3.7.2,3.7.3,3.7.4"
"2564","8. 2564 REP004-IMPROVEMENT 12 - ตารางสรุปรายงานมาตรฐานแต่ละด้าน พร้อมจำนวนข้อที่ต้องปรับปรุง และจำนวนเด็กที่ผ่านเกณฑ์.xls","85","สำนักงานตำรวจแห่งชาติ","กองบัญชาการตำรวจตระเวนชายแดน","กองบังคับการตำรวจตระเวนชายแดนภาค 3","กองกำกับการตำรวจตระเวนชายแดนที่ 34","","","","7263053417","ศกร.ตชด.บ้านแม่หละคี *","08/02/2566","","0",""
"2564","8. 2564 REP004-IMPROVEMENT 12 - ตารางสรุปรายงานมาตรฐานแต่ละด้าน พร้อมจำนวนข้อที่ต้องปรับปรุง และจำนวนเด็กที่ผ่านเกณฑ์.xls","86","สำนักงานตำรวจแห่งชาติ","กองบัญชาการตำรวจตระเวนชายแดน","กองบังคับการตำรวจตระเวนชายแดนภาค 3","กองกำกับการตำรวจตระเวนชายแดนที่ 34","","","","7263053418","ศกร.ตชด.บ้านคะเนจือทะ *","16/07/2545","1.2.3,1.3.2,1.3.6","3","1.2.3,1.3.2,1.3.6"
"2564","8. 2564 REP004-IMPROVEMENT 12 - ตารางสรุปรายงานมาตรฐานแต่ละด้าน พร้อมจำนวนข้อที่ต้องปรับปรุง และจำนวนเด็กที่ผ่านเกณฑ์.xls","87","สำนักงานตำรวจแห่งชาติ","กองบัญชาการตำรวจตระเวนชายแดน","กองบังคับการตำรวจตระเวนชายแดนภาค 3","กองกำกับการตำรวจตระเวนชายแดนที่ 34","","","","7263053424","ศกร.ตชด.บ้านตีนดอย *","30/01/2547","","0",""
"2564","8. 2564 REP004-IMPROVEMENT 12 - ตารางสรุปรายงานมาตรฐานแต่ละด้าน พร้อมจำนวนข้อที่ต้องปรับปรุง และจำนวนเด็กที่ผ่านเกณฑ์.xls","88","สำนักงานตำรวจแห่งชาติ","กองบัญชาการตำรวจตระเวนชายแดน","กองบังคับการตำรวจตระเวนชายแดนภาค 3","กองกำกับการตำรวจตระเวนชายแดนที่ 34","","","","7263063412","รร.ตชด.ท่านผู้หญิงทวี มณีนุตร","01/05/2541","1.2.3","1","1.2.3"
"2564","8. 2564 REP004-IMPROVEMENT 12 - ตารางสรุปรายงานมาตรฐานแต่ละด้าน พร้อมจำนวนข้อที่ต้องปรับปรุง และจำนวนเด็กที่ผ่านเกณฑ์.xls","89","สำนักงานตำรวจแห่งชาติ","กองบัญชาการตำรวจตระเวนชายแดน","กองบังคับการตำรวจตระเวนชายแดนภาค 3","กองกำกับการตำรวจตระเวนชายแดนที่ 34","","","","7263063425","รร.ตชด.ศาสตราจารย์สำเภา-ไพวรรณ วรางกูร","16/05/2557","","0",""
"2564","8. 2564 REP004-IMPROVEMENT 12 - ตารางสรุปรายงานมาตรฐานแต่ละด้าน พร้อมจำนวนข้อที่ต้องปรับปรุง และจำนวนเด็กที่ผ่านเกณฑ์.xls","90","สำนักงานตำรวจแห่งชาติ","กองบัญชาการตำรวจตระเวนชายแดน","กองบังคับการตำรวจตระเวนชายแดนภาค 3","กองกำกับการตำรวจตระเวนชายแดนที่ 34","","","","7263083405","รร.ตชด.บ้านแม่กลองคี","25/02/2528","","0",""
"2564","8. 2564 REP004-IMPROVEMENT 12 - ตารางสรุปรายงานมาตรฐานแต่ละด้าน พร้อมจำนวนข้อที่ต้องปรับปรุง และจำนวนเด็กที่ผ่านเกณฑ์.xls","91","สำนักงานตำรวจแห่งชาติ","กองบัญชาการตำรวจตระเวนชายแดน","กองบังคับการตำรวจตระเวนชายแดนภาค 3","กองกำกับการตำรวจตระเวนชายแดนที่ 34","","","","7263083407","รร.ตชด.บ้านเลตองคุ","18/06/2533","","0",""
"2564","8. 2564 REP004-IMPROVEMENT 12 - ตารางสรุปรายงานมาตรฐานแต่ละด้าน พร้อมจำนวนข้อที่ต้องปรับปรุง และจำนวนเด็กที่ผ่านเกณฑ์.xls","92","สำนักงานตำรวจแห่งชาติ","กองบัญชาการตำรวจตระเวนชายแดน","กองบังคับการตำรวจตระเวนชายแดนภาค 3","กองกำกับการตำรวจตระเวนชายแดนที่ 34","","","","7263083408","รร.ตชด.บ้านแม่จันทะ","19/07/2539","1.2.3","1","1.2.3"
"2564","8. 2564 REP004-IMPROVEMENT 12 - ตารางสรุปรายงานมาตรฐานแต่ละด้าน พร้อมจำนวนข้อที่ต้องปรับปรุง และจำนวนเด็กที่ผ่านเกณฑ์.xls","93","สำนักงานตำรวจแห่งชาติ","กองบัญชาการตำรวจตระเวนชายแดน","กองบังคับการตำรวจตระเวนชายแดนภาค 3","กองกำกับการตำรวจตระเวนชายแดนที่ 31","","","","7265023104","รร.ตชด.อาทรอุทิศ","18/08/2522","","0",""
"2564","8. 2564 REP004-IMPROVEMENT 12 - ตารางสรุปรายงานมาตรฐานแต่ละด้าน พร้อมจำนวนข้อที่ต้องปรับปรุง และจำนวนเด็กที่ผ่านเกณฑ์.xls","94","สำนักงานตำรวจแห่งชาติ","กองบัญชาการตำรวจตระเวนชายแดน","กองบังคับการตำรวจตระเวนชายแดนภาค 3","กองกำกับการตำรวจตระเวนชายแดนที่ 31","","","","7265033106","รร.ตชด.บ้านรักไทย","23/07/2534","","0",""
"2564","8. 2564 REP004-IMPROVEMENT 12 - ตารางสรุปรายงานมาตรฐานแต่ละด้าน พร้อมจำนวนข้อที่ต้องปรับปรุง และจำนวนเด็กที่ผ่านเกณฑ์.xls","95","สำนักงานตำรวจแห่งชาติ","กองบัญชาการตำรวจตระเวนชายแดน","กองบังคับการตำรวจตระเวนชายแดนภาค 3","กองกำกับการตำรวจตระเวนชายแดนที่ 31","","","","7265033107","รร.ตชด.บ้านนุชเทียน","15/07/2536","","0",""
"2564","8. 2564 REP004-IMPROVEMENT 12 - ตารางสรุปรายงานมาตรฐานแต่ละด้าน พร้อมจำนวนข้อที่ต้องปรับปรุง และจำนวนเด็กที่ผ่านเกณฑ์.xls","96","สำนักงานตำรวจแห่งชาติ","กองบัญชาการตำรวจตระเวนชายแดน","กองบังคับการตำรวจตระเวนชายแดนภาค 1","กองกำกับการตำรวจตระเวนชายแดนที่ 13","","","","7270031306","รร.ตชด.ตะโกปิดทอง","01/07/2563","1.2.2","1","1.2.2"
"2564","8. 2564 REP004-IMPROVEMENT 12 - ตารางสรุปรายงานมาตรฐานแต่ละด้าน พร้อมจำนวนข้อที่ต้องปรับปรุง และจำนวนเด็กที่ผ่านเกณฑ์.xls","97","สำนักงานตำรวจแห่งชาติ","กองบัญชาการตำรวจตระเวนชายแดน","กองบังคับการตำรวจตระเวนชายแดนภาค 1","กองกำกับการตำรวจตระเวนชายแดนที่ 13","","","","7270031309","รร.ตชด.บ้านถ้ำหิน","12/07/2564","3.1.3ข","1","3.1.3"
"2564","8. 2564 REP004-IMPROVEMENT 12 - ตารางสรุปรายงานมาตรฐานแต่ละด้าน พร้อมจำนวนข้อที่ต้องปรับปรุง และจำนวนเด็กที่ผ่านเกณฑ์.xls","98","สำนักงานตำรวจแห่งชาติ","กองบัญชาการตำรวจตระเวนชายแดน","กองบังคับการตำรวจตระเวนชายแดนภาค 1","กองกำกับการตำรวจตระเวนชายแดนที่ 13","","","","7271021305","รร.ตชด.บ้านแม่น้ำน้อย","26/01/2566","","0",""
"2564","8. 2564 REP004-IMPROVEMENT 12 - ตารางสรุปรายงานมาตรฐานแต่ละด้าน พร้อมจำนวนข้อที่ต้องปรับปรุง และจำนวนเด็กที่ผ่านเกณฑ์.xls","99","สำนักงานตำรวจแห่งชาติ","กองบัญชาการตำรวจตระเวนชายแดน","กองบังคับการตำรวจตระเวนชายแดนภาค 1","กองกำกับการตำรวจตระเวนชายแดนที่ 13","","","","7271021307","รร.ตชด.เฮงเค็ลไทย","23/05/2526","1.3.8","1","1.3.8"
"2564","8. 2564 REP004-IMPROVEMENT 12 - ตารางสรุปรายงานมาตรฐานแต่ละด้าน พร้อมจำนวนข้อที่ต้องปรับปรุง และจำนวนเด็กที่ผ่านเกณฑ์.xls","100","สำนักงานตำรวจแห่งชาติ","กองบัญชาการตำรวจตระเวนชายแดน","กองบังคับการตำรวจตระเวนชายแดนภาค 1","กองกำกับการตำรวจตระเวนชายแดนที่ 13","","","","7271021308","รร.ตชด.ต้นมะม่วง","13/03/2567","","0",""
"2564","8. 2564 REP004-IMPROVEMENT 12 - ตารางสรุปรายงานมาตรฐานแต่ละด้าน พร้อมจำนวนข้อที่ต้องปรับปรุง และจำนวนเด็กที่ผ่านเกณฑ์.xls","101","สำนักงานตำรวจแห่งชาติ","กองบัญชาการตำรวจตระเวนชายแดน","กองบังคับการตำรวจตระเวนชายแดนภาค 1","กองกำกับการตำรวจตระเวนชายแดนที่ 13","","","","7271021313","รร.ตชด.วัดสุธาสินี","06/07/2564","1.2.3","1","1.2.3"
"2564","8. 2564 REP004-IMPROVEMENT 12 - ตารางสรุปรายงานมาตรฐานแต่ละด้าน พร้อมจำนวนข้อที่ต้องปรับปรุง และจำนวนเด็กที่ผ่านเกณฑ์.xls","102","สำนักงานตำรวจแห่งชาติ","กองบัญชาการตำรวจตระเวนชายแดน","กองบังคับการตำรวจตระเวนชายแดนภาค 1","กองกำกับการตำรวจตระเวนชายแดนที่ 13","","","","7271041303","รร.ตชด.มิตรมวลชน 2","17/05/2553","","0",""
"2564","8. 2564 REP004-IMPROVEMENT 12 - ตารางสรุปรายงานมาตรฐานแต่ละด้าน พร้อมจำนวนข้อที่ต้องปรับปรุง และจำนวนเด็กที่ผ่านเกณฑ์.xls","103","สำนักงานตำรวจแห่งชาติ","กองบัญชาการตำรวจตระเวนชายแดน","กองบังคับการตำรวจตระเวนชายแดนภาค 1","กองกำกับการตำรวจตระเวนชายแดนที่ 13","","","","7271041316","ศูนย์การเรียนตำรวจตระเวนชายแดนปูนอินทรี-มูลนิธิกรุงศรี(บ้านไกรเกรียง)","15/05/2560","1.3.1,1.5.4","2","1.3.1,1.5.4"
"2564","8. 2564 REP004-IMPROVEMENT 12 - ตารางสรุปรายงานมาตรฐานแต่ละด้าน พร้อมจำนวนข้อที่ต้องปรับปรุง และจำนวนเด็กที่ผ่านเกณฑ์.xls","104","สำนักงานตำรวจแห่งชาติ","กองบัญชาการตำรวจตระเวนชายแดน","กองบังคับการตำรวจตระเวนชายแดนภาค 1","กองกำกับการตำรวจตระเวนชายแดนที่ 13","","","","7271071304","รร.ตชด.วิจิตรวิทยาคาร","11/04/2569","1.2.3,1.3.5,1.5.2,3.1.3ข","4","1.2.3,1.3.5,1.5.2,3.1.3"
"2564","8. 2564 REP004-IMPROVEMENT 12 - ตารางสรุปรายงานมาตรฐานแต่ละด้าน พร้อมจำนวนข้อที่ต้องปรับปรุง และจำนวนเด็กที่ผ่านเกณฑ์.xls","105","สำนักงานตำรวจแห่งชาติ","กองบัญชาการตำรวจตระเวนชายแดน","กองบังคับการตำรวจตระเวนชายแดนภาค 1","กองกำกับการตำรวจตระเวนชายแดนที่ 13","","","","7271071312","รร.ตชด.บ้านปิล๊อกคี่","","1.1.1,1.1.2,1.1.3,1.2.1,1.2.2,1.2.3,1.2.4,1.3.1,1.3.2,1.3.3,1.3.4,1.3.5,1.3.6,1.3.7,1.3.8,1.4.1,1.4.2,1.4.3,1.4.4,1.4.5,1.4.6,1.4.7,1.5.1,1.5.2,1.5.3,1.5.4,2.1.1,2.1.2,2.1.3,2.1.4,2.1.5,2.2.1,2.2.2,2.2.3,2.2.4,2.2.5,2.3.1,2.3.2,2.3.3,2.3.4,2.3.5,2.4.1,2.4.2,2.4.3,2.5.1,2.5.2,3.1.1ข,3.1.2ข,3.1.3ข,3.2.1ข,3.3.1ข,3.3.2ข,3.4.1ข,3.4.2ข,3.4.3ข,3.5.1ข,3.5.2ข,3.5.3ข,3.5.4ข,3.5.5ข,3.6.1ข,3.6.2ข,3.6.3ข,3.6.4ข,3.7.1ข,3.7.2ข,3.7.3ข,3.7.4ข","68","1.1.1,1.1.2,1.1.3,1.2.1,1.2.2,1.2.3,1.2.4,1.3.1,1.3.2,1.3.3,1.3.4,1.3.5,1.3.6,1.3.7,1.3.8,1.4.1,1.4.2,1.4.3,1.4.4,1.4.5,1.4.6,1.4.7,1.5.1,1.5.2,1.5.3,1.5.4,2.1.1,2.1.2,2.1.3,2.1.4,2.1.5,2.2.1,2.2.2,2.2.3,2.2.4,2.2.5,2.3.1,2.3.2,2.3.3,2.3.4,2.3.5,2.4.1,2.4.2,2.4.3,2.5.1,2.5.2,3.1.1,3.1.2,3.1.3,3.2.1,3.3.1,3.3.2,3.4.1,3.4.2,3.4.3,3.5.1,3.5.2,3.5.3,3.5.4,3.5.5,3.6.1,3.6.2,3.6.3,3.6.4,3.7.1,3.7.2,3.7.3,3.7.4"
"2564","8. 2564 REP004-IMPROVEMENT 12 - ตารางสรุปรายงานมาตรฐานแต่ละด้าน พร้อมจำนวนข้อที่ต้องปรับปรุง และจำนวนเด็กที่ผ่านเกณฑ์.xls","106","สำนักงานตำรวจแห่งชาติ","กองบัญชาการตำรวจตระเวนชายแดน","กองบังคับการตำรวจตระเวนชายแดนภาค 1","กองกำกับการตำรวจตระเวนชายแดนที่ 13","","","","7271081301","รร.ตชด.สหธนาคารกรุงเทพ","26/08/2513","","0",""
"2564","8. 2564 REP004-IMPROVEMENT 12 - ตารางสรุปรายงานมาตรฐานแต่ละด้าน พร้อมจำนวนข้อที่ต้องปรับปรุง และจำนวนเด็กที่ผ่านเกณฑ์.xls","107","สำนักงานตำรวจแห่งชาติ","กองบัญชาการตำรวจตระเวนชายแดน","กองบังคับการตำรวจตระเวนชายแดนภาค 1","กองกำกับการตำรวจตระเวนชายแดนที่ 13","","","","7271081310","รร.ตชด.บ้านเรดาร์ *","15/07/2564","1.3.5,1.3.8,3.1.1ข,3.1.3ข,3.3.2ข,3.5.3ข,3.5.5ข,3.6.1ข","8","1.3.5,1.3.8,3.1.1,3.1.3,3.3.2,3.5.3,3.5.5,3.6.1"
"2564","8. 2564 REP004-IMPROVEMENT 12 - ตารางสรุปรายงานมาตรฐานแต่ละด้าน พร้อมจำนวนข้อที่ต้องปรับปรุง และจำนวนเด็กที่ผ่านเกณฑ์.xls","108","สำนักงานตำรวจแห่งชาติ","กองบัญชาการตำรวจตระเวนชายแดน","กองบังคับการตำรวจตระเวนชายแดนภาค 1","กองกำกับการตำรวจตระเวนชายแดนที่ 13","","","","7271081311","รร.ตชด.บ้านทิไล่ป้า","19/05/2540","3.1.3ข,3.6.1ข,3.6.2ข,3.6.4ข","4","3.1.3,3.6.1,3.6.2,3.6.4"
"2564","8. 2564 REP004-IMPROVEMENT 12 - ตารางสรุปรายงานมาตรฐานแต่ละด้าน พร้อมจำนวนข้อที่ต้องปรับปรุง และจำนวนเด็กที่ผ่านเกณฑ์.xls","109","สำนักงานตำรวจแห่งชาติ","กองบัญชาการตำรวจตระเวนชายแดน","กองบังคับการตำรวจตระเวนชายแดนภาค 1","กองกำกับการตำรวจตระเวนชายแดนที่ 13","","","","7271081315","ศกร.ตชด.ท่านผู้หญิงมณีรัตน์ บุนนาค","","3.6.2ข,3.6.4ข","2","3.6.2,3.6.4"
"2564","8. 2564 REP004-IMPROVEMENT 12 - ตารางสรุปรายงานมาตรฐานแต่ละด้าน พร้อมจำนวนข้อที่ต้องปรับปรุง และจำนวนเด็กที่ผ่านเกณฑ์.xls","110","สำนักงานตำรวจแห่งชาติ","กองบัญชาการตำรวจตระเวนชายแดน","กองบังคับการตำรวจตระเวนชายแดนภาค 1","กองกำกับการตำรวจตระเวนชายแดนที่ 14","","","","7276081405","รร.ตชด.นเรศวรบ้านห้วยโสก","01/01/2528","","0",""
"2564","8. 2564 REP004-IMPROVEMENT 12 - ตารางสรุปรายงานมาตรฐานแต่ละด้าน พร้อมจำนวนข้อที่ต้องปรับปรุง และจำนวนเด็กที่ผ่านเกณฑ์.xls","111","สำนักงานตำรวจแห่งชาติ","กองบัญชาการตำรวจตระเวนชายแดน","กองบังคับการตำรวจตระเวนชายแดนภาค 1","กองกำกับการตำรวจตระเวนชายแดนที่ 14","","","","7276081406","รร.ตชด.บ้านโป่งลึก *","09/04/2564","1.2.3","1","1.2.3"
"2564","8. 2564 REP004-IMPROVEMENT 12 - ตารางสรุปรายงานมาตรฐานแต่ละด้าน พร้อมจำนวนข้อที่ต้องปรับปรุง และจำนวนเด็กที่ผ่านเกณฑ์.xls","112","สำนักงานตำรวจแห่งชาติ","กองบัญชาการตำรวจตระเวนชายแดน","กองบังคับการตำรวจตระเวนชายแดนภาค 1","กองกำกับการตำรวจตระเวนชายแดนที่ 14","","","","7276081412","ศกร.ตชด.อินทรีอาสา","01/07/2563","1.2.3","1","1.2.3"
"2564","8. 2564 REP004-IMPROVEMENT 12 - ตารางสรุปรายงานมาตรฐานแต่ละด้าน พร้อมจำนวนข้อที่ต้องปรับปรุง และจำนวนเด็กที่ผ่านเกณฑ์.xls","113","สำนักงานตำรวจแห่งชาติ","กองบัญชาการตำรวจตระเวนชายแดน","กองบังคับการตำรวจตระเวนชายแดนภาค 1","กองกำกับการตำรวจตระเวนชายแดนที่ 14","","","","7277021403","รร.ตชด.บ้านย่านซื่อ","23/07/2524","","0",""
"2564","8. 2564 REP004-IMPROVEMENT 12 - ตารางสรุปรายงานมาตรฐานแต่ละด้าน พร้อมจำนวนข้อที่ต้องปรับปรุง และจำนวนเด็กที่ผ่านเกณฑ์.xls","114","สำนักงานตำรวจแห่งชาติ","กองบัญชาการตำรวจตระเวนชายแดน","กองบังคับการตำรวจตระเวนชายแดนภาค 1","กองกำกับการตำรวจตระเวนชายแดนที่ 14","","","","7277051411","ศกร.ตชด.บ้านคีรีล้อม","16/05/2557","1.2.3,2.1.2","2","1.2.3,2.1.2"
"2564","8. 2564 REP004-IMPROVEMENT 12 - ตารางสรุปรายงานมาตรฐานแต่ละด้าน พร้อมจำนวนข้อที่ต้องปรับปรุง และจำนวนเด็กที่ผ่านเกณฑ์.xls","115","สำนักงานตำรวจแห่งชาติ","กองบัญชาการตำรวจตระเวนชายแดน","กองบังคับการตำรวจตระเวนชายแดนภาค 1","กองกำกับการตำรวจตระเวนชายแดนที่ 14","","","","7277061407","รร.ตชด.บ้านท่าวังหิน","22/05/2534","","0",""
"2564","8. 2564 REP004-IMPROVEMENT 12 - ตารางสรุปรายงานมาตรฐานแต่ละด้าน พร้อมจำนวนข้อที่ต้องปรับปรุง และจำนวนเด็กที่ผ่านเกณฑ์.xls","116","สำนักงานตำรวจแห่งชาติ","กองบัญชาการตำรวจตระเวนชายแดน","กองบังคับการตำรวจตระเวนชายแดนภาค 1","กองกำกับการตำรวจตระเวนชายแดนที่ 14","","","","7277071404","รร.ตชด.นเรศวรป่าละอู","13/10/2525","","0",""
"2564","8. 2564 REP004-IMPROVEMENT 12 - ตารางสรุปรายงานมาตรฐานแต่ละด้าน พร้อมจำนวนข้อที่ต้องปรับปรุง และจำนวนเด็กที่ผ่านเกณฑ์.xls","117","สำนักงานตำรวจแห่งชาติ","กองบัญชาการตำรวจตระเวนชายแดน","กองบังคับการตำรวจตระเวนชายแดนภาค 1","กองกำกับการตำรวจตระเวนชายแดนที่ 14","","","","7277071408","รร.ตชด.บ้านแพรกตะคร้อ","06/08/2563","","0",""
"2564","8. 2564 REP004-IMPROVEMENT 12 - ตารางสรุปรายงานมาตรฐานแต่ละด้าน พร้อมจำนวนข้อที่ต้องปรับปรุง และจำนวนเด็กที่ผ่านเกณฑ์.xls","118","สำนักงานตำรวจแห่งชาติ","กองบัญชาการตำรวจตระเวนชายแดน","กองบังคับการตำรวจตระเวนชายแดนภาค 1","กองกำกับการตำรวจตระเวนชายแดนที่ 14","","","","7277071409","รร.ตชด.บ้านคลองน้อย","26/03/2568","","0",""
"2564","8. 2564 REP004-IMPROVEMENT 12 - ตารางสรุปรายงานมาตรฐานแต่ละด้าน พร้อมจำนวนข้อที่ต้องปรับปรุง และจำนวนเด็กที่ผ่านเกณฑ์.xls","119","สำนักงานตำรวจแห่งชาติ","กองบัญชาการตำรวจตระเวนชายแดน","กองบังคับการตำรวจตระเวนชายแดนภาค 1","กองกำกับการตำรวจตระเวนชายแดนที่ 14","","","","7277081410","รร.ตชด.บ้านป่าหมาก","01/11/2542","","0",""
"2564","8. 2564 REP004-IMPROVEMENT 12 - ตารางสรุปรายงานมาตรฐานแต่ละด้าน พร้อมจำนวนข้อที่ต้องปรับปรุง และจำนวนเด็กที่ผ่านเกณฑ์.xls","120","สำนักงานตำรวจแห่งชาติ","กองบัญชาการตำรวจตระเวนชายแดน","กองบังคับการตำรวจตระเวนชายแดนภาค 4","กองกำกับการตำรวจตระเวนชายแดนที่ 42","","","","7280074207","ศกร.ตชด.บ้านหลังอ้ายหมี","16/05/2557","","0",""
"2564","8. 2564 REP004-IMPROVEMENT 12 - ตารางสรุปรายงานมาตรฐานแต่ละด้าน พร้อมจำนวนข้อที่ต้องปรับปรุง และจำนวนเด็กที่ผ่านเกณฑ์.xls","121","สำนักงานตำรวจแห่งชาติ","กองบัญชาการตำรวจตระเวนชายแดน","กองบังคับการตำรวจตระเวนชายแดนภาค 4","กองกำกับการตำรวจตระเวนชายแดนที่ 42","","","","7280084205","ศกร.ตชด.บ้านห้วยตง","16/05/2557","1.2.3","1","1.2.3"
"2564","8. 2564 REP004-IMPROVEMENT 12 - ตารางสรุปรายงานมาตรฐานแต่ละด้าน พร้อมจำนวนข้อที่ต้องปรับปรุง และจำนวนเด็กที่ผ่านเกณฑ์.xls","122","สำนักงานตำรวจแห่งชาติ","กองบัญชาการตำรวจตระเวนชายแดน","กองบังคับการตำรวจตระเวนชายแดนภาค 4","กองกำกับการตำรวจตระเวนชายแดนที่ 42","","","","7281044206","ศกร.ตชด.บ้านแผ่นดินเสมอ","16/05/2557","1.2.3","1","1.2.3"
"2564","8. 2564 REP004-IMPROVEMENT 12 - ตารางสรุปรายงานมาตรฐานแต่ละด้าน พร้อมจำนวนข้อที่ต้องปรับปรุง และจำนวนเด็กที่ผ่านเกณฑ์.xls","123","สำนักงานตำรวจแห่งชาติ","กองบัญชาการตำรวจตระเวนชายแดน","กองบังคับการตำรวจตระเวนชายแดนภาค 4","กองกำกับการตำรวจตระเวนชายแดนที่ 41","","","","7282194103","รร.ตชด.บ้านคลองวาย","09/05/2531","","0",""
"2564","8. 2564 REP004-IMPROVEMENT 12 - ตารางสรุปรายงานมาตรฐานแต่ละด้าน พร้อมจำนวนข้อที่ต้องปรับปรุง และจำนวนเด็กที่ผ่านเกณฑ์.xls","124","สำนักงานตำรวจแห่งชาติ","กองบัญชาการตำรวจตระเวนชายแดน","กองบังคับการตำรวจตระเวนชายแดนภาค 4","กองกำกับการตำรวจตระเวนชายแดนที่ 41","","","","7284064111","รร.ตชด.บ้านยางโพรง","","","0",""
"2564","8. 2564 REP004-IMPROVEMENT 12 - ตารางสรุปรายงานมาตรฐานแต่ละด้าน พร้อมจำนวนข้อที่ต้องปรับปรุง และจำนวนเด็กที่ผ่านเกณฑ์.xls","125","สำนักงานตำรวจแห่งชาติ","กองบัญชาการตำรวจตระเวนชายแดน","กองบังคับการตำรวจตระเวนชายแดนภาค 4","กองกำกับการตำรวจตระเวนชายแดนที่ 41","","","","7284074110","รร.ตชด.บ้านกอเตย","16/05/2540","","0",""
"2564","8. 2564 REP004-IMPROVEMENT 12 - ตารางสรุปรายงานมาตรฐานแต่ละด้าน พร้อมจำนวนข้อที่ต้องปรับปรุง และจำนวนเด็กที่ผ่านเกณฑ์.xls","126","สำนักงานตำรวจแห่งชาติ","กองบัญชาการตำรวจตระเวนชายแดน","กองบังคับการตำรวจตระเวนชายแดนภาค 4","กองกำกับการตำรวจตระเวนชายแดนที่ 41","","","","7284164101","รร.ตชด.เทคนิคมีนบุรีอนุสรณ์ 1","06/07/2530","","0",""
"2564","8. 2564 REP004-IMPROVEMENT 12 - ตารางสรุปรายงานมาตรฐานแต่ละด้าน พร้อมจำนวนข้อที่ต้องปรับปรุง และจำนวนเด็กที่ผ่านเกณฑ์.xls","127","สำนักงานตำรวจแห่งชาติ","กองบัญชาการตำรวจตระเวนชายแดน","กองบังคับการตำรวจตระเวนชายแดนภาค 4","กองกำกับการตำรวจตระเวนชายแดนที่ 41","","","","7284164109","รร.ตชด.บ้านควนสามัคคี","01/07/2563","3.4.3ข,3.5.3ข","2","3.4.3,3.5.3"
"2564","8. 2564 REP004-IMPROVEMENT 12 - ตารางสรุปรายงานมาตรฐานแต่ละด้าน พร้อมจำนวนข้อที่ต้องปรับปรุง และจำนวนเด็กที่ผ่านเกณฑ์.xls","128","สำนักงานตำรวจแห่งชาติ","กองบัญชาการตำรวจตระเวนชายแดน","กองบังคับการตำรวจตระเวนชายแดนภาค 4","กองกำกับการตำรวจตระเวนชายแดนที่ 41","","","","7286024102","รร.ตชด.สันตินิมิตร","15/07/2546","","0",""
"2564","8. 2564 REP004-IMPROVEMENT 12 - ตารางสรุปรายงานมาตรฐานแต่ละด้าน พร้อมจำนวนข้อที่ต้องปรับปรุง และจำนวนเด็กที่ผ่านเกณฑ์.xls","129","สำนักงานตำรวจแห่งชาติ","กองบัญชาการตำรวจตระเวนชายแดน","กองบังคับการตำรวจตระเวนชายแดนภาค 4","กองกำกับการตำรวจตระเวนชายแดนที่ 41","","","","7286024107","รร.ตชด.บ้านพันวาล","17/05/2564","1.2.3","1","1.2.3"
"2564","8. 2564 REP004-IMPROVEMENT 12 - ตารางสรุปรายงานมาตรฐานแต่ละด้าน พร้อมจำนวนข้อที่ต้องปรับปรุง และจำนวนเด็กที่ผ่านเกณฑ์.xls","130","สำนักงานตำรวจแห่งชาติ","กองบัญชาการตำรวจตระเวนชายแดน","กองบังคับการตำรวจตระเวนชายแดนภาค 4","กองกำกับการตำรวจตระเวนชายแดนที่ 41","","","","7286044106","รร.ตชด.บ้านห้วยเหมือง","15/07/2531","1.5.4","1","1.5.4"
"2564","8. 2564 REP004-IMPROVEMENT 12 - ตารางสรุปรายงานมาตรฐานแต่ละด้าน พร้อมจำนวนข้อที่ต้องปรับปรุง และจำนวนเด็กที่ผ่านเกณฑ์.xls","131","สำนักงานตำรวจแห่งชาติ","กองบัญชาการตำรวจตระเวนชายแดน","กองบังคับการตำรวจตระเวนชายแดนภาค 4","กองกำกับการตำรวจตระเวนชายแดนที่ 41","","","","7286054105","รร.ตชด.สิริราษฎร์","01/02/2531","1.2.3,1.3.8","2","1.2.3,1.3.8"
"2564","8. 2564 REP004-IMPROVEMENT 12 - ตารางสรุปรายงานมาตรฐานแต่ละด้าน พร้อมจำนวนข้อที่ต้องปรับปรุง และจำนวนเด็กที่ผ่านเกณฑ์.xls","132","สำนักงานตำรวจแห่งชาติ","กองบัญชาการตำรวจตระเวนชายแดน","กองบังคับการตำรวจตระเวนชายแดนภาค 4","กองกำกับการตำรวจตระเวนชายแดนที่ 41","","","","7286054108","รร.ตชด.บ้านสวนเพชร","13/05/2532","","0",""
"2564","8. 2564 REP004-IMPROVEMENT 12 - ตารางสรุปรายงานมาตรฐานแต่ละด้าน พร้อมจำนวนข้อที่ต้องปรับปรุง และจำนวนเด็กที่ผ่านเกณฑ์.xls","133","สำนักงานตำรวจแห่งชาติ","กองบัญชาการตำรวจตระเวนชายแดน","กองบังคับการตำรวจตระเวนชายแดนภาค 4","กองกำกับการตำรวจตระเวนชายแดนที่ 41","","","","7286064112","รร.ตชด.บ้านตะแบกงาม (ตันตระเธียรอุปถัมป์)","14/03/2565","","0",""
"2564","8. 2564 REP004-IMPROVEMENT 12 - ตารางสรุปรายงานมาตรฐานแต่ละด้าน พร้อมจำนวนข้อที่ต้องปรับปรุง และจำนวนเด็กที่ผ่านเกณฑ์.xls","134","สำนักงานตำรวจแห่งชาติ","กองบัญชาการตำรวจตระเวนชายแดน","กองบังคับการตำรวจตระเวนชายแดนภาค 4","กองกำกับการตำรวจตระเวนชายแดนที่ 43","","","","7290044303","รร.ตชด.เชิญ  พิศลยบุตร","20/02/2568","","0",""
"2564","8. 2564 REP004-IMPROVEMENT 12 - ตารางสรุปรายงานมาตรฐานแต่ละด้าน พร้อมจำนวนข้อที่ต้องปรับปรุง และจำนวนเด็กที่ผ่านเกณฑ์.xls","135","สำนักงานตำรวจแห่งชาติ","กองบัญชาการตำรวจตระเวนชายแดน","กองบังคับการตำรวจตระเวนชายแดนภาค 4","กองกำกับการตำรวจตระเวนชายแดนที่ 43","","","","7290044310","รร.ตชด.บ้านประกอบออก","29/06/2529","","0",""
"2564","8. 2564 REP004-IMPROVEMENT 12 - ตารางสรุปรายงานมาตรฐานแต่ละด้าน พร้อมจำนวนข้อที่ต้องปรับปรุง และจำนวนเด็กที่ผ่านเกณฑ์.xls","136","สำนักงานตำรวจแห่งชาติ","กองบัญชาการตำรวจตระเวนชายแดน","กองบังคับการตำรวจตระเวนชายแดนภาค 4","กองกำกับการตำรวจตระเวนชายแดนที่ 43","","","","7290064302","รร.ตชด.มหาราช 1","16/05/2566","1.3.8,3.5.5ข","2","1.3.8,3.5.5"
"2564","8. 2564 REP004-IMPROVEMENT 12 - ตารางสรุปรายงานมาตรฐานแต่ละด้าน พร้อมจำนวนข้อที่ต้องปรับปรุง และจำนวนเด็กที่ผ่านเกณฑ์.xls","137","สำนักงานตำรวจแห่งชาติ","กองบัญชาการตำรวจตระเวนชายแดน","กองบังคับการตำรวจตระเวนชายแดนภาค 4","กองกำกับการตำรวจตระเวนชายแดนที่ 43","","","","7290064304","รร.ตชด.บ้านสำนักเอาะ","18/06/2518","","0",""
"2564","8. 2564 REP004-IMPROVEMENT 12 - ตารางสรุปรายงานมาตรฐานแต่ละด้าน พร้อมจำนวนข้อที่ต้องปรับปรุง และจำนวนเด็กที่ผ่านเกณฑ์.xls","138","สำนักงานตำรวจแห่งชาติ","กองบัญชาการตำรวจตระเวนชายแดน","กองบังคับการตำรวจตระเวนชายแดนภาค 4","กองกำกับการตำรวจตระเวนชายแดนที่ 43","","","","7290064308","รร.ตชด.บ้านหาดทราย","26/05/2526","","0",""
"2564","8. 2564 REP004-IMPROVEMENT 12 - ตารางสรุปรายงานมาตรฐานแต่ละด้าน พร้อมจำนวนข้อที่ต้องปรับปรุง และจำนวนเด็กที่ผ่านเกณฑ์.xls","139","สำนักงานตำรวจแห่งชาติ","กองบัญชาการตำรวจตระเวนชายแดน","กองบังคับการตำรวจตระเวนชายแดนภาค 4","กองกำกับการตำรวจตระเวนชายแดนที่ 43","","","","7290104301","รร.ตชด.สื่อมวลชนกีฬา","12/10/2502","","0",""
"2564","8. 2564 REP004-IMPROVEMENT 12 - ตารางสรุปรายงานมาตรฐานแต่ละด้าน พร้อมจำนวนข้อที่ต้องปรับปรุง และจำนวนเด็กที่ผ่านเกณฑ์.xls","140","สำนักงานตำรวจแห่งชาติ","กองบัญชาการตำรวจตระเวนชายแดน","กองบังคับการตำรวจตระเวนชายแดนภาค 4","กองกำกับการตำรวจตระเวนชายแดนที่ 43","","","","7290104305","รร.ตชด.บ้านชายควน","","1.2.3","1","1.2.3"
"2564","8. 2564 REP004-IMPROVEMENT 12 - ตารางสรุปรายงานมาตรฐานแต่ละด้าน พร้อมจำนวนข้อที่ต้องปรับปรุง และจำนวนเด็กที่ผ่านเกณฑ์.xls","141","สำนักงานตำรวจแห่งชาติ","กองบัญชาการตำรวจตระเวนชายแดน","กองบังคับการตำรวจตระเวนชายแดนภาค 4","กองกำกับการตำรวจตระเวนชายแดนที่ 43","","","","7290104307","โรงเรียน ตชด.พลตำรวจเอกสมศักดิ์ แขวงโสภา(บ้านทุ่งสบายใจ)","25/03/2568","","0",""
"2564","8. 2564 REP004-IMPROVEMENT 12 - ตารางสรุปรายงานมาตรฐานแต่ละด้าน พร้อมจำนวนข้อที่ต้องปรับปรุง และจำนวนเด็กที่ผ่านเกณฑ์.xls","142","สำนักงานตำรวจแห่งชาติ","กองบัญชาการตำรวจตระเวนชายแดน","กองบังคับการตำรวจตระเวนชายแดนภาค 4","กองกำกับการตำรวจตระเวนชายแดนที่ 43","","","","7290104315","รร.ตชด.บ้านบาโรย","09/11/2541","","0",""
"2564","8. 2564 REP004-IMPROVEMENT 12 - ตารางสรุปรายงานมาตรฐานแต่ละด้าน พร้อมจำนวนข้อที่ต้องปรับปรุง และจำนวนเด็กที่ผ่านเกณฑ์.xls","143","สำนักงานตำรวจแห่งชาติ","กองบัญชาการตำรวจตระเวนชายแดน","กองบังคับการตำรวจตระเวนชายแดนภาค 4","กองกำกับการตำรวจตระเวนชายแดนที่ 43","","","","7290104316","รร.ตชด.พลเอกนวล-คุณหญิงบานชื่น จันทร์ตรี","17/05/2553","","0",""
"2564","8. 2564 REP004-IMPROVEMENT 12 - ตารางสรุปรายงานมาตรฐานแต่ละด้าน พร้อมจำนวนข้อที่ต้องปรับปรุง และจำนวนเด็กที่ผ่านเกณฑ์.xls","144","สำนักงานตำรวจแห่งชาติ","กองบัญชาการตำรวจตระเวนชายแดน","กองบังคับการตำรวจตระเวนชายแดนภาค 4","กองกำกับการตำรวจตระเวนชายแดนที่ 43","","","","7291034311","รร.ตชด.ยูงทองรัฐประชาสรรค์","16/05/2568","","0",""
"2564","8. 2564 REP004-IMPROVEMENT 12 - ตารางสรุปรายงานมาตรฐานแต่ละด้าน พร้อมจำนวนข้อที่ต้องปรับปรุง และจำนวนเด็กที่ผ่านเกณฑ์.xls","145","สำนักงานตำรวจแห่งชาติ","กองบัญชาการตำรวจตระเวนชายแดน","กองบังคับการตำรวจตระเวนชายแดนภาค 4","กองกำกับการตำรวจตระเวนชายแดนที่ 43","","","","7291034314","รร.ตชด.บ้านส้านแดง","","","0",""
"2564","8. 2564 REP004-IMPROVEMENT 12 - ตารางสรุปรายงานมาตรฐานแต่ละด้าน พร้อมจำนวนข้อที่ต้องปรับปรุง และจำนวนเด็กที่ผ่านเกณฑ์.xls","146","สำนักงานตำรวจแห่งชาติ","กองบัญชาการตำรวจตระเวนชายแดน","กองบังคับการตำรวจตระเวนชายแดนภาค 4","กองกำกับการตำรวจตระเวนชายแดนที่ 43","","","","7292044309","รร.ตชด.สันติราษฎร์ประชาบำรุง","14/06/2528","","0",""
"2564","8. 2564 REP004-IMPROVEMENT 12 - ตารางสรุปรายงานมาตรฐานแต่ละด้าน พร้อมจำนวนข้อที่ต้องปรับปรุง และจำนวนเด็กที่ผ่านเกณฑ์.xls","147","สำนักงานตำรวจแห่งชาติ","กองบัญชาการตำรวจตระเวนชายแดน","กองบังคับการตำรวจตระเวนชายแดนภาค 4","กองกำกับการตำรวจตระเวนชายแดนที่ 43","","","","7292044312","รร.ตชด.บ้านหินจอก","05/05/2531","","0",""
"2564","8. 2564 REP004-IMPROVEMENT 12 - ตารางสรุปรายงานมาตรฐานแต่ละด้าน พร้อมจำนวนข้อที่ต้องปรับปรุง และจำนวนเด็กที่ผ่านเกณฑ์.xls","148","สำนักงานตำรวจแห่งชาติ","กองบัญชาการตำรวจตระเวนชายแดน","กองบังคับการตำรวจตระเวนชายแดนภาค 4","กองกำกับการตำรวจตระเวนชายแดนที่ 43","","","","7293104313","รร.ตชด.บ้านควนตะแบก","14/02/2533","","0",""
"2564","8. 2564 REP004-IMPROVEMENT 12 - ตารางสรุปรายงานมาตรฐานแต่ละด้าน พร้อมจำนวนข้อที่ต้องปรับปรุง และจำนวนเด็กที่ผ่านเกณฑ์.xls","149","สำนักงานตำรวจแห่งชาติ","กองบัญชาการตำรวจตระเวนชายแดน","กองบังคับการตำรวจตระเวนชายแดนภาค 4","กองกำกับการตำรวจตระเวนชายแดนที่ 44","","","","7295014412","รร.ตชด.เฉลิมพระเกียรติ 50 พรรษาฯ","14/06/2564","1.2.3","1","1.2.3"
"2564","8. 2564 REP004-IMPROVEMENT 12 - ตารางสรุปรายงานมาตรฐานแต่ละด้าน พร้อมจำนวนข้อที่ต้องปรับปรุง และจำนวนเด็กที่ผ่านเกณฑ์.xls","150","สำนักงานตำรวจแห่งชาติ","กองบัญชาการตำรวจตระเวนชายแดน","กองบังคับการตำรวจตระเวนชายแดนภาค 4","กองกำกับการตำรวจตระเวนชายแดนที่ 44","","","","7295034413","ศกร.ตชด.บ้านภักดี","18/05/2558","","0",""
"2564","8. 2564 REP004-IMPROVEMENT 12 - ตารางสรุปรายงานมาตรฐานแต่ละด้าน พร้อมจำนวนข้อที่ต้องปรับปรุง และจำนวนเด็กที่ผ่านเกณฑ์.xls","151","สำนักงานตำรวจแห่งชาติ","กองบัญชาการตำรวจตระเวนชายแดน","กองบังคับการตำรวจตระเวนชายแดนภาค 4","กองกำกับการตำรวจตระเวนชายแดนที่ 44","","","","7295044401","รร.ตชด.สังวาลย์วิท 4","16/05/2510","1.2.3","1","1.2.3"
"2564","8. 2564 REP004-IMPROVEMENT 12 - ตารางสรุปรายงานมาตรฐานแต่ละด้าน พร้อมจำนวนข้อที่ต้องปรับปรุง และจำนวนเด็กที่ผ่านเกณฑ์.xls","152","สำนักงานตำรวจแห่งชาติ","กองบัญชาการตำรวจตระเวนชายแดน","กองบังคับการตำรวจตระเวนชายแดนภาค 4","กองกำกับการตำรวจตระเวนชายแดนที่ 44","","","","7295044403","รร.ตชด.นิคมพิทักษ์ราษฎร์","08/07/2564","","0",""
"2564","8. 2564 REP004-IMPROVEMENT 12 - ตารางสรุปรายงานมาตรฐานแต่ละด้าน พร้อมจำนวนข้อที่ต้องปรับปรุง และจำนวนเด็กที่ผ่านเกณฑ์.xls","153","สำนักงานตำรวจแห่งชาติ","กองบัญชาการตำรวจตระเวนชายแดน","กองบังคับการตำรวจตระเวนชายแดนภาค 4","กองกำกับการตำรวจตระเวนชายแดนที่ 44","","","","7295044404","รร.ตชด.บ้านปาโจแมเราะ","01/06/2531","3.1.3ข,3.2.1ข,3.3.1ข,3.3.2ข,3.4.3ข,3.5.1ข,3.5.2ข,3.6.1ข,3.6.2ข,3.6.4ข,3.7.2ข,3.7.3ข","12","3.1.3,3.2.1,3.3.1,3.3.2,3.4.3,3.5.1,3.5.2,3.6.1,3.6.2,3.6.4,3.7.2,3.7.3"
"2564","8. 2564 REP004-IMPROVEMENT 12 - ตารางสรุปรายงานมาตรฐานแต่ละด้าน พร้อมจำนวนข้อที่ต้องปรับปรุง และจำนวนเด็กที่ผ่านเกณฑ์.xls","154","สำนักงานตำรวจแห่งชาติ","กองบัญชาการตำรวจตระเวนชายแดน","กองบังคับการตำรวจตระเวนชายแดนภาค 4","กองกำกับการตำรวจตระเวนชายแดนที่ 44","","","","7296064411","รร.ตชด.การท่าอากาศยานฯ","16/05/2543","3.1.3ข,3.6.1ข,3.6.2ข","3","3.1.3,3.6.1,3.6.2"
"2564","8. 2564 REP004-IMPROVEMENT 12 - ตารางสรุปรายงานมาตรฐานแต่ละด้าน พร้อมจำนวนข้อที่ต้องปรับปรุง และจำนวนเด็กที่ผ่านเกณฑ์.xls","155","สำนักงานตำรวจแห่งชาติ","กองบัญชาการตำรวจตระเวนชายแดน","กองบังคับการตำรวจตระเวนชายแดนภาค 4","กองกำกับการตำรวจตระเวนชายแดนที่ 44","","","","7296074407","รร.ตชด.บ้านตืองอช่างกลปทุมวันอนุสรณ์ 13","15/07/2534","3.1.1ข,3.1.3ข","2","3.1.1,3.1.3"
"2564","8. 2564 REP004-IMPROVEMENT 12 - ตารางสรุปรายงานมาตรฐานแต่ละด้าน พร้อมจำนวนข้อที่ต้องปรับปรุง และจำนวนเด็กที่ผ่านเกณฑ์.xls","156","สำนักงานตำรวจแห่งชาติ","กองบัญชาการตำรวจตระเวนชายแดน","กองบังคับการตำรวจตระเวนชายแดนภาค 4","กองกำกับการตำรวจตระเวนชายแดนที่ 44","","","","7296094409","รร.ตชด.บ้านลีนานนท์","18/06/2536","1.2.3","1","1.2.3"
"2564","8. 2564 REP004-IMPROVEMENT 12 - ตารางสรุปรายงานมาตรฐานแต่ละด้าน พร้อมจำนวนข้อที่ต้องปรับปรุง และจำนวนเด็กที่ผ่านเกณฑ์.xls","157","สำนักงานตำรวจแห่งชาติ","กองบัญชาการตำรวจตระเวนชายแดน","กองบังคับการตำรวจตระเวนชายแดนภาค 4","กองกำกับการตำรวจตระเวนชายแดนที่ 44","","","","7296124405","รร.ตชด.บ้านไอร์บือแต","13/06/2533","","0",""
"2565","9. 2565 REP004-IMPROVEMENT 12 - ตารางสรุปรายงานมาตรฐานแต่ละด้าน พร้อมจำนวนข้อที่ต้องปรับปรุง และจำนวนเด็กที่ผ่านเกณฑ์.xls","3","สำนักงานตำรวจแห่งชาติ","กองบัญชาการตำรวจตระเวนชายแดน","กองบังคับการตำรวจตระเวนชายแดนภาค 1","กองกำกับการตำรวจตระเวนชายแดนที่ 11","","","","7222071103","รร.ตชด.สิงคโปร์แอร์ไลน์สฯ","03/03/2530","1.2.3,3.6.4ข","2","1.2.3,3.6.4"
"2565","9. 2565 REP004-IMPROVEMENT 12 - ตารางสรุปรายงานมาตรฐานแต่ละด้าน พร้อมจำนวนข้อที่ต้องปรับปรุง และจำนวนเด็กที่ผ่านเกณฑ์.xls","4","สำนักงานตำรวจแห่งชาติ","กองบัญชาการตำรวจตระเวนชายแดน","กองบังคับการตำรวจตระเวนชายแดนภาค 1","กองกำกับการตำรวจตระเวนชายแดนที่ 11","","","","7222081108","รร.ตชด.บ้านคลองแดง","16/05/2545","","0",""
"2565","9. 2565 REP004-IMPROVEMENT 12 - ตารางสรุปรายงานมาตรฐานแต่ละด้าน พร้อมจำนวนข้อที่ต้องปรับปรุง และจำนวนเด็กที่ผ่านเกณฑ์.xls","5","สำนักงานตำรวจแห่งชาติ","กองบัญชาการตำรวจตระเวนชายแดน","กองบังคับการตำรวจตระเวนชายแดนภาค 1","กองกำกับการตำรวจตระเวนชายแดนที่ 11","","","","7223011106","รร.ตชด.บ้านท่ากุ่ม","01/11/2536","","0",""
"2565","9. 2565 REP004-IMPROVEMENT 12 - ตารางสรุปรายงานมาตรฐานแต่ละด้าน พร้อมจำนวนข้อที่ต้องปรับปรุง และจำนวนเด็กที่ผ่านเกณฑ์.xls","6","สำนักงานตำรวจแห่งชาติ","กองบัญชาการตำรวจตระเวนชายแดน","กองบังคับการตำรวจตระเวนชายแดนภาค 1","กองกำกับการตำรวจตระเวนชายแดนที่ 11","","","","7223031107","รร.ตชด.บ้านเขาฉลาด","16/05/2542","","0",""
"2565","9. 2565 REP004-IMPROVEMENT 12 - ตารางสรุปรายงานมาตรฐานแต่ละด้าน พร้อมจำนวนข้อที่ต้องปรับปรุง และจำนวนเด็กที่ผ่านเกณฑ์.xls","7","สำนักงานตำรวจแห่งชาติ","กองบัญชาการตำรวจตระเวนชายแดน","กองบังคับการตำรวจตระเวนชายแดนภาค 1","กองกำกับการตำรวจตระเวนชายแดนที่ 12","","","","7224081210","รร.ตชด.บ้านนายาว","12/07/2564","3.1.1ข,3.1.2ข,3.1.3ข,3.2.1ข,3.3.1ข,3.3.2ข,3.4.1ข,3.4.2ข,3.4.3ข,3.5.1ข,3.5.2ข,3.5.3ข,3.5.4ข,3.5.5ข,3.6.1ข,3.6.2ข,3.6.3ข,3.6.4ข,3.7.1ข,3.7.2ข,3.7.3ข,3.7.4ข","22","3.1.1,3.1.2,3.1.3,3.2.1,3.3.1,3.3.2,3.4.1,3.4.2,3.4.3,3.5.1,3.5.2,3.5.3,3.5.4,3.5.5,3.6.1,3.6.2,3.6.3,3.6.4,3.7.1,3.7.2,3.7.3,3.7.4"
"2565","9. 2565 REP004-IMPROVEMENT 12 - ตารางสรุปรายงานมาตรฐานแต่ละด้าน พร้อมจำนวนข้อที่ต้องปรับปรุง และจำนวนเด็กที่ผ่านเกณฑ์.xls","8","สำนักงานตำรวจแห่งชาติ","กองบัญชาการตำรวจตระเวนชายแดน","กองบังคับการตำรวจตระเวนชายแดนภาค 1","กองกำกับการตำรวจตระเวนชายแดนที่ 12","","","","7224081211","รร.ตชด.บ้านนาอิสาน","16/05/2560","1.2.3","1","1.2.3"
"2565","9. 2565 REP004-IMPROVEMENT 12 - ตารางสรุปรายงานมาตรฐานแต่ละด้าน พร้อมจำนวนข้อที่ต้องปรับปรุง และจำนวนเด็กที่ผ่านเกณฑ์.xls","9","สำนักงานตำรวจแห่งชาติ","กองบัญชาการตำรวจตระเวนชายแดน","กองบังคับการตำรวจตระเวนชายแดนภาค 1","กองกำกับการตำรวจตระเวนชายแดนที่ 12","","","","7227021205","รร.ตชด.การบินไทย","16/05/2560","","0",""
"2565","9. 2565 REP004-IMPROVEMENT 12 - ตารางสรุปรายงานมาตรฐานแต่ละด้าน พร้อมจำนวนข้อที่ต้องปรับปรุง และจำนวนเด็กที่ผ่านเกณฑ์.xls","10","สำนักงานตำรวจแห่งชาติ","กองบัญชาการตำรวจตระเวนชายแดน","กองบังคับการตำรวจตระเวนชายแดนภาค 1","กองกำกับการตำรวจตระเวนชายแดนที่ 12","","","","7227041208","รร.ตชด.บ้านคลองตะเคียนชัย","","","0",""
"2565","9. 2565 REP004-IMPROVEMENT 12 - ตารางสรุปรายงานมาตรฐานแต่ละด้าน พร้อมจำนวนข้อที่ต้องปรับปรุง และจำนวนเด็กที่ผ่านเกณฑ์.xls","11","สำนักงานตำรวจแห่งชาติ","กองบัญชาการตำรวจตระเวนชายแดน","กองบังคับการตำรวจตระเวนชายแดนภาค 1","กองกำกับการตำรวจตระเวนชายแดนที่ 12","","","","7227061201","รร.ตชด.บ้านเขาสารภี","27/10/2513","","0",""
"2565","9. 2565 REP004-IMPROVEMENT 12 - ตารางสรุปรายงานมาตรฐานแต่ละด้าน พร้อมจำนวนข้อที่ต้องปรับปรุง และจำนวนเด็กที่ผ่านเกณฑ์.xls","12","สำนักงานตำรวจแห่งชาติ","กองบัญชาการตำรวจตระเวนชายแดน","กองบังคับการตำรวจตระเวนชายแดนภาค 1","กองกำกับการตำรวจตระเวนชายแดนที่ 12","","","","7227061206","รร.ตชด.ประชารัฐบำรุง 1","03/06/2568","","0",""
"2565","9. 2565 REP004-IMPROVEMENT 12 - ตารางสรุปรายงานมาตรฐานแต่ละด้าน พร้อมจำนวนข้อที่ต้องปรับปรุง และจำนวนเด็กที่ผ่านเกณฑ์.xls","13","สำนักงานตำรวจแห่งชาติ","กองบัญชาการตำรวจตระเวนชายแดน","กองบังคับการตำรวจตระเวนชายแดนภาค 1","กองกำกับการตำรวจตระเวนชายแดนที่ 12","","","","7227071209","รร.ตชด.บ้านน้ำอ้อม","09/02/2525","","0",""
"2565","9. 2565 REP004-IMPROVEMENT 12 - ตารางสรุปรายงานมาตรฐานแต่ละด้าน พร้อมจำนวนข้อที่ต้องปรับปรุง และจำนวนเด็กที่ผ่านเกณฑ์.xls","14","สำนักงานตำรวจแห่งชาติ","กองบัญชาการตำรวจตระเวนชายแดน","กองบังคับการตำรวจตระเวนชายแดนภาค 1","กองกำกับการตำรวจตระเวนชายแดนที่ 12","","","","7227091202","รร.ตชด.บ้านทุ่งกบินทร์","20/06/2520","","0",""
"2565","9. 2565 REP004-IMPROVEMENT 12 - ตารางสรุปรายงานมาตรฐานแต่ละด้าน พร้อมจำนวนข้อที่ต้องปรับปรุง และจำนวนเด็กที่ผ่านเกณฑ์.xls","15","สำนักงานตำรวจแห่งชาติ","กองบัญชาการตำรวจตระเวนชายแดน","กองบังคับการตำรวจตระเวนชายแดนภาค 1","กองกำกับการตำรวจตระเวนชายแดนที่ 12","","","","7227091203","รร.ตชด.วังศรีทอง","","","0",""
"2565","9. 2565 REP004-IMPROVEMENT 12 - ตารางสรุปรายงานมาตรฐานแต่ละด้าน พร้อมจำนวนข้อที่ต้องปรับปรุง และจำนวนเด็กที่ผ่านเกณฑ์.xls","16","สำนักงานตำรวจแห่งชาติ","กองบัญชาการตำรวจตระเวนชายแดน","กองบังคับการตำรวจตระเวนชายแดนภาค 1","กองกำกับการตำรวจตระเวนชายแดนที่ 12","","","","7227091212","รร.ตชด.พีระยานุเคราะห์ฯ 1","01/06/2538","","0",""
"2565","9. 2565 REP004-IMPROVEMENT 12 - ตารางสรุปรายงานมาตรฐานแต่ละด้าน พร้อมจำนวนข้อที่ต้องปรับปรุง และจำนวนเด็กที่ผ่านเกณฑ์.xls","17","สำนักงานตำรวจแห่งชาติ","กองบัญชาการตำรวจตระเวนชายแดน","กองบังคับการตำรวจตระเวนชายแดนภาค 2","กองกำกับการตำรวจตระเวนชายแดนที่ 21","","","","7232052103","รร.ตชด.พีระยานุเคราะห์ฯ 2","","1.3.5","1","1.3.5"
"2565","9. 2565 REP004-IMPROVEMENT 12 - ตารางสรุปรายงานมาตรฐานแต่ละด้าน พร้อมจำนวนข้อที่ต้องปรับปรุง และจำนวนเด็กที่ผ่านเกณฑ์.xls","18","สำนักงานตำรวจแห่งชาติ","กองบัญชาการตำรวจตระเวนชายแดน","กองบังคับการตำรวจตระเวนชายแดนภาค 2","กองกำกับการตำรวจตระเวนชายแดนที่ 21","","","","7232102105","รร.ตชด.บ้านตาตุม","","","0",""
"2565","9. 2565 REP004-IMPROVEMENT 12 - ตารางสรุปรายงานมาตรฐานแต่ละด้าน พร้อมจำนวนข้อที่ต้องปรับปรุง และจำนวนเด็กที่ผ่านเกณฑ์.xls","19","สำนักงานตำรวจแห่งชาติ","กองบัญชาการตำรวจตระเวนชายแดน","กองบังคับการตำรวจตระเวนชายแดนภาค 2","กองกำกับการตำรวจตระเวนชายแดนที่ 21","","","","7232102106","รร.ตชด.บ้านตาแตรว","30/03/2540","","0",""
"2565","9. 2565 REP004-IMPROVEMENT 12 - ตารางสรุปรายงานมาตรฐานแต่ละด้าน พร้อมจำนวนข้อที่ต้องปรับปรุง และจำนวนเด็กที่ผ่านเกณฑ์.xls","20","สำนักงานตำรวจแห่งชาติ","กองบัญชาการตำรวจตระเวนชายแดน","กองบังคับการตำรวจตระเวนชายแดนภาค 2","กองกำกับการตำรวจตระเวนชายแดนที่ 21","","","","7232132102","รร.ตชด.บ้านซำปะโต","16/05/2568","3.3.1ข","1","3.3.1"
"2565","9. 2565 REP004-IMPROVEMENT 12 - ตารางสรุปรายงานมาตรฐานแต่ละด้าน พร้อมจำนวนข้อที่ต้องปรับปรุง และจำนวนเด็กที่ผ่านเกณฑ์.xls","21","สำนักงานตำรวจแห่งชาติ","กองบัญชาการตำรวจตระเวนชายแดน","กองบังคับการตำรวจตระเวนชายแดนภาค 2","กองกำกับการตำรวจตระเวนชายแดนที่ 21","","","","7232142101","รร.ตชด.บ้านโคกแสลง","29/04/2566","","0",""
"2565","9. 2565 REP004-IMPROVEMENT 12 - ตารางสรุปรายงานมาตรฐานแต่ละด้าน พร้อมจำนวนข้อที่ต้องปรับปรุง และจำนวนเด็กที่ผ่านเกณฑ์.xls","22","สำนักงานตำรวจแห่งชาติ","กองบัญชาการตำรวจตระเวนชายแดน","กองบังคับการตำรวจตระเวนชายแดนภาค 2","กองกำกับการตำรวจตระเวนชายแดนที่ 22","","","","7234092203","รร.ตชด.บ้านคำสะอาด","25/03/2525","","0",""
"2565","9. 2565 REP004-IMPROVEMENT 12 - ตารางสรุปรายงานมาตรฐานแต่ละด้าน พร้อมจำนวนข้อที่ต้องปรับปรุง และจำนวนเด็กที่ผ่านเกณฑ์.xls","23","สำนักงานตำรวจแห่งชาติ","กองบัญชาการตำรวจตระเวนชายแดน","กองบังคับการตำรวจตระเวนชายแดนภาค 2","กองกำกับการตำรวจตระเวนชายแดนที่ 24","","","","7238012412","รร.ตชด.บ้านนาแวง","22/07/2564","","0",""
"2565","9. 2565 REP004-IMPROVEMENT 12 - ตารางสรุปรายงานมาตรฐานแต่ละด้าน พร้อมจำนวนข้อที่ต้องปรับปรุง และจำนวนเด็กที่ผ่านเกณฑ์.xls","24","สำนักงานตำรวจแห่งชาติ","กองบัญชาการตำรวจตระเวนชายแดน","กองบังคับการตำรวจตระเวนชายแดนภาค 2","กองกำกับการตำรวจตระเวนชายแดนที่ 24","","","","7241182415","รร.ตชด.บ้านเทพภูเงิน","07/11/2548","1.2.3,3.1.1ข,3.1.3ข,3.2.1ข,3.4.3ข,3.5.1ข,3.5.2ข,3.5.3ข,3.5.4ข,3.5.5ข,3.6.1ข,3.6.2ข,3.6.3ข,3.6.4ข,3.7.1ข,3.7.2ข,3.7.3ข,3.7.4ข","18","1.2.3,3.1.1,3.1.3,3.2.1,3.4.3,3.5.1,3.5.2,3.5.3,3.5.4,3.5.5,3.6.1,3.6.2,3.6.3,3.6.4,3.7.1,3.7.2,3.7.3,3.7.4"
"2565","9. 2565 REP004-IMPROVEMENT 12 - ตารางสรุปรายงานมาตรฐานแต่ละด้าน พร้อมจำนวนข้อที่ต้องปรับปรุง และจำนวนเด็กที่ผ่านเกณฑ์.xls","25","สำนักงานตำรวจแห่งชาติ","กองบัญชาการตำรวจตระเวนชายแดน","กองบังคับการตำรวจตระเวนชายแดนภาค 2","กองกำกับการตำรวจตระเวนชายแดนที่ 24","","","","7241222413","รร.ตชด.บ้านนาชมภู","22/07/2564","","0",""
"2565","9. 2565 REP004-IMPROVEMENT 12 - ตารางสรุปรายงานมาตรฐานแต่ละด้าน พร้อมจำนวนข้อที่ต้องปรับปรุง และจำนวนเด็กที่ผ่านเกณฑ์.xls","26","สำนักงานตำรวจแห่งชาติ","กองบัญชาการตำรวจตระเวนชายแดน","กองบังคับการตำรวจตระเวนชายแดนภาค 2","กองกำกับการตำรวจตระเวนชายแดนที่ 24","","","","7242022408","รร.ตชด.บ้านหนองแคน","24/08/2532","1.2.3","1","1.2.3"
"2565","9. 2565 REP004-IMPROVEMENT 12 - ตารางสรุปรายงานมาตรฐานแต่ละด้าน พร้อมจำนวนข้อที่ต้องปรับปรุง และจำนวนเด็กที่ผ่านเกณฑ์.xls","27","สำนักงานตำรวจแห่งชาติ","กองบัญชาการตำรวจตระเวนชายแดน","กองบังคับการตำรวจตระเวนชายแดนภาค 2","กองกำกับการตำรวจตระเวนชายแดนที่ 24","","","","7242042402","รร.ตชด.บ้านห้วยเป้า","20/09/2520","","0",""
"2565","9. 2565 REP004-IMPROVEMENT 12 - ตารางสรุปรายงานมาตรฐานแต่ละด้าน พร้อมจำนวนข้อที่ต้องปรับปรุง และจำนวนเด็กที่ผ่านเกณฑ์.xls","28","สำนักงานตำรวจแห่งชาติ","กองบัญชาการตำรวจตระเวนชายแดน","กองบังคับการตำรวจตระเวนชายแดนภาค 2","กองกำกับการตำรวจตระเวนชายแดนที่ 24","","","","7242042405","รร.ตชด.ฮิลมาร์พาเบิล","23/12/2523","","0",""
"2565","9. 2565 REP004-IMPROVEMENT 12 - ตารางสรุปรายงานมาตรฐานแต่ละด้าน พร้อมจำนวนข้อที่ต้องปรับปรุง และจำนวนเด็กที่ผ่านเกณฑ์.xls","29","สำนักงานตำรวจแห่งชาติ","กองบัญชาการตำรวจตระเวนชายแดน","กองบังคับการตำรวจตระเวนชายแดนภาค 2","กองกำกับการตำรวจตระเวนชายแดนที่ 24","","","","7242042407","รร.ตชด.บ้านนานกปีด","05/05/2529","","0",""
"2565","9. 2565 REP004-IMPROVEMENT 12 - ตารางสรุปรายงานมาตรฐานแต่ละด้าน พร้อมจำนวนข้อที่ต้องปรับปรุง และจำนวนเด็กที่ผ่านเกณฑ์.xls","30","สำนักงานตำรวจแห่งชาติ","กองบัญชาการตำรวจตระเวนชายแดน","กองบังคับการตำรวจตระเวนชายแดนภาค 2","กองกำกับการตำรวจตระเวนชายแดนที่ 23","","","","7248032301","รร.ตชด.ชูทิศวิทยา","14/06/2564","","0",""
"2565","9. 2565 REP004-IMPROVEMENT 12 - ตารางสรุปรายงานมาตรฐานแต่ละด้าน พร้อมจำนวนข้อที่ต้องปรับปรุง และจำนวนเด็กที่ผ่านเกณฑ์.xls","31","สำนักงานตำรวจแห่งชาติ","กองบัญชาการตำรวจตระเวนชายแดน","กองบังคับการตำรวจตระเวนชายแดนภาค 2","กองกำกับการตำรวจตระเวนชายแดนที่ 23","","","","7248032303","รร.ตชด.บ้านหาดทรายเพ","01/10/2520","","0",""
"2565","9. 2565 REP004-IMPROVEMENT 12 - ตารางสรุปรายงานมาตรฐานแต่ละด้าน พร้อมจำนวนข้อที่ต้องปรับปรุง และจำนวนเด็กที่ผ่านเกณฑ์.xls","32","สำนักงานตำรวจแห่งชาติ","กองบัญชาการตำรวจตระเวนชายแดน","กองบังคับการตำรวจตระเวนชายแดนภาค 2","กองกำกับการตำรวจตระเวนชายแดนที่ 23","","","","7248032309","ศกร.ตชด.บ้านนากระเสริม","07/01/2557","","0",""
"2565","9. 2565 REP004-IMPROVEMENT 12 - ตารางสรุปรายงานมาตรฐานแต่ละด้าน พร้อมจำนวนข้อที่ต้องปรับปรุง และจำนวนเด็กที่ผ่านเกณฑ์.xls","33","สำนักงานตำรวจแห่งชาติ","กองบัญชาการตำรวจตระเวนชายแดน","กองบังคับการตำรวจตระเวนชายแดนภาค 2","กองกำกับการตำรวจตระเวนชายแดนที่ 23","","","","7248042310","ศกร.ตชด.บ้านปากห้วยม่วง","16/05/2557","","0",""
"2565","9. 2565 REP004-IMPROVEMENT 12 - ตารางสรุปรายงานมาตรฐานแต่ละด้าน พร้อมจำนวนข้อที่ต้องปรับปรุง และจำนวนเด็กที่ผ่านเกณฑ์.xls","34","สำนักงานตำรวจแห่งชาติ","กองบัญชาการตำรวจตระเวนชายแดน","กองบังคับการตำรวจตระเวนชายแดนภาค 2","กองกำกับการตำรวจตระเวนชายแดนที่ 23","","","","7248112302","รร.ตชด.ช่างกลปทุมวันอนุสรณ์ 8","01/06/2519","","0",""
"2565","9. 2565 REP004-IMPROVEMENT 12 - ตารางสรุปรายงานมาตรฐานแต่ละด้าน พร้อมจำนวนข้อที่ต้องปรับปรุง และจำนวนเด็กที่ผ่านเกณฑ์.xls","35","สำนักงานตำรวจแห่งชาติ","กองบัญชาการตำรวจตระเวนชายแดน","กองบังคับการตำรวจตระเวนชายแดนภาค 2","กองกำกับการตำรวจตระเวนชายแดนที่ 23","","","","7248112305","รร.ตชด.บ้านนาสามัคคี","10/05/2528","","0",""
"2565","9. 2565 REP004-IMPROVEMENT 12 - ตารางสรุปรายงานมาตรฐานแต่ละด้าน พร้อมจำนวนข้อที่ต้องปรับปรุง และจำนวนเด็กที่ผ่านเกณฑ์.xls","36","สำนักงานตำรวจแห่งชาติ","กองบัญชาการตำรวจตระเวนชายแดน","กองบังคับการตำรวจตระเวนชายแดนภาค 2","กองกำกับการตำรวจตระเวนชายแดนที่ 23","","","","7249052311","ศกร.ตชด.ใต้ร่มพระบารมี (ธนาคารอาคารสงเคราะห์อุปถัมภ์)","12/05/2558","","0",""
"2565","9. 2565 REP004-IMPROVEMENT 12 - ตารางสรุปรายงานมาตรฐานแต่ละด้าน พร้อมจำนวนข้อที่ต้องปรับปรุง และจำนวนเด็กที่ผ่านเกณฑ์.xls","37","สำนักงานตำรวจแห่งชาติ","กองบัญชาการตำรวจตระเวนชายแดน","กองบังคับการตำรวจตระเวนชายแดนภาค 3","กองกำกับการตำรวจตระเวนชายแดนที่ 33","","","","7250030005","ศกร.ตชด.สนั่น-เฉลิมเกตุ นภาศัพท์","17/05/2564","1.2.3","1","1.2.3"
"2565","9. 2565 REP004-IMPROVEMENT 12 - ตารางสรุปรายงานมาตรฐานแต่ละด้าน พร้อมจำนวนข้อที่ต้องปรับปรุง และจำนวนเด็กที่ผ่านเกณฑ์.xls","38","สำนักงานตำรวจแห่งชาติ","กองบัญชาการตำรวจตระเวนชายแดน","กองบังคับการตำรวจตระเวนชายแดนภาค 3","กองกำกับการตำรวจตระเวนชายแดนที่ 33","","","","7250033314","รร.ตชด.บ้านใหม่พัฒนาสันติ","20/03/2568","","0",""
"2565","9. 2565 REP004-IMPROVEMENT 12 - ตารางสรุปรายงานมาตรฐานแต่ละด้าน พร้อมจำนวนข้อที่ต้องปรับปรุง และจำนวนเด็กที่ผ่านเกณฑ์.xls","39","สำนักงานตำรวจแห่งชาติ","กองบัญชาการตำรวจตระเวนชายแดน","กองบังคับการตำรวจตระเวนชายแดนภาค 3","กองกำกับการตำรวจตระเวนชายแดนที่ 33","","","","7250033332","รร.ตชด.บางกอก เชฟ แชร์ริตี้ บ้านแม่ขอ","16/05/2560","1.2.3","1","1.2.3"
"2565","9. 2565 REP004-IMPROVEMENT 12 - ตารางสรุปรายงานมาตรฐานแต่ละด้าน พร้อมจำนวนข้อที่ต้องปรับปรุง และจำนวนเด็กที่ผ่านเกณฑ์.xls","40","สำนักงานตำรวจแห่งชาติ","กองบัญชาการตำรวจตระเวนชายแดน","กองบังคับการตำรวจตระเวนชายแดนภาค 3","กองกำกับการตำรวจตระเวนชายแดนที่ 33","","","","7250033333","ศกร.ตชด.บ้านแม่มุใน (บริษัท ซี เค พาวเวอร์ จำกัด (มหาชน)อุปถัมภ์)","16/05/2561","1.2.2,1.2.3","2","1.2.2,1.2.3"
"2565","9. 2565 REP004-IMPROVEMENT 12 - ตารางสรุปรายงานมาตรฐานแต่ละด้าน พร้อมจำนวนข้อที่ต้องปรับปรุง และจำนวนเด็กที่ผ่านเกณฑ์.xls","41","สำนักงานตำรวจแห่งชาติ","กองบัญชาการตำรวจตระเวนชายแดน","กองบังคับการตำรวจตระเวนชายแดนภาค 3","กองกำกับการตำรวจตระเวนชายแดนที่ 33","","","","7250043311","รร.ตชด.เฉลิมพระเกียรติฯ","09/07/2564","","0",""
"2565","9. 2565 REP004-IMPROVEMENT 12 - ตารางสรุปรายงานมาตรฐานแต่ละด้าน พร้อมจำนวนข้อที่ต้องปรับปรุง และจำนวนเด็กที่ผ่านเกณฑ์.xls","42","สำนักงานตำรวจแห่งชาติ","กองบัญชาการตำรวจตระเวนชายแดน","กองบังคับการตำรวจตระเวนชายแดนภาค 3","กองกำกับการตำรวจตระเวนชายแดนที่ 33","","","","7250043316","รร.ตชด.บ้านหนองแขม","25/07/2541","","0",""
"2565","9. 2565 REP004-IMPROVEMENT 12 - ตารางสรุปรายงานมาตรฐานแต่ละด้าน พร้อมจำนวนข้อที่ต้องปรับปรุง และจำนวนเด็กที่ผ่านเกณฑ์.xls","43","สำนักงานตำรวจแห่งชาติ","กองบัญชาการตำรวจตระเวนชายแดน","กองบังคับการตำรวจตระเวนชายแดนภาค 3","กองกำกับการตำรวจตระเวนชายแดนที่ 33","","","","7250063315","รร.ตชด.ไลออนส์มหาจักร 9","27/06/2535","3.1.3ข","1","3.1.3"
"2565","9. 2565 REP004-IMPROVEMENT 12 - ตารางสรุปรายงานมาตรฐานแต่ละด้าน พร้อมจำนวนข้อที่ต้องปรับปรุง และจำนวนเด็กที่ผ่านเกณฑ์.xls","44","สำนักงานตำรวจแห่งชาติ","กองบัญชาการตำรวจตระเวนชายแดน","กองบังคับการตำรวจตระเวนชายแดนภาค 3","กองกำกับการตำรวจตระเวนชายแดนที่ 33","","","","7250093302","รร.ตชด.อาโอยาม่า","10/01/2510","1.2.3,1.4.6","2","1.2.3,1.4.6"
"2565","9. 2565 REP004-IMPROVEMENT 12 - ตารางสรุปรายงานมาตรฐานแต่ละด้าน พร้อมจำนวนข้อที่ต้องปรับปรุง และจำนวนเด็กที่ผ่านเกณฑ์.xls","45","สำนักงานตำรวจแห่งชาติ","กองบัญชาการตำรวจตระเวนชายแดน","กองบังคับการตำรวจตระเวนชายแดนภาค 3","กองกำกับการตำรวจตระเวนชายแดนที่ 33","","","","7250103301","รร.ตชด.เฮียงไทยธำรงค์","11/01/2505","1.1.2,1.3.4,1.3.5,1.3.8,1.4.3,3.5.2ข,3.5.3ข","7","1.1.2,1.3.4,1.3.5,1.3.8,1.4.3,3.5.2,3.5.3"
"2565","9. 2565 REP004-IMPROVEMENT 12 - ตารางสรุปรายงานมาตรฐานแต่ละด้าน พร้อมจำนวนข้อที่ต้องปรับปรุง และจำนวนเด็กที่ผ่านเกณฑ์.xls","46","สำนักงานตำรวจแห่งชาติ","กองบัญชาการตำรวจตระเวนชายแดน","กองบังคับการตำรวจตระเวนชายแดนภาค 3","กองกำกับการตำรวจตระเวนชายแดนที่ 33","","","","7250103307","รร.ตชด.ทุติยะโพธิ์อนุสรณ์","14/06/2514","1.2.2,1.2.4","2","1.2.2,1.2.4"
"2565","9. 2565 REP004-IMPROVEMENT 12 - ตารางสรุปรายงานมาตรฐานแต่ละด้าน พร้อมจำนวนข้อที่ต้องปรับปรุง และจำนวนเด็กที่ผ่านเกณฑ์.xls","47","สำนักงานตำรวจแห่งชาติ","กองบัญชาการตำรวจตระเวนชายแดน","กองบังคับการตำรวจตระเวนชายแดนภาค 3","กองกำกับการตำรวจตระเวนชายแดนที่ 33","","","","7250113304","รร.ตชด.เจ้าพ่อหลวงอุปถัมภ์ 2","01/12/2508","1.2.3","1","1.2.3"
"2565","9. 2565 REP004-IMPROVEMENT 12 - ตารางสรุปรายงานมาตรฐานแต่ละด้าน พร้อมจำนวนข้อที่ต้องปรับปรุง และจำนวนเด็กที่ผ่านเกณฑ์.xls","48","สำนักงานตำรวจแห่งชาติ","กองบัญชาการตำรวจตระเวนชายแดน","กองบังคับการตำรวจตระเวนชายแดนภาค 3","กองกำกับการตำรวจตระเวนชายแดนที่ 33","","","","7250183318","รร.ตชด.รางวัลอินทิรา  คานธี","20/04/2555","","0",""
"2565","9. 2565 REP004-IMPROVEMENT 12 - ตารางสรุปรายงานมาตรฐานแต่ละด้าน พร้อมจำนวนข้อที่ต้องปรับปรุง และจำนวนเด็กที่ผ่านเกณฑ์.xls","49","สำนักงานตำรวจแห่งชาติ","กองบัญชาการตำรวจตระเวนชายแดน","กองบังคับการตำรวจตระเวนชายแดนภาค 3","กองกำกับการตำรวจตระเวนชายแดนที่ 33","","","","7250183326","รร.ตชด.บางกอก เชฟ แชร์ริตี้","18/05/2558","","0",""
"2565","9. 2565 REP004-IMPROVEMENT 12 - ตารางสรุปรายงานมาตรฐานแต่ละด้าน พร้อมจำนวนข้อที่ต้องปรับปรุง และจำนวนเด็กที่ผ่านเกณฑ์.xls","50","สำนักงานตำรวจแห่งชาติ","กองบัญชาการตำรวจตระเวนชายแดน","กองบังคับการตำรวจตระเวนชายแดนภาค 3","กองกำกับการตำรวจตระเวนชายแดนที่ 33","","","","7250283334","ศกร.ตชด.บ้านนามะอื้น","16/05/2562","3.5.5ข","1","3.5.5"
"2565","9. 2565 REP004-IMPROVEMENT 12 - ตารางสรุปรายงานมาตรฐานแต่ละด้าน พร้อมจำนวนข้อที่ต้องปรับปรุง และจำนวนเด็กที่ผ่านเกณฑ์.xls","51","สำนักงานตำรวจแห่งชาติ","กองบัญชาการตำรวจตระเวนชายแดน","กองบังคับการตำรวจตระเวนชายแดนภาค 3","กองกำกับการตำรวจตระเวนชายแดนที่ 31","","","","7253063101","รร.ตชด.บุญธรรม-บุญพรั้ง","01/05/2501","1.2.3","1","1.2.3"
"2565","9. 2565 REP004-IMPROVEMENT 12 - ตารางสรุปรายงานมาตรฐานแต่ละด้าน พร้อมจำนวนข้อที่ต้องปรับปรุง และจำนวนเด็กที่ผ่านเกณฑ์.xls","52","สำนักงานตำรวจแห่งชาติ","กองบัญชาการตำรวจตระเวนชายแดน","กองบังคับการตำรวจตระเวนชายแดนภาค 3","กองกำกับการตำรวจตระเวนชายแดนที่ 31","","","","7253063105","รร.ตชด.ยอดโพธิ์ทอง 1","01/08/2529","","0",""
"2565","9. 2565 REP004-IMPROVEMENT 12 - ตารางสรุปรายงานมาตรฐานแต่ละด้าน พร้อมจำนวนข้อที่ต้องปรับปรุง และจำนวนเด็กที่ผ่านเกณฑ์.xls","53","สำนักงานตำรวจแห่งชาติ","กองบัญชาการตำรวจตระเวนชายแดน","กองบังคับการตำรวจตระเวนชายแดนภาค 3","กองกำกับการตำรวจตระเวนชายแดนที่ 32","","","","7255013224","ศกร.ตชด.บ้านห้วยลู่","24/01/2563","1.3.8","1","1.3.8"
"2565","9. 2565 REP004-IMPROVEMENT 12 - ตารางสรุปรายงานมาตรฐานแต่ละด้าน พร้อมจำนวนข้อที่ต้องปรับปรุง และจำนวนเด็กที่ผ่านเกณฑ์.xls","54","สำนักงานตำรวจแห่งชาติ","กองบัญชาการตำรวจตระเวนชายแดน","กองบังคับการตำรวจตระเวนชายแดนภาค 3","กองกำกับการตำรวจตระเวนชายแดนที่ 32","","","","7255023216","รร.ตชด.พีระยานุเคราะห์ฯ 3","26/01/2538","","0",""
"2565","9. 2565 REP004-IMPROVEMENT 12 - ตารางสรุปรายงานมาตรฐานแต่ละด้าน พร้อมจำนวนข้อที่ต้องปรับปรุง และจำนวนเด็กที่ผ่านเกณฑ์.xls","55","สำนักงานตำรวจแห่งชาติ","กองบัญชาการตำรวจตระเวนชายแดน","กองบังคับการตำรวจตระเวนชายแดนภาค 3","กองกำกับการตำรวจตระเวนชายแดนที่ 32","","","","7256063211","รร.ตชด.เบ็ตตี้ดูเมน","12/01/2528","","0",""
"2565","9. 2565 REP004-IMPROVEMENT 12 - ตารางสรุปรายงานมาตรฐานแต่ละด้าน พร้อมจำนวนข้อที่ต้องปรับปรุง และจำนวนเด็กที่ผ่านเกณฑ์.xls","56","สำนักงานตำรวจแห่งชาติ","กองบัญชาการตำรวจตระเวนชายแดน","กองบังคับการตำรวจตระเวนชายแดนภาค 3","กองกำกับการตำรวจตระเวนชายแดนที่ 32","","","","7256113223","ศกร.ตชด.อินทรีอาสา (บ้านห้วยปุ้ม)","10/02/2561","1.2.3","1","1.2.3"
"2565","9. 2565 REP004-IMPROVEMENT 12 - ตารางสรุปรายงานมาตรฐานแต่ละด้าน พร้อมจำนวนข้อที่ต้องปรับปรุง และจำนวนเด็กที่ผ่านเกณฑ์.xls","57","สำนักงานตำรวจแห่งชาติ","กองบัญชาการตำรวจตระเวนชายแดน","กองบังคับการตำรวจตระเวนชายแดนภาค 3","กองกำกับการตำรวจตระเวนชายแดนที่ 32","","","","7257013213","รร.ตชด.เทคนิคดุสิต","14/06/2564","","0",""
"2565","9. 2565 REP004-IMPROVEMENT 12 - ตารางสรุปรายงานมาตรฐานแต่ละด้าน พร้อมจำนวนข้อที่ต้องปรับปรุง และจำนวนเด็กที่ผ่านเกณฑ์.xls","58","สำนักงานตำรวจแห่งชาติ","กองบัญชาการตำรวจตระเวนชายแดน","กองบังคับการตำรวจตระเวนชายแดนภาค 3","กองกำกับการตำรวจตระเวนชายแดนที่ 32","","","","7257013222","ศกร.ตชด.บ้านจะนู (จิราธิวัฒน์อุปถัมภ์)","17/02/2568","","0",""
"2565","9. 2565 REP004-IMPROVEMENT 12 - ตารางสรุปรายงานมาตรฐานแต่ละด้าน พร้อมจำนวนข้อที่ต้องปรับปรุง และจำนวนเด็กที่ผ่านเกณฑ์.xls","59","สำนักงานตำรวจแห่งชาติ","กองบัญชาการตำรวจตระเวนชายแดน","กองบังคับการตำรวจตระเวนชายแดนภาค 3","กองกำกับการตำรวจตระเวนชายแดนที่ 32","","","","7257033203","รร.ตชด.อาชีวศึกษา เชียงราย-พะเยา","08/05/2508","1.2.3,1.5.2,2.5.2","3","1.2.3,1.5.2,2.5.2"
"2565","9. 2565 REP004-IMPROVEMENT 12 - ตารางสรุปรายงานมาตรฐานแต่ละด้าน พร้อมจำนวนข้อที่ต้องปรับปรุง และจำนวนเด็กที่ผ่านเกณฑ์.xls","60","สำนักงานตำรวจแห่งชาติ","กองบัญชาการตำรวจตระเวนชายแดน","กองบังคับการตำรวจตระเวนชายแดนภาค 3","กองกำกับการตำรวจตระเวนชายแดนที่ 32","","","","7257103201","รร.ตชด.บ้านดอยล้าน *","01/10/2503","3.5.2ข,3.5.4ข,3.6.2ข,3.6.3ข,3.6.4ข","5","3.5.2,3.5.4,3.6.2,3.6.3,3.6.4"
"2565","9. 2565 REP004-IMPROVEMENT 12 - ตารางสรุปรายงานมาตรฐานแต่ละด้าน พร้อมจำนวนข้อที่ต้องปรับปรุง และจำนวนเด็กที่ผ่านเกณฑ์.xls","61","สำนักงานตำรวจแห่งชาติ","กองบัญชาการตำรวจตระเวนชายแดน","กองบังคับการตำรวจตระเวนชายแดนภาค 3","กองกำกับการตำรวจตระเวนชายแดนที่ 32","","","","7257133206","รร.ตชด.ชนัตถ์ปิยะอุย","09/01/2517","1.2.3","1","1.2.3"
"2565","9. 2565 REP004-IMPROVEMENT 12 - ตารางสรุปรายงานมาตรฐานแต่ละด้าน พร้อมจำนวนข้อที่ต้องปรับปรุง และจำนวนเด็กที่ผ่านเกณฑ์.xls","62","สำนักงานตำรวจแห่งชาติ","กองบัญชาการตำรวจตระเวนชายแดน","กองบังคับการตำรวจตระเวนชายแดนภาค 3","กองกำกับการตำรวจตระเวนชายแดนที่ 32","","","","7257133219","ศกร.ตชด.บ้านฟ้าไทยงาม","16/05/2557","","0",""
"2565","9. 2565 REP004-IMPROVEMENT 12 - ตารางสรุปรายงานมาตรฐานแต่ละด้าน พร้อมจำนวนข้อที่ต้องปรับปรุง และจำนวนเด็กที่ผ่านเกณฑ์.xls","63","สำนักงานตำรวจแห่งชาติ","กองบัญชาการตำรวจตระเวนชายแดน","กองบังคับการตำรวจตระเวนชายแดนภาค 3","กองกำกับการตำรวจตระเวนชายแดนที่ 32","","","","7257133220","ศกร.ตชด.บ้านห้วยกุ๊ก","28/07/2564","1.2.3","1","1.2.3"
"2565","9. 2565 REP004-IMPROVEMENT 12 - ตารางสรุปรายงานมาตรฐานแต่ละด้าน พร้อมจำนวนข้อที่ต้องปรับปรุง และจำนวนเด็กที่ผ่านเกณฑ์.xls","64","สำนักงานตำรวจแห่งชาติ","กองบัญชาการตำรวจตระเวนชายแดน","กองบังคับการตำรวจตระเวนชายแดนภาค 3","กองกำกับการตำรวจตระเวนชายแดนที่ 32","","","","7257153214","รร.ตชด.สังวาลย์วิท 8 *","17/05/2566","1.2.3","1","1.2.3"
"2565","9. 2565 REP004-IMPROVEMENT 12 - ตารางสรุปรายงานมาตรฐานแต่ละด้าน พร้อมจำนวนข้อที่ต้องปรับปรุง และจำนวนเด็กที่ผ่านเกณฑ์.xls","65","สำนักงานตำรวจแห่งชาติ","กองบัญชาการตำรวจตระเวนชายแดน","กองบังคับการตำรวจตระเวนชายแดนภาค 3","กองกำกับการตำรวจตระเวนชายแดนที่ 33","","","","7258013323","ศกร.ตชด.บ้านดอยแสง","16/05/2558","3.1.1ข,3.6.4ข","2","3.1.1,3.6.4"
"2565","9. 2565 REP004-IMPROVEMENT 12 - ตารางสรุปรายงานมาตรฐานแต่ละด้าน พร้อมจำนวนข้อที่ต้องปรับปรุง และจำนวนเด็กที่ผ่านเกณฑ์.xls","66","สำนักงานตำรวจแห่งชาติ","กองบัญชาการตำรวจตระเวนชายแดน","กองบังคับการตำรวจตระเวนชายแดนภาค 3","กองกำกับการตำรวจตระเวนชายแดนที่ 33","","","","7258023328","ศกร.ตชด.บ้านห้วยโปงเลา","24/11/2559","1.1.3,1.4.3","2","1.1.3,1.4.3"
"2565","9. 2565 REP004-IMPROVEMENT 12 - ตารางสรุปรายงานมาตรฐานแต่ละด้าน พร้อมจำนวนข้อที่ต้องปรับปรุง และจำนวนเด็กที่ผ่านเกณฑ์.xls","67","สำนักงานตำรวจแห่งชาติ","กองบัญชาการตำรวจตระเวนชายแดน","กองบังคับการตำรวจตระเวนชายแดนภาค 3","กองกำกับการตำรวจตระเวนชายแดนที่ 33","","","","7258043321","ศกร.ตชด.บ้านปอหมื้อ","17/05/2565","","0",""
"2565","9. 2565 REP004-IMPROVEMENT 12 - ตารางสรุปรายงานมาตรฐานแต่ละด้าน พร้อมจำนวนข้อที่ต้องปรับปรุง และจำนวนเด็กที่ผ่านเกณฑ์.xls","68","สำนักงานตำรวจแห่งชาติ","กองบัญชาการตำรวจตระเวนชายแดน","กองบังคับการตำรวจตระเวนชายแดนภาค 3","กองกำกับการตำรวจตระเวนชายแดนที่ 33","","","","7258043322","รร.ตชด.๙๐๕","16/05/2569","","0",""
"2565","9. 2565 REP004-IMPROVEMENT 12 - ตารางสรุปรายงานมาตรฐานแต่ละด้าน พร้อมจำนวนข้อที่ต้องปรับปรุง และจำนวนเด็กที่ผ่านเกณฑ์.xls","69","สำนักงานตำรวจแห่งชาติ","กองบัญชาการตำรวจตระเวนชายแดน","กองบังคับการตำรวจตระเวนชายแดนภาค 3","กองกำกับการตำรวจตระเวนชายแดนที่ 33","","","","7258043327","ศกร.ตชด.บ้านแม่เหลอ","30/07/2564","1.2.3","1","1.2.3"
"2565","9. 2565 REP004-IMPROVEMENT 12 - ตารางสรุปรายงานมาตรฐานแต่ละด้าน พร้อมจำนวนข้อที่ต้องปรับปรุง และจำนวนเด็กที่ผ่านเกณฑ์.xls","70","สำนักงานตำรวจแห่งชาติ","กองบัญชาการตำรวจตระเวนชายแดน","กองบังคับการตำรวจตระเวนชายแดนภาค 3","กองกำกับการตำรวจตระเวนชายแดนที่ 33","","","","7258053308","รร.ตชด.บ้านแม่ลางิ้ว","05/08/2525","","0",""
"2565","9. 2565 REP004-IMPROVEMENT 12 - ตารางสรุปรายงานมาตรฐานแต่ละด้าน พร้อมจำนวนข้อที่ต้องปรับปรุง และจำนวนเด็กที่ผ่านเกณฑ์.xls","71","สำนักงานตำรวจแห่งชาติ","กองบัญชาการตำรวจตระเวนชายแดน","กองบังคับการตำรวจตระเวนชายแดนภาค 3","กองกำกับการตำรวจตระเวนชายแดนที่ 33","","","","7258053309","รร.ตชด.บ้านตุน","30/07/2564","3.1.1ก,3.2.1ก,3.2.2ก,3.2.3ก,3.2.4ก,3.2.5ก,3.2.6ก,3.1.1ข,3.1.2ข,3.1.3ข,3.2.1ข,3.3.1ข,3.3.2ข,3.4.1ข,3.4.2ข,3.4.3ข,3.5.1ข,3.5.2ข,3.5.3ข,3.5.4ข,3.5.5ข,3.6.1ข,3.6.2ข,3.6.3ข,3.6.4ข,3.7.1ข,3.7.2ข,3.7.3ข,3.7.4ข","29","3.1.1,3.2.1,3.2.2,3.2.3,3.2.4,3.2.5,3.2.6,3.1.2,3.1.3,3.3.1,3.3.2,3.4.1,3.4.2,3.4.3,3.5.1,3.5.2,3.5.3,3.5.4,3.5.5,3.6.1,3.6.2,3.6.3,3.6.4,3.7.1,3.7.2,3.7.3,3.7.4"
"2565","9. 2565 REP004-IMPROVEMENT 12 - ตารางสรุปรายงานมาตรฐานแต่ละด้าน พร้อมจำนวนข้อที่ต้องปรับปรุง และจำนวนเด็กที่ผ่านเกณฑ์.xls","72","สำนักงานตำรวจแห่งชาติ","กองบัญชาการตำรวจตระเวนชายแดน","กองบังคับการตำรวจตระเวนชายแดนภาค 3","กองกำกับการตำรวจตระเวนชายแดนที่ 33","","","","7258063329","ศกร.ตชด.บ้านห้วยมะโอ","","1.3.3,1.3.4,1.3.5,1.3.8,1.5.4,2.2.4,2.3.3,2.4.3,2.5.1,2.5.2,3.6.4ข,3.7.1ข,3.7.2ข,3.7.3ข,3.7.4ข","15","1.3.3,1.3.4,1.3.5,1.3.8,1.5.4,2.2.4,2.3.3,2.4.3,2.5.1,2.5.2,3.6.4,3.7.1,3.7.2,3.7.3,3.7.4"
"2565","9. 2565 REP004-IMPROVEMENT 12 - ตารางสรุปรายงานมาตรฐานแต่ละด้าน พร้อมจำนวนข้อที่ต้องปรับปรุง และจำนวนเด็กที่ผ่านเกณฑ์.xls","73","สำนักงานตำรวจแห่งชาติ","กองบัญชาการตำรวจตระเวนชายแดน","กองบังคับการตำรวจตระเวนชายแดนภาค 3","กองกำกับการตำรวจตระเวนชายแดนที่ 33","","","","7258073305","รร.ตชด.ชมรมอนุรักษ์พุทธศิลปไทยอนุสรณ์","","","0",""
"2565","9. 2565 REP004-IMPROVEMENT 12 - ตารางสรุปรายงานมาตรฐานแต่ละด้าน พร้อมจำนวนข้อที่ต้องปรับปรุง และจำนวนเด็กที่ผ่านเกณฑ์.xls","74","สำนักงานตำรวจแห่งชาติ","กองบัญชาการตำรวจตระเวนชายแดน","กองบังคับการตำรวจตระเวนชายแดนภาค 3","กองกำกับการตำรวจตระเวนชายแดนที่ 33","","","","7258073313","รร.ตชด.ชมรมอนุรักษ์พุทธศิลปไทยอนุสรณ์ 2","04/04/2534","1.2.3","1","1.2.3"
"2565","9. 2565 REP004-IMPROVEMENT 12 - ตารางสรุปรายงานมาตรฐานแต่ละด้าน พร้อมจำนวนข้อที่ต้องปรับปรุง และจำนวนเด็กที่ผ่านเกณฑ์.xls","75","สำนักงานตำรวจแห่งชาติ","กองบัญชาการตำรวจตระเวนชายแดน","กองบังคับการตำรวจตระเวนชายแดนภาค 3","กองกำกับการตำรวจตระเวนชายแดนที่ 33","","","","7258073324","ศกร.ตชด.เฉลิมพระเกียรติ ฯ บ้านน้ำบ่อสะเป่","16/05/2557","1.3.4,3.5.1ข,3.5.2ข,3.5.3ข,3.6.1ข,3.6.2ข,3.6.3ข","7","1.3.4,3.5.1,3.5.2,3.5.3,3.6.1,3.6.2,3.6.3"
"2565","9. 2565 REP004-IMPROVEMENT 12 - ตารางสรุปรายงานมาตรฐานแต่ละด้าน พร้อมจำนวนข้อที่ต้องปรับปรุง และจำนวนเด็กที่ผ่านเกณฑ์.xls","76","สำนักงานตำรวจแห่งชาติ","กองบัญชาการตำรวจตระเวนชายแดน","กองบังคับการตำรวจตระเวนชายแดนภาค 3","กองกำกับการตำรวจตระเวนชายแดนที่ 33","","","","7258133330","ศกร.ตชด.พลเอก อรชุน พิบูลนครินทร์","01/05/2559","3.1.1ข,3.1.2ข,3.1.3ข,3.2.1ข,3.3.1ข,3.3.2ข,3.4.1ข,3.4.2ข,3.4.3ข,3.5.1ข,3.5.2ข,3.5.3ข,3.5.4ข,3.5.5ข,3.6.1ข,3.6.2ข,3.6.3ข,3.6.4ข,3.7.1ข,3.7.2ข,3.7.3ข,3.7.4ข","22","3.1.1,3.1.2,3.1.3,3.2.1,3.3.1,3.3.2,3.4.1,3.4.2,3.4.3,3.5.1,3.5.2,3.5.3,3.5.4,3.5.5,3.6.1,3.6.2,3.6.3,3.6.4,3.7.1,3.7.2,3.7.3,3.7.4"
"2565","9. 2565 REP004-IMPROVEMENT 12 - ตารางสรุปรายงานมาตรฐานแต่ละด้าน พร้อมจำนวนข้อที่ต้องปรับปรุง และจำนวนเด็กที่ผ่านเกณฑ์.xls","77","สำนักงานตำรวจแห่งชาติ","กองบัญชาการตำรวจตระเวนชายแดน","กองบังคับการตำรวจตระเวนชายแดนภาค 3","กองกำกับการตำรวจตระเวนชายแดนที่ 34","","","","7263043403","รร.ตชด.เฉลิมพระเกียรติ 7 รอบฯ (บ้านแพะ จังหวัดตาก)","09/06/2524","","0",""
"2565","9. 2565 REP004-IMPROVEMENT 12 - ตารางสรุปรายงานมาตรฐานแต่ละด้าน พร้อมจำนวนข้อที่ต้องปรับปรุง และจำนวนเด็กที่ผ่านเกณฑ์.xls","78","สำนักงานตำรวจแห่งชาติ","กองบัญชาการตำรวจตระเวนชายแดน","กองบังคับการตำรวจตระเวนชายแดนภาค 3","กองกำกับการตำรวจตระเวนชายแดนที่ 34","","","","7263043419","รร.ตชด.หม่อมราชวงศ์เฉลิมลักษณ์ จันทรเสน (ขยายโอกาส)","07/02/2545","","0",""
"2565","9. 2565 REP004-IMPROVEMENT 12 - ตารางสรุปรายงานมาตรฐานแต่ละด้าน พร้อมจำนวนข้อที่ต้องปรับปรุง และจำนวนเด็กที่ผ่านเกณฑ์.xls","79","สำนักงานตำรวจแห่งชาติ","กองบัญชาการตำรวจตระเวนชายแดน","กองบังคับการตำรวจตระเวนชายแดนภาค 3","กองกำกับการตำรวจตระเวนชายแดนที่ 34","","","","7263043420","ศกร.ตชด.บ้านทีวะเบยทะ *","16/05/2545","1.2.3,3.6.4ข","2","1.2.3,3.6.4"
"2565","9. 2565 REP004-IMPROVEMENT 12 - ตารางสรุปรายงานมาตรฐานแต่ละด้าน พร้อมจำนวนข้อที่ต้องปรับปรุง และจำนวนเด็กที่ผ่านเกณฑ์.xls","80","สำนักงานตำรวจแห่งชาติ","กองบัญชาการตำรวจตระเวนชายแดน","กองบังคับการตำรวจตระเวนชายแดนภาค 3","กองกำกับการตำรวจตระเวนชายแดนที่ 34","","","","7263043421","ศกร.ตชด.บ้านวะกะเลโค๊ะ *(เอ็ม เอส ไอ จี อุปถัมภ์)","16/05/2546","1.1.3,1.2.3,1.3.7,2.2.1,2.5.1","5","1.1.3,1.2.3,1.3.7,2.2.1,2.5.1"
"2565","9. 2565 REP004-IMPROVEMENT 12 - ตารางสรุปรายงานมาตรฐานแต่ละด้าน พร้อมจำนวนข้อที่ต้องปรับปรุง และจำนวนเด็กที่ผ่านเกณฑ์.xls","81","สำนักงานตำรวจแห่งชาติ","กองบัญชาการตำรวจตระเวนชายแดน","กองบังคับการตำรวจตระเวนชายแดนภาค 3","กองกำกับการตำรวจตระเวนชายแดนที่ 34","","","","7263043422","ศกร.ตชด.บ้านเลผะสุคี *","16/05/2546","","0",""
"2565","9. 2565 REP004-IMPROVEMENT 12 - ตารางสรุปรายงานมาตรฐานแต่ละด้าน พร้อมจำนวนข้อที่ต้องปรับปรุง และจำนวนเด็กที่ผ่านเกณฑ์.xls","82","สำนักงานตำรวจแห่งชาติ","กองบัญชาการตำรวจตระเวนชายแดน","กองบังคับการตำรวจตระเวนชายแดนภาค 3","กองกำกับการตำรวจตระเวนชายแดนที่ 34","","","","7263043427","ศกร.ตชด.บ้านห้วยสลุง","16/05/2560","","0",""
"2565","9. 2565 REP004-IMPROVEMENT 12 - ตารางสรุปรายงานมาตรฐานแต่ละด้าน พร้อมจำนวนข้อที่ต้องปรับปรุง และจำนวนเด็กที่ผ่านเกณฑ์.xls","83","สำนักงานตำรวจแห่งชาติ","กองบัญชาการตำรวจตระเวนชายแดน","กองบังคับการตำรวจตระเวนชายแดนภาค 3","กองกำกับการตำรวจตระเวนชายแดนที่ 34","","","","7263043428","ศูนย์การเรียนตำรวจตระเวนชายแดนธนาคารออมสินอุปถัมภ์ (บ้านเทอคี)","14/06/2564","","0",""
"2565","9. 2565 REP004-IMPROVEMENT 12 - ตารางสรุปรายงานมาตรฐานแต่ละด้าน พร้อมจำนวนข้อที่ต้องปรับปรุง และจำนวนเด็กที่ผ่านเกณฑ์.xls","84","สำนักงานตำรวจแห่งชาติ","กองบัญชาการตำรวจตระเวนชายแดน","กองบังคับการตำรวจตระเวนชายแดนภาค 3","กองกำกับการตำรวจตระเวนชายแดนที่ 34","","","","7263053402","รร.ตชด.จุฬา - ธรรมศาสตร์ 3","07/09/2515","","0",""
"2565","9. 2565 REP004-IMPROVEMENT 12 - ตารางสรุปรายงานมาตรฐานแต่ละด้าน พร้อมจำนวนข้อที่ต้องปรับปรุง และจำนวนเด็กที่ผ่านเกณฑ์.xls","85","สำนักงานตำรวจแห่งชาติ","กองบัญชาการตำรวจตระเวนชายแดน","กองบังคับการตำรวจตระเวนชายแดนภาค 3","กองกำกับการตำรวจตระเวนชายแดนที่ 34","","","","7263053404","รร.ตชด.เทคนิคอาสา 1","15/03/2528","","0",""
"2565","9. 2565 REP004-IMPROVEMENT 12 - ตารางสรุปรายงานมาตรฐานแต่ละด้าน พร้อมจำนวนข้อที่ต้องปรับปรุง และจำนวนเด็กที่ผ่านเกณฑ์.xls","86","สำนักงานตำรวจแห่งชาติ","กองบัญชาการตำรวจตระเวนชายแดน","กองบังคับการตำรวจตระเวนชายแดนภาค 3","กองกำกับการตำรวจตระเวนชายแดนที่ 34","","","","7263053409","รร.ตชด.บ้านกามาผาโด้","16/05/2526","","0",""
"2565","9. 2565 REP004-IMPROVEMENT 12 - ตารางสรุปรายงานมาตรฐานแต่ละด้าน พร้อมจำนวนข้อที่ต้องปรับปรุง และจำนวนเด็กที่ผ่านเกณฑ์.xls","87","สำนักงานตำรวจแห่งชาติ","กองบัญชาการตำรวจตระเวนชายแดน","กองบังคับการตำรวจตระเวนชายแดนภาค 3","กองกำกับการตำรวจตระเวนชายแดนที่ 34","","","","7263053414","ศกร.ตชด.บ้านแม่อมยะ *","02/04/2545","1.2.3,1.4.6,3.1.2ข","3","1.2.3,1.4.6,3.1.2"
"2565","9. 2565 REP004-IMPROVEMENT 12 - ตารางสรุปรายงานมาตรฐานแต่ละด้าน พร้อมจำนวนข้อที่ต้องปรับปรุง และจำนวนเด็กที่ผ่านเกณฑ์.xls","88","สำนักงานตำรวจแห่งชาติ","กองบัญชาการตำรวจตระเวนชายแดน","กองบังคับการตำรวจตระเวนชายแดนภาค 3","กองกำกับการตำรวจตระเวนชายแดนที่ 34","","","","7263053415","ศกร.ตชด.บ้านแม่ละนา *","16/05/2546","1.2.3","1","1.2.3"
"2565","9. 2565 REP004-IMPROVEMENT 12 - ตารางสรุปรายงานมาตรฐานแต่ละด้าน พร้อมจำนวนข้อที่ต้องปรับปรุง และจำนวนเด็กที่ผ่านเกณฑ์.xls","89","สำนักงานตำรวจแห่งชาติ","กองบัญชาการตำรวจตระเวนชายแดน","กองบังคับการตำรวจตระเวนชายแดนภาค 3","กองกำกับการตำรวจตระเวนชายแดนที่ 34","","","","7263053416","ศกร.ตชด.บ้านพอบือละคี *","16/05/2545","1.4.6,1.5.1,3.1.2ข,3.1.3ข,3.5.2ข,3.6.4ข","6","1.4.6,1.5.1,3.1.2,3.1.3,3.5.2,3.6.4"
"2565","9. 2565 REP004-IMPROVEMENT 12 - ตารางสรุปรายงานมาตรฐานแต่ละด้าน พร้อมจำนวนข้อที่ต้องปรับปรุง และจำนวนเด็กที่ผ่านเกณฑ์.xls","90","สำนักงานตำรวจแห่งชาติ","กองบัญชาการตำรวจตระเวนชายแดน","กองบังคับการตำรวจตระเวนชายแดนภาค 3","กองกำกับการตำรวจตระเวนชายแดนที่ 34","","","","7263053417","ศกร.ตชด.บ้านแม่หละคี *","08/02/2566","","0",""
"2565","9. 2565 REP004-IMPROVEMENT 12 - ตารางสรุปรายงานมาตรฐานแต่ละด้าน พร้อมจำนวนข้อที่ต้องปรับปรุง และจำนวนเด็กที่ผ่านเกณฑ์.xls","91","สำนักงานตำรวจแห่งชาติ","กองบัญชาการตำรวจตระเวนชายแดน","กองบังคับการตำรวจตระเวนชายแดนภาค 3","กองกำกับการตำรวจตระเวนชายแดนที่ 34","","","","7263053418","ศกร.ตชด.บ้านคะเนจือทะ *","16/07/2545","1.2.3","1","1.2.3"
"2565","9. 2565 REP004-IMPROVEMENT 12 - ตารางสรุปรายงานมาตรฐานแต่ละด้าน พร้อมจำนวนข้อที่ต้องปรับปรุง และจำนวนเด็กที่ผ่านเกณฑ์.xls","92","สำนักงานตำรวจแห่งชาติ","กองบัญชาการตำรวจตระเวนชายแดน","กองบังคับการตำรวจตระเวนชายแดนภาค 3","กองกำกับการตำรวจตระเวนชายแดนที่ 34","","","","7263053423","ศกร.ตชด.บ้านเลโพเด *","16/05/2545","1.2.3","1","1.2.3"
"2565","9. 2565 REP004-IMPROVEMENT 12 - ตารางสรุปรายงานมาตรฐานแต่ละด้าน พร้อมจำนวนข้อที่ต้องปรับปรุง และจำนวนเด็กที่ผ่านเกณฑ์.xls","93","สำนักงานตำรวจแห่งชาติ","กองบัญชาการตำรวจตระเวนชายแดน","กองบังคับการตำรวจตระเวนชายแดนภาค 3","กองกำกับการตำรวจตระเวนชายแดนที่ 34","","","","7263053424","ศกร.ตชด.บ้านตีนดอย *","30/01/2547","","0",""
"2565","9. 2565 REP004-IMPROVEMENT 12 - ตารางสรุปรายงานมาตรฐานแต่ละด้าน พร้อมจำนวนข้อที่ต้องปรับปรุง และจำนวนเด็กที่ผ่านเกณฑ์.xls","94","สำนักงานตำรวจแห่งชาติ","กองบัญชาการตำรวจตระเวนชายแดน","กองบังคับการตำรวจตระเวนชายแดนภาค 3","กองกำกับการตำรวจตระเวนชายแดนที่ 34","","","","7263063412","รร.ตชด.ท่านผู้หญิงทวี มณีนุตร","01/05/2541","","0",""
"2565","9. 2565 REP004-IMPROVEMENT 12 - ตารางสรุปรายงานมาตรฐานแต่ละด้าน พร้อมจำนวนข้อที่ต้องปรับปรุง และจำนวนเด็กที่ผ่านเกณฑ์.xls","95","สำนักงานตำรวจแห่งชาติ","กองบัญชาการตำรวจตระเวนชายแดน","กองบังคับการตำรวจตระเวนชายแดนภาค 3","กองกำกับการตำรวจตระเวนชายแดนที่ 34","","","","7263063425","รร.ตชด.ศาสตราจารย์สำเภา-ไพวรรณ วรางกูร","16/05/2557","","0",""
"2565","9. 2565 REP004-IMPROVEMENT 12 - ตารางสรุปรายงานมาตรฐานแต่ละด้าน พร้อมจำนวนข้อที่ต้องปรับปรุง และจำนวนเด็กที่ผ่านเกณฑ์.xls","96","สำนักงานตำรวจแห่งชาติ","กองบัญชาการตำรวจตระเวนชายแดน","กองบังคับการตำรวจตระเวนชายแดนภาค 3","กองกำกับการตำรวจตระเวนชายแดนที่ 34","","","","7263083405","รร.ตชด.บ้านแม่กลองคี","25/02/2528","","0",""
"2565","9. 2565 REP004-IMPROVEMENT 12 - ตารางสรุปรายงานมาตรฐานแต่ละด้าน พร้อมจำนวนข้อที่ต้องปรับปรุง และจำนวนเด็กที่ผ่านเกณฑ์.xls","97","สำนักงานตำรวจแห่งชาติ","กองบัญชาการตำรวจตระเวนชายแดน","กองบังคับการตำรวจตระเวนชายแดนภาค 3","กองกำกับการตำรวจตระเวนชายแดนที่ 34","","","","7263083407","รร.ตชด.บ้านเลตองคุ","18/06/2533","1.2.2,3.5.2ข,3.5.4ข,3.6.1ข,3.6.4ข","5","1.2.2,3.5.2,3.5.4,3.6.1,3.6.4"
"2565","9. 2565 REP004-IMPROVEMENT 12 - ตารางสรุปรายงานมาตรฐานแต่ละด้าน พร้อมจำนวนข้อที่ต้องปรับปรุง และจำนวนเด็กที่ผ่านเกณฑ์.xls","98","สำนักงานตำรวจแห่งชาติ","กองบัญชาการตำรวจตระเวนชายแดน","กองบังคับการตำรวจตระเวนชายแดนภาค 3","กองกำกับการตำรวจตระเวนชายแดนที่ 34","","","","7263083408","รร.ตชด.บ้านแม่จันทะ","19/07/2539","1.2.3","1","1.2.3"
"2565","9. 2565 REP004-IMPROVEMENT 12 - ตารางสรุปรายงานมาตรฐานแต่ละด้าน พร้อมจำนวนข้อที่ต้องปรับปรุง และจำนวนเด็กที่ผ่านเกณฑ์.xls","99","สำนักงานตำรวจแห่งชาติ","กองบัญชาการตำรวจตระเวนชายแดน","กองบังคับการตำรวจตระเวนชายแดนภาค 3","กองกำกับการตำรวจตระเวนชายแดนที่ 34","","","","7263083411","รร.ตชด.เฉลิมพระเกียรติ 7 รอบฯ (บ้านหม่องกั๊วะ จังหวัดตาก)","13/04/2556","1.2.3,3.1.3ข,3.3.1ข","3","1.2.3,3.1.3,3.3.1"
"2565","9. 2565 REP004-IMPROVEMENT 12 - ตารางสรุปรายงานมาตรฐานแต่ละด้าน พร้อมจำนวนข้อที่ต้องปรับปรุง และจำนวนเด็กที่ผ่านเกณฑ์.xls","100","สำนักงานตำรวจแห่งชาติ","กองบัญชาการตำรวจตระเวนชายแดน","กองบังคับการตำรวจตระเวนชายแดนภาค 3","กองกำกับการตำรวจตระเวนชายแดนที่ 34","","","","7263133426","ศกร.ตชด.พระยาประสาทธาตุการย์และคุณหญิงวาส (ประนิช)","10/05/2559","2.1.1,2.1.2,2.1.3,2.1.4,2.1.5,2.2.1,2.2.2,2.2.3,2.2.4,2.2.5,2.3.1,2.3.2,2.3.3,2.3.4,2.3.5,2.4.1,2.4.2,2.4.3,2.5.1,2.5.2,3.1.1ข,3.1.2ข,3.1.3ข,3.2.1ข,3.3.1ข,3.3.2ข,3.4.1ข,3.4.2ข,3.4.3ข,3.5.1ข,3.5.2ข,3.5.3ข,3.5.4ข,3.5.5ข,3.6.1ข,3.6.2ข,3.6.3ข,3.6.4ข,3.7.1ข,3.","40","2.1.1,2.1.2,2.1.3,2.1.4,2.1.5,2.2.1,2.2.2,2.2.3,2.2.4,2.2.5,2.3.1,2.3.2,2.3.3,2.3.4,2.3.5,2.4.1,2.4.2,2.4.3,2.5.1,2.5.2,3.1.1,3.1.2,3.1.3,3.2.1,3.3.1,3.3.2,3.4.1,3.4.2,3.4.3,3.5.1,3.5.2,3.5.3,3.5.4,3.5.5,3.6.1,3.6.2,3.6.3,3.6.4,3.7.1"
"2565","9. 2565 REP004-IMPROVEMENT 12 - ตารางสรุปรายงานมาตรฐานแต่ละด้าน พร้อมจำนวนข้อที่ต้องปรับปรุง และจำนวนเด็กที่ผ่านเกณฑ์.xls","101","สำนักงานตำรวจแห่งชาติ","กองบัญชาการตำรวจตระเวนชายแดน","กองบังคับการตำรวจตระเวนชายแดนภาค 3","กองกำกับการตำรวจตระเวนชายแดนที่ 31","","","","7265023104","รร.ตชด.อาทรอุทิศ","18/08/2522","","0",""
"2565","9. 2565 REP004-IMPROVEMENT 12 - ตารางสรุปรายงานมาตรฐานแต่ละด้าน พร้อมจำนวนข้อที่ต้องปรับปรุง และจำนวนเด็กที่ผ่านเกณฑ์.xls","102","สำนักงานตำรวจแห่งชาติ","กองบัญชาการตำรวจตระเวนชายแดน","กองบังคับการตำรวจตระเวนชายแดนภาค 3","กองกำกับการตำรวจตระเวนชายแดนที่ 31","","","","7265033106","รร.ตชด.บ้านรักไทย","23/07/2534","","0",""
"2565","9. 2565 REP004-IMPROVEMENT 12 - ตารางสรุปรายงานมาตรฐานแต่ละด้าน พร้อมจำนวนข้อที่ต้องปรับปรุง และจำนวนเด็กที่ผ่านเกณฑ์.xls","103","สำนักงานตำรวจแห่งชาติ","กองบัญชาการตำรวจตระเวนชายแดน","กองบังคับการตำรวจตระเวนชายแดนภาค 3","กองกำกับการตำรวจตระเวนชายแดนที่ 31","","","","7265033107","รร.ตชด.บ้านนุชเทียน","15/07/2536","","0",""
"2565","9. 2565 REP004-IMPROVEMENT 12 - ตารางสรุปรายงานมาตรฐานแต่ละด้าน พร้อมจำนวนข้อที่ต้องปรับปรุง และจำนวนเด็กที่ผ่านเกณฑ์.xls","104","สำนักงานตำรวจแห่งชาติ","กองบัญชาการตำรวจตระเวนชายแดน","กองบังคับการตำรวจตระเวนชายแดนภาค 1","กองกำกับการตำรวจตระเวนชายแดนที่ 13","","","","7270031306","รร.ตชด.ตะโกปิดทอง","01/07/2563","1.2.2","1","1.2.2"
"2565","9. 2565 REP004-IMPROVEMENT 12 - ตารางสรุปรายงานมาตรฐานแต่ละด้าน พร้อมจำนวนข้อที่ต้องปรับปรุง และจำนวนเด็กที่ผ่านเกณฑ์.xls","105","สำนักงานตำรวจแห่งชาติ","กองบัญชาการตำรวจตระเวนชายแดน","กองบังคับการตำรวจตระเวนชายแดนภาค 1","กองกำกับการตำรวจตระเวนชายแดนที่ 13","","","","7270031309","รร.ตชด.บ้านถ้ำหิน","12/07/2564","","0",""
"2565","9. 2565 REP004-IMPROVEMENT 12 - ตารางสรุปรายงานมาตรฐานแต่ละด้าน พร้อมจำนวนข้อที่ต้องปรับปรุง และจำนวนเด็กที่ผ่านเกณฑ์.xls","106","สำนักงานตำรวจแห่งชาติ","กองบัญชาการตำรวจตระเวนชายแดน","กองบังคับการตำรวจตระเวนชายแดนภาค 1","กองกำกับการตำรวจตระเวนชายแดนที่ 13","","","","7271021305","รร.ตชด.บ้านแม่น้ำน้อย","26/01/2566","","0",""
"2565","9. 2565 REP004-IMPROVEMENT 12 - ตารางสรุปรายงานมาตรฐานแต่ละด้าน พร้อมจำนวนข้อที่ต้องปรับปรุง และจำนวนเด็กที่ผ่านเกณฑ์.xls","107","สำนักงานตำรวจแห่งชาติ","กองบัญชาการตำรวจตระเวนชายแดน","กองบังคับการตำรวจตระเวนชายแดนภาค 1","กองกำกับการตำรวจตระเวนชายแดนที่ 13","","","","7271021307","รร.ตชด.เฮงเค็ลไทย","23/05/2526","1.3.5,1.3.8,3.1.3ข","3","1.3.5,1.3.8,3.1.3"
"2565","9. 2565 REP004-IMPROVEMENT 12 - ตารางสรุปรายงานมาตรฐานแต่ละด้าน พร้อมจำนวนข้อที่ต้องปรับปรุง และจำนวนเด็กที่ผ่านเกณฑ์.xls","108","สำนักงานตำรวจแห่งชาติ","กองบัญชาการตำรวจตระเวนชายแดน","กองบังคับการตำรวจตระเวนชายแดนภาค 1","กองกำกับการตำรวจตระเวนชายแดนที่ 13","","","","7271021308","รร.ตชด.ต้นมะม่วง","13/03/2567","","0",""
"2565","9. 2565 REP004-IMPROVEMENT 12 - ตารางสรุปรายงานมาตรฐานแต่ละด้าน พร้อมจำนวนข้อที่ต้องปรับปรุง และจำนวนเด็กที่ผ่านเกณฑ์.xls","109","สำนักงานตำรวจแห่งชาติ","กองบัญชาการตำรวจตระเวนชายแดน","กองบังคับการตำรวจตระเวนชายแดนภาค 1","กองกำกับการตำรวจตระเวนชายแดนที่ 13","","","","7271021313","รร.ตชด.วัดสุธาสินี","06/07/2564","3.1.3ข","1","3.1.3"
"2565","9. 2565 REP004-IMPROVEMENT 12 - ตารางสรุปรายงานมาตรฐานแต่ละด้าน พร้อมจำนวนข้อที่ต้องปรับปรุง และจำนวนเด็กที่ผ่านเกณฑ์.xls","110","สำนักงานตำรวจแห่งชาติ","กองบัญชาการตำรวจตระเวนชายแดน","กองบังคับการตำรวจตระเวนชายแดนภาค 1","กองกำกับการตำรวจตระเวนชายแดนที่ 13","","","","7271041303","รร.ตชด.มิตรมวลชน 2","17/05/2553","","0",""
"2565","9. 2565 REP004-IMPROVEMENT 12 - ตารางสรุปรายงานมาตรฐานแต่ละด้าน พร้อมจำนวนข้อที่ต้องปรับปรุง และจำนวนเด็กที่ผ่านเกณฑ์.xls","111","สำนักงานตำรวจแห่งชาติ","กองบัญชาการตำรวจตระเวนชายแดน","กองบังคับการตำรวจตระเวนชายแดนภาค 1","กองกำกับการตำรวจตระเวนชายแดนที่ 13","","","","7271041316","ศูนย์การเรียนตำรวจตระเวนชายแดนปูนอินทรี-มูลนิธิกรุงศรี(บ้านไกรเกรียง)","15/05/2560","","0",""
"2565","9. 2565 REP004-IMPROVEMENT 12 - ตารางสรุปรายงานมาตรฐานแต่ละด้าน พร้อมจำนวนข้อที่ต้องปรับปรุง และจำนวนเด็กที่ผ่านเกณฑ์.xls","112","สำนักงานตำรวจแห่งชาติ","กองบัญชาการตำรวจตระเวนชายแดน","กองบังคับการตำรวจตระเวนชายแดนภาค 1","กองกำกับการตำรวจตระเวนชายแดนที่ 13","","","","7271071304","รร.ตชด.วิจิตรวิทยาคาร","11/04/2569","1.2.2,3.1.3ข","2","1.2.2,3.1.3"
"2565","9. 2565 REP004-IMPROVEMENT 12 - ตารางสรุปรายงานมาตรฐานแต่ละด้าน พร้อมจำนวนข้อที่ต้องปรับปรุง และจำนวนเด็กที่ผ่านเกณฑ์.xls","113","สำนักงานตำรวจแห่งชาติ","กองบัญชาการตำรวจตระเวนชายแดน","กองบังคับการตำรวจตระเวนชายแดนภาค 1","กองกำกับการตำรวจตระเวนชายแดนที่ 13","","","","7271071312","รร.ตชด.บ้านปิล๊อกคี่","","3.5.2ข","1","3.5.2"
"2565","9. 2565 REP004-IMPROVEMENT 12 - ตารางสรุปรายงานมาตรฐานแต่ละด้าน พร้อมจำนวนข้อที่ต้องปรับปรุง และจำนวนเด็กที่ผ่านเกณฑ์.xls","114","สำนักงานตำรวจแห่งชาติ","กองบัญชาการตำรวจตระเวนชายแดน","กองบังคับการตำรวจตระเวนชายแดนภาค 1","กองกำกับการตำรวจตระเวนชายแดนที่ 13","","","","7271071314","ศกร.ตชด.หลวงประกอบนิติสารและท่านผู้หญิงถวิล","24/02/2557","","0",""
"2565","9. 2565 REP004-IMPROVEMENT 12 - ตารางสรุปรายงานมาตรฐานแต่ละด้าน พร้อมจำนวนข้อที่ต้องปรับปรุง และจำนวนเด็กที่ผ่านเกณฑ์.xls","115","สำนักงานตำรวจแห่งชาติ","กองบัญชาการตำรวจตระเวนชายแดน","กองบังคับการตำรวจตระเวนชายแดนภาค 1","กองกำกับการตำรวจตระเวนชายแดนที่ 13","","","","7271081301","รร.ตชด.สหธนาคารกรุงเทพ","26/08/2513","","0",""
"2565","9. 2565 REP004-IMPROVEMENT 12 - ตารางสรุปรายงานมาตรฐานแต่ละด้าน พร้อมจำนวนข้อที่ต้องปรับปรุง และจำนวนเด็กที่ผ่านเกณฑ์.xls","116","สำนักงานตำรวจแห่งชาติ","กองบัญชาการตำรวจตระเวนชายแดน","กองบังคับการตำรวจตระเวนชายแดนภาค 1","กองกำกับการตำรวจตระเวนชายแดนที่ 13","","","","7271081302","รร.ตชด.สุนทรเวช","13/07/2564","","0",""
"2565","9. 2565 REP004-IMPROVEMENT 12 - ตารางสรุปรายงานมาตรฐานแต่ละด้าน พร้อมจำนวนข้อที่ต้องปรับปรุง และจำนวนเด็กที่ผ่านเกณฑ์.xls","117","สำนักงานตำรวจแห่งชาติ","กองบัญชาการตำรวจตระเวนชายแดน","กองบังคับการตำรวจตระเวนชายแดนภาค 1","กองกำกับการตำรวจตระเวนชายแดนที่ 13","","","","7271081310","รร.ตชด.บ้านเรดาร์ *","15/07/2564","","0",""
"2565","9. 2565 REP004-IMPROVEMENT 12 - ตารางสรุปรายงานมาตรฐานแต่ละด้าน พร้อมจำนวนข้อที่ต้องปรับปรุง และจำนวนเด็กที่ผ่านเกณฑ์.xls","118","สำนักงานตำรวจแห่งชาติ","กองบัญชาการตำรวจตระเวนชายแดน","กองบังคับการตำรวจตระเวนชายแดนภาค 1","กองกำกับการตำรวจตระเวนชายแดนที่ 13","","","","7271081311","รร.ตชด.บ้านทิไล่ป้า","19/05/2540","3.6.1ข,3.6.4ข","2","3.6.1,3.6.4"
"2565","9. 2565 REP004-IMPROVEMENT 12 - ตารางสรุปรายงานมาตรฐานแต่ละด้าน พร้อมจำนวนข้อที่ต้องปรับปรุง และจำนวนเด็กที่ผ่านเกณฑ์.xls","119","สำนักงานตำรวจแห่งชาติ","กองบัญชาการตำรวจตระเวนชายแดน","กองบังคับการตำรวจตระเวนชายแดนภาค 1","กองกำกับการตำรวจตระเวนชายแดนที่ 13","","","","7271081315","ศกร.ตชด.ท่านผู้หญิงมณีรัตน์ บุนนาค","","","0",""
"2565","9. 2565 REP004-IMPROVEMENT 12 - ตารางสรุปรายงานมาตรฐานแต่ละด้าน พร้อมจำนวนข้อที่ต้องปรับปรุง และจำนวนเด็กที่ผ่านเกณฑ์.xls","120","สำนักงานตำรวจแห่งชาติ","กองบัญชาการตำรวจตระเวนชายแดน","กองบังคับการตำรวจตระเวนชายแดนภาค 1","กองกำกับการตำรวจตระเวนชายแดนที่ 14","","","","7276081405","รร.ตชด.นเรศวรบ้านห้วยโสก","01/01/2528","","0",""
"2565","9. 2565 REP004-IMPROVEMENT 12 - ตารางสรุปรายงานมาตรฐานแต่ละด้าน พร้อมจำนวนข้อที่ต้องปรับปรุง และจำนวนเด็กที่ผ่านเกณฑ์.xls","121","สำนักงานตำรวจแห่งชาติ","กองบัญชาการตำรวจตระเวนชายแดน","กองบังคับการตำรวจตระเวนชายแดนภาค 1","กองกำกับการตำรวจตระเวนชายแดนที่ 14","","","","7276081406","รร.ตชด.บ้านโป่งลึก *","09/04/2564","","0",""
"2565","9. 2565 REP004-IMPROVEMENT 12 - ตารางสรุปรายงานมาตรฐานแต่ละด้าน พร้อมจำนวนข้อที่ต้องปรับปรุง และจำนวนเด็กที่ผ่านเกณฑ์.xls","122","สำนักงานตำรวจแห่งชาติ","กองบัญชาการตำรวจตระเวนชายแดน","กองบังคับการตำรวจตระเวนชายแดนภาค 1","กองกำกับการตำรวจตระเวนชายแดนที่ 14","","","","7276081412","ศกร.ตชด.อินทรีอาสา","01/07/2563","1.2.3","1","1.2.3"
"2565","9. 2565 REP004-IMPROVEMENT 12 - ตารางสรุปรายงานมาตรฐานแต่ละด้าน พร้อมจำนวนข้อที่ต้องปรับปรุง และจำนวนเด็กที่ผ่านเกณฑ์.xls","123","สำนักงานตำรวจแห่งชาติ","กองบัญชาการตำรวจตระเวนชายแดน","กองบังคับการตำรวจตระเวนชายแดนภาค 1","กองกำกับการตำรวจตระเวนชายแดนที่ 14","","","","7277021403","รร.ตชด.บ้านย่านซื่อ","23/07/2524","","0",""
"2565","9. 2565 REP004-IMPROVEMENT 12 - ตารางสรุปรายงานมาตรฐานแต่ละด้าน พร้อมจำนวนข้อที่ต้องปรับปรุง และจำนวนเด็กที่ผ่านเกณฑ์.xls","124","สำนักงานตำรวจแห่งชาติ","กองบัญชาการตำรวจตระเวนชายแดน","กองบังคับการตำรวจตระเวนชายแดนภาค 1","กองกำกับการตำรวจตระเวนชายแดนที่ 14","","","","7277051411","ศกร.ตชด.บ้านคีรีล้อม","16/05/2557","1.2.3","1","1.2.3"
"2565","9. 2565 REP004-IMPROVEMENT 12 - ตารางสรุปรายงานมาตรฐานแต่ละด้าน พร้อมจำนวนข้อที่ต้องปรับปรุง และจำนวนเด็กที่ผ่านเกณฑ์.xls","125","สำนักงานตำรวจแห่งชาติ","กองบัญชาการตำรวจตระเวนชายแดน","กองบังคับการตำรวจตระเวนชายแดนภาค 1","กองกำกับการตำรวจตระเวนชายแดนที่ 14","","","","7277061401","รร.ตชด.บ้านเขาจ้าว","21/04/2521","","0",""
"2565","9. 2565 REP004-IMPROVEMENT 12 - ตารางสรุปรายงานมาตรฐานแต่ละด้าน พร้อมจำนวนข้อที่ต้องปรับปรุง และจำนวนเด็กที่ผ่านเกณฑ์.xls","126","สำนักงานตำรวจแห่งชาติ","กองบัญชาการตำรวจตระเวนชายแดน","กองบังคับการตำรวจตระเวนชายแดนภาค 1","กองกำกับการตำรวจตระเวนชายแดนที่ 14","","","","7277061407","รร.ตชด.บ้านท่าวังหิน","22/05/2534","","0",""
"2565","9. 2565 REP004-IMPROVEMENT 12 - ตารางสรุปรายงานมาตรฐานแต่ละด้าน พร้อมจำนวนข้อที่ต้องปรับปรุง และจำนวนเด็กที่ผ่านเกณฑ์.xls","127","สำนักงานตำรวจแห่งชาติ","กองบัญชาการตำรวจตระเวนชายแดน","กองบังคับการตำรวจตระเวนชายแดนภาค 1","กองกำกับการตำรวจตระเวนชายแดนที่ 14","","","","7277071404","รร.ตชด.นเรศวรป่าละอู","13/10/2525","","0",""
"2565","9. 2565 REP004-IMPROVEMENT 12 - ตารางสรุปรายงานมาตรฐานแต่ละด้าน พร้อมจำนวนข้อที่ต้องปรับปรุง และจำนวนเด็กที่ผ่านเกณฑ์.xls","128","สำนักงานตำรวจแห่งชาติ","กองบัญชาการตำรวจตระเวนชายแดน","กองบังคับการตำรวจตระเวนชายแดนภาค 1","กองกำกับการตำรวจตระเวนชายแดนที่ 14","","","","7277071408","รร.ตชด.บ้านแพรกตะคร้อ","06/08/2563","","0",""
"2565","9. 2565 REP004-IMPROVEMENT 12 - ตารางสรุปรายงานมาตรฐานแต่ละด้าน พร้อมจำนวนข้อที่ต้องปรับปรุง และจำนวนเด็กที่ผ่านเกณฑ์.xls","129","สำนักงานตำรวจแห่งชาติ","กองบัญชาการตำรวจตระเวนชายแดน","กองบังคับการตำรวจตระเวนชายแดนภาค 1","กองกำกับการตำรวจตระเวนชายแดนที่ 14","","","","7277071409","รร.ตชด.บ้านคลองน้อย","26/03/2568","","0",""
"2565","9. 2565 REP004-IMPROVEMENT 12 - ตารางสรุปรายงานมาตรฐานแต่ละด้าน พร้อมจำนวนข้อที่ต้องปรับปรุง และจำนวนเด็กที่ผ่านเกณฑ์.xls","130","สำนักงานตำรวจแห่งชาติ","กองบัญชาการตำรวจตระเวนชายแดน","กองบังคับการตำรวจตระเวนชายแดนภาค 1","กองกำกับการตำรวจตระเวนชายแดนที่ 14","","","","7277081410","รร.ตชด.บ้านป่าหมาก","01/11/2542","1.2.3","1","1.2.3"
"2565","9. 2565 REP004-IMPROVEMENT 12 - ตารางสรุปรายงานมาตรฐานแต่ละด้าน พร้อมจำนวนข้อที่ต้องปรับปรุง และจำนวนเด็กที่ผ่านเกณฑ์.xls","131","สำนักงานตำรวจแห่งชาติ","กองบัญชาการตำรวจตระเวนชายแดน","กองบังคับการตำรวจตระเวนชายแดนภาค 4","กองกำกับการตำรวจตระเวนชายแดนที่ 42","","","","7281044206","ศกร.ตชด.บ้านแผ่นดินเสมอ","16/05/2557","1.1.1,1.1.2,1.1.3,1.2.1,1.2.2,1.2.3,1.2.4,1.3.1,1.3.2,1.3.3,1.3.4,1.3.5,1.3.6,1.3.7,1.3.8,1.4.1,1.4.2,1.4.3,1.4.4,1.4.5,1.4.6,1.4.7,1.5.1,1.5.2,1.5.3,1.5.4,2.1.1,2.1.2,2.1.3,2.1.4,2.1.5,2.2.1,2.2.2,2.2.3,2.2.4,2.2.5,2.3.1,2.3.2,2.3.3,2.3.4,2.3.5,2.4.1,2.4","43","1.1.1,1.1.2,1.1.3,1.2.1,1.2.2,1.2.3,1.2.4,1.3.1,1.3.2,1.3.3,1.3.4,1.3.5,1.3.6,1.3.7,1.3.8,1.4.1,1.4.2,1.4.3,1.4.4,1.4.5,1.4.6,1.4.7,1.5.1,1.5.2,1.5.3,1.5.4,2.1.1,2.1.2,2.1.3,2.1.4,2.1.5,2.2.1,2.2.2,2.2.3,2.2.4,2.2.5,2.3.1,2.3.2,2.3.3,2.3.4,2.3.5,2.4.1"
"2565","9. 2565 REP004-IMPROVEMENT 12 - ตารางสรุปรายงานมาตรฐานแต่ละด้าน พร้อมจำนวนข้อที่ต้องปรับปรุง และจำนวนเด็กที่ผ่านเกณฑ์.xls","132","สำนักงานตำรวจแห่งชาติ","กองบัญชาการตำรวจตระเวนชายแดน","กองบังคับการตำรวจตระเวนชายแดนภาค 4","กองกำกับการตำรวจตระเวนชายแดนที่ 41","","","","7282194103","รร.ตชด.บ้านคลองวาย","09/05/2531","","0",""
"2565","9. 2565 REP004-IMPROVEMENT 12 - ตารางสรุปรายงานมาตรฐานแต่ละด้าน พร้อมจำนวนข้อที่ต้องปรับปรุง และจำนวนเด็กที่ผ่านเกณฑ์.xls","133","สำนักงานตำรวจแห่งชาติ","กองบัญชาการตำรวจตระเวนชายแดน","กองบังคับการตำรวจตระเวนชายแดนภาค 4","กองกำกับการตำรวจตระเวนชายแดนที่ 41","","","","7284064111","รร.ตชด.บ้านยางโพรง","","","0",""
"2565","9. 2565 REP004-IMPROVEMENT 12 - ตารางสรุปรายงานมาตรฐานแต่ละด้าน พร้อมจำนวนข้อที่ต้องปรับปรุง และจำนวนเด็กที่ผ่านเกณฑ์.xls","134","สำนักงานตำรวจแห่งชาติ","กองบัญชาการตำรวจตระเวนชายแดน","กองบังคับการตำรวจตระเวนชายแดนภาค 4","กองกำกับการตำรวจตระเวนชายแดนที่ 41","","","","7284074110","รร.ตชด.บ้านกอเตย","16/05/2540","","0",""
"2565","9. 2565 REP004-IMPROVEMENT 12 - ตารางสรุปรายงานมาตรฐานแต่ละด้าน พร้อมจำนวนข้อที่ต้องปรับปรุง และจำนวนเด็กที่ผ่านเกณฑ์.xls","135","สำนักงานตำรวจแห่งชาติ","กองบัญชาการตำรวจตระเวนชายแดน","กองบังคับการตำรวจตระเวนชายแดนภาค 4","กองกำกับการตำรวจตระเวนชายแดนที่ 41","","","","7284164101","รร.ตชด.เทคนิคมีนบุรีอนุสรณ์ 1","06/07/2530","","0",""
"2565","9. 2565 REP004-IMPROVEMENT 12 - ตารางสรุปรายงานมาตรฐานแต่ละด้าน พร้อมจำนวนข้อที่ต้องปรับปรุง และจำนวนเด็กที่ผ่านเกณฑ์.xls","136","สำนักงานตำรวจแห่งชาติ","กองบัญชาการตำรวจตระเวนชายแดน","กองบังคับการตำรวจตระเวนชายแดนภาค 4","กองกำกับการตำรวจตระเวนชายแดนที่ 41","","","","7284164109","รร.ตชด.บ้านควนสามัคคี","01/07/2563","3.1.3ข","1","3.1.3"
"2565","9. 2565 REP004-IMPROVEMENT 12 - ตารางสรุปรายงานมาตรฐานแต่ละด้าน พร้อมจำนวนข้อที่ต้องปรับปรุง และจำนวนเด็กที่ผ่านเกณฑ์.xls","137","สำนักงานตำรวจแห่งชาติ","กองบัญชาการตำรวจตระเวนชายแดน","กองบังคับการตำรวจตระเวนชายแดนภาค 4","กองกำกับการตำรวจตระเวนชายแดนที่ 41","","","","7286024102","รร.ตชด.สันตินิมิตร","15/07/2546","","0",""
"2565","9. 2565 REP004-IMPROVEMENT 12 - ตารางสรุปรายงานมาตรฐานแต่ละด้าน พร้อมจำนวนข้อที่ต้องปรับปรุง และจำนวนเด็กที่ผ่านเกณฑ์.xls","138","สำนักงานตำรวจแห่งชาติ","กองบัญชาการตำรวจตระเวนชายแดน","กองบังคับการตำรวจตระเวนชายแดนภาค 4","กองกำกับการตำรวจตระเวนชายแดนที่ 41","","","","7286024107","รร.ตชด.บ้านพันวาล","17/05/2564","","0",""
"2565","9. 2565 REP004-IMPROVEMENT 12 - ตารางสรุปรายงานมาตรฐานแต่ละด้าน พร้อมจำนวนข้อที่ต้องปรับปรุง และจำนวนเด็กที่ผ่านเกณฑ์.xls","139","สำนักงานตำรวจแห่งชาติ","กองบัญชาการตำรวจตระเวนชายแดน","กองบังคับการตำรวจตระเวนชายแดนภาค 4","กองกำกับการตำรวจตระเวนชายแดนที่ 41","","","","7286044106","รร.ตชด.บ้านห้วยเหมือง","15/07/2531","","0",""
"2565","9. 2565 REP004-IMPROVEMENT 12 - ตารางสรุปรายงานมาตรฐานแต่ละด้าน พร้อมจำนวนข้อที่ต้องปรับปรุง และจำนวนเด็กที่ผ่านเกณฑ์.xls","140","สำนักงานตำรวจแห่งชาติ","กองบัญชาการตำรวจตระเวนชายแดน","กองบังคับการตำรวจตระเวนชายแดนภาค 4","กองกำกับการตำรวจตระเวนชายแดนที่ 41","","","","7286054105","รร.ตชด.สิริราษฎร์","01/02/2531","","0",""
"2565","9. 2565 REP004-IMPROVEMENT 12 - ตารางสรุปรายงานมาตรฐานแต่ละด้าน พร้อมจำนวนข้อที่ต้องปรับปรุง และจำนวนเด็กที่ผ่านเกณฑ์.xls","141","สำนักงานตำรวจแห่งชาติ","กองบัญชาการตำรวจตระเวนชายแดน","กองบังคับการตำรวจตระเวนชายแดนภาค 4","กองกำกับการตำรวจตระเวนชายแดนที่ 41","","","","7286054108","รร.ตชด.บ้านสวนเพชร","13/05/2532","","0",""
"2565","9. 2565 REP004-IMPROVEMENT 12 - ตารางสรุปรายงานมาตรฐานแต่ละด้าน พร้อมจำนวนข้อที่ต้องปรับปรุง และจำนวนเด็กที่ผ่านเกณฑ์.xls","142","สำนักงานตำรวจแห่งชาติ","กองบัญชาการตำรวจตระเวนชายแดน","กองบังคับการตำรวจตระเวนชายแดนภาค 4","กองกำกับการตำรวจตระเวนชายแดนที่ 41","","","","7286064112","รร.ตชด.บ้านตะแบกงาม (ตันตระเธียรอุปถัมป์)","14/03/2565","","0",""
"2565","9. 2565 REP004-IMPROVEMENT 12 - ตารางสรุปรายงานมาตรฐานแต่ละด้าน พร้อมจำนวนข้อที่ต้องปรับปรุง และจำนวนเด็กที่ผ่านเกณฑ์.xls","143","สำนักงานตำรวจแห่งชาติ","กองบัญชาการตำรวจตระเวนชายแดน","กองบังคับการตำรวจตระเวนชายแดนภาค 4","กองกำกับการตำรวจตระเวนชายแดนที่ 43","","","","7290044303","รร.ตชด.เชิญ  พิศลยบุตร","20/02/2568","","0",""
"2565","9. 2565 REP004-IMPROVEMENT 12 - ตารางสรุปรายงานมาตรฐานแต่ละด้าน พร้อมจำนวนข้อที่ต้องปรับปรุง และจำนวนเด็กที่ผ่านเกณฑ์.xls","144","สำนักงานตำรวจแห่งชาติ","กองบัญชาการตำรวจตระเวนชายแดน","กองบังคับการตำรวจตระเวนชายแดนภาค 4","กองกำกับการตำรวจตระเวนชายแดนที่ 43","","","","7290044310","รร.ตชด.บ้านประกอบออก","29/06/2529","","0",""
"2565","9. 2565 REP004-IMPROVEMENT 12 - ตารางสรุปรายงานมาตรฐานแต่ละด้าน พร้อมจำนวนข้อที่ต้องปรับปรุง และจำนวนเด็กที่ผ่านเกณฑ์.xls","145","สำนักงานตำรวจแห่งชาติ","กองบัญชาการตำรวจตระเวนชายแดน","กองบังคับการตำรวจตระเวนชายแดนภาค 4","กองกำกับการตำรวจตระเวนชายแดนที่ 43","","","","7290064302","รร.ตชด.มหาราช 1","16/05/2566","","0",""
"2565","9. 2565 REP004-IMPROVEMENT 12 - ตารางสรุปรายงานมาตรฐานแต่ละด้าน พร้อมจำนวนข้อที่ต้องปรับปรุง และจำนวนเด็กที่ผ่านเกณฑ์.xls","146","สำนักงานตำรวจแห่งชาติ","กองบัญชาการตำรวจตระเวนชายแดน","กองบังคับการตำรวจตระเวนชายแดนภาค 4","กองกำกับการตำรวจตระเวนชายแดนที่ 43","","","","7290064304","รร.ตชด.บ้านสำนักเอาะ","18/06/2518","","0",""
"2565","9. 2565 REP004-IMPROVEMENT 12 - ตารางสรุปรายงานมาตรฐานแต่ละด้าน พร้อมจำนวนข้อที่ต้องปรับปรุง และจำนวนเด็กที่ผ่านเกณฑ์.xls","147","สำนักงานตำรวจแห่งชาติ","กองบัญชาการตำรวจตระเวนชายแดน","กองบังคับการตำรวจตระเวนชายแดนภาค 4","กองกำกับการตำรวจตระเวนชายแดนที่ 43","","","","7290064308","รร.ตชด.บ้านหาดทราย","26/05/2526","3.1.1ข,3.1.2ข,3.1.3ข,3.4.1ข,3.4.2ข,3.6.1ข","6","3.1.1,3.1.2,3.1.3,3.4.1,3.4.2,3.6.1"
"2565","9. 2565 REP004-IMPROVEMENT 12 - ตารางสรุปรายงานมาตรฐานแต่ละด้าน พร้อมจำนวนข้อที่ต้องปรับปรุง และจำนวนเด็กที่ผ่านเกณฑ์.xls","148","สำนักงานตำรวจแห่งชาติ","กองบัญชาการตำรวจตระเวนชายแดน","กองบังคับการตำรวจตระเวนชายแดนภาค 4","กองกำกับการตำรวจตระเวนชายแดนที่ 43","","","","7290104301","รร.ตชด.สื่อมวลชนกีฬา","12/10/2502","","0",""
"2565","9. 2565 REP004-IMPROVEMENT 12 - ตารางสรุปรายงานมาตรฐานแต่ละด้าน พร้อมจำนวนข้อที่ต้องปรับปรุง และจำนวนเด็กที่ผ่านเกณฑ์.xls","149","สำนักงานตำรวจแห่งชาติ","กองบัญชาการตำรวจตระเวนชายแดน","กองบังคับการตำรวจตระเวนชายแดนภาค 4","กองกำกับการตำรวจตระเวนชายแดนที่ 43","","","","7290104305","รร.ตชด.บ้านชายควน","","","0",""
"2565","9. 2565 REP004-IMPROVEMENT 12 - ตารางสรุปรายงานมาตรฐานแต่ละด้าน พร้อมจำนวนข้อที่ต้องปรับปรุง และจำนวนเด็กที่ผ่านเกณฑ์.xls","150","สำนักงานตำรวจแห่งชาติ","กองบัญชาการตำรวจตระเวนชายแดน","กองบังคับการตำรวจตระเวนชายแดนภาค 4","กองกำกับการตำรวจตระเวนชายแดนที่ 43","","","","7290104307","โรงเรียน ตชด.พลตำรวจเอกสมศักดิ์ แขวงโสภา(บ้านทุ่งสบายใจ)","25/03/2568","","0",""
"2565","9. 2565 REP004-IMPROVEMENT 12 - ตารางสรุปรายงานมาตรฐานแต่ละด้าน พร้อมจำนวนข้อที่ต้องปรับปรุง และจำนวนเด็กที่ผ่านเกณฑ์.xls","151","สำนักงานตำรวจแห่งชาติ","กองบัญชาการตำรวจตระเวนชายแดน","กองบังคับการตำรวจตระเวนชายแดนภาค 4","กองกำกับการตำรวจตระเวนชายแดนที่ 43","","","","7290104315","รร.ตชด.บ้านบาโรย","09/11/2541","","0",""
"2565","9. 2565 REP004-IMPROVEMENT 12 - ตารางสรุปรายงานมาตรฐานแต่ละด้าน พร้อมจำนวนข้อที่ต้องปรับปรุง และจำนวนเด็กที่ผ่านเกณฑ์.xls","152","สำนักงานตำรวจแห่งชาติ","กองบัญชาการตำรวจตระเวนชายแดน","กองบังคับการตำรวจตระเวนชายแดนภาค 4","กองกำกับการตำรวจตระเวนชายแดนที่ 43","","","","7290104316","รร.ตชด.พลเอกนวล-คุณหญิงบานชื่น จันทร์ตรี","17/05/2553","","0",""
"2565","9. 2565 REP004-IMPROVEMENT 12 - ตารางสรุปรายงานมาตรฐานแต่ละด้าน พร้อมจำนวนข้อที่ต้องปรับปรุง และจำนวนเด็กที่ผ่านเกณฑ์.xls","153","สำนักงานตำรวจแห่งชาติ","กองบัญชาการตำรวจตระเวนชายแดน","กองบังคับการตำรวจตระเวนชายแดนภาค 4","กองกำกับการตำรวจตระเวนชายแดนที่ 43","","","","7291034311","รร.ตชด.ยูงทองรัฐประชาสรรค์","16/05/2568","","0",""
"2565","9. 2565 REP004-IMPROVEMENT 12 - ตารางสรุปรายงานมาตรฐานแต่ละด้าน พร้อมจำนวนข้อที่ต้องปรับปรุง และจำนวนเด็กที่ผ่านเกณฑ์.xls","154","สำนักงานตำรวจแห่งชาติ","กองบัญชาการตำรวจตระเวนชายแดน","กองบังคับการตำรวจตระเวนชายแดนภาค 4","กองกำกับการตำรวจตระเวนชายแดนที่ 43","","","","7291034314","รร.ตชด.บ้านส้านแดง","","","0",""
"2565","9. 2565 REP004-IMPROVEMENT 12 - ตารางสรุปรายงานมาตรฐานแต่ละด้าน พร้อมจำนวนข้อที่ต้องปรับปรุง และจำนวนเด็กที่ผ่านเกณฑ์.xls","155","สำนักงานตำรวจแห่งชาติ","กองบัญชาการตำรวจตระเวนชายแดน","กองบังคับการตำรวจตระเวนชายแดนภาค 4","กองกำกับการตำรวจตระเวนชายแดนที่ 43","","","","7292044309","รร.ตชด.สันติราษฎร์ประชาบำรุง","14/06/2528","","0",""
"2565","9. 2565 REP004-IMPROVEMENT 12 - ตารางสรุปรายงานมาตรฐานแต่ละด้าน พร้อมจำนวนข้อที่ต้องปรับปรุง และจำนวนเด็กที่ผ่านเกณฑ์.xls","156","สำนักงานตำรวจแห่งชาติ","กองบัญชาการตำรวจตระเวนชายแดน","กองบังคับการตำรวจตระเวนชายแดนภาค 4","กองกำกับการตำรวจตระเวนชายแดนที่ 43","","","","7292044312","รร.ตชด.บ้านหินจอก","05/05/2531","1.2.3","1","1.2.3"
"2565","9. 2565 REP004-IMPROVEMENT 12 - ตารางสรุปรายงานมาตรฐานแต่ละด้าน พร้อมจำนวนข้อที่ต้องปรับปรุง และจำนวนเด็กที่ผ่านเกณฑ์.xls","157","สำนักงานตำรวจแห่งชาติ","กองบัญชาการตำรวจตระเวนชายแดน","กองบังคับการตำรวจตระเวนชายแดนภาค 4","กองกำกับการตำรวจตระเวนชายแดนที่ 43","","","","7293104313","รร.ตชด.บ้านควนตะแบก","14/02/2533","1.3.8","1","1.3.8"
"2566","10. 2566 REP004-IMPROVEMENT 12 - ตารางสรุปรายงานมาตรฐานแต่ละด้าน พร้อมจำนวนข้อที่ต้องปรับปรุง และจำนวนเด็กที่ผ่านเกณฑ์.xls","3","สำนักงานตำรวจแห่งชาติ","กองบัญชาการตำรวจตระเวนชายแดน","กองบังคับการตำรวจตระเวนชายแดนภาค 1","กองกำกับการตำรวจตระเวนชายแดนที่ 11","","","","7222021101","รร.ตชด.บ้านน้ำแดง","27/02/2528","","0",""
"2566","10. 2566 REP004-IMPROVEMENT 12 - ตารางสรุปรายงานมาตรฐานแต่ละด้าน พร้อมจำนวนข้อที่ต้องปรับปรุง และจำนวนเด็กที่ผ่านเกณฑ์.xls","4","สำนักงานตำรวจแห่งชาติ","กองบัญชาการตำรวจตระเวนชายแดน","กองบังคับการตำรวจตระเวนชายแดนภาค 1","กองกำกับการตำรวจตระเวนชายแดนที่ 11","","","","7222051102","รร.ตชด.บ้านคลองมะลิประเวศน์วิทยา","30/07/2529","1.2.3","1","1.2.3"
"2566","10. 2566 REP004-IMPROVEMENT 12 - ตารางสรุปรายงานมาตรฐานแต่ละด้าน พร้อมจำนวนข้อที่ต้องปรับปรุง และจำนวนเด็กที่ผ่านเกณฑ์.xls","5","สำนักงานตำรวจแห่งชาติ","กองบัญชาการตำรวจตระเวนชายแดน","กองบังคับการตำรวจตระเวนชายแดนภาค 1","กองกำกับการตำรวจตระเวนชายแดนที่ 11","","","","7222071103","รร.ตชด.สิงคโปร์แอร์ไลน์สฯ","03/03/2530","","0",""
"2566","10. 2566 REP004-IMPROVEMENT 12 - ตารางสรุปรายงานมาตรฐานแต่ละด้าน พร้อมจำนวนข้อที่ต้องปรับปรุง และจำนวนเด็กที่ผ่านเกณฑ์.xls","6","สำนักงานตำรวจแห่งชาติ","กองบัญชาการตำรวจตระเวนชายแดน","กองบังคับการตำรวจตระเวนชายแดนภาค 1","กองกำกับการตำรวจตระเวนชายแดนที่ 11","","","","7222081104","รร.ตชด.บ้านบ่อชะอม","16/05/2568","3.1.1ข,3.5.2ข,3.6.1ข,3.6.4ข","4","3.1.1,3.5.2,3.6.1,3.6.4"
"2566","10. 2566 REP004-IMPROVEMENT 12 - ตารางสรุปรายงานมาตรฐานแต่ละด้าน พร้อมจำนวนข้อที่ต้องปรับปรุง และจำนวนเด็กที่ผ่านเกณฑ์.xls","7","สำนักงานตำรวจแห่งชาติ","กองบัญชาการตำรวจตระเวนชายแดน","กองบังคับการตำรวจตระเวนชายแดนภาค 1","กองกำกับการตำรวจตระเวนชายแดนที่ 11","","","","7222081105","รร.ตชด.บ้านหางแมว","15/03/2534","1.2.3","1","1.2.3"
"2566","10. 2566 REP004-IMPROVEMENT 12 - ตารางสรุปรายงานมาตรฐานแต่ละด้าน พร้อมจำนวนข้อที่ต้องปรับปรุง และจำนวนเด็กที่ผ่านเกณฑ์.xls","8","สำนักงานตำรวจแห่งชาติ","กองบัญชาการตำรวจตระเวนชายแดน","กองบังคับการตำรวจตระเวนชายแดนภาค 1","กองกำกับการตำรวจตระเวนชายแดนที่ 11","","","","7222081108","รร.ตชด.บ้านคลองแดง","16/05/2545","","0",""
"2566","10. 2566 REP004-IMPROVEMENT 12 - ตารางสรุปรายงานมาตรฐานแต่ละด้าน พร้อมจำนวนข้อที่ต้องปรับปรุง และจำนวนเด็กที่ผ่านเกณฑ์.xls","9","สำนักงานตำรวจแห่งชาติ","กองบัญชาการตำรวจตระเวนชายแดน","กองบังคับการตำรวจตระเวนชายแดนภาค 1","กองกำกับการตำรวจตระเวนชายแดนที่ 11","","","","7223011106","รร.ตชด.บ้านท่ากุ่ม","01/11/2536","","0",""
"2566","10. 2566 REP004-IMPROVEMENT 12 - ตารางสรุปรายงานมาตรฐานแต่ละด้าน พร้อมจำนวนข้อที่ต้องปรับปรุง และจำนวนเด็กที่ผ่านเกณฑ์.xls","10","สำนักงานตำรวจแห่งชาติ","กองบัญชาการตำรวจตระเวนชายแดน","กองบังคับการตำรวจตระเวนชายแดนภาค 1","กองกำกับการตำรวจตระเวนชายแดนที่ 11","","","","7223031107","รร.ตชด.บ้านเขาฉลาด","16/05/2542","1.2.1,1.3.8,1.5.1,2.1.5,2.2.4,2.2.5,2.3.1,2.3.2,2.3.3,2.3.4,2.3.5,2.4.1,2.5.1,2.5.2,3.1.3ข","15","1.2.1,1.3.8,1.5.1,2.1.5,2.2.4,2.2.5,2.3.1,2.3.2,2.3.3,2.3.4,2.3.5,2.4.1,2.5.1,2.5.2,3.1.3"
"2566","10. 2566 REP004-IMPROVEMENT 12 - ตารางสรุปรายงานมาตรฐานแต่ละด้าน พร้อมจำนวนข้อที่ต้องปรับปรุง และจำนวนเด็กที่ผ่านเกณฑ์.xls","11","สำนักงานตำรวจแห่งชาติ","กองบัญชาการตำรวจตระเวนชายแดน","กองบังคับการตำรวจตระเวนชายแดนภาค 1","กองกำกับการตำรวจตระเวนชายแดนที่ 12","","","","7224081210","รร.ตชด.บ้านนายาว","12/07/2564","3.4.1ข","1","3.4.1"
"2566","10. 2566 REP004-IMPROVEMENT 12 - ตารางสรุปรายงานมาตรฐานแต่ละด้าน พร้อมจำนวนข้อที่ต้องปรับปรุง และจำนวนเด็กที่ผ่านเกณฑ์.xls","12","สำนักงานตำรวจแห่งชาติ","กองบัญชาการตำรวจตระเวนชายแดน","กองบังคับการตำรวจตระเวนชายแดนภาค 1","กองกำกับการตำรวจตระเวนชายแดนที่ 12","","","","7224081211","รร.ตชด.บ้านนาอิสาน","16/05/2560","1.2.3","1","1.2.3"
"2566","10. 2566 REP004-IMPROVEMENT 12 - ตารางสรุปรายงานมาตรฐานแต่ละด้าน พร้อมจำนวนข้อที่ต้องปรับปรุง และจำนวนเด็กที่ผ่านเกณฑ์.xls","13","สำนักงานตำรวจแห่งชาติ","กองบัญชาการตำรวจตระเวนชายแดน","กองบังคับการตำรวจตระเวนชายแดนภาค 1","กองกำกับการตำรวจตระเวนชายแดนที่ 12","","","","7227021205","รร.ตชด.การบินไทย","16/05/2560","","0",""
"2566","10. 2566 REP004-IMPROVEMENT 12 - ตารางสรุปรายงานมาตรฐานแต่ละด้าน พร้อมจำนวนข้อที่ต้องปรับปรุง และจำนวนเด็กที่ผ่านเกณฑ์.xls","14","สำนักงานตำรวจแห่งชาติ","กองบัญชาการตำรวจตระเวนชายแดน","กองบังคับการตำรวจตระเวนชายแดนภาค 1","กองกำกับการตำรวจตระเวนชายแดนที่ 12","","","","7227041208","รร.ตชด.บ้านคลองตะเคียนชัย","","","0",""
"2566","10. 2566 REP004-IMPROVEMENT 12 - ตารางสรุปรายงานมาตรฐานแต่ละด้าน พร้อมจำนวนข้อที่ต้องปรับปรุง และจำนวนเด็กที่ผ่านเกณฑ์.xls","15","สำนักงานตำรวจแห่งชาติ","กองบัญชาการตำรวจตระเวนชายแดน","กองบังคับการตำรวจตระเวนชายแดนภาค 1","กองกำกับการตำรวจตระเวนชายแดนที่ 12","","","","7227061201","รร.ตชด.บ้านเขาสารภี","27/10/2513","","0",""
"2566","10. 2566 REP004-IMPROVEMENT 12 - ตารางสรุปรายงานมาตรฐานแต่ละด้าน พร้อมจำนวนข้อที่ต้องปรับปรุง และจำนวนเด็กที่ผ่านเกณฑ์.xls","16","สำนักงานตำรวจแห่งชาติ","กองบัญชาการตำรวจตระเวนชายแดน","กองบังคับการตำรวจตระเวนชายแดนภาค 1","กองกำกับการตำรวจตระเวนชายแดนที่ 12","","","","7227061206","รร.ตชด.ประชารัฐบำรุง 1","03/06/2568","","0",""
"2566","10. 2566 REP004-IMPROVEMENT 12 - ตารางสรุปรายงานมาตรฐานแต่ละด้าน พร้อมจำนวนข้อที่ต้องปรับปรุง และจำนวนเด็กที่ผ่านเกณฑ์.xls","17","สำนักงานตำรวจแห่งชาติ","กองบัญชาการตำรวจตระเวนชายแดน","กองบังคับการตำรวจตระเวนชายแดนภาค 1","กองกำกับการตำรวจตระเวนชายแดนที่ 12","","","","7227071209","รร.ตชด.บ้านน้ำอ้อม","09/02/2525","","0",""
"2566","10. 2566 REP004-IMPROVEMENT 12 - ตารางสรุปรายงานมาตรฐานแต่ละด้าน พร้อมจำนวนข้อที่ต้องปรับปรุง และจำนวนเด็กที่ผ่านเกณฑ์.xls","18","สำนักงานตำรวจแห่งชาติ","กองบัญชาการตำรวจตระเวนชายแดน","กองบังคับการตำรวจตระเวนชายแดนภาค 1","กองกำกับการตำรวจตระเวนชายแดนที่ 12","","","","7227091202","รร.ตชด.บ้านทุ่งกบินทร์","20/06/2520","","0",""
"2566","10. 2566 REP004-IMPROVEMENT 12 - ตารางสรุปรายงานมาตรฐานแต่ละด้าน พร้อมจำนวนข้อที่ต้องปรับปรุง และจำนวนเด็กที่ผ่านเกณฑ์.xls","19","สำนักงานตำรวจแห่งชาติ","กองบัญชาการตำรวจตระเวนชายแดน","กองบังคับการตำรวจตระเวนชายแดนภาค 1","กองกำกับการตำรวจตระเวนชายแดนที่ 12","","","","7227091203","รร.ตชด.วังศรีทอง","","","0",""
"2566","10. 2566 REP004-IMPROVEMENT 12 - ตารางสรุปรายงานมาตรฐานแต่ละด้าน พร้อมจำนวนข้อที่ต้องปรับปรุง และจำนวนเด็กที่ผ่านเกณฑ์.xls","20","สำนักงานตำรวจแห่งชาติ","กองบัญชาการตำรวจตระเวนชายแดน","กองบังคับการตำรวจตระเวนชายแดนภาค 1","กองกำกับการตำรวจตระเวนชายแดนที่ 12","","","","7227091212","รร.ตชด.พีระยานุเคราะห์ฯ 1","01/06/2538","","0",""
"2566","10. 2566 REP004-IMPROVEMENT 12 - ตารางสรุปรายงานมาตรฐานแต่ละด้าน พร้อมจำนวนข้อที่ต้องปรับปรุง และจำนวนเด็กที่ผ่านเกณฑ์.xls","21","สำนักงานตำรวจแห่งชาติ","กองบัญชาการตำรวจตระเวนชายแดน","กองบังคับการตำรวจตระเวนชายแดนภาค 2","กองกำกับการตำรวจตระเวนชายแดนที่ 21","","","","7231122109","ศกร.ตชด.ทรัพย์ทรายทอง","16/05/2557","3.1.3ข,3.6.3ข","2","3.1.3,3.6.3"
"2566","10. 2566 REP004-IMPROVEMENT 12 - ตารางสรุปรายงานมาตรฐานแต่ละด้าน พร้อมจำนวนข้อที่ต้องปรับปรุง และจำนวนเด็กที่ผ่านเกณฑ์.xls","22","สำนักงานตำรวจแห่งชาติ","กองบัญชาการตำรวจตระเวนชายแดน","กองบังคับการตำรวจตระเวนชายแดนภาค 2","กองกำกับการตำรวจตระเวนชายแดนที่ 21","","","","7232052103","รร.ตชด.พีระยานุเคราะห์ฯ 2","","1.2.3","1","1.2.3"
"2566","10. 2566 REP004-IMPROVEMENT 12 - ตารางสรุปรายงานมาตรฐานแต่ละด้าน พร้อมจำนวนข้อที่ต้องปรับปรุง และจำนวนเด็กที่ผ่านเกณฑ์.xls","23","สำนักงานตำรวจแห่งชาติ","กองบัญชาการตำรวจตระเวนชายแดน","กองบังคับการตำรวจตระเวนชายแดนภาค 2","กองกำกับการตำรวจตระเวนชายแดนที่ 21","","","","7232062108","รร.ตชด.ท่านผู้หญิงสุประภาดา  เกษมสันต์","25/01/2535","","0",""
"2566","10. 2566 REP004-IMPROVEMENT 12 - ตารางสรุปรายงานมาตรฐานแต่ละด้าน พร้อมจำนวนข้อที่ต้องปรับปรุง และจำนวนเด็กที่ผ่านเกณฑ์.xls","24","สำนักงานตำรวจแห่งชาติ","กองบัญชาการตำรวจตระเวนชายแดน","กองบังคับการตำรวจตระเวนชายแดนภาค 2","กองกำกับการตำรวจตระเวนชายแดนที่ 21","","","","7232102105","รร.ตชด.บ้านตาตุม","","","0",""
"2566","10. 2566 REP004-IMPROVEMENT 12 - ตารางสรุปรายงานมาตรฐานแต่ละด้าน พร้อมจำนวนข้อที่ต้องปรับปรุง และจำนวนเด็กที่ผ่านเกณฑ์.xls","25","สำนักงานตำรวจแห่งชาติ","กองบัญชาการตำรวจตระเวนชายแดน","กองบังคับการตำรวจตระเวนชายแดนภาค 2","กองกำกับการตำรวจตระเวนชายแดนที่ 21","","","","7232102106","รร.ตชด.บ้านตาแตรว","30/03/2540","","0",""
"2566","10. 2566 REP004-IMPROVEMENT 12 - ตารางสรุปรายงานมาตรฐานแต่ละด้าน พร้อมจำนวนข้อที่ต้องปรับปรุง และจำนวนเด็กที่ผ่านเกณฑ์.xls","26","สำนักงานตำรวจแห่งชาติ","กองบัญชาการตำรวจตระเวนชายแดน","กองบังคับการตำรวจตระเวนชายแดนภาค 2","กองกำกับการตำรวจตระเวนชายแดนที่ 21","","","","7232132102","รร.ตชด.บ้านซำปะโต","16/05/2568","","0",""
"2566","10. 2566 REP004-IMPROVEMENT 12 - ตารางสรุปรายงานมาตรฐานแต่ละด้าน พร้อมจำนวนข้อที่ต้องปรับปรุง และจำนวนเด็กที่ผ่านเกณฑ์.xls","27","สำนักงานตำรวจแห่งชาติ","กองบัญชาการตำรวจตระเวนชายแดน","กองบังคับการตำรวจตระเวนชายแดนภาค 2","กองกำกับการตำรวจตระเวนชายแดนที่ 21","","","","7232132104","รร.ตชด.บ้านรุน","24/04/2568","","0",""
"2566","10. 2566 REP004-IMPROVEMENT 12 - ตารางสรุปรายงานมาตรฐานแต่ละด้าน พร้อมจำนวนข้อที่ต้องปรับปรุง และจำนวนเด็กที่ผ่านเกณฑ์.xls","28","สำนักงานตำรวจแห่งชาติ","กองบัญชาการตำรวจตระเวนชายแดน","กองบังคับการตำรวจตระเวนชายแดนภาค 2","กองกำกับการตำรวจตระเวนชายแดนที่ 21","","","","7232142101","รร.ตชด.บ้านโคกแสลง","29/04/2566","","0",""
"2566","10. 2566 REP004-IMPROVEMENT 12 - ตารางสรุปรายงานมาตรฐานแต่ละด้าน พร้อมจำนวนข้อที่ต้องปรับปรุง และจำนวนเด็กที่ผ่านเกณฑ์.xls","29","สำนักงานตำรวจแห่งชาติ","กองบัญชาการตำรวจตระเวนชายแดน","กองบังคับการตำรวจตระเวนชายแดนภาค 2","กองกำกับการตำรวจตระเวนชายแดนที่ 22","","","","7233042210","รร.ตชด.บ้านหนองใหญ่","01/05/2538","","0",""
"2566","10. 2566 REP004-IMPROVEMENT 12 - ตารางสรุปรายงานมาตรฐานแต่ละด้าน พร้อมจำนวนข้อที่ต้องปรับปรุง และจำนวนเด็กที่ผ่านเกณฑ์.xls","30","สำนักงานตำรวจแห่งชาติ","กองบัญชาการตำรวจตระเวนชายแดน","กองบังคับการตำรวจตระเวนชายแดนภาค 2","กองกำกับการตำรวจตระเวนชายแดนที่ 22","","","","7234032201","รร.ตชด.บรรจบพันบ้านปากลา","01/05/2505","1.2.3","1","1.2.3"
"2566","10. 2566 REP004-IMPROVEMENT 12 - ตารางสรุปรายงานมาตรฐานแต่ละด้าน พร้อมจำนวนข้อที่ต้องปรับปรุง และจำนวนเด็กที่ผ่านเกณฑ์.xls","31","สำนักงานตำรวจแห่งชาติ","กองบัญชาการตำรวจตระเวนชายแดน","กองบังคับการตำรวจตระเวนชายแดนภาค 2","กองกำกับการตำรวจตระเวนชายแดนที่ 22","","","","7234092203","รร.ตชด.บ้านคำสะอาด","25/03/2525","","0",""
"2566","10. 2566 REP004-IMPROVEMENT 12 - ตารางสรุปรายงานมาตรฐานแต่ละด้าน พร้อมจำนวนข้อที่ต้องปรับปรุง และจำนวนเด็กที่ผ่านเกณฑ์.xls","32","สำนักงานตำรวจแห่งชาติ","กองบัญชาการตำรวจตระเวนชายแดน","กองบังคับการตำรวจตระเวนชายแดนภาค 2","กองกำกับการตำรวจตระเวนชายแดนที่ 22","","","","7234092204","รร.ตชด.บ้านท่าแสนคูณ","27/08/2567","1.2.3","1","1.2.3"
"2566","10. 2566 REP004-IMPROVEMENT 12 - ตารางสรุปรายงานมาตรฐานแต่ละด้าน พร้อมจำนวนข้อที่ต้องปรับปรุง และจำนวนเด็กที่ผ่านเกณฑ์.xls","33","สำนักงานตำรวจแห่งชาติ","กองบัญชาการตำรวจตระเวนชายแดน","กองบังคับการตำรวจตระเวนชายแดนภาค 2","กองกำกับการตำรวจตระเวนชายแดนที่ 22","","","","7234092212","ศกร.ตชด.บ้านหนองบัวพัฒนา","16/05/2557","1.2.3","1","1.2.3"
"2566","10. 2566 REP004-IMPROVEMENT 12 - ตารางสรุปรายงานมาตรฐานแต่ละด้าน พร้อมจำนวนข้อที่ต้องปรับปรุง และจำนวนเด็กที่ผ่านเกณฑ์.xls","34","สำนักงานตำรวจแห่งชาติ","กองบัญชาการตำรวจตระเวนชายแดน","กองบังคับการตำรวจตระเวนชายแดนภาค 2","กองกำกับการตำรวจตระเวนชายแดนที่ 22","","","","7234102209","รร.ตชด.ศาสตราจารย์ ดอกเตอร์เนวิน สคริมชอว์","23/04/2567","","0",""
"2566","10. 2566 REP004-IMPROVEMENT 12 - ตารางสรุปรายงานมาตรฐานแต่ละด้าน พร้อมจำนวนข้อที่ต้องปรับปรุง และจำนวนเด็กที่ผ่านเกณฑ์.xls","35","สำนักงานตำรวจแห่งชาติ","กองบัญชาการตำรวจตระเวนชายแดน","กองบังคับการตำรวจตระเวนชายแดนภาค 2","กองกำกับการตำรวจตระเวนชายแดนที่ 22","","","","7234172215","ศกร.ตชด.เอไอเอ ประเทศไทย (บ้านบ๋าฮี)","16/05/2561","1.3.8","1","1.3.8"
"2566","10. 2566 REP004-IMPROVEMENT 12 - ตารางสรุปรายงานมาตรฐานแต่ละด้าน พร้อมจำนวนข้อที่ต้องปรับปรุง และจำนวนเด็กที่ผ่านเกณฑ์.xls","36","สำนักงานตำรวจแห่งชาติ","กองบัญชาการตำรวจตระเวนชายแดน","กองบังคับการตำรวจตระเวนชายแดนภาค 2","กองกำกับการตำรวจตระเวนชายแดนที่ 22","","","","7234252208","รร.ตชด.บ้านแก่งศรีโคตร","27/04/2567","3.1.1ก,3.2.1ก,3.2.2ก,3.2.3ก,3.2.4ก,3.2.5ก,3.2.6ก","7","3.1.1,3.2.1,3.2.2,3.2.3,3.2.4,3.2.5,3.2.6"
"2566","10. 2566 REP004-IMPROVEMENT 12 - ตารางสรุปรายงานมาตรฐานแต่ละด้าน พร้อมจำนวนข้อที่ต้องปรับปรุง และจำนวนเด็กที่ผ่านเกณฑ์.xls","37","สำนักงานตำรวจแห่งชาติ","กองบัญชาการตำรวจตระเวนชายแดน","กองบังคับการตำรวจตระเวนชายแดนภาค 2","กองกำกับการตำรวจตระเวนชายแดนที่ 22","","","","7234252211","ศกร.ตชด.ชุมชนป่าหญ้าคา","27/08/2545","","0",""
"2566","10. 2566 REP004-IMPROVEMENT 12 - ตารางสรุปรายงานมาตรฐานแต่ละด้าน พร้อมจำนวนข้อที่ต้องปรับปรุง และจำนวนเด็กที่ผ่านเกณฑ์.xls","38","สำนักงานตำรวจแห่งชาติ","กองบัญชาการตำรวจตระเวนชายแดน","กองบังคับการตำรวจตระเวนชายแดนภาค 2","กองกำกับการตำรวจตระเวนชายแดนที่ 22","","","","7234272214","ศกร.ตชด.พิทักษ์ปัญญา","16/05/2561","1.2.3,2.1.1,2.1.2,2.1.3,2.1.4,2.1.5,2.2.1,2.2.2,2.2.3,2.2.4,2.2.5,2.3.1,2.3.2,2.3.3,2.3.4,2.3.5,2.4.1,2.4.2,2.4.3,2.5.1,2.5.2","21","1.2.3,2.1.1,2.1.2,2.1.3,2.1.4,2.1.5,2.2.1,2.2.2,2.2.3,2.2.4,2.2.5,2.3.1,2.3.2,2.3.3,2.3.4,2.3.5,2.4.1,2.4.2,2.4.3,2.5.1,2.5.2"
"2566","10. 2566 REP004-IMPROVEMENT 12 - ตารางสรุปรายงานมาตรฐานแต่ละด้าน พร้อมจำนวนข้อที่ต้องปรับปรุง และจำนวนเด็กที่ผ่านเกณฑ์.xls","39","สำนักงานตำรวจแห่งชาติ","กองบัญชาการตำรวจตระเวนชายแดน","กองบังคับการตำรวจตระเวนชายแดนภาค 2","กองกำกับการตำรวจตระเวนชายแดนที่ 22","","","","7234332202","รร.ตชด.บ้านตาเอ็ม","25/08/2523","1.2.3","1","1.2.3"
"2566","10. 2566 REP004-IMPROVEMENT 12 - ตารางสรุปรายงานมาตรฐานแต่ละด้าน พร้อมจำนวนข้อที่ต้องปรับปรุง และจำนวนเด็กที่ผ่านเกณฑ์.xls","40","สำนักงานตำรวจแห่งชาติ","กองบัญชาการตำรวจตระเวนชายแดน","กองบังคับการตำรวจตระเวนชายแดนภาค 2","กองกำกับการตำรวจตระเวนชายแดนที่ 22","","","","7237022207","รร.ตชด.บ้านห้วยฆ้อง","11/08/2529","1.2.3,1.3.8,3.1.1ข","3","1.2.3,1.3.8,3.1.1"
"2566","10. 2566 REP004-IMPROVEMENT 12 - ตารางสรุปรายงานมาตรฐานแต่ละด้าน พร้อมจำนวนข้อที่ต้องปรับปรุง และจำนวนเด็กที่ผ่านเกณฑ์.xls","41","สำนักงานตำรวจแห่งชาติ","กองบัญชาการตำรวจตระเวนชายแดน","กองบังคับการตำรวจตระเวนชายแดนภาค 2","กองกำกับการตำรวจตระเวนชายแดนที่ 22","","","","7237022216","รร.ตชด.บ้านห้วยกระแสน","18/08/2564","1.3.5,3.5.3ข,3.6.1ข,3.6.2ข,3.6.3ข","5","1.3.5,3.5.3,3.6.1,3.6.2,3.6.3"
"2566","10. 2566 REP004-IMPROVEMENT 12 - ตารางสรุปรายงานมาตรฐานแต่ละด้าน พร้อมจำนวนข้อที่ต้องปรับปรุง และจำนวนเด็กที่ผ่านเกณฑ์.xls","42","สำนักงานตำรวจแห่งชาติ","กองบัญชาการตำรวจตระเวนชายแดน","กองบังคับการตำรวจตระเวนชายแดนภาค 2","กองกำกับการตำรวจตระเวนชายแดนที่ 22","","","","7237112213","ศกร.ตชด.บ้านภูดานกอย","18/05/2558","1.2.2,1.2.3,3.1.3ข","3","1.2.2,1.2.3,3.1.3"
"2566","10. 2566 REP004-IMPROVEMENT 12 - ตารางสรุปรายงานมาตรฐานแต่ละด้าน พร้อมจำนวนข้อที่ต้องปรับปรุง และจำนวนเด็กที่ผ่านเกณฑ์.xls","43","สำนักงานตำรวจแห่งชาติ","กองบัญชาการตำรวจตระเวนชายแดน","กองบังคับการตำรวจตระเวนชายแดนภาค 2","กองกำกับการตำรวจตระเวนชายแดนที่ 24","","","","7238012406","รร.ตชด.บ้านห้วยดอกไม้","25/02/2565","1.2.3,1.3.8","2","1.2.3,1.3.8"
"2566","10. 2566 REP004-IMPROVEMENT 12 - ตารางสรุปรายงานมาตรฐานแต่ละด้าน พร้อมจำนวนข้อที่ต้องปรับปรุง และจำนวนเด็กที่ผ่านเกณฑ์.xls","44","สำนักงานตำรวจแห่งชาติ","กองบัญชาการตำรวจตระเวนชายแดน","กองบังคับการตำรวจตระเวนชายแดนภาค 2","กองกำกับการตำรวจตระเวนชายแดนที่ 24","","","","7238012411","รร.ตชด.บ้านหนองตะไก้","10/06/2538","","0",""
"2566","10. 2566 REP004-IMPROVEMENT 12 - ตารางสรุปรายงานมาตรฐานแต่ละด้าน พร้อมจำนวนข้อที่ต้องปรับปรุง และจำนวนเด็กที่ผ่านเกณฑ์.xls","45","สำนักงานตำรวจแห่งชาติ","กองบัญชาการตำรวจตระเวนชายแดน","กองบังคับการตำรวจตระเวนชายแดนภาค 2","กองกำกับการตำรวจตระเวนชายแดนที่ 24","","","","7238012412","รร.ตชด.บ้านนาแวง","22/07/2564","1.2.3","1","1.2.3"
"2566","10. 2566 REP004-IMPROVEMENT 12 - ตารางสรุปรายงานมาตรฐานแต่ละด้าน พร้อมจำนวนข้อที่ต้องปรับปรุง และจำนวนเด็กที่ผ่านเกณฑ์.xls","46","สำนักงานตำรวจแห่งชาติ","กองบัญชาการตำรวจตระเวนชายแดน","กองบังคับการตำรวจตระเวนชายแดนภาค 2","กองกำกับการตำรวจตระเวนชายแดนที่ 24","","","","7238152417","รร.ตชด.บ้านคำชมภู","18/05/2558","","0",""
"2566","10. 2566 REP004-IMPROVEMENT 12 - ตารางสรุปรายงานมาตรฐานแต่ละด้าน พร้อมจำนวนข้อที่ต้องปรับปรุง และจำนวนเด็กที่ผ่านเกณฑ์.xls","47","สำนักงานตำรวจแห่งชาติ","กองบัญชาการตำรวจตระเวนชายแดน","กองบังคับการตำรวจตระเวนชายแดนภาค 2","กองกำกับการตำรวจตระเวนชายแดนที่ 24","","","","7241182415","รร.ตชด.บ้านเทพภูเงิน","07/11/2548","","0",""
"2566","10. 2566 REP004-IMPROVEMENT 12 - ตารางสรุปรายงานมาตรฐานแต่ละด้าน พร้อมจำนวนข้อที่ต้องปรับปรุง และจำนวนเด็กที่ผ่านเกณฑ์.xls","48","สำนักงานตำรวจแห่งชาติ","กองบัญชาการตำรวจตระเวนชายแดน","กองบังคับการตำรวจตระเวนชายแดนภาค 2","กองกำกับการตำรวจตระเวนชายแดนที่ 24","","","","7241222409","รร.ตชด.บ้านเมืองทอง","26/07/2564","1.2.3","1","1.2.3"
"2566","10. 2566 REP004-IMPROVEMENT 12 - ตารางสรุปรายงานมาตรฐานแต่ละด้าน พร้อมจำนวนข้อที่ต้องปรับปรุง และจำนวนเด็กที่ผ่านเกณฑ์.xls","49","สำนักงานตำรวจแห่งชาติ","กองบัญชาการตำรวจตระเวนชายแดน","กองบังคับการตำรวจตระเวนชายแดนภาค 2","กองกำกับการตำรวจตระเวนชายแดนที่ 24","","","","7241222413","รร.ตชด.บ้านนาชมภู","22/07/2564","1.2.3","1","1.2.3"
"2566","10. 2566 REP004-IMPROVEMENT 12 - ตารางสรุปรายงานมาตรฐานแต่ละด้าน พร้อมจำนวนข้อที่ต้องปรับปรุง และจำนวนเด็กที่ผ่านเกณฑ์.xls","50","สำนักงานตำรวจแห่งชาติ","กองบัญชาการตำรวจตระเวนชายแดน","กองบังคับการตำรวจตระเวนชายแดนภาค 2","กองกำกับการตำรวจตระเวนชายแดนที่ 24","","","","7242022408","รร.ตชด.บ้านหนองแคน","24/08/2532","","0",""
"2566","10. 2566 REP004-IMPROVEMENT 12 - ตารางสรุปรายงานมาตรฐานแต่ละด้าน พร้อมจำนวนข้อที่ต้องปรับปรุง และจำนวนเด็กที่ผ่านเกณฑ์.xls","51","สำนักงานตำรวจแห่งชาติ","กองบัญชาการตำรวจตระเวนชายแดน","กองบังคับการตำรวจตระเวนชายแดนภาค 2","กองกำกับการตำรวจตระเวนชายแดนที่ 24","","","","7242042402","รร.ตชด.บ้านห้วยเป้า","20/09/2520","","0",""
"2566","10. 2566 REP004-IMPROVEMENT 12 - ตารางสรุปรายงานมาตรฐานแต่ละด้าน พร้อมจำนวนข้อที่ต้องปรับปรุง และจำนวนเด็กที่ผ่านเกณฑ์.xls","52","สำนักงานตำรวจแห่งชาติ","กองบัญชาการตำรวจตระเวนชายแดน","กองบังคับการตำรวจตระเวนชายแดนภาค 2","กองกำกับการตำรวจตระเวนชายแดนที่ 24","","","","7242042405","รร.ตชด.ฮิลมาร์พาเบิล","23/12/2523","","0",""
"2566","10. 2566 REP004-IMPROVEMENT 12 - ตารางสรุปรายงานมาตรฐานแต่ละด้าน พร้อมจำนวนข้อที่ต้องปรับปรุง และจำนวนเด็กที่ผ่านเกณฑ์.xls","53","สำนักงานตำรวจแห่งชาติ","กองบัญชาการตำรวจตระเวนชายแดน","กองบังคับการตำรวจตระเวนชายแดนภาค 2","กองกำกับการตำรวจตระเวนชายแดนที่ 24","","","","7242132410","รร.ตชด.บ้านวังชมภู","14/06/2538","2.1.4","1","2.1.4"
"2566","10. 2566 REP004-IMPROVEMENT 12 - ตารางสรุปรายงานมาตรฐานแต่ละด้าน พร้อมจำนวนข้อที่ต้องปรับปรุง และจำนวนเด็กที่ผ่านเกณฑ์.xls","54","สำนักงานตำรวจแห่งชาติ","กองบัญชาการตำรวจตระเวนชายแดน","กองบังคับการตำรวจตระเวนชายแดนภาค 2","กองกำกับการตำรวจตระเวนชายแดนที่ 23","","","","7247152307","รร.ตชด.ค็อกนิสไทยฯ","15/05/2568","","0",""
"2566","10. 2566 REP004-IMPROVEMENT 12 - ตารางสรุปรายงานมาตรฐานแต่ละด้าน พร้อมจำนวนข้อที่ต้องปรับปรุง และจำนวนเด็กที่ผ่านเกณฑ์.xls","55","สำนักงานตำรวจแห่งชาติ","กองบัญชาการตำรวจตระเวนชายแดน","กองบังคับการตำรวจตระเวนชายแดนภาค 2","กองกำกับการตำรวจตระเวนชายแดนที่ 23","","","","7248032301","รร.ตชด.ชูทิศวิทยา","14/06/2564","1.2.3","1","1.2.3"
"2566","10. 2566 REP004-IMPROVEMENT 12 - ตารางสรุปรายงานมาตรฐานแต่ละด้าน พร้อมจำนวนข้อที่ต้องปรับปรุง และจำนวนเด็กที่ผ่านเกณฑ์.xls","56","สำนักงานตำรวจแห่งชาติ","กองบัญชาการตำรวจตระเวนชายแดน","กองบังคับการตำรวจตระเวนชายแดนภาค 2","กองกำกับการตำรวจตระเวนชายแดนที่ 23","","","","7248032303","รร.ตชด.บ้านหาดทรายเพ","01/10/2520","1.2.3","1","1.2.3"
"2566","10. 2566 REP004-IMPROVEMENT 12 - ตารางสรุปรายงานมาตรฐานแต่ละด้าน พร้อมจำนวนข้อที่ต้องปรับปรุง และจำนวนเด็กที่ผ่านเกณฑ์.xls","57","สำนักงานตำรวจแห่งชาติ","กองบัญชาการตำรวจตระเวนชายแดน","กองบังคับการตำรวจตระเวนชายแดนภาค 2","กองกำกับการตำรวจตระเวนชายแดนที่ 23","","","","7248032309","ศกร.ตชด.บ้านนากระเสริม","07/01/2557","","0",""
"2566","10. 2566 REP004-IMPROVEMENT 12 - ตารางสรุปรายงานมาตรฐานแต่ละด้าน พร้อมจำนวนข้อที่ต้องปรับปรุง และจำนวนเด็กที่ผ่านเกณฑ์.xls","58","สำนักงานตำรวจแห่งชาติ","กองบัญชาการตำรวจตระเวนชายแดน","กองบังคับการตำรวจตระเวนชายแดนภาค 2","กองกำกับการตำรวจตระเวนชายแดนที่ 23","","","","7248042310","ศกร.ตชด.บ้านปากห้วยม่วง","16/05/2557","","0",""
"2566","10. 2566 REP004-IMPROVEMENT 12 - ตารางสรุปรายงานมาตรฐานแต่ละด้าน พร้อมจำนวนข้อที่ต้องปรับปรุง และจำนวนเด็กที่ผ่านเกณฑ์.xls","59","สำนักงานตำรวจแห่งชาติ","กองบัญชาการตำรวจตระเวนชายแดน","กองบังคับการตำรวจตระเวนชายแดนภาค 2","กองกำกับการตำรวจตระเวนชายแดนที่ 23","","","","7248112302","รร.ตชด.ช่างกลปทุมวันอนุสรณ์ 8","01/06/2519","","0",""
"2566","10. 2566 REP004-IMPROVEMENT 12 - ตารางสรุปรายงานมาตรฐานแต่ละด้าน พร้อมจำนวนข้อที่ต้องปรับปรุง และจำนวนเด็กที่ผ่านเกณฑ์.xls","60","สำนักงานตำรวจแห่งชาติ","กองบัญชาการตำรวจตระเวนชายแดน","กองบังคับการตำรวจตระเวนชายแดนภาค 2","กองกำกับการตำรวจตระเวนชายแดนที่ 23","","","","7248112305","รร.ตชด.บ้านนาสามัคคี","10/05/2528","","0",""
"2566","10. 2566 REP004-IMPROVEMENT 12 - ตารางสรุปรายงานมาตรฐานแต่ละด้าน พร้อมจำนวนข้อที่ต้องปรับปรุง และจำนวนเด็กที่ผ่านเกณฑ์.xls","61","สำนักงานตำรวจแห่งชาติ","กองบัญชาการตำรวจตระเวนชายแดน","กองบังคับการตำรวจตระเวนชายแดนภาค 2","กองกำกับการตำรวจตระเวนชายแดนที่ 23","","","","7249052311","ศกร.ตชด.ใต้ร่มพระบารมี (ธนาคารอาคารสงเคราะห์อุปถัมภ์)","12/05/2558","1.2.3,1.3.3,1.3.4,1.3.7,1.3.8,2.1.2,2.5.1,3.5.2ข,3.6.2ข","9","1.2.3,1.3.3,1.3.4,1.3.7,1.3.8,2.1.2,2.5.1,3.5.2,3.6.2"
"2566","10. 2566 REP004-IMPROVEMENT 12 - ตารางสรุปรายงานมาตรฐานแต่ละด้าน พร้อมจำนวนข้อที่ต้องปรับปรุง และจำนวนเด็กที่ผ่านเกณฑ์.xls","62","สำนักงานตำรวจแห่งชาติ","กองบัญชาการตำรวจตระเวนชายแดน","กองบังคับการตำรวจตระเวนชายแดนภาค 3","กองกำกับการตำรวจตระเวนชายแดนที่ 33","","","","7250030005","ศกร.ตชด.สนั่น-เฉลิมเกตุ นภาศัพท์","17/05/2564","","0",""
"2566","10. 2566 REP004-IMPROVEMENT 12 - ตารางสรุปรายงานมาตรฐานแต่ละด้าน พร้อมจำนวนข้อที่ต้องปรับปรุง และจำนวนเด็กที่ผ่านเกณฑ์.xls","63","สำนักงานตำรวจแห่งชาติ","กองบัญชาการตำรวจตระเวนชายแดน","กองบังคับการตำรวจตระเวนชายแดนภาค 3","กองกำกับการตำรวจตระเวนชายแดนที่ 33","","","","7250033310","รร.ตชด.บ้านแม่ลอง","08/07/2564","","0",""
"2566","10. 2566 REP004-IMPROVEMENT 12 - ตารางสรุปรายงานมาตรฐานแต่ละด้าน พร้อมจำนวนข้อที่ต้องปรับปรุง และจำนวนเด็กที่ผ่านเกณฑ์.xls","64","สำนักงานตำรวจแห่งชาติ","กองบัญชาการตำรวจตระเวนชายแดน","กองบังคับการตำรวจตระเวนชายแดนภาค 3","กองกำกับการตำรวจตระเวนชายแดนที่ 33","","","","7250033314","รร.ตชด.บ้านใหม่พัฒนาสันติ","20/03/2568","","0",""
"2566","10. 2566 REP004-IMPROVEMENT 12 - ตารางสรุปรายงานมาตรฐานแต่ละด้าน พร้อมจำนวนข้อที่ต้องปรับปรุง และจำนวนเด็กที่ผ่านเกณฑ์.xls","65","สำนักงานตำรวจแห่งชาติ","กองบัญชาการตำรวจตระเวนชายแดน","กองบังคับการตำรวจตระเวนชายแดนภาค 3","กองกำกับการตำรวจตระเวนชายแดนที่ 33","","","","7250033332","รร.ตชด.บางกอก เชฟ แชร์ริตี้ บ้านแม่ขอ","16/05/2560","","0",""
"2566","10. 2566 REP004-IMPROVEMENT 12 - ตารางสรุปรายงานมาตรฐานแต่ละด้าน พร้อมจำนวนข้อที่ต้องปรับปรุง และจำนวนเด็กที่ผ่านเกณฑ์.xls","66","สำนักงานตำรวจแห่งชาติ","กองบัญชาการตำรวจตระเวนชายแดน","กองบังคับการตำรวจตระเวนชายแดนภาค 3","กองกำกับการตำรวจตระเวนชายแดนที่ 33","","","","7250033333","ศกร.ตชด.บ้านแม่มุใน (บริษัท ซี เค พาวเวอร์ จำกัด (มหาชน)อุปถัมภ์)","16/05/2561","","0",""
"2566","10. 2566 REP004-IMPROVEMENT 12 - ตารางสรุปรายงานมาตรฐานแต่ละด้าน พร้อมจำนวนข้อที่ต้องปรับปรุง และจำนวนเด็กที่ผ่านเกณฑ์.xls","67","สำนักงานตำรวจแห่งชาติ","กองบัญชาการตำรวจตระเวนชายแดน","กองบังคับการตำรวจตระเวนชายแดนภาค 3","กองกำกับการตำรวจตระเวนชายแดนที่ 33","","","","7250043311","รร.ตชด.เฉลิมพระเกียรติฯ","09/07/2564","","0",""
"2566","10. 2566 REP004-IMPROVEMENT 12 - ตารางสรุปรายงานมาตรฐานแต่ละด้าน พร้อมจำนวนข้อที่ต้องปรับปรุง และจำนวนเด็กที่ผ่านเกณฑ์.xls","68","สำนักงานตำรวจแห่งชาติ","กองบัญชาการตำรวจตระเวนชายแดน","กองบังคับการตำรวจตระเวนชายแดนภาค 3","กองกำกับการตำรวจตระเวนชายแดนที่ 33","","","","7250043316","รร.ตชด.บ้านหนองแขม","25/07/2541","","0",""
"2566","10. 2566 REP004-IMPROVEMENT 12 - ตารางสรุปรายงานมาตรฐานแต่ละด้าน พร้อมจำนวนข้อที่ต้องปรับปรุง และจำนวนเด็กที่ผ่านเกณฑ์.xls","69","สำนักงานตำรวจแห่งชาติ","กองบัญชาการตำรวจตระเวนชายแดน","กองบังคับการตำรวจตระเวนชายแดนภาค 3","กองกำกับการตำรวจตระเวนชายแดนที่ 33","","","","7250063315","รร.ตชด.ไลออนส์มหาจักร 9","27/06/2535","","0",""
"2566","10. 2566 REP004-IMPROVEMENT 12 - ตารางสรุปรายงานมาตรฐานแต่ละด้าน พร้อมจำนวนข้อที่ต้องปรับปรุง และจำนวนเด็กที่ผ่านเกณฑ์.xls","70","สำนักงานตำรวจแห่งชาติ","กองบัญชาการตำรวจตระเวนชายแดน","กองบังคับการตำรวจตระเวนชายแดนภาค 3","กองกำกับการตำรวจตระเวนชายแดนที่ 33","","","","7250093302","รร.ตชด.อาโอยาม่า","10/01/2510","","0",""
"2566","10. 2566 REP004-IMPROVEMENT 12 - ตารางสรุปรายงานมาตรฐานแต่ละด้าน พร้อมจำนวนข้อที่ต้องปรับปรุง และจำนวนเด็กที่ผ่านเกณฑ์.xls","71","สำนักงานตำรวจแห่งชาติ","กองบัญชาการตำรวจตระเวนชายแดน","กองบังคับการตำรวจตระเวนชายแดนภาค 3","กองกำกับการตำรวจตระเวนชายแดนที่ 33","","","","7250103301","รร.ตชด.เฮียงไทยธำรงค์","11/01/2505","1.2.3","1","1.2.3"
"2566","10. 2566 REP004-IMPROVEMENT 12 - ตารางสรุปรายงานมาตรฐานแต่ละด้าน พร้อมจำนวนข้อที่ต้องปรับปรุง และจำนวนเด็กที่ผ่านเกณฑ์.xls","72","สำนักงานตำรวจแห่งชาติ","กองบัญชาการตำรวจตระเวนชายแดน","กองบังคับการตำรวจตระเวนชายแดนภาค 3","กองกำกับการตำรวจตระเวนชายแดนที่ 33","","","","7250103307","รร.ตชด.ทุติยะโพธิ์อนุสรณ์","14/06/2514","1.2.2,1.2.4","2","1.2.2,1.2.4"
"2566","10. 2566 REP004-IMPROVEMENT 12 - ตารางสรุปรายงานมาตรฐานแต่ละด้าน พร้อมจำนวนข้อที่ต้องปรับปรุง และจำนวนเด็กที่ผ่านเกณฑ์.xls","73","สำนักงานตำรวจแห่งชาติ","กองบัญชาการตำรวจตระเวนชายแดน","กองบังคับการตำรวจตระเวนชายแดนภาค 3","กองกำกับการตำรวจตระเวนชายแดนที่ 33","","","","7250113304","รร.ตชด.เจ้าพ่อหลวงอุปถัมภ์ 2","01/12/2508","","0",""
"2566","10. 2566 REP004-IMPROVEMENT 12 - ตารางสรุปรายงานมาตรฐานแต่ละด้าน พร้อมจำนวนข้อที่ต้องปรับปรุง และจำนวนเด็กที่ผ่านเกณฑ์.xls","74","สำนักงานตำรวจแห่งชาติ","กองบัญชาการตำรวจตระเวนชายแดน","กองบังคับการตำรวจตระเวนชายแดนภาค 3","กองกำกับการตำรวจตระเวนชายแดนที่ 33","","","","7250183318","รร.ตชด.รางวัลอินทิรา  คานธี","20/04/2555","","0",""
"2566","10. 2566 REP004-IMPROVEMENT 12 - ตารางสรุปรายงานมาตรฐานแต่ละด้าน พร้อมจำนวนข้อที่ต้องปรับปรุง และจำนวนเด็กที่ผ่านเกณฑ์.xls","75","สำนักงานตำรวจแห่งชาติ","กองบัญชาการตำรวจตระเวนชายแดน","กองบังคับการตำรวจตระเวนชายแดนภาค 3","กองกำกับการตำรวจตระเวนชายแดนที่ 33","","","","7250183319","รร.ตชด.ท่านผู้หญิงประไพ ศิวะโกเศศ","01/12/2550","","0",""
"2566","10. 2566 REP004-IMPROVEMENT 12 - ตารางสรุปรายงานมาตรฐานแต่ละด้าน พร้อมจำนวนข้อที่ต้องปรับปรุง และจำนวนเด็กที่ผ่านเกณฑ์.xls","76","สำนักงานตำรวจแห่งชาติ","กองบัญชาการตำรวจตระเวนชายแดน","กองบังคับการตำรวจตระเวนชายแดนภาค 3","กองกำกับการตำรวจตระเวนชายแดนที่ 33","","","","7250183326","รร.ตชด.บางกอก เชฟ แชร์ริตี้","18/05/2558","1.2.3,3.1.1ข","2","1.2.3,3.1.1"
"2566","10. 2566 REP004-IMPROVEMENT 12 - ตารางสรุปรายงานมาตรฐานแต่ละด้าน พร้อมจำนวนข้อที่ต้องปรับปรุง และจำนวนเด็กที่ผ่านเกณฑ์.xls","77","สำนักงานตำรวจแห่งชาติ","กองบัญชาการตำรวจตระเวนชายแดน","กองบังคับการตำรวจตระเวนชายแดนภาค 3","กองกำกับการตำรวจตระเวนชายแดนที่ 33","","","","7250283334","ศกร.ตชด.บ้านนามะอื้น","16/05/2562","3.2.1ข,3.3.1ข,3.3.2ข,3.4.1ข,3.4.2ข,3.4.3ข,3.5.1ข,3.5.2ข,3.5.3ข,3.5.4ข,3.5.5ข,3.6.1ข,3.6.3ข,3.6.4ข,3.7.1ข,3.7.2ข,3.7.3ข,3.7.4ข","18","3.2.1,3.3.1,3.3.2,3.4.1,3.4.2,3.4.3,3.5.1,3.5.2,3.5.3,3.5.4,3.5.5,3.6.1,3.6.3,3.6.4,3.7.1,3.7.2,3.7.3,3.7.4"
"2566","10. 2566 REP004-IMPROVEMENT 12 - ตารางสรุปรายงานมาตรฐานแต่ละด้าน พร้อมจำนวนข้อที่ต้องปรับปรุง และจำนวนเด็กที่ผ่านเกณฑ์.xls","78","สำนักงานตำรวจแห่งชาติ","กองบัญชาการตำรวจตระเวนชายแดน","กองบังคับการตำรวจตระเวนชายแดนภาค 3","กองกำกับการตำรวจตระเวนชายแดนที่ 31","","","","7253063101","รร.ตชด.บุญธรรม-บุญพรั้ง","01/05/2501","1.2.3","1","1.2.3"
"2566","10. 2566 REP004-IMPROVEMENT 12 - ตารางสรุปรายงานมาตรฐานแต่ละด้าน พร้อมจำนวนข้อที่ต้องปรับปรุง และจำนวนเด็กที่ผ่านเกณฑ์.xls","79","สำนักงานตำรวจแห่งชาติ","กองบัญชาการตำรวจตระเวนชายแดน","กองบังคับการตำรวจตระเวนชายแดนภาค 3","กองกำกับการตำรวจตระเวนชายแดนที่ 31","","","","7253063105","รร.ตชด.ยอดโพธิ์ทอง 1","01/08/2529","","0",""
"2566","10. 2566 REP004-IMPROVEMENT 12 - ตารางสรุปรายงานมาตรฐานแต่ละด้าน พร้อมจำนวนข้อที่ต้องปรับปรุง และจำนวนเด็กที่ผ่านเกณฑ์.xls","80","สำนักงานตำรวจแห่งชาติ","กองบัญชาการตำรวจตระเวนชายแดน","กองบังคับการตำรวจตระเวนชายแดนภาค 3","กองกำกับการตำรวจตระเวนชายแดนที่ 32","","","","7255013224","ศกร.ตชด.บ้านห้วยลู่","24/01/2563","1.2.3,3.1.3ข,3.5.2ข","3","1.2.3,3.1.3,3.5.2"
"2566","10. 2566 REP004-IMPROVEMENT 12 - ตารางสรุปรายงานมาตรฐานแต่ละด้าน พร้อมจำนวนข้อที่ต้องปรับปรุง และจำนวนเด็กที่ผ่านเกณฑ์.xls","81","สำนักงานตำรวจแห่งชาติ","กองบัญชาการตำรวจตระเวนชายแดน","กองบังคับการตำรวจตระเวนชายแดนภาค 3","กองกำกับการตำรวจตระเวนชายแดนที่ 32","","","","7255023216","รร.ตชด.พีระยานุเคราะห์ฯ 3","26/01/2538","1.2.3,3.1.3ข","2","1.2.3,3.1.3"
"2566","10. 2566 REP004-IMPROVEMENT 12 - ตารางสรุปรายงานมาตรฐานแต่ละด้าน พร้อมจำนวนข้อที่ต้องปรับปรุง และจำนวนเด็กที่ผ่านเกณฑ์.xls","82","สำนักงานตำรวจแห่งชาติ","กองบัญชาการตำรวจตระเวนชายแดน","กองบังคับการตำรวจตระเวนชายแดนภาค 3","กองกำกับการตำรวจตระเวนชายแดนที่ 32","","","","7255123217","รร.ตชด.เฉลิมฉลอง 100 ปีฯ","","","0",""
"2566","10. 2566 REP004-IMPROVEMENT 12 - ตารางสรุปรายงานมาตรฐานแต่ละด้าน พร้อมจำนวนข้อที่ต้องปรับปรุง และจำนวนเด็กที่ผ่านเกณฑ์.xls","83","สำนักงานตำรวจแห่งชาติ","กองบัญชาการตำรวจตระเวนชายแดน","กองบังคับการตำรวจตระเวนชายแดนภาค 3","กองกำกับการตำรวจตระเวนชายแดนที่ 32","","","","7256063211","รร.ตชด.เบ็ตตี้ดูเมน","12/01/2528","1.2.3","1","1.2.3"
"2566","10. 2566 REP004-IMPROVEMENT 12 - ตารางสรุปรายงานมาตรฐานแต่ละด้าน พร้อมจำนวนข้อที่ต้องปรับปรุง และจำนวนเด็กที่ผ่านเกณฑ์.xls","84","สำนักงานตำรวจแห่งชาติ","กองบัญชาการตำรวจตระเวนชายแดน","กองบังคับการตำรวจตระเวนชายแดนภาค 3","กองกำกับการตำรวจตระเวนชายแดนที่ 32","","","","7256113223","ศกร.ตชด.อินทรีอาสา (บ้านห้วยปุ้ม)","10/02/2561","1.2.2,1.2.3,1.3.3,1.5.1,1.5.4,3.5.2ข,3.6.2ข","7","1.2.2,1.2.3,1.3.3,1.5.1,1.5.4,3.5.2,3.6.2"
"2566","10. 2566 REP004-IMPROVEMENT 12 - ตารางสรุปรายงานมาตรฐานแต่ละด้าน พร้อมจำนวนข้อที่ต้องปรับปรุง และจำนวนเด็กที่ผ่านเกณฑ์.xls","85","สำนักงานตำรวจแห่งชาติ","กองบัญชาการตำรวจตระเวนชายแดน","กองบังคับการตำรวจตระเวนชายแดนภาค 3","กองกำกับการตำรวจตระเวนชายแดนที่ 32","","","","7257013213","รร.ตชด.เทคนิคดุสิต","14/06/2564","1.2.2,1.2.3,1.3.3,1.3.5,1.3.8,1.5.3","6","1.2.2,1.2.3,1.3.3,1.3.5,1.3.8,1.5.3"
"2566","10. 2566 REP004-IMPROVEMENT 12 - ตารางสรุปรายงานมาตรฐานแต่ละด้าน พร้อมจำนวนข้อที่ต้องปรับปรุง และจำนวนเด็กที่ผ่านเกณฑ์.xls","86","สำนักงานตำรวจแห่งชาติ","กองบัญชาการตำรวจตระเวนชายแดน","กองบังคับการตำรวจตระเวนชายแดนภาค 3","กองกำกับการตำรวจตระเวนชายแดนที่ 32","","","","7257013222","ศกร.ตชด.บ้านจะนู (จิราธิวัฒน์อุปถัมภ์)","17/02/2568","","0",""
"2566","10. 2566 REP004-IMPROVEMENT 12 - ตารางสรุปรายงานมาตรฐานแต่ละด้าน พร้อมจำนวนข้อที่ต้องปรับปรุง และจำนวนเด็กที่ผ่านเกณฑ์.xls","87","สำนักงานตำรวจแห่งชาติ","กองบัญชาการตำรวจตระเวนชายแดน","กองบังคับการตำรวจตระเวนชายแดนภาค 3","กองกำกับการตำรวจตระเวนชายแดนที่ 32","","","","7257033203","รร.ตชด.อาชีวศึกษา เชียงราย-พะเยา","08/05/2508","1.2.3,1.3.5,1.4.4,3.6.1ข","4","1.2.3,1.3.5,1.4.4,3.6.1"
"2566","10. 2566 REP004-IMPROVEMENT 12 - ตารางสรุปรายงานมาตรฐานแต่ละด้าน พร้อมจำนวนข้อที่ต้องปรับปรุง และจำนวนเด็กที่ผ่านเกณฑ์.xls","88","สำนักงานตำรวจแห่งชาติ","กองบัญชาการตำรวจตระเวนชายแดน","กองบังคับการตำรวจตระเวนชายแดนภาค 3","กองกำกับการตำรวจตระเวนชายแดนที่ 32","","","","7257103201","รร.ตชด.บ้านดอยล้าน *","01/10/2503","","0",""
"2566","10. 2566 REP004-IMPROVEMENT 12 - ตารางสรุปรายงานมาตรฐานแต่ละด้าน พร้อมจำนวนข้อที่ต้องปรับปรุง และจำนวนเด็กที่ผ่านเกณฑ์.xls","89","สำนักงานตำรวจแห่งชาติ","กองบัญชาการตำรวจตระเวนชายแดน","กองบังคับการตำรวจตระเวนชายแดนภาค 3","กองกำกับการตำรวจตระเวนชายแดนที่ 32","","","","7257103221","ศกร.ตชด.อินทรีอาสา (บ้านห้วยน้ำกืน)","16/05/2567","1.2.3,2.2.1,2.3.5","3","1.2.3,2.2.1,2.3.5"
"2566","10. 2566 REP004-IMPROVEMENT 12 - ตารางสรุปรายงานมาตรฐานแต่ละด้าน พร้อมจำนวนข้อที่ต้องปรับปรุง และจำนวนเด็กที่ผ่านเกณฑ์.xls","90","สำนักงานตำรวจแห่งชาติ","กองบัญชาการตำรวจตระเวนชายแดน","กองบังคับการตำรวจตระเวนชายแดนภาค 3","กองกำกับการตำรวจตระเวนชายแดนที่ 32","","","","7257133206","รร.ตชด.ชนัตถ์ปิยะอุย","09/01/2517","","0",""
"2566","10. 2566 REP004-IMPROVEMENT 12 - ตารางสรุปรายงานมาตรฐานแต่ละด้าน พร้อมจำนวนข้อที่ต้องปรับปรุง และจำนวนเด็กที่ผ่านเกณฑ์.xls","91","สำนักงานตำรวจแห่งชาติ","กองบัญชาการตำรวจตระเวนชายแดน","กองบังคับการตำรวจตระเวนชายแดนภาค 3","กองกำกับการตำรวจตระเวนชายแดนที่ 32","","","","7257133219","ศกร.ตชด.บ้านฟ้าไทยงาม","16/05/2557","","0",""
"2566","10. 2566 REP004-IMPROVEMENT 12 - ตารางสรุปรายงานมาตรฐานแต่ละด้าน พร้อมจำนวนข้อที่ต้องปรับปรุง และจำนวนเด็กที่ผ่านเกณฑ์.xls","92","สำนักงานตำรวจแห่งชาติ","กองบัญชาการตำรวจตระเวนชายแดน","กองบังคับการตำรวจตระเวนชายแดนภาค 3","กองกำกับการตำรวจตระเวนชายแดนที่ 32","","","","7257133220","ศกร.ตชด.บ้านห้วยกุ๊ก","28/07/2564","","0",""
"2566","10. 2566 REP004-IMPROVEMENT 12 - ตารางสรุปรายงานมาตรฐานแต่ละด้าน พร้อมจำนวนข้อที่ต้องปรับปรุง และจำนวนเด็กที่ผ่านเกณฑ์.xls","93","สำนักงานตำรวจแห่งชาติ","กองบัญชาการตำรวจตระเวนชายแดน","กองบังคับการตำรวจตระเวนชายแดนภาค 3","กองกำกับการตำรวจตระเวนชายแดนที่ 32","","","","7257153208","รร.ตชด.เจ้าพ่อหลวงอุปถัมภ์ 4 *","01/01/2508","","0",""
"2566","10. 2566 REP004-IMPROVEMENT 12 - ตารางสรุปรายงานมาตรฐานแต่ละด้าน พร้อมจำนวนข้อที่ต้องปรับปรุง และจำนวนเด็กที่ผ่านเกณฑ์.xls","94","สำนักงานตำรวจแห่งชาติ","กองบัญชาการตำรวจตระเวนชายแดน","กองบังคับการตำรวจตระเวนชายแดนภาค 3","กองกำกับการตำรวจตระเวนชายแดนที่ 32","","","","7257153214","รร.ตชด.สังวาลย์วิท 8 *","17/05/2566","1.2.3","1","1.2.3"
"2566","10. 2566 REP004-IMPROVEMENT 12 - ตารางสรุปรายงานมาตรฐานแต่ละด้าน พร้อมจำนวนข้อที่ต้องปรับปรุง และจำนวนเด็กที่ผ่านเกณฑ์.xls","95","สำนักงานตำรวจแห่งชาติ","กองบัญชาการตำรวจตระเวนชายแดน","กองบังคับการตำรวจตระเวนชายแดนภาค 3","กองกำกับการตำรวจตระเวนชายแดนที่ 33","","","","7258013323","ศกร.ตชด.บ้านดอยแสง","16/05/2558","","0",""
"2566","10. 2566 REP004-IMPROVEMENT 12 - ตารางสรุปรายงานมาตรฐานแต่ละด้าน พร้อมจำนวนข้อที่ต้องปรับปรุง และจำนวนเด็กที่ผ่านเกณฑ์.xls","96","สำนักงานตำรวจแห่งชาติ","กองบัญชาการตำรวจตระเวนชายแดน","กองบังคับการตำรวจตระเวนชายแดนภาค 3","กองกำกับการตำรวจตระเวนชายแดนที่ 33","","","","7258043321","ศกร.ตชด.บ้านปอหมื้อ","17/05/2565","","0",""
"2566","10. 2566 REP004-IMPROVEMENT 12 - ตารางสรุปรายงานมาตรฐานแต่ละด้าน พร้อมจำนวนข้อที่ต้องปรับปรุง และจำนวนเด็กที่ผ่านเกณฑ์.xls","97","สำนักงานตำรวจแห่งชาติ","กองบัญชาการตำรวจตระเวนชายแดน","กองบังคับการตำรวจตระเวนชายแดนภาค 3","กองกำกับการตำรวจตระเวนชายแดนที่ 33","","","","7258043327","ศกร.ตชด.บ้านแม่เหลอ","30/07/2564","","0",""
"2566","10. 2566 REP004-IMPROVEMENT 12 - ตารางสรุปรายงานมาตรฐานแต่ละด้าน พร้อมจำนวนข้อที่ต้องปรับปรุง และจำนวนเด็กที่ผ่านเกณฑ์.xls","98","สำนักงานตำรวจแห่งชาติ","กองบัญชาการตำรวจตระเวนชายแดน","กองบังคับการตำรวจตระเวนชายแดนภาค 3","กองกำกับการตำรวจตระเวนชายแดนที่ 33","","","","7258053308","รร.ตชด.บ้านแม่ลางิ้ว","05/08/2525","","0",""
"2566","10. 2566 REP004-IMPROVEMENT 12 - ตารางสรุปรายงานมาตรฐานแต่ละด้าน พร้อมจำนวนข้อที่ต้องปรับปรุง และจำนวนเด็กที่ผ่านเกณฑ์.xls","99","สำนักงานตำรวจแห่งชาติ","กองบัญชาการตำรวจตระเวนชายแดน","กองบังคับการตำรวจตระเวนชายแดนภาค 3","กองกำกับการตำรวจตระเวนชายแดนที่ 33","","","","7258053309","รร.ตชด.บ้านตุน","30/07/2564","","0",""
"2566","10. 2566 REP004-IMPROVEMENT 12 - ตารางสรุปรายงานมาตรฐานแต่ละด้าน พร้อมจำนวนข้อที่ต้องปรับปรุง และจำนวนเด็กที่ผ่านเกณฑ์.xls","100","สำนักงานตำรวจแห่งชาติ","กองบัญชาการตำรวจตระเวนชายแดน","กองบังคับการตำรวจตระเวนชายแดนภาค 3","กองกำกับการตำรวจตระเวนชายแดนที่ 33","","","","7258073305","รร.ตชด.ชมรมอนุรักษ์พุทธศิลปไทยอนุสรณ์","","3.6.1ข,3.6.2ข,3.6.3ข,3.6.4ข","4","3.6.1,3.6.2,3.6.3,3.6.4"
"2566","10. 2566 REP004-IMPROVEMENT 12 - ตารางสรุปรายงานมาตรฐานแต่ละด้าน พร้อมจำนวนข้อที่ต้องปรับปรุง และจำนวนเด็กที่ผ่านเกณฑ์.xls","101","สำนักงานตำรวจแห่งชาติ","กองบัญชาการตำรวจตระเวนชายแดน","กองบังคับการตำรวจตระเวนชายแดนภาค 3","กองกำกับการตำรวจตระเวนชายแดนที่ 33","","","","7258073313","รร.ตชด.ชมรมอนุรักษ์พุทธศิลปไทยอนุสรณ์ 2","04/04/2534","","0",""
"2566","10. 2566 REP004-IMPROVEMENT 12 - ตารางสรุปรายงานมาตรฐานแต่ละด้าน พร้อมจำนวนข้อที่ต้องปรับปรุง และจำนวนเด็กที่ผ่านเกณฑ์.xls","102","สำนักงานตำรวจแห่งชาติ","กองบัญชาการตำรวจตระเวนชายแดน","กองบังคับการตำรวจตระเวนชายแดนภาค 3","กองกำกับการตำรวจตระเวนชายแดนที่ 33","","","","7258073324","ศกร.ตชด.เฉลิมพระเกียรติ ฯ บ้านน้ำบ่อสะเป่","16/05/2557","1.3.1,1.3.2,1.3.3,1.4.3,1.4.4,1.4.5,1.4.6,3.5.1ข,3.5.2ข,3.5.3ข,3.6.1ข,3.6.2ข,3.6.3ข","13","1.3.1,1.3.2,1.3.3,1.4.3,1.4.4,1.4.5,1.4.6,3.5.1,3.5.2,3.5.3,3.6.1,3.6.2,3.6.3"
"2566","10. 2566 REP004-IMPROVEMENT 12 - ตารางสรุปรายงานมาตรฐานแต่ละด้าน พร้อมจำนวนข้อที่ต้องปรับปรุง และจำนวนเด็กที่ผ่านเกณฑ์.xls","103","สำนักงานตำรวจแห่งชาติ","กองบัญชาการตำรวจตระเวนชายแดน","กองบังคับการตำรวจตระเวนชายแดนภาค 3","กองกำกับการตำรวจตระเวนชายแดนที่ 33","","","","7258133330","ศกร.ตชด.พลเอก อรชุน พิบูลนครินทร์","01/05/2559","","0",""
"2566","10. 2566 REP004-IMPROVEMENT 12 - ตารางสรุปรายงานมาตรฐานแต่ละด้าน พร้อมจำนวนข้อที่ต้องปรับปรุง และจำนวนเด็กที่ผ่านเกณฑ์.xls","104","สำนักงานตำรวจแห่งชาติ","กองบัญชาการตำรวจตระเวนชายแดน","กองบังคับการตำรวจตระเวนชายแดนภาค 3","กองกำกับการตำรวจตระเวนชายแดนที่ 34","","","","7263043403","รร.ตชด.เฉลิมพระเกียรติ 7 รอบฯ (บ้านแพะ จังหวัดตาก)","09/06/2524","1.2.3,3.4.1ข,3.4.2ข","3","1.2.3,3.4.1,3.4.2"
"2566","10. 2566 REP004-IMPROVEMENT 12 - ตารางสรุปรายงานมาตรฐานแต่ละด้าน พร้อมจำนวนข้อที่ต้องปรับปรุง และจำนวนเด็กที่ผ่านเกณฑ์.xls","105","สำนักงานตำรวจแห่งชาติ","กองบัญชาการตำรวจตระเวนชายแดน","กองบังคับการตำรวจตระเวนชายแดนภาค 3","กองกำกับการตำรวจตระเวนชายแดนที่ 34","","","","7263043419","รร.ตชด.หม่อมราชวงศ์เฉลิมลักษณ์ จันทรเสน (ขยายโอกาส)","07/02/2545","3.6.2ข,3.6.3ข,3.6.4ข","3","3.6.2,3.6.3,3.6.4"
"2566","10. 2566 REP004-IMPROVEMENT 12 - ตารางสรุปรายงานมาตรฐานแต่ละด้าน พร้อมจำนวนข้อที่ต้องปรับปรุง และจำนวนเด็กที่ผ่านเกณฑ์.xls","106","สำนักงานตำรวจแห่งชาติ","กองบัญชาการตำรวจตระเวนชายแดน","กองบังคับการตำรวจตระเวนชายแดนภาค 3","กองกำกับการตำรวจตระเวนชายแดนที่ 34","","","","7263043420","ศกร.ตชด.บ้านทีวะเบยทะ *","16/05/2545","1.2.3","1","1.2.3"
"2566","10. 2566 REP004-IMPROVEMENT 12 - ตารางสรุปรายงานมาตรฐานแต่ละด้าน พร้อมจำนวนข้อที่ต้องปรับปรุง และจำนวนเด็กที่ผ่านเกณฑ์.xls","107","สำนักงานตำรวจแห่งชาติ","กองบัญชาการตำรวจตระเวนชายแดน","กองบังคับการตำรวจตระเวนชายแดนภาค 3","กองกำกับการตำรวจตระเวนชายแดนที่ 34","","","","7263043421","ศกร.ตชด.บ้านวะกะเลโค๊ะ *(เอ็ม เอส ไอ จี อุปถัมภ์)","16/05/2546","1.2.3,3.3.1ข","2","1.2.3,3.3.1"
"2566","10. 2566 REP004-IMPROVEMENT 12 - ตารางสรุปรายงานมาตรฐานแต่ละด้าน พร้อมจำนวนข้อที่ต้องปรับปรุง และจำนวนเด็กที่ผ่านเกณฑ์.xls","108","สำนักงานตำรวจแห่งชาติ","กองบัญชาการตำรวจตระเวนชายแดน","กองบังคับการตำรวจตระเวนชายแดนภาค 3","กองกำกับการตำรวจตระเวนชายแดนที่ 34","","","","7263043422","ศกร.ตชด.บ้านเลผะสุคี *","16/05/2546","","0",""
"2566","10. 2566 REP004-IMPROVEMENT 12 - ตารางสรุปรายงานมาตรฐานแต่ละด้าน พร้อมจำนวนข้อที่ต้องปรับปรุง และจำนวนเด็กที่ผ่านเกณฑ์.xls","109","สำนักงานตำรวจแห่งชาติ","กองบัญชาการตำรวจตระเวนชายแดน","กองบังคับการตำรวจตระเวนชายแดนภาค 3","กองกำกับการตำรวจตระเวนชายแดนที่ 34","","","","7263043427","ศกร.ตชด.บ้านห้วยสลุง","16/05/2560","","0",""
"2566","10. 2566 REP004-IMPROVEMENT 12 - ตารางสรุปรายงานมาตรฐานแต่ละด้าน พร้อมจำนวนข้อที่ต้องปรับปรุง และจำนวนเด็กที่ผ่านเกณฑ์.xls","110","สำนักงานตำรวจแห่งชาติ","กองบัญชาการตำรวจตระเวนชายแดน","กองบังคับการตำรวจตระเวนชายแดนภาค 3","กองกำกับการตำรวจตระเวนชายแดนที่ 34","","","","7263043428","ศูนย์การเรียนตำรวจตระเวนชายแดนธนาคารออมสินอุปถัมภ์ (บ้านเทอคี)","14/06/2564","","0",""
"2566","10. 2566 REP004-IMPROVEMENT 12 - ตารางสรุปรายงานมาตรฐานแต่ละด้าน พร้อมจำนวนข้อที่ต้องปรับปรุง และจำนวนเด็กที่ผ่านเกณฑ์.xls","111","สำนักงานตำรวจแห่งชาติ","กองบัญชาการตำรวจตระเวนชายแดน","กองบังคับการตำรวจตระเวนชายแดนภาค 3","กองกำกับการตำรวจตระเวนชายแดนที่ 34","","","","7263053402","รร.ตชด.จุฬา - ธรรมศาสตร์ 3","07/09/2515","","0",""
"2566","10. 2566 REP004-IMPROVEMENT 12 - ตารางสรุปรายงานมาตรฐานแต่ละด้าน พร้อมจำนวนข้อที่ต้องปรับปรุง และจำนวนเด็กที่ผ่านเกณฑ์.xls","112","สำนักงานตำรวจแห่งชาติ","กองบัญชาการตำรวจตระเวนชายแดน","กองบังคับการตำรวจตระเวนชายแดนภาค 3","กองกำกับการตำรวจตระเวนชายแดนที่ 34","","","","7263053404","รร.ตชด.เทคนิคอาสา 1","15/03/2528","","0",""
"2566","10. 2566 REP004-IMPROVEMENT 12 - ตารางสรุปรายงานมาตรฐานแต่ละด้าน พร้อมจำนวนข้อที่ต้องปรับปรุง และจำนวนเด็กที่ผ่านเกณฑ์.xls","113","สำนักงานตำรวจแห่งชาติ","กองบัญชาการตำรวจตระเวนชายแดน","กองบังคับการตำรวจตระเวนชายแดนภาค 3","กองกำกับการตำรวจตระเวนชายแดนที่ 34","","","","7263053409","รร.ตชด.บ้านกามาผาโด้","16/05/2526","","0",""
"2566","10. 2566 REP004-IMPROVEMENT 12 - ตารางสรุปรายงานมาตรฐานแต่ละด้าน พร้อมจำนวนข้อที่ต้องปรับปรุง และจำนวนเด็กที่ผ่านเกณฑ์.xls","114","สำนักงานตำรวจแห่งชาติ","กองบัญชาการตำรวจตระเวนชายแดน","กองบังคับการตำรวจตระเวนชายแดนภาค 3","กองกำกับการตำรวจตระเวนชายแดนที่ 34","","","","7263053415","ศกร.ตชด.บ้านแม่ละนา *","16/05/2546","","0",""
"2566","10. 2566 REP004-IMPROVEMENT 12 - ตารางสรุปรายงานมาตรฐานแต่ละด้าน พร้อมจำนวนข้อที่ต้องปรับปรุง และจำนวนเด็กที่ผ่านเกณฑ์.xls","115","สำนักงานตำรวจแห่งชาติ","กองบัญชาการตำรวจตระเวนชายแดน","กองบังคับการตำรวจตระเวนชายแดนภาค 3","กองกำกับการตำรวจตระเวนชายแดนที่ 34","","","","7263053416","ศกร.ตชด.บ้านพอบือละคี *","16/05/2545","","0",""
"2566","10. 2566 REP004-IMPROVEMENT 12 - ตารางสรุปรายงานมาตรฐานแต่ละด้าน พร้อมจำนวนข้อที่ต้องปรับปรุง และจำนวนเด็กที่ผ่านเกณฑ์.xls","116","สำนักงานตำรวจแห่งชาติ","กองบัญชาการตำรวจตระเวนชายแดน","กองบังคับการตำรวจตระเวนชายแดนภาค 3","กองกำกับการตำรวจตระเวนชายแดนที่ 34","","","","7263053417","ศกร.ตชด.บ้านแม่หละคี *","08/02/2566","","0",""
"2566","10. 2566 REP004-IMPROVEMENT 12 - ตารางสรุปรายงานมาตรฐานแต่ละด้าน พร้อมจำนวนข้อที่ต้องปรับปรุง และจำนวนเด็กที่ผ่านเกณฑ์.xls","117","สำนักงานตำรวจแห่งชาติ","กองบัญชาการตำรวจตระเวนชายแดน","กองบังคับการตำรวจตระเวนชายแดนภาค 3","กองกำกับการตำรวจตระเวนชายแดนที่ 34","","","","7263053418","ศกร.ตชด.บ้านคะเนจือทะ *","16/07/2545","1.2.3","1","1.2.3"
"2566","10. 2566 REP004-IMPROVEMENT 12 - ตารางสรุปรายงานมาตรฐานแต่ละด้าน พร้อมจำนวนข้อที่ต้องปรับปรุง และจำนวนเด็กที่ผ่านเกณฑ์.xls","118","สำนักงานตำรวจแห่งชาติ","กองบัญชาการตำรวจตระเวนชายแดน","กองบังคับการตำรวจตระเวนชายแดนภาค 3","กองกำกับการตำรวจตระเวนชายแดนที่ 34","","","","7263053424","ศกร.ตชด.บ้านตีนดอย *","30/01/2547","1.2.3","1","1.2.3"
"2566","10. 2566 REP004-IMPROVEMENT 12 - ตารางสรุปรายงานมาตรฐานแต่ละด้าน พร้อมจำนวนข้อที่ต้องปรับปรุง และจำนวนเด็กที่ผ่านเกณฑ์.xls","119","สำนักงานตำรวจแห่งชาติ","กองบัญชาการตำรวจตระเวนชายแดน","กองบังคับการตำรวจตระเวนชายแดนภาค 3","กองกำกับการตำรวจตระเวนชายแดนที่ 34","","","","7263063412","รร.ตชด.ท่านผู้หญิงทวี มณีนุตร","01/05/2541","","0",""
"2566","10. 2566 REP004-IMPROVEMENT 12 - ตารางสรุปรายงานมาตรฐานแต่ละด้าน พร้อมจำนวนข้อที่ต้องปรับปรุง และจำนวนเด็กที่ผ่านเกณฑ์.xls","120","สำนักงานตำรวจแห่งชาติ","กองบัญชาการตำรวจตระเวนชายแดน","กองบังคับการตำรวจตระเวนชายแดนภาค 3","กองกำกับการตำรวจตระเวนชายแดนที่ 34","","","","7263063425","รร.ตชด.ศาสตราจารย์สำเภา-ไพวรรณ วรางกูร","16/05/2557","","0",""
"2566","10. 2566 REP004-IMPROVEMENT 12 - ตารางสรุปรายงานมาตรฐานแต่ละด้าน พร้อมจำนวนข้อที่ต้องปรับปรุง และจำนวนเด็กที่ผ่านเกณฑ์.xls","121","สำนักงานตำรวจแห่งชาติ","กองบัญชาการตำรวจตระเวนชายแดน","กองบังคับการตำรวจตระเวนชายแดนภาค 3","กองกำกับการตำรวจตระเวนชายแดนที่ 34","","","","7263083405","รร.ตชด.บ้านแม่กลองคี","25/02/2528","","0",""
"2566","10. 2566 REP004-IMPROVEMENT 12 - ตารางสรุปรายงานมาตรฐานแต่ละด้าน พร้อมจำนวนข้อที่ต้องปรับปรุง และจำนวนเด็กที่ผ่านเกณฑ์.xls","122","สำนักงานตำรวจแห่งชาติ","กองบัญชาการตำรวจตระเวนชายแดน","กองบังคับการตำรวจตระเวนชายแดนภาค 3","กองกำกับการตำรวจตระเวนชายแดนที่ 34","","","","7263083408","รร.ตชด.บ้านแม่จันทะ","19/07/2539","1.2.3,1.3.5,1.3.6,1.5.4,2.5.2","5","1.2.3,1.3.5,1.3.6,1.5.4,2.5.2"
"2566","10. 2566 REP004-IMPROVEMENT 12 - ตารางสรุปรายงานมาตรฐานแต่ละด้าน พร้อมจำนวนข้อที่ต้องปรับปรุง และจำนวนเด็กที่ผ่านเกณฑ์.xls","123","สำนักงานตำรวจแห่งชาติ","กองบัญชาการตำรวจตระเวนชายแดน","กองบังคับการตำรวจตระเวนชายแดนภาค 3","กองกำกับการตำรวจตระเวนชายแดนที่ 34","","","","7263083411","รร.ตชด.เฉลิมพระเกียรติ 7 รอบฯ (บ้านหม่องกั๊วะ จังหวัดตาก)","13/04/2556","1.2.3,1.3.8","2","1.2.3,1.3.8"
"2566","10. 2566 REP004-IMPROVEMENT 12 - ตารางสรุปรายงานมาตรฐานแต่ละด้าน พร้อมจำนวนข้อที่ต้องปรับปรุง และจำนวนเด็กที่ผ่านเกณฑ์.xls","124","สำนักงานตำรวจแห่งชาติ","กองบัญชาการตำรวจตระเวนชายแดน","กองบังคับการตำรวจตระเวนชายแดนภาค 3","กองกำกับการตำรวจตระเวนชายแดนที่ 34","","","","7263133426","ศกร.ตชด.พระยาประสาทธาตุการย์และคุณหญิงวาส (ประนิช)","10/05/2559","1.1.2,1.2.1,1.2.2,1.2.3,1.2.4,1.3.1,1.3.2,1.3.3,1.3.4,1.3.5,1.3.6,1.3.8,1.4.6,1.5.2,1.5.3,1.5.4,2.1.2","17","1.1.2,1.2.1,1.2.2,1.2.3,1.2.4,1.3.1,1.3.2,1.3.3,1.3.4,1.3.5,1.3.6,1.3.8,1.4.6,1.5.2,1.5.3,1.5.4,2.1.2"
"2566","10. 2566 REP004-IMPROVEMENT 12 - ตารางสรุปรายงานมาตรฐานแต่ละด้าน พร้อมจำนวนข้อที่ต้องปรับปรุง และจำนวนเด็กที่ผ่านเกณฑ์.xls","125","สำนักงานตำรวจแห่งชาติ","กองบัญชาการตำรวจตระเวนชายแดน","กองบังคับการตำรวจตระเวนชายแดนภาค 3","กองกำกับการตำรวจตระเวนชายแดนที่ 31","","","","7265023104","รร.ตชด.อาทรอุทิศ","18/08/2522","","0",""
"2566","10. 2566 REP004-IMPROVEMENT 12 - ตารางสรุปรายงานมาตรฐานแต่ละด้าน พร้อมจำนวนข้อที่ต้องปรับปรุง และจำนวนเด็กที่ผ่านเกณฑ์.xls","126","สำนักงานตำรวจแห่งชาติ","กองบัญชาการตำรวจตระเวนชายแดน","กองบังคับการตำรวจตระเวนชายแดนภาค 3","กองกำกับการตำรวจตระเวนชายแดนที่ 31","","","","7265033102","รร.ตชด.บ้านลาดเรือ","22/07/2516","","0",""
"2566","10. 2566 REP004-IMPROVEMENT 12 - ตารางสรุปรายงานมาตรฐานแต่ละด้าน พร้อมจำนวนข้อที่ต้องปรับปรุง และจำนวนเด็กที่ผ่านเกณฑ์.xls","127","สำนักงานตำรวจแห่งชาติ","กองบัญชาการตำรวจตระเวนชายแดน","กองบังคับการตำรวจตระเวนชายแดนภาค 3","กองกำกับการตำรวจตระเวนชายแดนที่ 31","","","","7265033106","รร.ตชด.บ้านรักไทย","23/07/2534","","0",""
"2566","10. 2566 REP004-IMPROVEMENT 12 - ตารางสรุปรายงานมาตรฐานแต่ละด้าน พร้อมจำนวนข้อที่ต้องปรับปรุง และจำนวนเด็กที่ผ่านเกณฑ์.xls","128","สำนักงานตำรวจแห่งชาติ","กองบัญชาการตำรวจตระเวนชายแดน","กองบังคับการตำรวจตระเวนชายแดนภาค 3","กองกำกับการตำรวจตระเวนชายแดนที่ 31","","","","7265033107","รร.ตชด.บ้านนุชเทียน","15/07/2536","","0",""
"2566","10. 2566 REP004-IMPROVEMENT 12 - ตารางสรุปรายงานมาตรฐานแต่ละด้าน พร้อมจำนวนข้อที่ต้องปรับปรุง และจำนวนเด็กที่ผ่านเกณฑ์.xls","129","สำนักงานตำรวจแห่งชาติ","กองบัญชาการตำรวจตระเวนชายแดน","กองบังคับการตำรวจตระเวนชายแดนภาค 3","กองกำกับการตำรวจตระเวนชายแดนที่ 31","","","","7267023103","รร.ตชด.บ้านโป่งตะแบก","14/07/2564","3.1.1ข","1","3.1.1"
"2566","10. 2566 REP004-IMPROVEMENT 12 - ตารางสรุปรายงานมาตรฐานแต่ละด้าน พร้อมจำนวนข้อที่ต้องปรับปรุง และจำนวนเด็กที่ผ่านเกณฑ์.xls","130","สำนักงานตำรวจแห่งชาติ","กองบัญชาการตำรวจตระเวนชายแดน","กองบังคับการตำรวจตระเวนชายแดนภาค 1","กองกำกับการตำรวจตระเวนชายแดนที่ 13","","","","7270031306","รร.ตชด.ตะโกปิดทอง","01/07/2563","1.2.3","1","1.2.3"
"2566","10. 2566 REP004-IMPROVEMENT 12 - ตารางสรุปรายงานมาตรฐานแต่ละด้าน พร้อมจำนวนข้อที่ต้องปรับปรุง และจำนวนเด็กที่ผ่านเกณฑ์.xls","131","สำนักงานตำรวจแห่งชาติ","กองบัญชาการตำรวจตระเวนชายแดน","กองบังคับการตำรวจตระเวนชายแดนภาค 1","กองกำกับการตำรวจตระเวนชายแดนที่ 13","","","","7270031309","รร.ตชด.บ้านถ้ำหิน","12/07/2564","","0",""
"2566","10. 2566 REP004-IMPROVEMENT 12 - ตารางสรุปรายงานมาตรฐานแต่ละด้าน พร้อมจำนวนข้อที่ต้องปรับปรุง และจำนวนเด็กที่ผ่านเกณฑ์.xls","132","สำนักงานตำรวจแห่งชาติ","กองบัญชาการตำรวจตระเวนชายแดน","กองบังคับการตำรวจตระเวนชายแดนภาค 1","กองกำกับการตำรวจตระเวนชายแดนที่ 13","","","","7271021305","รร.ตชด.บ้านแม่น้ำน้อย","26/01/2566","","0",""
"2566","10. 2566 REP004-IMPROVEMENT 12 - ตารางสรุปรายงานมาตรฐานแต่ละด้าน พร้อมจำนวนข้อที่ต้องปรับปรุง และจำนวนเด็กที่ผ่านเกณฑ์.xls","133","สำนักงานตำรวจแห่งชาติ","กองบัญชาการตำรวจตระเวนชายแดน","กองบังคับการตำรวจตระเวนชายแดนภาค 1","กองกำกับการตำรวจตระเวนชายแดนที่ 13","","","","7271021307","รร.ตชด.เฮงเค็ลไทย","23/05/2526","","0",""
"2566","10. 2566 REP004-IMPROVEMENT 12 - ตารางสรุปรายงานมาตรฐานแต่ละด้าน พร้อมจำนวนข้อที่ต้องปรับปรุง และจำนวนเด็กที่ผ่านเกณฑ์.xls","134","สำนักงานตำรวจแห่งชาติ","กองบัญชาการตำรวจตระเวนชายแดน","กองบังคับการตำรวจตระเวนชายแดนภาค 1","กองกำกับการตำรวจตระเวนชายแดนที่ 13","","","","7271021308","รร.ตชด.ต้นมะม่วง","13/03/2567","","0",""
"2566","10. 2566 REP004-IMPROVEMENT 12 - ตารางสรุปรายงานมาตรฐานแต่ละด้าน พร้อมจำนวนข้อที่ต้องปรับปรุง และจำนวนเด็กที่ผ่านเกณฑ์.xls","135","สำนักงานตำรวจแห่งชาติ","กองบัญชาการตำรวจตระเวนชายแดน","กองบังคับการตำรวจตระเวนชายแดนภาค 1","กองกำกับการตำรวจตระเวนชายแดนที่ 13","","","","7271021313","รร.ตชด.วัดสุธาสินี","06/07/2564","","0",""
"2566","10. 2566 REP004-IMPROVEMENT 12 - ตารางสรุปรายงานมาตรฐานแต่ละด้าน พร้อมจำนวนข้อที่ต้องปรับปรุง และจำนวนเด็กที่ผ่านเกณฑ์.xls","136","สำนักงานตำรวจแห่งชาติ","กองบัญชาการตำรวจตระเวนชายแดน","กองบังคับการตำรวจตระเวนชายแดนภาค 1","กองกำกับการตำรวจตระเวนชายแดนที่ 13","","","","7271041303","รร.ตชด.มิตรมวลชน 2","17/05/2553","","0",""
"2566","10. 2566 REP004-IMPROVEMENT 12 - ตารางสรุปรายงานมาตรฐานแต่ละด้าน พร้อมจำนวนข้อที่ต้องปรับปรุง และจำนวนเด็กที่ผ่านเกณฑ์.xls","137","สำนักงานตำรวจแห่งชาติ","กองบัญชาการตำรวจตระเวนชายแดน","กองบังคับการตำรวจตระเวนชายแดนภาค 1","กองกำกับการตำรวจตระเวนชายแดนที่ 13","","","","7271041316","ศูนย์การเรียนตำรวจตระเวนชายแดนปูนอินทรี-มูลนิธิกรุงศรี(บ้านไกรเกรียง)","15/05/2560","","0",""
"2566","10. 2566 REP004-IMPROVEMENT 12 - ตารางสรุปรายงานมาตรฐานแต่ละด้าน พร้อมจำนวนข้อที่ต้องปรับปรุง และจำนวนเด็กที่ผ่านเกณฑ์.xls","138","สำนักงานตำรวจแห่งชาติ","กองบัญชาการตำรวจตระเวนชายแดน","กองบังคับการตำรวจตระเวนชายแดนภาค 1","กองกำกับการตำรวจตระเวนชายแดนที่ 13","","","","7271071304","รร.ตชด.วิจิตรวิทยาคาร","11/04/2569","3.1.3ข,3.5.2ข","2","3.1.3,3.5.2"
"2566","10. 2566 REP004-IMPROVEMENT 12 - ตารางสรุปรายงานมาตรฐานแต่ละด้าน พร้อมจำนวนข้อที่ต้องปรับปรุง และจำนวนเด็กที่ผ่านเกณฑ์.xls","139","สำนักงานตำรวจแห่งชาติ","กองบัญชาการตำรวจตระเวนชายแดน","กองบังคับการตำรวจตระเวนชายแดนภาค 1","กองกำกับการตำรวจตระเวนชายแดนที่ 13","","","","7271071312","รร.ตชด.บ้านปิล๊อกคี่","","","0",""
"2566","10. 2566 REP004-IMPROVEMENT 12 - ตารางสรุปรายงานมาตรฐานแต่ละด้าน พร้อมจำนวนข้อที่ต้องปรับปรุง และจำนวนเด็กที่ผ่านเกณฑ์.xls","140","สำนักงานตำรวจแห่งชาติ","กองบัญชาการตำรวจตระเวนชายแดน","กองบังคับการตำรวจตระเวนชายแดนภาค 1","กองกำกับการตำรวจตระเวนชายแดนที่ 13","","","","7271071314","ศกร.ตชด.หลวงประกอบนิติสารและท่านผู้หญิงถวิล","24/02/2557","3.1.3ข","1","3.1.3"
"2566","10. 2566 REP004-IMPROVEMENT 12 - ตารางสรุปรายงานมาตรฐานแต่ละด้าน พร้อมจำนวนข้อที่ต้องปรับปรุง และจำนวนเด็กที่ผ่านเกณฑ์.xls","141","สำนักงานตำรวจแห่งชาติ","กองบัญชาการตำรวจตระเวนชายแดน","กองบังคับการตำรวจตระเวนชายแดนภาค 1","กองกำกับการตำรวจตระเวนชายแดนที่ 13","","","","7271081301","รร.ตชด.สหธนาคารกรุงเทพ","26/08/2513","","0",""
"2566","10. 2566 REP004-IMPROVEMENT 12 - ตารางสรุปรายงานมาตรฐานแต่ละด้าน พร้อมจำนวนข้อที่ต้องปรับปรุง และจำนวนเด็กที่ผ่านเกณฑ์.xls","142","สำนักงานตำรวจแห่งชาติ","กองบัญชาการตำรวจตระเวนชายแดน","กองบังคับการตำรวจตระเวนชายแดนภาค 1","กองกำกับการตำรวจตระเวนชายแดนที่ 13","","","","7271081302","รร.ตชด.สุนทรเวช","13/07/2564","","0",""
"2566","10. 2566 REP004-IMPROVEMENT 12 - ตารางสรุปรายงานมาตรฐานแต่ละด้าน พร้อมจำนวนข้อที่ต้องปรับปรุง และจำนวนเด็กที่ผ่านเกณฑ์.xls","143","สำนักงานตำรวจแห่งชาติ","กองบัญชาการตำรวจตระเวนชายแดน","กองบังคับการตำรวจตระเวนชายแดนภาค 1","กองกำกับการตำรวจตระเวนชายแดนที่ 13","","","","7271081310","รร.ตชด.บ้านเรดาร์ *","15/07/2564","","0",""
"2566","10. 2566 REP004-IMPROVEMENT 12 - ตารางสรุปรายงานมาตรฐานแต่ละด้าน พร้อมจำนวนข้อที่ต้องปรับปรุง และจำนวนเด็กที่ผ่านเกณฑ์.xls","144","สำนักงานตำรวจแห่งชาติ","กองบัญชาการตำรวจตระเวนชายแดน","กองบังคับการตำรวจตระเวนชายแดนภาค 1","กองกำกับการตำรวจตระเวนชายแดนที่ 13","","","","7271081311","รร.ตชด.บ้านทิไล่ป้า","19/05/2540","3.6.4ข","1","3.6.4"
"2566","10. 2566 REP004-IMPROVEMENT 12 - ตารางสรุปรายงานมาตรฐานแต่ละด้าน พร้อมจำนวนข้อที่ต้องปรับปรุง และจำนวนเด็กที่ผ่านเกณฑ์.xls","145","สำนักงานตำรวจแห่งชาติ","กองบัญชาการตำรวจตระเวนชายแดน","กองบังคับการตำรวจตระเวนชายแดนภาค 1","กองกำกับการตำรวจตระเวนชายแดนที่ 13","","","","7271081315","ศกร.ตชด.ท่านผู้หญิงมณีรัตน์ บุนนาค","","3.6.4ข","1","3.6.4"
"2566","10. 2566 REP004-IMPROVEMENT 12 - ตารางสรุปรายงานมาตรฐานแต่ละด้าน พร้อมจำนวนข้อที่ต้องปรับปรุง และจำนวนเด็กที่ผ่านเกณฑ์.xls","146","สำนักงานตำรวจแห่งชาติ","กองบัญชาการตำรวจตระเวนชายแดน","กองบังคับการตำรวจตระเวนชายแดนภาค 1","กองกำกับการตำรวจตระเวนชายแดนที่ 14","","","","7276081405","รร.ตชด.นเรศวรบ้านห้วยโสก","01/01/2528","","0",""
"2566","10. 2566 REP004-IMPROVEMENT 12 - ตารางสรุปรายงานมาตรฐานแต่ละด้าน พร้อมจำนวนข้อที่ต้องปรับปรุง และจำนวนเด็กที่ผ่านเกณฑ์.xls","147","สำนักงานตำรวจแห่งชาติ","กองบัญชาการตำรวจตระเวนชายแดน","กองบังคับการตำรวจตระเวนชายแดนภาค 1","กองกำกับการตำรวจตระเวนชายแดนที่ 14","","","","7276081406","รร.ตชด.บ้านโป่งลึก *","09/04/2564","1.2.3","1","1.2.3"
"2566","10. 2566 REP004-IMPROVEMENT 12 - ตารางสรุปรายงานมาตรฐานแต่ละด้าน พร้อมจำนวนข้อที่ต้องปรับปรุง และจำนวนเด็กที่ผ่านเกณฑ์.xls","148","สำนักงานตำรวจแห่งชาติ","กองบัญชาการตำรวจตระเวนชายแดน","กองบังคับการตำรวจตระเวนชายแดนภาค 1","กองกำกับการตำรวจตระเวนชายแดนที่ 14","","","","7276081412","ศกร.ตชด.อินทรีอาสา","01/07/2563","","0",""
"2566","10. 2566 REP004-IMPROVEMENT 12 - ตารางสรุปรายงานมาตรฐานแต่ละด้าน พร้อมจำนวนข้อที่ต้องปรับปรุง และจำนวนเด็กที่ผ่านเกณฑ์.xls","149","สำนักงานตำรวจแห่งชาติ","กองบัญชาการตำรวจตระเวนชายแดน","กองบังคับการตำรวจตระเวนชายแดนภาค 1","กองกำกับการตำรวจตระเวนชายแดนที่ 14","","","","7277021403","รร.ตชด.บ้านย่านซื่อ","23/07/2524","","0",""
"2566","10. 2566 REP004-IMPROVEMENT 12 - ตารางสรุปรายงานมาตรฐานแต่ละด้าน พร้อมจำนวนข้อที่ต้องปรับปรุง และจำนวนเด็กที่ผ่านเกณฑ์.xls","150","สำนักงานตำรวจแห่งชาติ","กองบัญชาการตำรวจตระเวนชายแดน","กองบังคับการตำรวจตระเวนชายแดนภาค 1","กองกำกับการตำรวจตระเวนชายแดนที่ 14","","","","7277051411","ศกร.ตชด.บ้านคีรีล้อม","16/05/2557","","0",""
"2566","10. 2566 REP004-IMPROVEMENT 12 - ตารางสรุปรายงานมาตรฐานแต่ละด้าน พร้อมจำนวนข้อที่ต้องปรับปรุง และจำนวนเด็กที่ผ่านเกณฑ์.xls","151","สำนักงานตำรวจแห่งชาติ","กองบัญชาการตำรวจตระเวนชายแดน","กองบังคับการตำรวจตระเวนชายแดนภาค 1","กองกำกับการตำรวจตระเวนชายแดนที่ 14","","","","7277061401","รร.ตชด.บ้านเขาจ้าว","21/04/2521","1.2.3,3.5.2ข","2","1.2.3,3.5.2"
"2566","10. 2566 REP004-IMPROVEMENT 12 - ตารางสรุปรายงานมาตรฐานแต่ละด้าน พร้อมจำนวนข้อที่ต้องปรับปรุง และจำนวนเด็กที่ผ่านเกณฑ์.xls","152","สำนักงานตำรวจแห่งชาติ","กองบัญชาการตำรวจตระเวนชายแดน","กองบังคับการตำรวจตระเวนชายแดนภาค 1","กองกำกับการตำรวจตระเวนชายแดนที่ 14","","","","7277061407","รร.ตชด.บ้านท่าวังหิน","22/05/2534","","0",""
"2566","10. 2566 REP004-IMPROVEMENT 12 - ตารางสรุปรายงานมาตรฐานแต่ละด้าน พร้อมจำนวนข้อที่ต้องปรับปรุง และจำนวนเด็กที่ผ่านเกณฑ์.xls","153","สำนักงานตำรวจแห่งชาติ","กองบัญชาการตำรวจตระเวนชายแดน","กองบังคับการตำรวจตระเวนชายแดนภาค 1","กองกำกับการตำรวจตระเวนชายแดนที่ 14","","","","7277071404","รร.ตชด.นเรศวรป่าละอู","13/10/2525","","0",""
"2566","10. 2566 REP004-IMPROVEMENT 12 - ตารางสรุปรายงานมาตรฐานแต่ละด้าน พร้อมจำนวนข้อที่ต้องปรับปรุง และจำนวนเด็กที่ผ่านเกณฑ์.xls","154","สำนักงานตำรวจแห่งชาติ","กองบัญชาการตำรวจตระเวนชายแดน","กองบังคับการตำรวจตระเวนชายแดนภาค 1","กองกำกับการตำรวจตระเวนชายแดนที่ 14","","","","7277071408","รร.ตชด.บ้านแพรกตะคร้อ","06/08/2563","","0",""
"2566","10. 2566 REP004-IMPROVEMENT 12 - ตารางสรุปรายงานมาตรฐานแต่ละด้าน พร้อมจำนวนข้อที่ต้องปรับปรุง และจำนวนเด็กที่ผ่านเกณฑ์.xls","155","สำนักงานตำรวจแห่งชาติ","กองบัญชาการตำรวจตระเวนชายแดน","กองบังคับการตำรวจตระเวนชายแดนภาค 1","กองกำกับการตำรวจตระเวนชายแดนที่ 14","","","","7277071409","รร.ตชด.บ้านคลองน้อย","26/03/2568","","0",""
"2566","10. 2566 REP004-IMPROVEMENT 12 - ตารางสรุปรายงานมาตรฐานแต่ละด้าน พร้อมจำนวนข้อที่ต้องปรับปรุง และจำนวนเด็กที่ผ่านเกณฑ์.xls","156","สำนักงานตำรวจแห่งชาติ","กองบัญชาการตำรวจตระเวนชายแดน","กองบังคับการตำรวจตระเวนชายแดนภาค 1","กองกำกับการตำรวจตระเวนชายแดนที่ 14","","","","7277081410","รร.ตชด.บ้านป่าหมาก","01/11/2542","","0",""
"2566","10. 2566 REP004-IMPROVEMENT 12 - ตารางสรุปรายงานมาตรฐานแต่ละด้าน พร้อมจำนวนข้อที่ต้องปรับปรุง และจำนวนเด็กที่ผ่านเกณฑ์.xls","157","สำนักงานตำรวจแห่งชาติ","กองบัญชาการตำรวจตระเวนชายแดน","กองบังคับการตำรวจตระเวนชายแดนภาค 4","กองกำกับการตำรวจตระเวนชายแดนที่ 42","","","","7280074207","ศกร.ตชด.บ้านหลังอ้ายหมี","16/05/2557","","0",""
"2566","10. 2566 REP004-IMPROVEMENT 12 - ตารางสรุปรายงานมาตรฐานแต่ละด้าน พร้อมจำนวนข้อที่ต้องปรับปรุง และจำนวนเด็กที่ผ่านเกณฑ์.xls","158","สำนักงานตำรวจแห่งชาติ","กองบัญชาการตำรวจตระเวนชายแดน","กองบังคับการตำรวจตระเวนชายแดนภาค 4","กองกำกับการตำรวจตระเวนชายแดนที่ 42","","","","7280084205","ศกร.ตชด.บ้านห้วยตง","16/05/2557","","0",""
"2566","10. 2566 REP004-IMPROVEMENT 12 - ตารางสรุปรายงานมาตรฐานแต่ละด้าน พร้อมจำนวนข้อที่ต้องปรับปรุง และจำนวนเด็กที่ผ่านเกณฑ์.xls","159","สำนักงานตำรวจแห่งชาติ","กองบัญชาการตำรวจตระเวนชายแดน","กองบังคับการตำรวจตระเวนชายแดนภาค 4","กองกำกับการตำรวจตระเวนชายแดนที่ 42","","","","7280134204","รร.ตชด.บ้านเขาวัง","15/05/2566","1.1.1,1.2.3,1.3.5,1.4.1,1.4.4,1.5.2,2.1.2,2.1.3,2.1.4,2.1.5,2.5.1,3.6.2ข","12","1.1.1,1.2.3,1.3.5,1.4.1,1.4.4,1.5.2,2.1.2,2.1.3,2.1.4,2.1.5,2.5.1,3.6.2"
"2566","10. 2566 REP004-IMPROVEMENT 12 - ตารางสรุปรายงานมาตรฐานแต่ละด้าน พร้อมจำนวนข้อที่ต้องปรับปรุง และจำนวนเด็กที่ผ่านเกณฑ์.xls","160","สำนักงานตำรวจแห่งชาติ","กองบัญชาการตำรวจตระเวนชายแดน","กองบังคับการตำรวจตระเวนชายแดนภาค 4","กองกำกับการตำรวจตระเวนชายแดนที่ 42","","","","7281044206","ศกร.ตชด.บ้านแผ่นดินเสมอ","16/05/2557","3.2.1ข","1","3.2.1"
"2566","10. 2566 REP004-IMPROVEMENT 12 - ตารางสรุปรายงานมาตรฐานแต่ละด้าน พร้อมจำนวนข้อที่ต้องปรับปรุง และจำนวนเด็กที่ผ่านเกณฑ์.xls","161","สำนักงานตำรวจแห่งชาติ","กองบัญชาการตำรวจตระเวนชายแดน","กองบังคับการตำรวจตระเวนชายแดนภาค 4","กองกำกับการตำรวจตระเวนชายแดนที่ 41","","","","7282194103","รร.ตชด.บ้านคลองวาย","09/05/2531","","0",""
"2566","10. 2566 REP004-IMPROVEMENT 12 - ตารางสรุปรายงานมาตรฐานแต่ละด้าน พร้อมจำนวนข้อที่ต้องปรับปรุง และจำนวนเด็กที่ผ่านเกณฑ์.xls","162","สำนักงานตำรวจแห่งชาติ","กองบัญชาการตำรวจตระเวนชายแดน","กองบังคับการตำรวจตระเวนชายแดนภาค 4","กองกำกับการตำรวจตระเวนชายแดนที่ 41","","","","7284064111","รร.ตชด.บ้านยางโพรง","","","0",""
"2566","10. 2566 REP004-IMPROVEMENT 12 - ตารางสรุปรายงานมาตรฐานแต่ละด้าน พร้อมจำนวนข้อที่ต้องปรับปรุง และจำนวนเด็กที่ผ่านเกณฑ์.xls","163","สำนักงานตำรวจแห่งชาติ","กองบัญชาการตำรวจตระเวนชายแดน","กองบังคับการตำรวจตระเวนชายแดนภาค 4","กองกำกับการตำรวจตระเวนชายแดนที่ 41","","","","7284074110","รร.ตชด.บ้านกอเตย","16/05/2540","1.2.3","1","1.2.3"
"2566","10. 2566 REP004-IMPROVEMENT 12 - ตารางสรุปรายงานมาตรฐานแต่ละด้าน พร้อมจำนวนข้อที่ต้องปรับปรุง และจำนวนเด็กที่ผ่านเกณฑ์.xls","164","สำนักงานตำรวจแห่งชาติ","กองบัญชาการตำรวจตระเวนชายแดน","กองบังคับการตำรวจตระเวนชายแดนภาค 4","กองกำกับการตำรวจตระเวนชายแดนที่ 41","","","","7284164101","รร.ตชด.เทคนิคมีนบุรีอนุสรณ์ 1","06/07/2530","","0",""
"2566","10. 2566 REP004-IMPROVEMENT 12 - ตารางสรุปรายงานมาตรฐานแต่ละด้าน พร้อมจำนวนข้อที่ต้องปรับปรุง และจำนวนเด็กที่ผ่านเกณฑ์.xls","165","สำนักงานตำรวจแห่งชาติ","กองบัญชาการตำรวจตระเวนชายแดน","กองบังคับการตำรวจตระเวนชายแดนภาค 4","กองกำกับการตำรวจตระเวนชายแดนที่ 41","","","","7284164109","รร.ตชด.บ้านควนสามัคคี","01/07/2563","","0",""
"2566","10. 2566 REP004-IMPROVEMENT 12 - ตารางสรุปรายงานมาตรฐานแต่ละด้าน พร้อมจำนวนข้อที่ต้องปรับปรุง และจำนวนเด็กที่ผ่านเกณฑ์.xls","166","สำนักงานตำรวจแห่งชาติ","กองบัญชาการตำรวจตระเวนชายแดน","กองบังคับการตำรวจตระเวนชายแดนภาค 4","กองกำกับการตำรวจตระเวนชายแดนที่ 41","","","","7286024102","รร.ตชด.สันตินิมิตร","15/07/2546","3.1.1ข,3.1.3ข","2","3.1.1,3.1.3"
"2566","10. 2566 REP004-IMPROVEMENT 12 - ตารางสรุปรายงานมาตรฐานแต่ละด้าน พร้อมจำนวนข้อที่ต้องปรับปรุง และจำนวนเด็กที่ผ่านเกณฑ์.xls","167","สำนักงานตำรวจแห่งชาติ","กองบัญชาการตำรวจตระเวนชายแดน","กองบังคับการตำรวจตระเวนชายแดนภาค 4","กองกำกับการตำรวจตระเวนชายแดนที่ 41","","","","7286024107","รร.ตชด.บ้านพันวาล","17/05/2564","","0",""
"2566","10. 2566 REP004-IMPROVEMENT 12 - ตารางสรุปรายงานมาตรฐานแต่ละด้าน พร้อมจำนวนข้อที่ต้องปรับปรุง และจำนวนเด็กที่ผ่านเกณฑ์.xls","168","สำนักงานตำรวจแห่งชาติ","กองบัญชาการตำรวจตระเวนชายแดน","กองบังคับการตำรวจตระเวนชายแดนภาค 4","กองกำกับการตำรวจตระเวนชายแดนที่ 41","","","","7286044106","รร.ตชด.บ้านห้วยเหมือง","15/07/2531","","0",""
"2566","10. 2566 REP004-IMPROVEMENT 12 - ตารางสรุปรายงานมาตรฐานแต่ละด้าน พร้อมจำนวนข้อที่ต้องปรับปรุง และจำนวนเด็กที่ผ่านเกณฑ์.xls","169","สำนักงานตำรวจแห่งชาติ","กองบัญชาการตำรวจตระเวนชายแดน","กองบังคับการตำรวจตระเวนชายแดนภาค 4","กองกำกับการตำรวจตระเวนชายแดนที่ 41","","","","7286054105","รร.ตชด.สิริราษฎร์","01/02/2531","","0",""
"2566","10. 2566 REP004-IMPROVEMENT 12 - ตารางสรุปรายงานมาตรฐานแต่ละด้าน พร้อมจำนวนข้อที่ต้องปรับปรุง และจำนวนเด็กที่ผ่านเกณฑ์.xls","170","สำนักงานตำรวจแห่งชาติ","กองบัญชาการตำรวจตระเวนชายแดน","กองบังคับการตำรวจตระเวนชายแดนภาค 4","กองกำกับการตำรวจตระเวนชายแดนที่ 41","","","","7286054108","รร.ตชด.บ้านสวนเพชร","13/05/2532","","0",""
"2566","10. 2566 REP004-IMPROVEMENT 12 - ตารางสรุปรายงานมาตรฐานแต่ละด้าน พร้อมจำนวนข้อที่ต้องปรับปรุง และจำนวนเด็กที่ผ่านเกณฑ์.xls","171","สำนักงานตำรวจแห่งชาติ","กองบัญชาการตำรวจตระเวนชายแดน","กองบังคับการตำรวจตระเวนชายแดนภาค 4","กองกำกับการตำรวจตระเวนชายแดนที่ 41","","","","7286064112","รร.ตชด.บ้านตะแบกงาม (ตันตระเธียรอุปถัมป์)","14/03/2565","","0",""
"2566","10. 2566 REP004-IMPROVEMENT 12 - ตารางสรุปรายงานมาตรฐานแต่ละด้าน พร้อมจำนวนข้อที่ต้องปรับปรุง และจำนวนเด็กที่ผ่านเกณฑ์.xls","172","สำนักงานตำรวจแห่งชาติ","กองบัญชาการตำรวจตระเวนชายแดน","กองบังคับการตำรวจตระเวนชายแดนภาค 4","กองกำกับการตำรวจตระเวนชายแดนที่ 43","","","","7290044303","รร.ตชด.เชิญ  พิศลยบุตร","20/02/2568","","0",""
"2566","10. 2566 REP004-IMPROVEMENT 12 - ตารางสรุปรายงานมาตรฐานแต่ละด้าน พร้อมจำนวนข้อที่ต้องปรับปรุง และจำนวนเด็กที่ผ่านเกณฑ์.xls","173","สำนักงานตำรวจแห่งชาติ","กองบัญชาการตำรวจตระเวนชายแดน","กองบังคับการตำรวจตระเวนชายแดนภาค 4","กองกำกับการตำรวจตระเวนชายแดนที่ 43","","","","7290044310","รร.ตชด.บ้านประกอบออก","29/06/2529","","0",""
"2566","10. 2566 REP004-IMPROVEMENT 12 - ตารางสรุปรายงานมาตรฐานแต่ละด้าน พร้อมจำนวนข้อที่ต้องปรับปรุง และจำนวนเด็กที่ผ่านเกณฑ์.xls","174","สำนักงานตำรวจแห่งชาติ","กองบัญชาการตำรวจตระเวนชายแดน","กองบังคับการตำรวจตระเวนชายแดนภาค 4","กองกำกับการตำรวจตระเวนชายแดนที่ 43","","","","7290064302","รร.ตชด.มหาราช 1","16/05/2566","","0",""
"2566","10. 2566 REP004-IMPROVEMENT 12 - ตารางสรุปรายงานมาตรฐานแต่ละด้าน พร้อมจำนวนข้อที่ต้องปรับปรุง และจำนวนเด็กที่ผ่านเกณฑ์.xls","175","สำนักงานตำรวจแห่งชาติ","กองบัญชาการตำรวจตระเวนชายแดน","กองบังคับการตำรวจตระเวนชายแดนภาค 4","กองกำกับการตำรวจตระเวนชายแดนที่ 43","","","","7290064304","รร.ตชด.บ้านสำนักเอาะ","18/06/2518","","0",""
"2566","10. 2566 REP004-IMPROVEMENT 12 - ตารางสรุปรายงานมาตรฐานแต่ละด้าน พร้อมจำนวนข้อที่ต้องปรับปรุง และจำนวนเด็กที่ผ่านเกณฑ์.xls","176","สำนักงานตำรวจแห่งชาติ","กองบัญชาการตำรวจตระเวนชายแดน","กองบังคับการตำรวจตระเวนชายแดนภาค 4","กองกำกับการตำรวจตระเวนชายแดนที่ 43","","","","7290064308","รร.ตชด.บ้านหาดทราย","26/05/2526","","0",""
"2566","10. 2566 REP004-IMPROVEMENT 12 - ตารางสรุปรายงานมาตรฐานแต่ละด้าน พร้อมจำนวนข้อที่ต้องปรับปรุง และจำนวนเด็กที่ผ่านเกณฑ์.xls","177","สำนักงานตำรวจแห่งชาติ","กองบัญชาการตำรวจตระเวนชายแดน","กองบังคับการตำรวจตระเวนชายแดนภาค 4","กองกำกับการตำรวจตระเวนชายแดนที่ 43","","","","7290104301","รร.ตชด.สื่อมวลชนกีฬา","12/10/2502","","0",""
"2566","10. 2566 REP004-IMPROVEMENT 12 - ตารางสรุปรายงานมาตรฐานแต่ละด้าน พร้อมจำนวนข้อที่ต้องปรับปรุง และจำนวนเด็กที่ผ่านเกณฑ์.xls","178","สำนักงานตำรวจแห่งชาติ","กองบัญชาการตำรวจตระเวนชายแดน","กองบังคับการตำรวจตระเวนชายแดนภาค 4","กองกำกับการตำรวจตระเวนชายแดนที่ 43","","","","7290104305","รร.ตชด.บ้านชายควน","","","0",""
"2566","10. 2566 REP004-IMPROVEMENT 12 - ตารางสรุปรายงานมาตรฐานแต่ละด้าน พร้อมจำนวนข้อที่ต้องปรับปรุง และจำนวนเด็กที่ผ่านเกณฑ์.xls","179","สำนักงานตำรวจแห่งชาติ","กองบัญชาการตำรวจตระเวนชายแดน","กองบังคับการตำรวจตระเวนชายแดนภาค 4","กองกำกับการตำรวจตระเวนชายแดนที่ 43","","","","7290104307","โรงเรียน ตชด.พลตำรวจเอกสมศักดิ์ แขวงโสภา(บ้านทุ่งสบายใจ)","25/03/2568","","0",""
"2566","10. 2566 REP004-IMPROVEMENT 12 - ตารางสรุปรายงานมาตรฐานแต่ละด้าน พร้อมจำนวนข้อที่ต้องปรับปรุง และจำนวนเด็กที่ผ่านเกณฑ์.xls","180","สำนักงานตำรวจแห่งชาติ","กองบัญชาการตำรวจตระเวนชายแดน","กองบังคับการตำรวจตระเวนชายแดนภาค 4","กองกำกับการตำรวจตระเวนชายแดนที่ 43","","","","7290104315","รร.ตชด.บ้านบาโรย","09/11/2541","","0",""
"2566","10. 2566 REP004-IMPROVEMENT 12 - ตารางสรุปรายงานมาตรฐานแต่ละด้าน พร้อมจำนวนข้อที่ต้องปรับปรุง และจำนวนเด็กที่ผ่านเกณฑ์.xls","181","สำนักงานตำรวจแห่งชาติ","กองบัญชาการตำรวจตระเวนชายแดน","กองบังคับการตำรวจตระเวนชายแดนภาค 4","กองกำกับการตำรวจตระเวนชายแดนที่ 43","","","","7290104316","รร.ตชด.พลเอกนวล-คุณหญิงบานชื่น จันทร์ตรี","17/05/2553","","0",""
"2566","10. 2566 REP004-IMPROVEMENT 12 - ตารางสรุปรายงานมาตรฐานแต่ละด้าน พร้อมจำนวนข้อที่ต้องปรับปรุง และจำนวนเด็กที่ผ่านเกณฑ์.xls","182","สำนักงานตำรวจแห่งชาติ","กองบัญชาการตำรวจตระเวนชายแดน","กองบังคับการตำรวจตระเวนชายแดนภาค 4","กองกำกับการตำรวจตระเวนชายแดนที่ 43","","","","7291034311","รร.ตชด.ยูงทองรัฐประชาสรรค์","16/05/2568","","0",""
"2566","10. 2566 REP004-IMPROVEMENT 12 - ตารางสรุปรายงานมาตรฐานแต่ละด้าน พร้อมจำนวนข้อที่ต้องปรับปรุง และจำนวนเด็กที่ผ่านเกณฑ์.xls","183","สำนักงานตำรวจแห่งชาติ","กองบัญชาการตำรวจตระเวนชายแดน","กองบังคับการตำรวจตระเวนชายแดนภาค 4","กองกำกับการตำรวจตระเวนชายแดนที่ 43","","","","7291034314","รร.ตชด.บ้านส้านแดง","","","0",""
"2566","10. 2566 REP004-IMPROVEMENT 12 - ตารางสรุปรายงานมาตรฐานแต่ละด้าน พร้อมจำนวนข้อที่ต้องปรับปรุง และจำนวนเด็กที่ผ่านเกณฑ์.xls","184","สำนักงานตำรวจแห่งชาติ","กองบัญชาการตำรวจตระเวนชายแดน","กองบังคับการตำรวจตระเวนชายแดนภาค 4","กองกำกับการตำรวจตระเวนชายแดนที่ 43","","","","7292044309","รร.ตชด.สันติราษฎร์ประชาบำรุง","14/06/2528","","0",""
"2566","10. 2566 REP004-IMPROVEMENT 12 - ตารางสรุปรายงานมาตรฐานแต่ละด้าน พร้อมจำนวนข้อที่ต้องปรับปรุง และจำนวนเด็กที่ผ่านเกณฑ์.xls","185","สำนักงานตำรวจแห่งชาติ","กองบัญชาการตำรวจตระเวนชายแดน","กองบังคับการตำรวจตระเวนชายแดนภาค 4","กองกำกับการตำรวจตระเวนชายแดนที่ 43","","","","7292044312","รร.ตชด.บ้านหินจอก","05/05/2531","1.2.3","1","1.2.3"
"2566","10. 2566 REP004-IMPROVEMENT 12 - ตารางสรุปรายงานมาตรฐานแต่ละด้าน พร้อมจำนวนข้อที่ต้องปรับปรุง และจำนวนเด็กที่ผ่านเกณฑ์.xls","186","สำนักงานตำรวจแห่งชาติ","กองบัญชาการตำรวจตระเวนชายแดน","กองบังคับการตำรวจตระเวนชายแดนภาค 4","กองกำกับการตำรวจตระเวนชายแดนที่ 43","","","","7293104313","รร.ตชด.บ้านควนตะแบก","14/02/2533","1.2.3","1","1.2.3"
"2566","10. 2566 REP004-IMPROVEMENT 12 - ตารางสรุปรายงานมาตรฐานแต่ละด้าน พร้อมจำนวนข้อที่ต้องปรับปรุง และจำนวนเด็กที่ผ่านเกณฑ์.xls","187","สำนักงานตำรวจแห่งชาติ","กองบัญชาการตำรวจตระเวนชายแดน","กองบังคับการตำรวจตระเวนชายแดนภาค 4","กองกำกับการตำรวจตระเวนชายแดนที่ 44","","","","7294054410","รร.ตชด.พีระยานุเคราะห์ฯ 4","28/09/2538","1.2.3,3.1.3ข","2","1.2.3,3.1.3"
"2566","10. 2566 REP004-IMPROVEMENT 12 - ตารางสรุปรายงานมาตรฐานแต่ละด้าน พร้อมจำนวนข้อที่ต้องปรับปรุง และจำนวนเด็กที่ผ่านเกณฑ์.xls","188","สำนักงานตำรวจแห่งชาติ","กองบัญชาการตำรวจตระเวนชายแดน","กองบังคับการตำรวจตระเวนชายแดนภาค 4","กองกำกับการตำรวจตระเวนชายแดนที่ 44","","","","7295014412","รร.ตชด.เฉลิมพระเกียรติ 50 พรรษาฯ","14/06/2564","","0",""
"2566","10. 2566 REP004-IMPROVEMENT 12 - ตารางสรุปรายงานมาตรฐานแต่ละด้าน พร้อมจำนวนข้อที่ต้องปรับปรุง และจำนวนเด็กที่ผ่านเกณฑ์.xls","189","สำนักงานตำรวจแห่งชาติ","กองบัญชาการตำรวจตระเวนชายแดน","กองบังคับการตำรวจตระเวนชายแดนภาค 4","กองกำกับการตำรวจตระเวนชายแดนที่ 44","","","","7295034413","ศกร.ตชด.บ้านภักดี","18/05/2558","1.3.8","1","1.3.8"
"2566","10. 2566 REP004-IMPROVEMENT 12 - ตารางสรุปรายงานมาตรฐานแต่ละด้าน พร้อมจำนวนข้อที่ต้องปรับปรุง และจำนวนเด็กที่ผ่านเกณฑ์.xls","190","สำนักงานตำรวจแห่งชาติ","กองบัญชาการตำรวจตระเวนชายแดน","กองบังคับการตำรวจตระเวนชายแดนภาค 4","กองกำกับการตำรวจตระเวนชายแดนที่ 44","","","","7295044401","รร.ตชด.สังวาลย์วิท 4","16/05/2510","","0",""
"2566","10. 2566 REP004-IMPROVEMENT 12 - ตารางสรุปรายงานมาตรฐานแต่ละด้าน พร้อมจำนวนข้อที่ต้องปรับปรุง และจำนวนเด็กที่ผ่านเกณฑ์.xls","191","สำนักงานตำรวจแห่งชาติ","กองบัญชาการตำรวจตระเวนชายแดน","กองบังคับการตำรวจตระเวนชายแดนภาค 4","กองกำกับการตำรวจตระเวนชายแดนที่ 44","","","","7295044403","รร.ตชด.นิคมพิทักษ์ราษฎร์","08/07/2564","","0",""
"2566","10. 2566 REP004-IMPROVEMENT 12 - ตารางสรุปรายงานมาตรฐานแต่ละด้าน พร้อมจำนวนข้อที่ต้องปรับปรุง และจำนวนเด็กที่ผ่านเกณฑ์.xls","192","สำนักงานตำรวจแห่งชาติ","กองบัญชาการตำรวจตระเวนชายแดน","กองบังคับการตำรวจตระเวนชายแดนภาค 4","กองกำกับการตำรวจตระเวนชายแดนที่ 44","","","","7295044404","รร.ตชด.บ้านปาโจแมเราะ","01/06/2531","","0",""
"2566","10. 2566 REP004-IMPROVEMENT 12 - ตารางสรุปรายงานมาตรฐานแต่ละด้าน พร้อมจำนวนข้อที่ต้องปรับปรุง และจำนวนเด็กที่ผ่านเกณฑ์.xls","193","สำนักงานตำรวจแห่งชาติ","กองบัญชาการตำรวจตระเวนชายแดน","กองบังคับการตำรวจตระเวนชายแดนภาค 4","กองกำกับการตำรวจตระเวนชายแดนที่ 44","","","","7295054402","รร.ตชด.โรงงานยาสูบ 2","17/07/2517","","0",""
"2566","10. 2566 REP004-IMPROVEMENT 12 - ตารางสรุปรายงานมาตรฐานแต่ละด้าน พร้อมจำนวนข้อที่ต้องปรับปรุง และจำนวนเด็กที่ผ่านเกณฑ์.xls","194","สำนักงานตำรวจแห่งชาติ","กองบัญชาการตำรวจตระเวนชายแดน","กองบังคับการตำรวจตระเวนชายแดนภาค 4","กองกำกับการตำรวจตระเวนชายแดนที่ 44","","","","7296064411","รร.ตชด.การท่าอากาศยานฯ","16/05/2543","","0",""
"2566","10. 2566 REP004-IMPROVEMENT 12 - ตารางสรุปรายงานมาตรฐานแต่ละด้าน พร้อมจำนวนข้อที่ต้องปรับปรุง และจำนวนเด็กที่ผ่านเกณฑ์.xls","195","สำนักงานตำรวจแห่งชาติ","กองบัญชาการตำรวจตระเวนชายแดน","กองบังคับการตำรวจตระเวนชายแดนภาค 4","กองกำกับการตำรวจตระเวนชายแดนที่ 44","","","","7296074407","รร.ตชด.บ้านตืองอช่างกลปทุมวันอนุสรณ์ 13","15/07/2534","1.1.1,1.1.2,1.1.3,1.2.1,1.2.2,1.2.3,1.2.4,1.3.1,1.3.2,1.3.3,1.3.4,1.3.5,1.3.6,1.3.7,1.3.8,1.4.1,1.4.2,1.4.3,1.4.4,1.4.5,1.4.6,1.4.7,1.5.1,1.5.2,1.5.3,1.5.4,3.1.1ข,3.1.3ข,3.5.2ข,3.5.3ข,3.6.2ข","31","1.1.1,1.1.2,1.1.3,1.2.1,1.2.2,1.2.3,1.2.4,1.3.1,1.3.2,1.3.3,1.3.4,1.3.5,1.3.6,1.3.7,1.3.8,1.4.1,1.4.2,1.4.3,1.4.4,1.4.5,1.4.6,1.4.7,1.5.1,1.5.2,1.5.3,1.5.4,3.1.1,3.1.3,3.5.2,3.5.3,3.6.2"
"2566","10. 2566 REP004-IMPROVEMENT 12 - ตารางสรุปรายงานมาตรฐานแต่ละด้าน พร้อมจำนวนข้อที่ต้องปรับปรุง และจำนวนเด็กที่ผ่านเกณฑ์.xls","196","สำนักงานตำรวจแห่งชาติ","กองบัญชาการตำรวจตระเวนชายแดน","กองบังคับการตำรวจตระเวนชายแดนภาค 4","กองกำกับการตำรวจตระเวนชายแดนที่ 44","","","","7296074408","รร.ตชด.บ้านละโอ","16/05/2536","1.3.3,1.3.8","2","1.3.3,1.3.8"
"2566","10. 2566 REP004-IMPROVEMENT 12 - ตารางสรุปรายงานมาตรฐานแต่ละด้าน พร้อมจำนวนข้อที่ต้องปรับปรุง และจำนวนเด็กที่ผ่านเกณฑ์.xls","197","สำนักงานตำรวจแห่งชาติ","กองบัญชาการตำรวจตระเวนชายแดน","กองบังคับการตำรวจตระเวนชายแดนภาค 4","กองกำกับการตำรวจตระเวนชายแดนที่ 44","","","","7296094409","รร.ตชด.บ้านลีนานนท์","18/06/2536","","0",""
"2566","10. 2566 REP004-IMPROVEMENT 12 - ตารางสรุปรายงานมาตรฐานแต่ละด้าน พร้อมจำนวนข้อที่ต้องปรับปรุง และจำนวนเด็กที่ผ่านเกณฑ์.xls","198","สำนักงานตำรวจแห่งชาติ","กองบัญชาการตำรวจตระเวนชายแดน","กองบังคับการตำรวจตระเวนชายแดนภาค 4","กองกำกับการตำรวจตระเวนชายแดนที่ 44","","","","7296124405","รร.ตชด.บ้านไอร์บือแต","13/06/2533","1.3.3","1","1.3.3"
"2567","11. 2567 REP004-IMPROVEMENT 12 - ตารางสรุปรายงานมาตรฐานแต่ละด้าน พร้อมจำนวนข้อที่ต้องปรับปรุง และจำนวนเด็กที่ผ่านเกณฑ์.xls","3","สำนักงานตำรวจแห่งชาติ","กองบัญชาการตำรวจตระเวนชายแดน","กองบังคับการตำรวจตระเวนชายแดนภาค 1","กองกำกับการตำรวจตระเวนชายแดนที่ 11","","","","7222021101","รร.ตชด.บ้านน้ำแดง","27/02/2528","","0",""
"2567","11. 2567 REP004-IMPROVEMENT 12 - ตารางสรุปรายงานมาตรฐานแต่ละด้าน พร้อมจำนวนข้อที่ต้องปรับปรุง และจำนวนเด็กที่ผ่านเกณฑ์.xls","4","สำนักงานตำรวจแห่งชาติ","กองบัญชาการตำรวจตระเวนชายแดน","กองบังคับการตำรวจตระเวนชายแดนภาค 1","กองกำกับการตำรวจตระเวนชายแดนที่ 11","","","","7222051102","รร.ตชด.บ้านคลองมะลิประเวศน์วิทยา","30/07/2529","1.2.3,1.3.4,1.3.6,1.3.8,1.5.4,2.1.2","6","1.2.3,1.3.4,1.3.6,1.3.8,1.5.4,2.1.2"
"2567","11. 2567 REP004-IMPROVEMENT 12 - ตารางสรุปรายงานมาตรฐานแต่ละด้าน พร้อมจำนวนข้อที่ต้องปรับปรุง และจำนวนเด็กที่ผ่านเกณฑ์.xls","5","สำนักงานตำรวจแห่งชาติ","กองบัญชาการตำรวจตระเวนชายแดน","กองบังคับการตำรวจตระเวนชายแดนภาค 1","กองกำกับการตำรวจตระเวนชายแดนที่ 11","","","","7222071103","รร.ตชด.สิงคโปร์แอร์ไลน์สฯ","03/03/2530","","0",""
"2567","11. 2567 REP004-IMPROVEMENT 12 - ตารางสรุปรายงานมาตรฐานแต่ละด้าน พร้อมจำนวนข้อที่ต้องปรับปรุง และจำนวนเด็กที่ผ่านเกณฑ์.xls","6","สำนักงานตำรวจแห่งชาติ","กองบัญชาการตำรวจตระเวนชายแดน","กองบังคับการตำรวจตระเวนชายแดนภาค 1","กองกำกับการตำรวจตระเวนชายแดนที่ 11","","","","7222081104","รร.ตชด.บ้านบ่อชะอม","16/05/2568","1.2.3","1","1.2.3"
"2567","11. 2567 REP004-IMPROVEMENT 12 - ตารางสรุปรายงานมาตรฐานแต่ละด้าน พร้อมจำนวนข้อที่ต้องปรับปรุง และจำนวนเด็กที่ผ่านเกณฑ์.xls","7","สำนักงานตำรวจแห่งชาติ","กองบัญชาการตำรวจตระเวนชายแดน","กองบังคับการตำรวจตระเวนชายแดนภาค 1","กองกำกับการตำรวจตระเวนชายแดนที่ 11","","","","7222081105","รร.ตชด.บ้านหางแมว","15/03/2534","1.2.3","1","1.2.3"
"2567","11. 2567 REP004-IMPROVEMENT 12 - ตารางสรุปรายงานมาตรฐานแต่ละด้าน พร้อมจำนวนข้อที่ต้องปรับปรุง และจำนวนเด็กที่ผ่านเกณฑ์.xls","8","สำนักงานตำรวจแห่งชาติ","กองบัญชาการตำรวจตระเวนชายแดน","กองบังคับการตำรวจตระเวนชายแดนภาค 1","กองกำกับการตำรวจตระเวนชายแดนที่ 11","","","","7222081108","รร.ตชด.บ้านคลองแดง","16/05/2545","","0",""
"2567","11. 2567 REP004-IMPROVEMENT 12 - ตารางสรุปรายงานมาตรฐานแต่ละด้าน พร้อมจำนวนข้อที่ต้องปรับปรุง และจำนวนเด็กที่ผ่านเกณฑ์.xls","9","สำนักงานตำรวจแห่งชาติ","กองบัญชาการตำรวจตระเวนชายแดน","กองบังคับการตำรวจตระเวนชายแดนภาค 1","กองกำกับการตำรวจตระเวนชายแดนที่ 11","","","","7223011106","รร.ตชด.บ้านท่ากุ่ม","01/11/2536","","0",""
"2567","11. 2567 REP004-IMPROVEMENT 12 - ตารางสรุปรายงานมาตรฐานแต่ละด้าน พร้อมจำนวนข้อที่ต้องปรับปรุง และจำนวนเด็กที่ผ่านเกณฑ์.xls","10","สำนักงานตำรวจแห่งชาติ","กองบัญชาการตำรวจตระเวนชายแดน","กองบังคับการตำรวจตระเวนชายแดนภาค 1","กองกำกับการตำรวจตระเวนชายแดนที่ 11","","","","7223031107","รร.ตชด.บ้านเขาฉลาด","16/05/2542","3.1.3ข","1","3.1.3"
"2567","11. 2567 REP004-IMPROVEMENT 12 - ตารางสรุปรายงานมาตรฐานแต่ละด้าน พร้อมจำนวนข้อที่ต้องปรับปรุง และจำนวนเด็กที่ผ่านเกณฑ์.xls","11","สำนักงานตำรวจแห่งชาติ","กองบัญชาการตำรวจตระเวนชายแดน","กองบังคับการตำรวจตระเวนชายแดนภาค 1","กองกำกับการตำรวจตระเวนชายแดนที่ 12","","","","7224081210","รร.ตชด.บ้านนายาว","12/07/2564","","0",""
"2567","11. 2567 REP004-IMPROVEMENT 12 - ตารางสรุปรายงานมาตรฐานแต่ละด้าน พร้อมจำนวนข้อที่ต้องปรับปรุง และจำนวนเด็กที่ผ่านเกณฑ์.xls","12","สำนักงานตำรวจแห่งชาติ","กองบัญชาการตำรวจตระเวนชายแดน","กองบังคับการตำรวจตระเวนชายแดนภาค 1","กองกำกับการตำรวจตระเวนชายแดนที่ 12","","","","7224081211","รร.ตชด.บ้านนาอิสาน","16/05/2560","","0",""
"2567","11. 2567 REP004-IMPROVEMENT 12 - ตารางสรุปรายงานมาตรฐานแต่ละด้าน พร้อมจำนวนข้อที่ต้องปรับปรุง และจำนวนเด็กที่ผ่านเกณฑ์.xls","13","สำนักงานตำรวจแห่งชาติ","กองบัญชาการตำรวจตระเวนชายแดน","กองบังคับการตำรวจตระเวนชายแดนภาค 1","กองกำกับการตำรวจตระเวนชายแดนที่ 12","","","","7227021205","รร.ตชด.การบินไทย","16/05/2560","","0",""
"2567","11. 2567 REP004-IMPROVEMENT 12 - ตารางสรุปรายงานมาตรฐานแต่ละด้าน พร้อมจำนวนข้อที่ต้องปรับปรุง และจำนวนเด็กที่ผ่านเกณฑ์.xls","14","สำนักงานตำรวจแห่งชาติ","กองบัญชาการตำรวจตระเวนชายแดน","กองบังคับการตำรวจตระเวนชายแดนภาค 1","กองกำกับการตำรวจตระเวนชายแดนที่ 12","","","","7227041208","รร.ตชด.บ้านคลองตะเคียนชัย","","3.1.3ข","1","3.1.3"
"2567","11. 2567 REP004-IMPROVEMENT 12 - ตารางสรุปรายงานมาตรฐานแต่ละด้าน พร้อมจำนวนข้อที่ต้องปรับปรุง และจำนวนเด็กที่ผ่านเกณฑ์.xls","15","สำนักงานตำรวจแห่งชาติ","กองบัญชาการตำรวจตระเวนชายแดน","กองบังคับการตำรวจตระเวนชายแดนภาค 1","กองกำกับการตำรวจตระเวนชายแดนที่ 12","","","","7227061201","รร.ตชด.บ้านเขาสารภี","27/10/2513","","0",""
"2567","11. 2567 REP004-IMPROVEMENT 12 - ตารางสรุปรายงานมาตรฐานแต่ละด้าน พร้อมจำนวนข้อที่ต้องปรับปรุง และจำนวนเด็กที่ผ่านเกณฑ์.xls","16","สำนักงานตำรวจแห่งชาติ","กองบัญชาการตำรวจตระเวนชายแดน","กองบังคับการตำรวจตระเวนชายแดนภาค 1","กองกำกับการตำรวจตระเวนชายแดนที่ 12","","","","7227061206","รร.ตชด.ประชารัฐบำรุง 1","03/06/2568","","0",""
"2567","11. 2567 REP004-IMPROVEMENT 12 - ตารางสรุปรายงานมาตรฐานแต่ละด้าน พร้อมจำนวนข้อที่ต้องปรับปรุง และจำนวนเด็กที่ผ่านเกณฑ์.xls","17","สำนักงานตำรวจแห่งชาติ","กองบัญชาการตำรวจตระเวนชายแดน","กองบังคับการตำรวจตระเวนชายแดนภาค 1","กองกำกับการตำรวจตระเวนชายแดนที่ 12","","","","7227071209","รร.ตชด.บ้านน้ำอ้อม","09/02/2525","","0",""
"2567","11. 2567 REP004-IMPROVEMENT 12 - ตารางสรุปรายงานมาตรฐานแต่ละด้าน พร้อมจำนวนข้อที่ต้องปรับปรุง และจำนวนเด็กที่ผ่านเกณฑ์.xls","18","สำนักงานตำรวจแห่งชาติ","กองบัญชาการตำรวจตระเวนชายแดน","กองบังคับการตำรวจตระเวนชายแดนภาค 1","กองกำกับการตำรวจตระเวนชายแดนที่ 12","","","","7227091202","รร.ตชด.บ้านทุ่งกบินทร์","20/06/2520","","0",""
"2567","11. 2567 REP004-IMPROVEMENT 12 - ตารางสรุปรายงานมาตรฐานแต่ละด้าน พร้อมจำนวนข้อที่ต้องปรับปรุง และจำนวนเด็กที่ผ่านเกณฑ์.xls","19","สำนักงานตำรวจแห่งชาติ","กองบัญชาการตำรวจตระเวนชายแดน","กองบังคับการตำรวจตระเวนชายแดนภาค 1","กองกำกับการตำรวจตระเวนชายแดนที่ 12","","","","7227091203","รร.ตชด.วังศรีทอง","","","0",""
"2567","11. 2567 REP004-IMPROVEMENT 12 - ตารางสรุปรายงานมาตรฐานแต่ละด้าน พร้อมจำนวนข้อที่ต้องปรับปรุง และจำนวนเด็กที่ผ่านเกณฑ์.xls","20","สำนักงานตำรวจแห่งชาติ","กองบัญชาการตำรวจตระเวนชายแดน","กองบังคับการตำรวจตระเวนชายแดนภาค 1","กองกำกับการตำรวจตระเวนชายแดนที่ 12","","","","7227091212","รร.ตชด.พีระยานุเคราะห์ฯ 1","01/06/2538","","0",""
"2567","11. 2567 REP004-IMPROVEMENT 12 - ตารางสรุปรายงานมาตรฐานแต่ละด้าน พร้อมจำนวนข้อที่ต้องปรับปรุง และจำนวนเด็กที่ผ่านเกณฑ์.xls","21","สำนักงานตำรวจแห่งชาติ","กองบัญชาการตำรวจตระเวนชายแดน","กองบังคับการตำรวจตระเวนชายแดนภาค 2","กองกำกับการตำรวจตระเวนชายแดนที่ 21","","","","7232052103","รร.ตชด.พีระยานุเคราะห์ฯ 2","","","0",""
"2567","11. 2567 REP004-IMPROVEMENT 12 - ตารางสรุปรายงานมาตรฐานแต่ละด้าน พร้อมจำนวนข้อที่ต้องปรับปรุง และจำนวนเด็กที่ผ่านเกณฑ์.xls","22","สำนักงานตำรวจแห่งชาติ","กองบัญชาการตำรวจตระเวนชายแดน","กองบังคับการตำรวจตระเวนชายแดนภาค 2","กองกำกับการตำรวจตระเวนชายแดนที่ 21","","","","7232062108","รร.ตชด.ท่านผู้หญิงสุประภาดา  เกษมสันต์","25/01/2535","","0",""
"2567","11. 2567 REP004-IMPROVEMENT 12 - ตารางสรุปรายงานมาตรฐานแต่ละด้าน พร้อมจำนวนข้อที่ต้องปรับปรุง และจำนวนเด็กที่ผ่านเกณฑ์.xls","23","สำนักงานตำรวจแห่งชาติ","กองบัญชาการตำรวจตระเวนชายแดน","กองบังคับการตำรวจตระเวนชายแดนภาค 2","กองกำกับการตำรวจตระเวนชายแดนที่ 21","","","","7232102105","รร.ตชด.บ้านตาตุม","","","0",""
"2567","11. 2567 REP004-IMPROVEMENT 12 - ตารางสรุปรายงานมาตรฐานแต่ละด้าน พร้อมจำนวนข้อที่ต้องปรับปรุง และจำนวนเด็กที่ผ่านเกณฑ์.xls","24","สำนักงานตำรวจแห่งชาติ","กองบัญชาการตำรวจตระเวนชายแดน","กองบังคับการตำรวจตระเวนชายแดนภาค 2","กองกำกับการตำรวจตระเวนชายแดนที่ 21","","","","7232102106","รร.ตชด.บ้านตาแตรว","30/03/2540","","0",""
"2567","11. 2567 REP004-IMPROVEMENT 12 - ตารางสรุปรายงานมาตรฐานแต่ละด้าน พร้อมจำนวนข้อที่ต้องปรับปรุง และจำนวนเด็กที่ผ่านเกณฑ์.xls","25","สำนักงานตำรวจแห่งชาติ","กองบัญชาการตำรวจตระเวนชายแดน","กองบังคับการตำรวจตระเวนชายแดนภาค 2","กองกำกับการตำรวจตระเวนชายแดนที่ 21","","","","7232132102","รร.ตชด.บ้านซำปะโต","16/05/2568","","0",""
"2567","11. 2567 REP004-IMPROVEMENT 12 - ตารางสรุปรายงานมาตรฐานแต่ละด้าน พร้อมจำนวนข้อที่ต้องปรับปรุง และจำนวนเด็กที่ผ่านเกณฑ์.xls","26","สำนักงานตำรวจแห่งชาติ","กองบัญชาการตำรวจตระเวนชายแดน","กองบังคับการตำรวจตระเวนชายแดนภาค 2","กองกำกับการตำรวจตระเวนชายแดนที่ 21","","","","7232132104","รร.ตชด.บ้านรุน","24/04/2568","","0",""
"2567","11. 2567 REP004-IMPROVEMENT 12 - ตารางสรุปรายงานมาตรฐานแต่ละด้าน พร้อมจำนวนข้อที่ต้องปรับปรุง และจำนวนเด็กที่ผ่านเกณฑ์.xls","27","สำนักงานตำรวจแห่งชาติ","กองบัญชาการตำรวจตระเวนชายแดน","กองบังคับการตำรวจตระเวนชายแดนภาค 2","กองกำกับการตำรวจตระเวนชายแดนที่ 21","","","","7232142101","รร.ตชด.บ้านโคกแสลง","29/04/2566","","0",""
"2567","11. 2567 REP004-IMPROVEMENT 12 - ตารางสรุปรายงานมาตรฐานแต่ละด้าน พร้อมจำนวนข้อที่ต้องปรับปรุง และจำนวนเด็กที่ผ่านเกณฑ์.xls","28","สำนักงานตำรวจแห่งชาติ","กองบัญชาการตำรวจตระเวนชายแดน","กองบังคับการตำรวจตระเวนชายแดนภาค 2","กองกำกับการตำรวจตระเวนชายแดนที่ 22","","","","7234092203","รร.ตชด.บ้านคำสะอาด","25/03/2525","","0",""
"2567","11. 2567 REP004-IMPROVEMENT 12 - ตารางสรุปรายงานมาตรฐานแต่ละด้าน พร้อมจำนวนข้อที่ต้องปรับปรุง และจำนวนเด็กที่ผ่านเกณฑ์.xls","29","สำนักงานตำรวจแห่งชาติ","กองบัญชาการตำรวจตระเวนชายแดน","กองบังคับการตำรวจตระเวนชายแดนภาค 2","กองกำกับการตำรวจตระเวนชายแดนที่ 22","","","","7234092204","รร.ตชด.บ้านท่าแสนคูณ","27/08/2567","1.2.3","1","1.2.3"
"2567","11. 2567 REP004-IMPROVEMENT 12 - ตารางสรุปรายงานมาตรฐานแต่ละด้าน พร้อมจำนวนข้อที่ต้องปรับปรุง และจำนวนเด็กที่ผ่านเกณฑ์.xls","30","สำนักงานตำรวจแห่งชาติ","กองบัญชาการตำรวจตระเวนชายแดน","กองบังคับการตำรวจตระเวนชายแดนภาค 2","กองกำกับการตำรวจตระเวนชายแดนที่ 22","","","","7234092212","ศกร.ตชด.บ้านหนองบัวพัฒนา","16/05/2557","","0",""
"2567","11. 2567 REP004-IMPROVEMENT 12 - ตารางสรุปรายงานมาตรฐานแต่ละด้าน พร้อมจำนวนข้อที่ต้องปรับปรุง และจำนวนเด็กที่ผ่านเกณฑ์.xls","31","สำนักงานตำรวจแห่งชาติ","กองบัญชาการตำรวจตระเวนชายแดน","กองบังคับการตำรวจตระเวนชายแดนภาค 2","กองกำกับการตำรวจตระเวนชายแดนที่ 22","","","","7234102209","รร.ตชด.ศาสตราจารย์ ดอกเตอร์เนวิน สคริมชอว์","23/04/2567","1.2.3","1","1.2.3"
"2567","11. 2567 REP004-IMPROVEMENT 12 - ตารางสรุปรายงานมาตรฐานแต่ละด้าน พร้อมจำนวนข้อที่ต้องปรับปรุง และจำนวนเด็กที่ผ่านเกณฑ์.xls","32","สำนักงานตำรวจแห่งชาติ","กองบัญชาการตำรวจตระเวนชายแดน","กองบังคับการตำรวจตระเวนชายแดนภาค 2","กองกำกับการตำรวจตระเวนชายแดนที่ 22","","","","7234252208","รร.ตชด.บ้านแก่งศรีโคตร","27/04/2567","","0",""
"2567","11. 2567 REP004-IMPROVEMENT 12 - ตารางสรุปรายงานมาตรฐานแต่ละด้าน พร้อมจำนวนข้อที่ต้องปรับปรุง และจำนวนเด็กที่ผ่านเกณฑ์.xls","33","สำนักงานตำรวจแห่งชาติ","กองบัญชาการตำรวจตระเวนชายแดน","กองบังคับการตำรวจตระเวนชายแดนภาค 2","กองกำกับการตำรวจตระเวนชายแดนที่ 22","","","","7237112213","ศกร.ตชด.บ้านภูดานกอย","18/05/2558","","0",""
"2567","11. 2567 REP004-IMPROVEMENT 12 - ตารางสรุปรายงานมาตรฐานแต่ละด้าน พร้อมจำนวนข้อที่ต้องปรับปรุง และจำนวนเด็กที่ผ่านเกณฑ์.xls","34","สำนักงานตำรวจแห่งชาติ","กองบัญชาการตำรวจตระเวนชายแดน","กองบังคับการตำรวจตระเวนชายแดนภาค 2","กองกำกับการตำรวจตระเวนชายแดนที่ 24","","","","7238012406","รร.ตชด.บ้านห้วยดอกไม้","25/02/2565","","0",""
"2567","11. 2567 REP004-IMPROVEMENT 12 - ตารางสรุปรายงานมาตรฐานแต่ละด้าน พร้อมจำนวนข้อที่ต้องปรับปรุง และจำนวนเด็กที่ผ่านเกณฑ์.xls","35","สำนักงานตำรวจแห่งชาติ","กองบัญชาการตำรวจตระเวนชายแดน","กองบังคับการตำรวจตระเวนชายแดนภาค 2","กองกำกับการตำรวจตระเวนชายแดนที่ 24","","","","7238012411","รร.ตชด.บ้านหนองตะไก้","10/06/2538","","0",""
"2567","11. 2567 REP004-IMPROVEMENT 12 - ตารางสรุปรายงานมาตรฐานแต่ละด้าน พร้อมจำนวนข้อที่ต้องปรับปรุง และจำนวนเด็กที่ผ่านเกณฑ์.xls","36","สำนักงานตำรวจแห่งชาติ","กองบัญชาการตำรวจตระเวนชายแดน","กองบังคับการตำรวจตระเวนชายแดนภาค 2","กองกำกับการตำรวจตระเวนชายแดนที่ 24","","","","7238012412","รร.ตชด.บ้านนาแวง","22/07/2564","1.2.3","1","1.2.3"
"2567","11. 2567 REP004-IMPROVEMENT 12 - ตารางสรุปรายงานมาตรฐานแต่ละด้าน พร้อมจำนวนข้อที่ต้องปรับปรุง และจำนวนเด็กที่ผ่านเกณฑ์.xls","37","สำนักงานตำรวจแห่งชาติ","กองบัญชาการตำรวจตระเวนชายแดน","กองบังคับการตำรวจตระเวนชายแดนภาค 2","กองกำกับการตำรวจตระเวนชายแดนที่ 24","","","","7238152417","รร.ตชด.บ้านคำชมภู","18/05/2558","","0",""
"2567","11. 2567 REP004-IMPROVEMENT 12 - ตารางสรุปรายงานมาตรฐานแต่ละด้าน พร้อมจำนวนข้อที่ต้องปรับปรุง และจำนวนเด็กที่ผ่านเกณฑ์.xls","38","สำนักงานตำรวจแห่งชาติ","กองบัญชาการตำรวจตระเวนชายแดน","กองบังคับการตำรวจตระเวนชายแดนภาค 2","กองกำกับการตำรวจตระเวนชายแดนที่ 24","","","","7241182415","รร.ตชด.บ้านเทพภูเงิน","07/11/2548","","0",""
"2567","11. 2567 REP004-IMPROVEMENT 12 - ตารางสรุปรายงานมาตรฐานแต่ละด้าน พร้อมจำนวนข้อที่ต้องปรับปรุง และจำนวนเด็กที่ผ่านเกณฑ์.xls","39","สำนักงานตำรวจแห่งชาติ","กองบัญชาการตำรวจตระเวนชายแดน","กองบังคับการตำรวจตระเวนชายแดนภาค 2","กองกำกับการตำรวจตระเวนชายแดนที่ 24","","","","7241222413","รร.ตชด.บ้านนาชมภู","22/07/2564","","0",""
"2567","11. 2567 REP004-IMPROVEMENT 12 - ตารางสรุปรายงานมาตรฐานแต่ละด้าน พร้อมจำนวนข้อที่ต้องปรับปรุง และจำนวนเด็กที่ผ่านเกณฑ์.xls","40","สำนักงานตำรวจแห่งชาติ","กองบัญชาการตำรวจตระเวนชายแดน","กองบังคับการตำรวจตระเวนชายแดนภาค 2","กองกำกับการตำรวจตระเวนชายแดนที่ 24","","","","7242042402","รร.ตชด.บ้านห้วยเป้า","20/09/2520","","0",""
"2567","11. 2567 REP004-IMPROVEMENT 12 - ตารางสรุปรายงานมาตรฐานแต่ละด้าน พร้อมจำนวนข้อที่ต้องปรับปรุง และจำนวนเด็กที่ผ่านเกณฑ์.xls","41","สำนักงานตำรวจแห่งชาติ","กองบัญชาการตำรวจตระเวนชายแดน","กองบังคับการตำรวจตระเวนชายแดนภาค 2","กองกำกับการตำรวจตระเวนชายแดนที่ 24","","","","7242042405","รร.ตชด.ฮิลมาร์พาเบิล","23/12/2523","","0",""
"2567","11. 2567 REP004-IMPROVEMENT 12 - ตารางสรุปรายงานมาตรฐานแต่ละด้าน พร้อมจำนวนข้อที่ต้องปรับปรุง และจำนวนเด็กที่ผ่านเกณฑ์.xls","42","สำนักงานตำรวจแห่งชาติ","กองบัญชาการตำรวจตระเวนชายแดน","กองบังคับการตำรวจตระเวนชายแดนภาค 2","กองกำกับการตำรวจตระเวนชายแดนที่ 24","","","","7242042407","รร.ตชด.บ้านนานกปีด","05/05/2529","","0",""
"2567","11. 2567 REP004-IMPROVEMENT 12 - ตารางสรุปรายงานมาตรฐานแต่ละด้าน พร้อมจำนวนข้อที่ต้องปรับปรุง และจำนวนเด็กที่ผ่านเกณฑ์.xls","43","สำนักงานตำรวจแห่งชาติ","กองบัญชาการตำรวจตระเวนชายแดน","กองบังคับการตำรวจตระเวนชายแดนภาค 2","กองกำกับการตำรวจตระเวนชายแดนที่ 24","","","","7242052401","รร.ตชด.เฉลิมราษฎร์บำรุง","","","0",""
"2567","11. 2567 REP004-IMPROVEMENT 12 - ตารางสรุปรายงานมาตรฐานแต่ละด้าน พร้อมจำนวนข้อที่ต้องปรับปรุง และจำนวนเด็กที่ผ่านเกณฑ์.xls","44","สำนักงานตำรวจแห่งชาติ","กองบัญชาการตำรวจตระเวนชายแดน","กองบังคับการตำรวจตระเวนชายแดนภาค 2","กองกำกับการตำรวจตระเวนชายแดนที่ 24","","","","7242062414","รร.ตชด.บ้านนาปอ","16/05/2567","","0",""
"2567","11. 2567 REP004-IMPROVEMENT 12 - ตารางสรุปรายงานมาตรฐานแต่ละด้าน พร้อมจำนวนข้อที่ต้องปรับปรุง และจำนวนเด็กที่ผ่านเกณฑ์.xls","45","สำนักงานตำรวจแห่งชาติ","กองบัญชาการตำรวจตระเวนชายแดน","กองบังคับการตำรวจตระเวนชายแดนภาค 2","กองกำกับการตำรวจตระเวนชายแดนที่ 24","","","","7242132410","รร.ตชด.บ้านวังชมภู","14/06/2538","","0",""
"2567","11. 2567 REP004-IMPROVEMENT 12 - ตารางสรุปรายงานมาตรฐานแต่ละด้าน พร้อมจำนวนข้อที่ต้องปรับปรุง และจำนวนเด็กที่ผ่านเกณฑ์.xls","46","สำนักงานตำรวจแห่งชาติ","กองบัญชาการตำรวจตระเวนชายแดน","กองบังคับการตำรวจตระเวนชายแดนภาค 2","กองกำกับการตำรวจตระเวนชายแดนที่ 23","","","","7247152307","รร.ตชด.ค็อกนิสไทยฯ","15/05/2568","","0",""
"2567","11. 2567 REP004-IMPROVEMENT 12 - ตารางสรุปรายงานมาตรฐานแต่ละด้าน พร้อมจำนวนข้อที่ต้องปรับปรุง และจำนวนเด็กที่ผ่านเกณฑ์.xls","47","สำนักงานตำรวจแห่งชาติ","กองบัญชาการตำรวจตระเวนชายแดน","กองบังคับการตำรวจตระเวนชายแดนภาค 2","กองกำกับการตำรวจตระเวนชายแดนที่ 23","","","","7248032303","รร.ตชด.บ้านหาดทรายเพ","01/10/2520","","0",""
"2567","11. 2567 REP004-IMPROVEMENT 12 - ตารางสรุปรายงานมาตรฐานแต่ละด้าน พร้อมจำนวนข้อที่ต้องปรับปรุง และจำนวนเด็กที่ผ่านเกณฑ์.xls","48","สำนักงานตำรวจแห่งชาติ","กองบัญชาการตำรวจตระเวนชายแดน","กองบังคับการตำรวจตระเวนชายแดนภาค 2","กองกำกับการตำรวจตระเวนชายแดนที่ 23","","","","7248032309","ศกร.ตชด.บ้านนากระเสริม","07/01/2557","","0",""
"2567","11. 2567 REP004-IMPROVEMENT 12 - ตารางสรุปรายงานมาตรฐานแต่ละด้าน พร้อมจำนวนข้อที่ต้องปรับปรุง และจำนวนเด็กที่ผ่านเกณฑ์.xls","49","สำนักงานตำรวจแห่งชาติ","กองบัญชาการตำรวจตระเวนชายแดน","กองบังคับการตำรวจตระเวนชายแดนภาค 2","กองกำกับการตำรวจตระเวนชายแดนที่ 23","","","","7248042310","ศกร.ตชด.บ้านปากห้วยม่วง","16/05/2557","","0",""
"2567","11. 2567 REP004-IMPROVEMENT 12 - ตารางสรุปรายงานมาตรฐานแต่ละด้าน พร้อมจำนวนข้อที่ต้องปรับปรุง และจำนวนเด็กที่ผ่านเกณฑ์.xls","50","สำนักงานตำรวจแห่งชาติ","กองบัญชาการตำรวจตระเวนชายแดน","กองบังคับการตำรวจตระเวนชายแดนภาค 2","กองกำกับการตำรวจตระเวนชายแดนที่ 23","","","","7248112302","รร.ตชด.ช่างกลปทุมวันอนุสรณ์ 8","01/06/2519","","0",""
"2567","11. 2567 REP004-IMPROVEMENT 12 - ตารางสรุปรายงานมาตรฐานแต่ละด้าน พร้อมจำนวนข้อที่ต้องปรับปรุง และจำนวนเด็กที่ผ่านเกณฑ์.xls","51","สำนักงานตำรวจแห่งชาติ","กองบัญชาการตำรวจตระเวนชายแดน","กองบังคับการตำรวจตระเวนชายแดนภาค 2","กองกำกับการตำรวจตระเวนชายแดนที่ 23","","","","7249052311","ศกร.ตชด.ใต้ร่มพระบารมี (ธนาคารอาคารสงเคราะห์อุปถัมภ์)","12/05/2558","1.3.8","1","1.3.8"
"2567","11. 2567 REP004-IMPROVEMENT 12 - ตารางสรุปรายงานมาตรฐานแต่ละด้าน พร้อมจำนวนข้อที่ต้องปรับปรุง และจำนวนเด็กที่ผ่านเกณฑ์.xls","52","สำนักงานตำรวจแห่งชาติ","กองบัญชาการตำรวจตระเวนชายแดน","กองบังคับการตำรวจตระเวนชายแดนภาค 3","กองกำกับการตำรวจตระเวนชายแดนที่ 33","","","","7250030005","ศกร.ตชด.สนั่น-เฉลิมเกตุ นภาศัพท์","17/05/2564","1.2.2,1.3.5,3.6.1ข","3","1.2.2,1.3.5,3.6.1"
"2567","11. 2567 REP004-IMPROVEMENT 12 - ตารางสรุปรายงานมาตรฐานแต่ละด้าน พร้อมจำนวนข้อที่ต้องปรับปรุง และจำนวนเด็กที่ผ่านเกณฑ์.xls","53","สำนักงานตำรวจแห่งชาติ","กองบัญชาการตำรวจตระเวนชายแดน","กองบังคับการตำรวจตระเวนชายแดนภาค 3","กองกำกับการตำรวจตระเวนชายแดนที่ 33","","","","7250033310","รร.ตชด.บ้านแม่ลอง","08/07/2564","","0",""
"2567","11. 2567 REP004-IMPROVEMENT 12 - ตารางสรุปรายงานมาตรฐานแต่ละด้าน พร้อมจำนวนข้อที่ต้องปรับปรุง และจำนวนเด็กที่ผ่านเกณฑ์.xls","54","สำนักงานตำรวจแห่งชาติ","กองบัญชาการตำรวจตระเวนชายแดน","กองบังคับการตำรวจตระเวนชายแดนภาค 3","กองกำกับการตำรวจตระเวนชายแดนที่ 33","","","","7250033314","รร.ตชด.บ้านใหม่พัฒนาสันติ","20/03/2568","","0",""
"2567","11. 2567 REP004-IMPROVEMENT 12 - ตารางสรุปรายงานมาตรฐานแต่ละด้าน พร้อมจำนวนข้อที่ต้องปรับปรุง และจำนวนเด็กที่ผ่านเกณฑ์.xls","55","สำนักงานตำรวจแห่งชาติ","กองบัญชาการตำรวจตระเวนชายแดน","กองบังคับการตำรวจตระเวนชายแดนภาค 3","กองกำกับการตำรวจตระเวนชายแดนที่ 33","","","","7250033332","รร.ตชด.บางกอก เชฟ แชร์ริตี้ บ้านแม่ขอ","16/05/2560","3.1.2ข,3.1.3ข,3.5.2ข","3","3.1.2,3.1.3,3.5.2"
"2567","11. 2567 REP004-IMPROVEMENT 12 - ตารางสรุปรายงานมาตรฐานแต่ละด้าน พร้อมจำนวนข้อที่ต้องปรับปรุง และจำนวนเด็กที่ผ่านเกณฑ์.xls","56","สำนักงานตำรวจแห่งชาติ","กองบัญชาการตำรวจตระเวนชายแดน","กองบังคับการตำรวจตระเวนชายแดนภาค 3","กองกำกับการตำรวจตระเวนชายแดนที่ 33","","","","7250033333","ศกร.ตชด.บ้านแม่มุใน (บริษัท ซี เค พาวเวอร์ จำกัด (มหาชน)อุปถัมภ์)","16/05/2561","","0",""
"2567","11. 2567 REP004-IMPROVEMENT 12 - ตารางสรุปรายงานมาตรฐานแต่ละด้าน พร้อมจำนวนข้อที่ต้องปรับปรุง และจำนวนเด็กที่ผ่านเกณฑ์.xls","57","สำนักงานตำรวจแห่งชาติ","กองบัญชาการตำรวจตระเวนชายแดน","กองบังคับการตำรวจตระเวนชายแดนภาค 3","กองกำกับการตำรวจตระเวนชายแดนที่ 33","","","","7250043311","รร.ตชด.เฉลิมพระเกียรติฯ","09/07/2564","","0",""
"2567","11. 2567 REP004-IMPROVEMENT 12 - ตารางสรุปรายงานมาตรฐานแต่ละด้าน พร้อมจำนวนข้อที่ต้องปรับปรุง และจำนวนเด็กที่ผ่านเกณฑ์.xls","58","สำนักงานตำรวจแห่งชาติ","กองบัญชาการตำรวจตระเวนชายแดน","กองบังคับการตำรวจตระเวนชายแดนภาค 3","กองกำกับการตำรวจตระเวนชายแดนที่ 33","","","","7250043316","รร.ตชด.บ้านหนองแขม","25/07/2541","","0",""
"2567","11. 2567 REP004-IMPROVEMENT 12 - ตารางสรุปรายงานมาตรฐานแต่ละด้าน พร้อมจำนวนข้อที่ต้องปรับปรุง และจำนวนเด็กที่ผ่านเกณฑ์.xls","59","สำนักงานตำรวจแห่งชาติ","กองบัญชาการตำรวจตระเวนชายแดน","กองบังคับการตำรวจตระเวนชายแดนภาค 3","กองกำกับการตำรวจตระเวนชายแดนที่ 33","","","","7250063315","รร.ตชด.ไลออนส์มหาจักร 9","27/06/2535","","0",""
"2567","11. 2567 REP004-IMPROVEMENT 12 - ตารางสรุปรายงานมาตรฐานแต่ละด้าน พร้อมจำนวนข้อที่ต้องปรับปรุง และจำนวนเด็กที่ผ่านเกณฑ์.xls","60","สำนักงานตำรวจแห่งชาติ","กองบัญชาการตำรวจตระเวนชายแดน","กองบังคับการตำรวจตระเวนชายแดนภาค 3","กองกำกับการตำรวจตระเวนชายแดนที่ 33","","","","7250093302","รร.ตชด.อาโอยาม่า","10/01/2510","","0",""
"2567","11. 2567 REP004-IMPROVEMENT 12 - ตารางสรุปรายงานมาตรฐานแต่ละด้าน พร้อมจำนวนข้อที่ต้องปรับปรุง และจำนวนเด็กที่ผ่านเกณฑ์.xls","61","สำนักงานตำรวจแห่งชาติ","กองบัญชาการตำรวจตระเวนชายแดน","กองบังคับการตำรวจตระเวนชายแดนภาค 3","กองกำกับการตำรวจตระเวนชายแดนที่ 33","","","","7250103301","รร.ตชด.เฮียงไทยธำรงค์","11/01/2505","1.1.2,1.2.1,1.2.3,1.3.3,1.3.4,1.3.5,1.3.8","7","1.1.2,1.2.1,1.2.3,1.3.3,1.3.4,1.3.5,1.3.8"
"2567","11. 2567 REP004-IMPROVEMENT 12 - ตารางสรุปรายงานมาตรฐานแต่ละด้าน พร้อมจำนวนข้อที่ต้องปรับปรุง และจำนวนเด็กที่ผ่านเกณฑ์.xls","62","สำนักงานตำรวจแห่งชาติ","กองบัญชาการตำรวจตระเวนชายแดน","กองบังคับการตำรวจตระเวนชายแดนภาค 3","กองกำกับการตำรวจตระเวนชายแดนที่ 33","","","","7250113304","รร.ตชด.เจ้าพ่อหลวงอุปถัมภ์ 2","01/12/2508","","0",""
"2567","11. 2567 REP004-IMPROVEMENT 12 - ตารางสรุปรายงานมาตรฐานแต่ละด้าน พร้อมจำนวนข้อที่ต้องปรับปรุง และจำนวนเด็กที่ผ่านเกณฑ์.xls","63","สำนักงานตำรวจแห่งชาติ","กองบัญชาการตำรวจตระเวนชายแดน","กองบังคับการตำรวจตระเวนชายแดนภาค 3","กองกำกับการตำรวจตระเวนชายแดนที่ 33","","","","7250183318","รร.ตชด.รางวัลอินทิรา  คานธี","20/04/2555","","0",""
"2567","11. 2567 REP004-IMPROVEMENT 12 - ตารางสรุปรายงานมาตรฐานแต่ละด้าน พร้อมจำนวนข้อที่ต้องปรับปรุง และจำนวนเด็กที่ผ่านเกณฑ์.xls","64","สำนักงานตำรวจแห่งชาติ","กองบัญชาการตำรวจตระเวนชายแดน","กองบังคับการตำรวจตระเวนชายแดนภาค 3","กองกำกับการตำรวจตระเวนชายแดนที่ 33","","","","7250183326","รร.ตชด.บางกอก เชฟ แชร์ริตี้","18/05/2558","","0",""
"2567","11. 2567 REP004-IMPROVEMENT 12 - ตารางสรุปรายงานมาตรฐานแต่ละด้าน พร้อมจำนวนข้อที่ต้องปรับปรุง และจำนวนเด็กที่ผ่านเกณฑ์.xls","65","สำนักงานตำรวจแห่งชาติ","กองบัญชาการตำรวจตระเวนชายแดน","กองบังคับการตำรวจตระเวนชายแดนภาค 3","กองกำกับการตำรวจตระเวนชายแดนที่ 33","","","","7250283334","ศกร.ตชด.บ้านนามะอื้น","16/05/2562","1.2.3","1","1.2.3"
"2567","11. 2567 REP004-IMPROVEMENT 12 - ตารางสรุปรายงานมาตรฐานแต่ละด้าน พร้อมจำนวนข้อที่ต้องปรับปรุง และจำนวนเด็กที่ผ่านเกณฑ์.xls","66","สำนักงานตำรวจแห่งชาติ","กองบัญชาการตำรวจตระเวนชายแดน","กองบังคับการตำรวจตระเวนชายแดนภาค 3","กองกำกับการตำรวจตระเวนชายแดนที่ 31","","","","7253063101","รร.ตชด.บุญธรรม-บุญพรั้ง","01/05/2501","","0",""
"2567","11. 2567 REP004-IMPROVEMENT 12 - ตารางสรุปรายงานมาตรฐานแต่ละด้าน พร้อมจำนวนข้อที่ต้องปรับปรุง และจำนวนเด็กที่ผ่านเกณฑ์.xls","67","สำนักงานตำรวจแห่งชาติ","กองบัญชาการตำรวจตระเวนชายแดน","กองบังคับการตำรวจตระเวนชายแดนภาค 3","กองกำกับการตำรวจตระเวนชายแดนที่ 31","","","","7253063105","รร.ตชด.ยอดโพธิ์ทอง 1","01/08/2529","","0",""
"2567","11. 2567 REP004-IMPROVEMENT 12 - ตารางสรุปรายงานมาตรฐานแต่ละด้าน พร้อมจำนวนข้อที่ต้องปรับปรุง และจำนวนเด็กที่ผ่านเกณฑ์.xls","68","สำนักงานตำรวจแห่งชาติ","กองบัญชาการตำรวจตระเวนชายแดน","กองบังคับการตำรวจตระเวนชายแดนภาค 3","กองกำกับการตำรวจตระเวนชายแดนที่ 32","","","","7255013224","ศกร.ตชด.บ้านห้วยลู่","24/01/2563","","0",""
"2567","11. 2567 REP004-IMPROVEMENT 12 - ตารางสรุปรายงานมาตรฐานแต่ละด้าน พร้อมจำนวนข้อที่ต้องปรับปรุง และจำนวนเด็กที่ผ่านเกณฑ์.xls","69","สำนักงานตำรวจแห่งชาติ","กองบัญชาการตำรวจตระเวนชายแดน","กองบังคับการตำรวจตระเวนชายแดนภาค 3","กองกำกับการตำรวจตระเวนชายแดนที่ 32","","","","7255023216","รร.ตชด.พีระยานุเคราะห์ฯ 3","26/01/2538","1.2.3","1","1.2.3"
"2567","11. 2567 REP004-IMPROVEMENT 12 - ตารางสรุปรายงานมาตรฐานแต่ละด้าน พร้อมจำนวนข้อที่ต้องปรับปรุง และจำนวนเด็กที่ผ่านเกณฑ์.xls","70","สำนักงานตำรวจแห่งชาติ","กองบัญชาการตำรวจตระเวนชายแดน","กองบังคับการตำรวจตระเวนชายแดนภาค 3","กองกำกับการตำรวจตระเวนชายแดนที่ 32","","","","7255123217","รร.ตชด.เฉลิมฉลอง 100 ปีฯ","","","0",""
"2567","11. 2567 REP004-IMPROVEMENT 12 - ตารางสรุปรายงานมาตรฐานแต่ละด้าน พร้อมจำนวนข้อที่ต้องปรับปรุง และจำนวนเด็กที่ผ่านเกณฑ์.xls","71","สำนักงานตำรวจแห่งชาติ","กองบัญชาการตำรวจตระเวนชายแดน","กองบังคับการตำรวจตระเวนชายแดนภาค 3","กองกำกับการตำรวจตระเวนชายแดนที่ 32","","","","7256033223","ศูนย์การเรียนตำรวจตระเวนชายแดนอินทรีอาสา (บ้านห้วยปุ้ม)","10/02/2561","1.3.2,1.3.4,1.4.3,1.5.2,2.5.2","5","1.3.2,1.3.4,1.4.3,1.5.2,2.5.2"
"2567","11. 2567 REP004-IMPROVEMENT 12 - ตารางสรุปรายงานมาตรฐานแต่ละด้าน พร้อมจำนวนข้อที่ต้องปรับปรุง และจำนวนเด็กที่ผ่านเกณฑ์.xls","72","สำนักงานตำรวจแห่งชาติ","กองบัญชาการตำรวจตระเวนชายแดน","กองบังคับการตำรวจตระเวนชายแดนภาค 3","กองกำกับการตำรวจตระเวนชายแดนที่ 32","","","","7256063211","รร.ตชด.เบ็ตตี้ดูเมน","12/01/2528","","0",""
"2567","11. 2567 REP004-IMPROVEMENT 12 - ตารางสรุปรายงานมาตรฐานแต่ละด้าน พร้อมจำนวนข้อที่ต้องปรับปรุง และจำนวนเด็กที่ผ่านเกณฑ์.xls","73","สำนักงานตำรวจแห่งชาติ","กองบัญชาการตำรวจตระเวนชายแดน","กองบังคับการตำรวจตระเวนชายแดนภาค 3","กองกำกับการตำรวจตระเวนชายแดนที่ 32","","","","7257013213","รร.ตชด.เทคนิคดุสิต","14/06/2564","1.2.3,3.1.3ข","2","1.2.3,3.1.3"
"2567","11. 2567 REP004-IMPROVEMENT 12 - ตารางสรุปรายงานมาตรฐานแต่ละด้าน พร้อมจำนวนข้อที่ต้องปรับปรุง และจำนวนเด็กที่ผ่านเกณฑ์.xls","74","สำนักงานตำรวจแห่งชาติ","กองบัญชาการตำรวจตระเวนชายแดน","กองบังคับการตำรวจตระเวนชายแดนภาค 3","กองกำกับการตำรวจตระเวนชายแดนที่ 32","","","","7257013222","ศกร.ตชด.บ้านจะนู (จิราธิวัฒน์อุปถัมภ์)","17/02/2568","","0",""
"2567","11. 2567 REP004-IMPROVEMENT 12 - ตารางสรุปรายงานมาตรฐานแต่ละด้าน พร้อมจำนวนข้อที่ต้องปรับปรุง และจำนวนเด็กที่ผ่านเกณฑ์.xls","75","สำนักงานตำรวจแห่งชาติ","กองบัญชาการตำรวจตระเวนชายแดน","กองบังคับการตำรวจตระเวนชายแดนภาค 3","กองกำกับการตำรวจตระเวนชายแดนที่ 32","","","","7257033203","รร.ตชด.อาชีวศึกษา เชียงราย-พะเยา","08/05/2508","1.3.5,1.3.6,2.1.2,3.2.1ข,3.5.2ข","5","1.3.5,1.3.6,2.1.2,3.2.1,3.5.2"
"2567","11. 2567 REP004-IMPROVEMENT 12 - ตารางสรุปรายงานมาตรฐานแต่ละด้าน พร้อมจำนวนข้อที่ต้องปรับปรุง และจำนวนเด็กที่ผ่านเกณฑ์.xls","76","สำนักงานตำรวจแห่งชาติ","กองบัญชาการตำรวจตระเวนชายแดน","กองบังคับการตำรวจตระเวนชายแดนภาค 3","กองกำกับการตำรวจตระเวนชายแดนที่ 32","","","","7257103201","รร.ตชด.บ้านดอยล้าน *","01/10/2503","3.1.3ข","1","3.1.3"
"2567","11. 2567 REP004-IMPROVEMENT 12 - ตารางสรุปรายงานมาตรฐานแต่ละด้าน พร้อมจำนวนข้อที่ต้องปรับปรุง และจำนวนเด็กที่ผ่านเกณฑ์.xls","77","สำนักงานตำรวจแห่งชาติ","กองบัญชาการตำรวจตระเวนชายแดน","กองบังคับการตำรวจตระเวนชายแดนภาค 3","กองกำกับการตำรวจตระเวนชายแดนที่ 32","","","","7257103221","ศกร.ตชด.อินทรีอาสา (บ้านห้วยน้ำกืน)","16/05/2567","","0",""
"2567","11. 2567 REP004-IMPROVEMENT 12 - ตารางสรุปรายงานมาตรฐานแต่ละด้าน พร้อมจำนวนข้อที่ต้องปรับปรุง และจำนวนเด็กที่ผ่านเกณฑ์.xls","78","สำนักงานตำรวจแห่งชาติ","กองบัญชาการตำรวจตระเวนชายแดน","กองบังคับการตำรวจตระเวนชายแดนภาค 3","กองกำกับการตำรวจตระเวนชายแดนที่ 32","","","","7257133206","รร.ตชด.ชนัตถ์ปิยะอุย","09/01/2517","","0",""
"2567","11. 2567 REP004-IMPROVEMENT 12 - ตารางสรุปรายงานมาตรฐานแต่ละด้าน พร้อมจำนวนข้อที่ต้องปรับปรุง และจำนวนเด็กที่ผ่านเกณฑ์.xls","79","สำนักงานตำรวจแห่งชาติ","กองบัญชาการตำรวจตระเวนชายแดน","กองบังคับการตำรวจตระเวนชายแดนภาค 3","กองกำกับการตำรวจตระเวนชายแดนที่ 32","","","","7257133219","ศกร.ตชด.บ้านฟ้าไทยงาม","16/05/2557","","0",""
"2567","11. 2567 REP004-IMPROVEMENT 12 - ตารางสรุปรายงานมาตรฐานแต่ละด้าน พร้อมจำนวนข้อที่ต้องปรับปรุง และจำนวนเด็กที่ผ่านเกณฑ์.xls","80","สำนักงานตำรวจแห่งชาติ","กองบัญชาการตำรวจตระเวนชายแดน","กองบังคับการตำรวจตระเวนชายแดนภาค 3","กองกำกับการตำรวจตระเวนชายแดนที่ 32","","","","7257133220","ศกร.ตชด.บ้านห้วยกุ๊ก","28/07/2564","","0",""
"2567","11. 2567 REP004-IMPROVEMENT 12 - ตารางสรุปรายงานมาตรฐานแต่ละด้าน พร้อมจำนวนข้อที่ต้องปรับปรุง และจำนวนเด็กที่ผ่านเกณฑ์.xls","81","สำนักงานตำรวจแห่งชาติ","กองบัญชาการตำรวจตระเวนชายแดน","กองบังคับการตำรวจตระเวนชายแดนภาค 3","กองกำกับการตำรวจตระเวนชายแดนที่ 32","","","","7257153208","รร.ตชด.เจ้าพ่อหลวงอุปถัมภ์ 4 *","01/01/2508","","0",""
"2567","11. 2567 REP004-IMPROVEMENT 12 - ตารางสรุปรายงานมาตรฐานแต่ละด้าน พร้อมจำนวนข้อที่ต้องปรับปรุง และจำนวนเด็กที่ผ่านเกณฑ์.xls","82","สำนักงานตำรวจแห่งชาติ","กองบัญชาการตำรวจตระเวนชายแดน","กองบังคับการตำรวจตระเวนชายแดนภาค 3","กองกำกับการตำรวจตระเวนชายแดนที่ 33","","","","7258013323","ศกร.ตชด.บ้านดอยแสง","16/05/2558","","0",""
"2567","11. 2567 REP004-IMPROVEMENT 12 - ตารางสรุปรายงานมาตรฐานแต่ละด้าน พร้อมจำนวนข้อที่ต้องปรับปรุง และจำนวนเด็กที่ผ่านเกณฑ์.xls","83","สำนักงานตำรวจแห่งชาติ","กองบัญชาการตำรวจตระเวนชายแดน","กองบังคับการตำรวจตระเวนชายแดนภาค 3","กองกำกับการตำรวจตระเวนชายแดนที่ 33","","","","7258033331","ศูนย์การเรียนตำรวจตระเวนชายแดนบำรุงที่ 114","16/05/2559","1.2.3,1.5.4,3.1.3ข,3.6.1ข,3.6.2ข,3.6.3ข,3.6.4ข","7","1.2.3,1.5.4,3.1.3,3.6.1,3.6.2,3.6.3,3.6.4"
"2567","11. 2567 REP004-IMPROVEMENT 12 - ตารางสรุปรายงานมาตรฐานแต่ละด้าน พร้อมจำนวนข้อที่ต้องปรับปรุง และจำนวนเด็กที่ผ่านเกณฑ์.xls","84","สำนักงานตำรวจแห่งชาติ","กองบัญชาการตำรวจตระเวนชายแดน","กองบังคับการตำรวจตระเวนชายแดนภาค 3","กองกำกับการตำรวจตระเวนชายแดนที่ 33","","","","7258043320","ศกร.ตชด.บ้านโกแประ","15/05/2551","","0",""
"2567","11. 2567 REP004-IMPROVEMENT 12 - ตารางสรุปรายงานมาตรฐานแต่ละด้าน พร้อมจำนวนข้อที่ต้องปรับปรุง และจำนวนเด็กที่ผ่านเกณฑ์.xls","85","สำนักงานตำรวจแห่งชาติ","กองบัญชาการตำรวจตระเวนชายแดน","กองบังคับการตำรวจตระเวนชายแดนภาค 3","กองกำกับการตำรวจตระเวนชายแดนที่ 33","","","","7258043321","ศกร.ตชด.บ้านปอหมื้อ","17/05/2565","","0",""
"2567","11. 2567 REP004-IMPROVEMENT 12 - ตารางสรุปรายงานมาตรฐานแต่ละด้าน พร้อมจำนวนข้อที่ต้องปรับปรุง และจำนวนเด็กที่ผ่านเกณฑ์.xls","86","สำนักงานตำรวจแห่งชาติ","กองบัญชาการตำรวจตระเวนชายแดน","กองบังคับการตำรวจตระเวนชายแดนภาค 3","กองกำกับการตำรวจตระเวนชายแดนที่ 33","","","","7258043327","ศกร.ตชด.บ้านแม่เหลอ","30/07/2564","","0",""
"2567","11. 2567 REP004-IMPROVEMENT 12 - ตารางสรุปรายงานมาตรฐานแต่ละด้าน พร้อมจำนวนข้อที่ต้องปรับปรุง และจำนวนเด็กที่ผ่านเกณฑ์.xls","87","สำนักงานตำรวจแห่งชาติ","กองบัญชาการตำรวจตระเวนชายแดน","กองบังคับการตำรวจตระเวนชายแดนภาค 3","กองกำกับการตำรวจตระเวนชายแดนที่ 33","","","","7258053308","รร.ตชด.บ้านแม่ลางิ้ว","05/08/2525","1.2.3,2.1.1,2.1.2,2.1.3,2.1.4,2.1.5,2.5.1,2.5.2","8","1.2.3,2.1.1,2.1.2,2.1.3,2.1.4,2.1.5,2.5.1,2.5.2"
"2567","11. 2567 REP004-IMPROVEMENT 12 - ตารางสรุปรายงานมาตรฐานแต่ละด้าน พร้อมจำนวนข้อที่ต้องปรับปรุง และจำนวนเด็กที่ผ่านเกณฑ์.xls","88","สำนักงานตำรวจแห่งชาติ","กองบัญชาการตำรวจตระเวนชายแดน","กองบังคับการตำรวจตระเวนชายแดนภาค 3","กองกำกับการตำรวจตระเวนชายแดนที่ 33","","","","7258053309","รร.ตชด.บ้านตุน","30/07/2564","3.1.3ข","1","3.1.3"
"2567","11. 2567 REP004-IMPROVEMENT 12 - ตารางสรุปรายงานมาตรฐานแต่ละด้าน พร้อมจำนวนข้อที่ต้องปรับปรุง และจำนวนเด็กที่ผ่านเกณฑ์.xls","89","สำนักงานตำรวจแห่งชาติ","กองบัญชาการตำรวจตระเวนชายแดน","กองบังคับการตำรวจตระเวนชายแดนภาค 3","กองกำกับการตำรวจตระเวนชายแดนที่ 33","","","","7258063329","ศกร.ตชด.บ้านห้วยมะโอ","","1.2.3,1.3.8,3.1.1ข,3.1.2ข,3.1.3ข,3.3.1ข,3.4.1ข,3.4.3ข,3.6.4ข,3.7.1ข,3.7.2ข,3.7.3ข,3.7.4ข","13","1.2.3,1.3.8,3.1.1,3.1.2,3.1.3,3.3.1,3.4.1,3.4.3,3.6.4,3.7.1,3.7.2,3.7.3,3.7.4"
"2567","11. 2567 REP004-IMPROVEMENT 12 - ตารางสรุปรายงานมาตรฐานแต่ละด้าน พร้อมจำนวนข้อที่ต้องปรับปรุง และจำนวนเด็กที่ผ่านเกณฑ์.xls","90","สำนักงานตำรวจแห่งชาติ","กองบัญชาการตำรวจตระเวนชายแดน","กองบังคับการตำรวจตระเวนชายแดนภาค 3","กองกำกับการตำรวจตระเวนชายแดนที่ 33","","","","7258073305","รร.ตชด.ชมรมอนุรักษ์พุทธศิลปไทยอนุสรณ์","","","0",""
"2567","11. 2567 REP004-IMPROVEMENT 12 - ตารางสรุปรายงานมาตรฐานแต่ละด้าน พร้อมจำนวนข้อที่ต้องปรับปรุง และจำนวนเด็กที่ผ่านเกณฑ์.xls","91","สำนักงานตำรวจแห่งชาติ","กองบัญชาการตำรวจตระเวนชายแดน","กองบังคับการตำรวจตระเวนชายแดนภาค 3","กองกำกับการตำรวจตระเวนชายแดนที่ 33","","","","7258073313","รร.ตชด.ชมรมอนุรักษ์พุทธศิลปไทยอนุสรณ์ 2","04/04/2534","2.1.2","1","2.1.2"
"2567","11. 2567 REP004-IMPROVEMENT 12 - ตารางสรุปรายงานมาตรฐานแต่ละด้าน พร้อมจำนวนข้อที่ต้องปรับปรุง และจำนวนเด็กที่ผ่านเกณฑ์.xls","92","สำนักงานตำรวจแห่งชาติ","กองบัญชาการตำรวจตระเวนชายแดน","กองบังคับการตำรวจตระเวนชายแดนภาค 3","กองกำกับการตำรวจตระเวนชายแดนที่ 33","","","","7258073324","ศกร.ตชด.เฉลิมพระเกียรติ ฯ บ้านน้ำบ่อสะเป่","16/05/2557","","0",""
"2567","11. 2567 REP004-IMPROVEMENT 12 - ตารางสรุปรายงานมาตรฐานแต่ละด้าน พร้อมจำนวนข้อที่ต้องปรับปรุง และจำนวนเด็กที่ผ่านเกณฑ์.xls","93","สำนักงานตำรวจแห่งชาติ","กองบัญชาการตำรวจตระเวนชายแดน","กองบังคับการตำรวจตระเวนชายแดนภาค 3","กองกำกับการตำรวจตระเวนชายแดนที่ 33","","","","7258133330","ศกร.ตชด.พลเอก อรชุน พิบูลนครินทร์","01/05/2559","3.1.3ข","1","3.1.3"
"2567","11. 2567 REP004-IMPROVEMENT 12 - ตารางสรุปรายงานมาตรฐานแต่ละด้าน พร้อมจำนวนข้อที่ต้องปรับปรุง และจำนวนเด็กที่ผ่านเกณฑ์.xls","94","สำนักงานตำรวจแห่งชาติ","กองบัญชาการตำรวจตระเวนชายแดน","กองบังคับการตำรวจตระเวนชายแดนภาค 3","กองกำกับการตำรวจตระเวนชายแดนที่ 34","","","","7263043419","รร.ตชด.หม่อมราชวงศ์เฉลิมลักษณ์ จันทรเสน (ขยายโอกาส)","07/02/2545","","0",""
"2567","11. 2567 REP004-IMPROVEMENT 12 - ตารางสรุปรายงานมาตรฐานแต่ละด้าน พร้อมจำนวนข้อที่ต้องปรับปรุง และจำนวนเด็กที่ผ่านเกณฑ์.xls","95","สำนักงานตำรวจแห่งชาติ","กองบัญชาการตำรวจตระเวนชายแดน","กองบังคับการตำรวจตระเวนชายแดนภาค 3","กองกำกับการตำรวจตระเวนชายแดนที่ 34","","","","7263043420","ศกร.ตชด.บ้านทีวะเบยทะ *","16/05/2545","1.2.3","1","1.2.3"
"2567","11. 2567 REP004-IMPROVEMENT 12 - ตารางสรุปรายงานมาตรฐานแต่ละด้าน พร้อมจำนวนข้อที่ต้องปรับปรุง และจำนวนเด็กที่ผ่านเกณฑ์.xls","96","สำนักงานตำรวจแห่งชาติ","กองบัญชาการตำรวจตระเวนชายแดน","กองบังคับการตำรวจตระเวนชายแดนภาค 3","กองกำกับการตำรวจตระเวนชายแดนที่ 34","","","","7263043421","ศกร.ตชด.บ้านวะกะเลโค๊ะ *(เอ็ม เอส ไอ จี อุปถัมภ์)","16/05/2546","1.1.2,1.2.4,2.5.1","3","1.1.2,1.2.4,2.5.1"
"2567","11. 2567 REP004-IMPROVEMENT 12 - ตารางสรุปรายงานมาตรฐานแต่ละด้าน พร้อมจำนวนข้อที่ต้องปรับปรุง และจำนวนเด็กที่ผ่านเกณฑ์.xls","97","สำนักงานตำรวจแห่งชาติ","กองบัญชาการตำรวจตระเวนชายแดน","กองบังคับการตำรวจตระเวนชายแดนภาค 3","กองกำกับการตำรวจตระเวนชายแดนที่ 34","","","","7263043422","ศกร.ตชด.บ้านเลผะสุคี *","16/05/2546","","0",""
"2567","11. 2567 REP004-IMPROVEMENT 12 - ตารางสรุปรายงานมาตรฐานแต่ละด้าน พร้อมจำนวนข้อที่ต้องปรับปรุง และจำนวนเด็กที่ผ่านเกณฑ์.xls","98","สำนักงานตำรวจแห่งชาติ","กองบัญชาการตำรวจตระเวนชายแดน","กองบังคับการตำรวจตระเวนชายแดนภาค 3","กองกำกับการตำรวจตระเวนชายแดนที่ 34","","","","7263043427","ศกร.ตชด.บ้านห้วยสลุง","16/05/2560","","0",""
"2567","11. 2567 REP004-IMPROVEMENT 12 - ตารางสรุปรายงานมาตรฐานแต่ละด้าน พร้อมจำนวนข้อที่ต้องปรับปรุง และจำนวนเด็กที่ผ่านเกณฑ์.xls","99","สำนักงานตำรวจแห่งชาติ","กองบัญชาการตำรวจตระเวนชายแดน","กองบังคับการตำรวจตระเวนชายแดนภาค 3","กองกำกับการตำรวจตระเวนชายแดนที่ 34","","","","7263043428","ศูนย์การเรียนตำรวจตระเวนชายแดนธนาคารออมสินอุปถัมภ์ (บ้านเทอคี)","14/06/2564","","0",""
"2567","11. 2567 REP004-IMPROVEMENT 12 - ตารางสรุปรายงานมาตรฐานแต่ละด้าน พร้อมจำนวนข้อที่ต้องปรับปรุง และจำนวนเด็กที่ผ่านเกณฑ์.xls","100","สำนักงานตำรวจแห่งชาติ","กองบัญชาการตำรวจตระเวนชายแดน","กองบังคับการตำรวจตระเวนชายแดนภาค 3","กองกำกับการตำรวจตระเวนชายแดนที่ 34","","","","7263053402","รร.ตชด.จุฬา - ธรรมศาสตร์ 3","07/09/2515","","0",""
"2567","11. 2567 REP004-IMPROVEMENT 12 - ตารางสรุปรายงานมาตรฐานแต่ละด้าน พร้อมจำนวนข้อที่ต้องปรับปรุง และจำนวนเด็กที่ผ่านเกณฑ์.xls","101","สำนักงานตำรวจแห่งชาติ","กองบัญชาการตำรวจตระเวนชายแดน","กองบังคับการตำรวจตระเวนชายแดนภาค 3","กองกำกับการตำรวจตระเวนชายแดนที่ 34","","","","7263053404","รร.ตชด.เทคนิคอาสา 1","15/03/2528","1.2.3","1","1.2.3"
"2567","11. 2567 REP004-IMPROVEMENT 12 - ตารางสรุปรายงานมาตรฐานแต่ละด้าน พร้อมจำนวนข้อที่ต้องปรับปรุง และจำนวนเด็กที่ผ่านเกณฑ์.xls","102","สำนักงานตำรวจแห่งชาติ","กองบัญชาการตำรวจตระเวนชายแดน","กองบังคับการตำรวจตระเวนชายแดนภาค 3","กองกำกับการตำรวจตระเวนชายแดนที่ 34","","","","7263053409","รร.ตชด.บ้านกามาผาโด้","16/05/2526","","0",""
"2567","11. 2567 REP004-IMPROVEMENT 12 - ตารางสรุปรายงานมาตรฐานแต่ละด้าน พร้อมจำนวนข้อที่ต้องปรับปรุง และจำนวนเด็กที่ผ่านเกณฑ์.xls","103","สำนักงานตำรวจแห่งชาติ","กองบัญชาการตำรวจตระเวนชายแดน","กองบังคับการตำรวจตระเวนชายแดนภาค 3","กองกำกับการตำรวจตระเวนชายแดนที่ 34","","","","7263053416","ศกร.ตชด.บ้านพอบือละคี *","16/05/2545","","0",""
"2567","11. 2567 REP004-IMPROVEMENT 12 - ตารางสรุปรายงานมาตรฐานแต่ละด้าน พร้อมจำนวนข้อที่ต้องปรับปรุง และจำนวนเด็กที่ผ่านเกณฑ์.xls","104","สำนักงานตำรวจแห่งชาติ","กองบัญชาการตำรวจตระเวนชายแดน","กองบังคับการตำรวจตระเวนชายแดนภาค 3","กองกำกับการตำรวจตระเวนชายแดนที่ 34","","","","7263053417","ศกร.ตชด.บ้านแม่หละคี *","08/02/2566","","0",""
"2567","11. 2567 REP004-IMPROVEMENT 12 - ตารางสรุปรายงานมาตรฐานแต่ละด้าน พร้อมจำนวนข้อที่ต้องปรับปรุง และจำนวนเด็กที่ผ่านเกณฑ์.xls","105","สำนักงานตำรวจแห่งชาติ","กองบัญชาการตำรวจตระเวนชายแดน","กองบังคับการตำรวจตระเวนชายแดนภาค 3","กองกำกับการตำรวจตระเวนชายแดนที่ 34","","","","7263053423","ศกร.ตชด.บ้านเลโพเด *","16/05/2545","","0",""
"2567","11. 2567 REP004-IMPROVEMENT 12 - ตารางสรุปรายงานมาตรฐานแต่ละด้าน พร้อมจำนวนข้อที่ต้องปรับปรุง และจำนวนเด็กที่ผ่านเกณฑ์.xls","106","สำนักงานตำรวจแห่งชาติ","กองบัญชาการตำรวจตระเวนชายแดน","กองบังคับการตำรวจตระเวนชายแดนภาค 3","กองกำกับการตำรวจตระเวนชายแดนที่ 34","","","","7263053424","ศกร.ตชด.บ้านตีนดอย *","30/01/2547","","0",""
"2567","11. 2567 REP004-IMPROVEMENT 12 - ตารางสรุปรายงานมาตรฐานแต่ละด้าน พร้อมจำนวนข้อที่ต้องปรับปรุง และจำนวนเด็กที่ผ่านเกณฑ์.xls","107","สำนักงานตำรวจแห่งชาติ","กองบัญชาการตำรวจตระเวนชายแดน","กองบังคับการตำรวจตระเวนชายแดนภาค 3","กองกำกับการตำรวจตระเวนชายแดนที่ 34","","","","7263063412","รร.ตชด.ท่านผู้หญิงทวี มณีนุตร","01/05/2541","1.4.6","1","1.4.6"
"2567","11. 2567 REP004-IMPROVEMENT 12 - ตารางสรุปรายงานมาตรฐานแต่ละด้าน พร้อมจำนวนข้อที่ต้องปรับปรุง และจำนวนเด็กที่ผ่านเกณฑ์.xls","108","สำนักงานตำรวจแห่งชาติ","กองบัญชาการตำรวจตระเวนชายแดน","กองบังคับการตำรวจตระเวนชายแดนภาค 3","กองกำกับการตำรวจตระเวนชายแดนที่ 34","","","","7263063425","รร.ตชด.ศาสตราจารย์สำเภา-ไพวรรณ วรางกูร","16/05/2557","1.2.3","1","1.2.3"
"2567","11. 2567 REP004-IMPROVEMENT 12 - ตารางสรุปรายงานมาตรฐานแต่ละด้าน พร้อมจำนวนข้อที่ต้องปรับปรุง และจำนวนเด็กที่ผ่านเกณฑ์.xls","109","สำนักงานตำรวจแห่งชาติ","กองบัญชาการตำรวจตระเวนชายแดน","กองบังคับการตำรวจตระเวนชายแดนภาค 3","กองกำกับการตำรวจตระเวนชายแดนที่ 34","","","","7263083408","รร.ตชด.บ้านแม่จันทะ","19/07/2539","3.1.3ข,3.5.2ข","2","3.1.3,3.5.2"
"2567","11. 2567 REP004-IMPROVEMENT 12 - ตารางสรุปรายงานมาตรฐานแต่ละด้าน พร้อมจำนวนข้อที่ต้องปรับปรุง และจำนวนเด็กที่ผ่านเกณฑ์.xls","110","สำนักงานตำรวจแห่งชาติ","กองบัญชาการตำรวจตระเวนชายแดน","กองบังคับการตำรวจตระเวนชายแดนภาค 3","กองกำกับการตำรวจตระเวนชายแดนที่ 34","","","","7263083411","รร.ตชด.เฉลิมพระเกียรติ 7 รอบฯ (บ้านหม่องกั๊วะ จังหวัดตาก)","13/04/2556","","0",""
"2567","11. 2567 REP004-IMPROVEMENT 12 - ตารางสรุปรายงานมาตรฐานแต่ละด้าน พร้อมจำนวนข้อที่ต้องปรับปรุง และจำนวนเด็กที่ผ่านเกณฑ์.xls","111","สำนักงานตำรวจแห่งชาติ","กองบัญชาการตำรวจตระเวนชายแดน","กองบังคับการตำรวจตระเวนชายแดนภาค 3","กองกำกับการตำรวจตระเวนชายแดนที่ 31","","","","7265023104","รร.ตชด.อาทรอุทิศ","18/08/2522","","0",""
"2567","11. 2567 REP004-IMPROVEMENT 12 - ตารางสรุปรายงานมาตรฐานแต่ละด้าน พร้อมจำนวนข้อที่ต้องปรับปรุง และจำนวนเด็กที่ผ่านเกณฑ์.xls","112","สำนักงานตำรวจแห่งชาติ","กองบัญชาการตำรวจตระเวนชายแดน","กองบังคับการตำรวจตระเวนชายแดนภาค 3","กองกำกับการตำรวจตระเวนชายแดนที่ 31","","","","7265033102","รร.ตชด.บ้านลาดเรือ","22/07/2516","","0",""
"2567","11. 2567 REP004-IMPROVEMENT 12 - ตารางสรุปรายงานมาตรฐานแต่ละด้าน พร้อมจำนวนข้อที่ต้องปรับปรุง และจำนวนเด็กที่ผ่านเกณฑ์.xls","113","สำนักงานตำรวจแห่งชาติ","กองบัญชาการตำรวจตระเวนชายแดน","กองบังคับการตำรวจตระเวนชายแดนภาค 3","กองกำกับการตำรวจตระเวนชายแดนที่ 31","","","","7265033106","รร.ตชด.บ้านรักไทย","23/07/2534","","0",""
"2567","11. 2567 REP004-IMPROVEMENT 12 - ตารางสรุปรายงานมาตรฐานแต่ละด้าน พร้อมจำนวนข้อที่ต้องปรับปรุง และจำนวนเด็กที่ผ่านเกณฑ์.xls","114","สำนักงานตำรวจแห่งชาติ","กองบัญชาการตำรวจตระเวนชายแดน","กองบังคับการตำรวจตระเวนชายแดนภาค 3","กองกำกับการตำรวจตระเวนชายแดนที่ 31","","","","7265033107","รร.ตชด.บ้านนุชเทียน","15/07/2536","1.2.2,1.2.3","2","1.2.2,1.2.3"
"2567","11. 2567 REP004-IMPROVEMENT 12 - ตารางสรุปรายงานมาตรฐานแต่ละด้าน พร้อมจำนวนข้อที่ต้องปรับปรุง และจำนวนเด็กที่ผ่านเกณฑ์.xls","115","สำนักงานตำรวจแห่งชาติ","กองบัญชาการตำรวจตระเวนชายแดน","กองบังคับการตำรวจตระเวนชายแดนภาค 3","กองกำกับการตำรวจตระเวนชายแดนที่ 31","","","","7267023103","รร.ตชด.บ้านโป่งตะแบก","14/07/2564","","0",""
"2567","11. 2567 REP004-IMPROVEMENT 12 - ตารางสรุปรายงานมาตรฐานแต่ละด้าน พร้อมจำนวนข้อที่ต้องปรับปรุง และจำนวนเด็กที่ผ่านเกณฑ์.xls","116","สำนักงานตำรวจแห่งชาติ","กองบัญชาการตำรวจตระเวนชายแดน","กองบังคับการตำรวจตระเวนชายแดนภาค 1","กองกำกับการตำรวจตระเวนชายแดนที่ 13","","","","7270031306","รร.ตชด.ตะโกปิดทอง","01/07/2563","","0",""
"2567","11. 2567 REP004-IMPROVEMENT 12 - ตารางสรุปรายงานมาตรฐานแต่ละด้าน พร้อมจำนวนข้อที่ต้องปรับปรุง และจำนวนเด็กที่ผ่านเกณฑ์.xls","117","สำนักงานตำรวจแห่งชาติ","กองบัญชาการตำรวจตระเวนชายแดน","กองบังคับการตำรวจตระเวนชายแดนภาค 1","กองกำกับการตำรวจตระเวนชายแดนที่ 13","","","","7270031309","รร.ตชด.บ้านถ้ำหิน","12/07/2564","","0",""
"2567","11. 2567 REP004-IMPROVEMENT 12 - ตารางสรุปรายงานมาตรฐานแต่ละด้าน พร้อมจำนวนข้อที่ต้องปรับปรุง และจำนวนเด็กที่ผ่านเกณฑ์.xls","118","สำนักงานตำรวจแห่งชาติ","กองบัญชาการตำรวจตระเวนชายแดน","กองบังคับการตำรวจตระเวนชายแดนภาค 1","กองกำกับการตำรวจตระเวนชายแดนที่ 13","","","","7271021305","รร.ตชด.บ้านแม่น้ำน้อย","26/01/2566","","0",""
"2567","11. 2567 REP004-IMPROVEMENT 12 - ตารางสรุปรายงานมาตรฐานแต่ละด้าน พร้อมจำนวนข้อที่ต้องปรับปรุง และจำนวนเด็กที่ผ่านเกณฑ์.xls","119","สำนักงานตำรวจแห่งชาติ","กองบัญชาการตำรวจตระเวนชายแดน","กองบังคับการตำรวจตระเวนชายแดนภาค 1","กองกำกับการตำรวจตระเวนชายแดนที่ 13","","","","7271021307","รร.ตชด.เฮงเค็ลไทย","23/05/2526","","0",""
"2567","11. 2567 REP004-IMPROVEMENT 12 - ตารางสรุปรายงานมาตรฐานแต่ละด้าน พร้อมจำนวนข้อที่ต้องปรับปรุง และจำนวนเด็กที่ผ่านเกณฑ์.xls","120","สำนักงานตำรวจแห่งชาติ","กองบัญชาการตำรวจตระเวนชายแดน","กองบังคับการตำรวจตระเวนชายแดนภาค 1","กองกำกับการตำรวจตระเวนชายแดนที่ 13","","","","7271021308","รร.ตชด.ต้นมะม่วง","13/03/2567","","0",""
"2567","11. 2567 REP004-IMPROVEMENT 12 - ตารางสรุปรายงานมาตรฐานแต่ละด้าน พร้อมจำนวนข้อที่ต้องปรับปรุง และจำนวนเด็กที่ผ่านเกณฑ์.xls","121","สำนักงานตำรวจแห่งชาติ","กองบัญชาการตำรวจตระเวนชายแดน","กองบังคับการตำรวจตระเวนชายแดนภาค 1","กองกำกับการตำรวจตระเวนชายแดนที่ 13","","","","7271021313","รร.ตชด.วัดสุธาสินี","06/07/2564","","0",""
"2567","11. 2567 REP004-IMPROVEMENT 12 - ตารางสรุปรายงานมาตรฐานแต่ละด้าน พร้อมจำนวนข้อที่ต้องปรับปรุง และจำนวนเด็กที่ผ่านเกณฑ์.xls","122","สำนักงานตำรวจแห่งชาติ","กองบัญชาการตำรวจตระเวนชายแดน","กองบังคับการตำรวจตระเวนชายแดนภาค 1","กองกำกับการตำรวจตระเวนชายแดนที่ 13","","","","7271041303","รร.ตชด.มิตรมวลชน 2","17/05/2553","","0",""
"2567","11. 2567 REP004-IMPROVEMENT 12 - ตารางสรุปรายงานมาตรฐานแต่ละด้าน พร้อมจำนวนข้อที่ต้องปรับปรุง และจำนวนเด็กที่ผ่านเกณฑ์.xls","123","สำนักงานตำรวจแห่งชาติ","กองบัญชาการตำรวจตระเวนชายแดน","กองบังคับการตำรวจตระเวนชายแดนภาค 1","กองกำกับการตำรวจตระเวนชายแดนที่ 13","","","","7271041316","ศูนย์การเรียนตำรวจตระเวนชายแดนปูนอินทรี-มูลนิธิกรุงศรี(บ้านไกรเกรียง)","15/05/2560","","0",""
"2567","11. 2567 REP004-IMPROVEMENT 12 - ตารางสรุปรายงานมาตรฐานแต่ละด้าน พร้อมจำนวนข้อที่ต้องปรับปรุง และจำนวนเด็กที่ผ่านเกณฑ์.xls","124","สำนักงานตำรวจแห่งชาติ","กองบัญชาการตำรวจตระเวนชายแดน","กองบังคับการตำรวจตระเวนชายแดนภาค 1","กองกำกับการตำรวจตระเวนชายแดนที่ 13","","","","7271071304","รร.ตชด.วิจิตรวิทยาคาร","11/04/2569","","0",""
"2567","11. 2567 REP004-IMPROVEMENT 12 - ตารางสรุปรายงานมาตรฐานแต่ละด้าน พร้อมจำนวนข้อที่ต้องปรับปรุง และจำนวนเด็กที่ผ่านเกณฑ์.xls","125","สำนักงานตำรวจแห่งชาติ","กองบัญชาการตำรวจตระเวนชายแดน","กองบังคับการตำรวจตระเวนชายแดนภาค 1","กองกำกับการตำรวจตระเวนชายแดนที่ 13","","","","7271071312","รร.ตชด.บ้านปิล๊อกคี่","","","0",""
"2567","11. 2567 REP004-IMPROVEMENT 12 - ตารางสรุปรายงานมาตรฐานแต่ละด้าน พร้อมจำนวนข้อที่ต้องปรับปรุง และจำนวนเด็กที่ผ่านเกณฑ์.xls","126","สำนักงานตำรวจแห่งชาติ","กองบัญชาการตำรวจตระเวนชายแดน","กองบังคับการตำรวจตระเวนชายแดนภาค 1","กองกำกับการตำรวจตระเวนชายแดนที่ 13","","","","7271071314","ศกร.ตชด.หลวงประกอบนิติสารและท่านผู้หญิงถวิล","24/02/2557","","0",""
"2567","11. 2567 REP004-IMPROVEMENT 12 - ตารางสรุปรายงานมาตรฐานแต่ละด้าน พร้อมจำนวนข้อที่ต้องปรับปรุง และจำนวนเด็กที่ผ่านเกณฑ์.xls","127","สำนักงานตำรวจแห่งชาติ","กองบัญชาการตำรวจตระเวนชายแดน","กองบังคับการตำรวจตระเวนชายแดนภาค 1","กองกำกับการตำรวจตระเวนชายแดนที่ 13","","","","7271081301","รร.ตชด.สหธนาคารกรุงเทพ","26/08/2513","","0",""
"2567","11. 2567 REP004-IMPROVEMENT 12 - ตารางสรุปรายงานมาตรฐานแต่ละด้าน พร้อมจำนวนข้อที่ต้องปรับปรุง และจำนวนเด็กที่ผ่านเกณฑ์.xls","128","สำนักงานตำรวจแห่งชาติ","กองบัญชาการตำรวจตระเวนชายแดน","กองบังคับการตำรวจตระเวนชายแดนภาค 1","กองกำกับการตำรวจตระเวนชายแดนที่ 13","","","","7271081302","รร.ตชด.สุนทรเวช","13/07/2564","","0",""
"2567","11. 2567 REP004-IMPROVEMENT 12 - ตารางสรุปรายงานมาตรฐานแต่ละด้าน พร้อมจำนวนข้อที่ต้องปรับปรุง และจำนวนเด็กที่ผ่านเกณฑ์.xls","129","สำนักงานตำรวจแห่งชาติ","กองบัญชาการตำรวจตระเวนชายแดน","กองบังคับการตำรวจตระเวนชายแดนภาค 1","กองกำกับการตำรวจตระเวนชายแดนที่ 13","","","","7271081310","รร.ตชด.บ้านเรดาร์ *","15/07/2564","","0",""
"2567","11. 2567 REP004-IMPROVEMENT 12 - ตารางสรุปรายงานมาตรฐานแต่ละด้าน พร้อมจำนวนข้อที่ต้องปรับปรุง และจำนวนเด็กที่ผ่านเกณฑ์.xls","130","สำนักงานตำรวจแห่งชาติ","กองบัญชาการตำรวจตระเวนชายแดน","กองบังคับการตำรวจตระเวนชายแดนภาค 1","กองกำกับการตำรวจตระเวนชายแดนที่ 13","","","","7271081311","รร.ตชด.บ้านทิไล่ป้า","19/05/2540","","0",""
"2567","11. 2567 REP004-IMPROVEMENT 12 - ตารางสรุปรายงานมาตรฐานแต่ละด้าน พร้อมจำนวนข้อที่ต้องปรับปรุง และจำนวนเด็กที่ผ่านเกณฑ์.xls","131","สำนักงานตำรวจแห่งชาติ","กองบัญชาการตำรวจตระเวนชายแดน","กองบังคับการตำรวจตระเวนชายแดนภาค 1","กองกำกับการตำรวจตระเวนชายแดนที่ 13","","","","7271081315","ศกร.ตชด.ท่านผู้หญิงมณีรัตน์ บุนนาค","","","0",""
"2567","11. 2567 REP004-IMPROVEMENT 12 - ตารางสรุปรายงานมาตรฐานแต่ละด้าน พร้อมจำนวนข้อที่ต้องปรับปรุง และจำนวนเด็กที่ผ่านเกณฑ์.xls","132","สำนักงานตำรวจแห่งชาติ","กองบัญชาการตำรวจตระเวนชายแดน","กองบังคับการตำรวจตระเวนชายแดนภาค 1","กองกำกับการตำรวจตระเวนชายแดนที่ 14","","","","7276081405","รร.ตชด.นเรศวรบ้านห้วยโสก","01/01/2528","","0",""
"2567","11. 2567 REP004-IMPROVEMENT 12 - ตารางสรุปรายงานมาตรฐานแต่ละด้าน พร้อมจำนวนข้อที่ต้องปรับปรุง และจำนวนเด็กที่ผ่านเกณฑ์.xls","133","สำนักงานตำรวจแห่งชาติ","กองบัญชาการตำรวจตระเวนชายแดน","กองบังคับการตำรวจตระเวนชายแดนภาค 1","กองกำกับการตำรวจตระเวนชายแดนที่ 14","","","","7276081406","รร.ตชด.บ้านโป่งลึก *","09/04/2564","1.2.3","1","1.2.3"
"2567","11. 2567 REP004-IMPROVEMENT 12 - ตารางสรุปรายงานมาตรฐานแต่ละด้าน พร้อมจำนวนข้อที่ต้องปรับปรุง และจำนวนเด็กที่ผ่านเกณฑ์.xls","134","สำนักงานตำรวจแห่งชาติ","กองบัญชาการตำรวจตระเวนชายแดน","กองบังคับการตำรวจตระเวนชายแดนภาค 1","กองกำกับการตำรวจตระเวนชายแดนที่ 14","","","","7276081412","ศกร.ตชด.อินทรีอาสา","01/07/2563","","0",""
"2567","11. 2567 REP004-IMPROVEMENT 12 - ตารางสรุปรายงานมาตรฐานแต่ละด้าน พร้อมจำนวนข้อที่ต้องปรับปรุง และจำนวนเด็กที่ผ่านเกณฑ์.xls","135","สำนักงานตำรวจแห่งชาติ","กองบัญชาการตำรวจตระเวนชายแดน","กองบังคับการตำรวจตระเวนชายแดนภาค 1","กองกำกับการตำรวจตระเวนชายแดนที่ 14","","","","7277021403","รร.ตชด.บ้านย่านซื่อ","23/07/2524","","0",""
"2567","11. 2567 REP004-IMPROVEMENT 12 - ตารางสรุปรายงานมาตรฐานแต่ละด้าน พร้อมจำนวนข้อที่ต้องปรับปรุง และจำนวนเด็กที่ผ่านเกณฑ์.xls","136","สำนักงานตำรวจแห่งชาติ","กองบัญชาการตำรวจตระเวนชายแดน","กองบังคับการตำรวจตระเวนชายแดนภาค 1","กองกำกับการตำรวจตระเวนชายแดนที่ 14","","","","7277051411","ศกร.ตชด.บ้านคีรีล้อม","16/05/2557","","0",""
"2567","11. 2567 REP004-IMPROVEMENT 12 - ตารางสรุปรายงานมาตรฐานแต่ละด้าน พร้อมจำนวนข้อที่ต้องปรับปรุง และจำนวนเด็กที่ผ่านเกณฑ์.xls","137","สำนักงานตำรวจแห่งชาติ","กองบัญชาการตำรวจตระเวนชายแดน","กองบังคับการตำรวจตระเวนชายแดนภาค 1","กองกำกับการตำรวจตระเวนชายแดนที่ 14","","","","7277061401","รร.ตชด.บ้านเขาจ้าว","21/04/2521","1.2.3","1","1.2.3"
"2567","11. 2567 REP004-IMPROVEMENT 12 - ตารางสรุปรายงานมาตรฐานแต่ละด้าน พร้อมจำนวนข้อที่ต้องปรับปรุง และจำนวนเด็กที่ผ่านเกณฑ์.xls","138","สำนักงานตำรวจแห่งชาติ","กองบัญชาการตำรวจตระเวนชายแดน","กองบังคับการตำรวจตระเวนชายแดนภาค 1","กองกำกับการตำรวจตระเวนชายแดนที่ 14","","","","7277061407","รร.ตชด.บ้านท่าวังหิน","22/05/2534","1.2.3","1","1.2.3"
"2567","11. 2567 REP004-IMPROVEMENT 12 - ตารางสรุปรายงานมาตรฐานแต่ละด้าน พร้อมจำนวนข้อที่ต้องปรับปรุง และจำนวนเด็กที่ผ่านเกณฑ์.xls","139","สำนักงานตำรวจแห่งชาติ","กองบัญชาการตำรวจตระเวนชายแดน","กองบังคับการตำรวจตระเวนชายแดนภาค 1","กองกำกับการตำรวจตระเวนชายแดนที่ 14","","","","7277071404","รร.ตชด.นเรศวรป่าละอู","13/10/2525","","0",""
"2567","11. 2567 REP004-IMPROVEMENT 12 - ตารางสรุปรายงานมาตรฐานแต่ละด้าน พร้อมจำนวนข้อที่ต้องปรับปรุง และจำนวนเด็กที่ผ่านเกณฑ์.xls","140","สำนักงานตำรวจแห่งชาติ","กองบัญชาการตำรวจตระเวนชายแดน","กองบังคับการตำรวจตระเวนชายแดนภาค 1","กองกำกับการตำรวจตระเวนชายแดนที่ 14","","","","7277071408","รร.ตชด.บ้านแพรกตะคร้อ","06/08/2563","","0",""
"2567","11. 2567 REP004-IMPROVEMENT 12 - ตารางสรุปรายงานมาตรฐานแต่ละด้าน พร้อมจำนวนข้อที่ต้องปรับปรุง และจำนวนเด็กที่ผ่านเกณฑ์.xls","141","สำนักงานตำรวจแห่งชาติ","กองบัญชาการตำรวจตระเวนชายแดน","กองบังคับการตำรวจตระเวนชายแดนภาค 1","กองกำกับการตำรวจตระเวนชายแดนที่ 14","","","","7277071409","รร.ตชด.บ้านคลองน้อย","26/03/2568","","0",""
"2567","11. 2567 REP004-IMPROVEMENT 12 - ตารางสรุปรายงานมาตรฐานแต่ละด้าน พร้อมจำนวนข้อที่ต้องปรับปรุง และจำนวนเด็กที่ผ่านเกณฑ์.xls","142","สำนักงานตำรวจแห่งชาติ","กองบัญชาการตำรวจตระเวนชายแดน","กองบังคับการตำรวจตระเวนชายแดนภาค 1","กองกำกับการตำรวจตระเวนชายแดนที่ 14","","","","7277081410","รร.ตชด.บ้านป่าหมาก","01/11/2542","","0",""
"2567","11. 2567 REP004-IMPROVEMENT 12 - ตารางสรุปรายงานมาตรฐานแต่ละด้าน พร้อมจำนวนข้อที่ต้องปรับปรุง และจำนวนเด็กที่ผ่านเกณฑ์.xls","143","สำนักงานตำรวจแห่งชาติ","กองบัญชาการตำรวจตระเวนชายแดน","กองบังคับการตำรวจตระเวนชายแดนภาค 4","กองกำกับการตำรวจตระเวนชายแดนที่ 42","","","","7280074207","ศกร.ตชด.บ้านหลังอ้ายหมี","16/05/2557","","0",""
"2567","11. 2567 REP004-IMPROVEMENT 12 - ตารางสรุปรายงานมาตรฐานแต่ละด้าน พร้อมจำนวนข้อที่ต้องปรับปรุง และจำนวนเด็กที่ผ่านเกณฑ์.xls","144","สำนักงานตำรวจแห่งชาติ","กองบัญชาการตำรวจตระเวนชายแดน","กองบังคับการตำรวจตระเวนชายแดนภาค 4","กองกำกับการตำรวจตระเวนชายแดนที่ 42","","","","7280084205","ศกร.ตชด.บ้านห้วยตง","16/05/2557","","0",""
"2567","11. 2567 REP004-IMPROVEMENT 12 - ตารางสรุปรายงานมาตรฐานแต่ละด้าน พร้อมจำนวนข้อที่ต้องปรับปรุง และจำนวนเด็กที่ผ่านเกณฑ์.xls","145","สำนักงานตำรวจแห่งชาติ","กองบัญชาการตำรวจตระเวนชายแดน","กองบังคับการตำรวจตระเวนชายแดนภาค 4","กองกำกับการตำรวจตระเวนชายแดนที่ 42","","","","7280134204","รร.ตชด.บ้านเขาวัง","15/05/2566","1.2.2,1.3.7,1.3.8,1.4.4,1.5.4,2.5.2","6","1.2.2,1.3.7,1.3.8,1.4.4,1.5.4,2.5.2"
"2567","11. 2567 REP004-IMPROVEMENT 12 - ตารางสรุปรายงานมาตรฐานแต่ละด้าน พร้อมจำนวนข้อที่ต้องปรับปรุง และจำนวนเด็กที่ผ่านเกณฑ์.xls","146","สำนักงานตำรวจแห่งชาติ","กองบัญชาการตำรวจตระเวนชายแดน","กองบังคับการตำรวจตระเวนชายแดนภาค 4","กองกำกับการตำรวจตระเวนชายแดนที่ 42","","","","7281044206","ศกร.ตชด.บ้านแผ่นดินเสมอ","16/05/2557","","0",""
"2567","11. 2567 REP004-IMPROVEMENT 12 - ตารางสรุปรายงานมาตรฐานแต่ละด้าน พร้อมจำนวนข้อที่ต้องปรับปรุง และจำนวนเด็กที่ผ่านเกณฑ์.xls","147","สำนักงานตำรวจแห่งชาติ","กองบัญชาการตำรวจตระเวนชายแดน","กองบังคับการตำรวจตระเวนชายแดนภาค 4","กองกำกับการตำรวจตระเวนชายแดนที่ 41","","","","7282194103","รร.ตชด.บ้านคลองวาย","09/05/2531","","0",""
"2567","11. 2567 REP004-IMPROVEMENT 12 - ตารางสรุปรายงานมาตรฐานแต่ละด้าน พร้อมจำนวนข้อที่ต้องปรับปรุง และจำนวนเด็กที่ผ่านเกณฑ์.xls","148","สำนักงานตำรวจแห่งชาติ","กองบัญชาการตำรวจตระเวนชายแดน","กองบังคับการตำรวจตระเวนชายแดนภาค 4","กองกำกับการตำรวจตระเวนชายแดนที่ 41","","","","7284064111","รร.ตชด.บ้านยางโพรง","","","0",""
"2567","11. 2567 REP004-IMPROVEMENT 12 - ตารางสรุปรายงานมาตรฐานแต่ละด้าน พร้อมจำนวนข้อที่ต้องปรับปรุง และจำนวนเด็กที่ผ่านเกณฑ์.xls","149","สำนักงานตำรวจแห่งชาติ","กองบัญชาการตำรวจตระเวนชายแดน","กองบังคับการตำรวจตระเวนชายแดนภาค 4","กองกำกับการตำรวจตระเวนชายแดนที่ 41","","","","7284074110","รร.ตชด.บ้านกอเตย","16/05/2540","1.2.3","1","1.2.3"
"2567","11. 2567 REP004-IMPROVEMENT 12 - ตารางสรุปรายงานมาตรฐานแต่ละด้าน พร้อมจำนวนข้อที่ต้องปรับปรุง และจำนวนเด็กที่ผ่านเกณฑ์.xls","150","สำนักงานตำรวจแห่งชาติ","กองบัญชาการตำรวจตระเวนชายแดน","กองบังคับการตำรวจตระเวนชายแดนภาค 4","กองกำกับการตำรวจตระเวนชายแดนที่ 41","","","","7284164101","รร.ตชด.เทคนิคมีนบุรีอนุสรณ์ 1","06/07/2530","","0",""
"2567","11. 2567 REP004-IMPROVEMENT 12 - ตารางสรุปรายงานมาตรฐานแต่ละด้าน พร้อมจำนวนข้อที่ต้องปรับปรุง และจำนวนเด็กที่ผ่านเกณฑ์.xls","151","สำนักงานตำรวจแห่งชาติ","กองบัญชาการตำรวจตระเวนชายแดน","กองบังคับการตำรวจตระเวนชายแดนภาค 4","กองกำกับการตำรวจตระเวนชายแดนที่ 41","","","","7284164109","รร.ตชด.บ้านควนสามัคคี","01/07/2563","","0",""
"2567","11. 2567 REP004-IMPROVEMENT 12 - ตารางสรุปรายงานมาตรฐานแต่ละด้าน พร้อมจำนวนข้อที่ต้องปรับปรุง และจำนวนเด็กที่ผ่านเกณฑ์.xls","152","สำนักงานตำรวจแห่งชาติ","กองบัญชาการตำรวจตระเวนชายแดน","กองบังคับการตำรวจตระเวนชายแดนภาค 4","กองกำกับการตำรวจตระเวนชายแดนที่ 41","","","","7286024102","รร.ตชด.สันตินิมิตร","15/07/2546","","0",""
"2567","11. 2567 REP004-IMPROVEMENT 12 - ตารางสรุปรายงานมาตรฐานแต่ละด้าน พร้อมจำนวนข้อที่ต้องปรับปรุง และจำนวนเด็กที่ผ่านเกณฑ์.xls","153","สำนักงานตำรวจแห่งชาติ","กองบัญชาการตำรวจตระเวนชายแดน","กองบังคับการตำรวจตระเวนชายแดนภาค 4","กองกำกับการตำรวจตระเวนชายแดนที่ 41","","","","7286024107","รร.ตชด.บ้านพันวาล","17/05/2564","","0",""
"2567","11. 2567 REP004-IMPROVEMENT 12 - ตารางสรุปรายงานมาตรฐานแต่ละด้าน พร้อมจำนวนข้อที่ต้องปรับปรุง และจำนวนเด็กที่ผ่านเกณฑ์.xls","154","สำนักงานตำรวจแห่งชาติ","กองบัญชาการตำรวจตระเวนชายแดน","กองบังคับการตำรวจตระเวนชายแดนภาค 4","กองกำกับการตำรวจตระเวนชายแดนที่ 41","","","","7286044106","รร.ตชด.บ้านห้วยเหมือง","15/07/2531","","0",""
"2567","11. 2567 REP004-IMPROVEMENT 12 - ตารางสรุปรายงานมาตรฐานแต่ละด้าน พร้อมจำนวนข้อที่ต้องปรับปรุง และจำนวนเด็กที่ผ่านเกณฑ์.xls","155","สำนักงานตำรวจแห่งชาติ","กองบัญชาการตำรวจตระเวนชายแดน","กองบังคับการตำรวจตระเวนชายแดนภาค 4","กองกำกับการตำรวจตระเวนชายแดนที่ 41","","","","7286054105","รร.ตชด.สิริราษฎร์","01/02/2531","","0",""
"2567","11. 2567 REP004-IMPROVEMENT 12 - ตารางสรุปรายงานมาตรฐานแต่ละด้าน พร้อมจำนวนข้อที่ต้องปรับปรุง และจำนวนเด็กที่ผ่านเกณฑ์.xls","156","สำนักงานตำรวจแห่งชาติ","กองบัญชาการตำรวจตระเวนชายแดน","กองบังคับการตำรวจตระเวนชายแดนภาค 4","กองกำกับการตำรวจตระเวนชายแดนที่ 41","","","","7286054108","รร.ตชด.บ้านสวนเพชร","13/05/2532","","0",""
"2567","11. 2567 REP004-IMPROVEMENT 12 - ตารางสรุปรายงานมาตรฐานแต่ละด้าน พร้อมจำนวนข้อที่ต้องปรับปรุง และจำนวนเด็กที่ผ่านเกณฑ์.xls","157","สำนักงานตำรวจแห่งชาติ","กองบัญชาการตำรวจตระเวนชายแดน","กองบังคับการตำรวจตระเวนชายแดนภาค 4","กองกำกับการตำรวจตระเวนชายแดนที่ 41","","","","7286064112","รร.ตชด.บ้านตะแบกงาม (ตันตระเธียรอุปถัมป์)","14/03/2565","3.1.3ข","1","3.1.3"
"2567","11. 2567 REP004-IMPROVEMENT 12 - ตารางสรุปรายงานมาตรฐานแต่ละด้าน พร้อมจำนวนข้อที่ต้องปรับปรุง และจำนวนเด็กที่ผ่านเกณฑ์.xls","158","สำนักงานตำรวจแห่งชาติ","กองบัญชาการตำรวจตระเวนชายแดน","กองบังคับการตำรวจตระเวนชายแดนภาค 4","กองกำกับการตำรวจตระเวนชายแดนที่ 43","","","","7290044303","รร.ตชด.เชิญ  พิศลยบุตร","20/02/2568","","0",""
"2567","11. 2567 REP004-IMPROVEMENT 12 - ตารางสรุปรายงานมาตรฐานแต่ละด้าน พร้อมจำนวนข้อที่ต้องปรับปรุง และจำนวนเด็กที่ผ่านเกณฑ์.xls","159","สำนักงานตำรวจแห่งชาติ","กองบัญชาการตำรวจตระเวนชายแดน","กองบังคับการตำรวจตระเวนชายแดนภาค 4","กองกำกับการตำรวจตระเวนชายแดนที่ 43","","","","7290044310","รร.ตชด.บ้านประกอบออก","29/06/2529","","0",""
"2567","11. 2567 REP004-IMPROVEMENT 12 - ตารางสรุปรายงานมาตรฐานแต่ละด้าน พร้อมจำนวนข้อที่ต้องปรับปรุง และจำนวนเด็กที่ผ่านเกณฑ์.xls","160","สำนักงานตำรวจแห่งชาติ","กองบัญชาการตำรวจตระเวนชายแดน","กองบังคับการตำรวจตระเวนชายแดนภาค 4","กองกำกับการตำรวจตระเวนชายแดนที่ 43","","","","7290064302","รร.ตชด.มหาราช 1","16/05/2566","","0",""
"2567","11. 2567 REP004-IMPROVEMENT 12 - ตารางสรุปรายงานมาตรฐานแต่ละด้าน พร้อมจำนวนข้อที่ต้องปรับปรุง และจำนวนเด็กที่ผ่านเกณฑ์.xls","161","สำนักงานตำรวจแห่งชาติ","กองบัญชาการตำรวจตระเวนชายแดน","กองบังคับการตำรวจตระเวนชายแดนภาค 4","กองกำกับการตำรวจตระเวนชายแดนที่ 43","","","","7290064304","รร.ตชด.บ้านสำนักเอาะ","18/06/2518","","0",""
"2567","11. 2567 REP004-IMPROVEMENT 12 - ตารางสรุปรายงานมาตรฐานแต่ละด้าน พร้อมจำนวนข้อที่ต้องปรับปรุง และจำนวนเด็กที่ผ่านเกณฑ์.xls","162","สำนักงานตำรวจแห่งชาติ","กองบัญชาการตำรวจตระเวนชายแดน","กองบังคับการตำรวจตระเวนชายแดนภาค 4","กองกำกับการตำรวจตระเวนชายแดนที่ 43","","","","7290064308","รร.ตชด.บ้านหาดทราย","26/05/2526","","0",""
"2567","11. 2567 REP004-IMPROVEMENT 12 - ตารางสรุปรายงานมาตรฐานแต่ละด้าน พร้อมจำนวนข้อที่ต้องปรับปรุง และจำนวนเด็กที่ผ่านเกณฑ์.xls","163","สำนักงานตำรวจแห่งชาติ","กองบัญชาการตำรวจตระเวนชายแดน","กองบังคับการตำรวจตระเวนชายแดนภาค 4","กองกำกับการตำรวจตระเวนชายแดนที่ 43","","","","7290104301","รร.ตชด.สื่อมวลชนกีฬา","12/10/2502","","0",""
"2567","11. 2567 REP004-IMPROVEMENT 12 - ตารางสรุปรายงานมาตรฐานแต่ละด้าน พร้อมจำนวนข้อที่ต้องปรับปรุง และจำนวนเด็กที่ผ่านเกณฑ์.xls","164","สำนักงานตำรวจแห่งชาติ","กองบัญชาการตำรวจตระเวนชายแดน","กองบังคับการตำรวจตระเวนชายแดนภาค 4","กองกำกับการตำรวจตระเวนชายแดนที่ 43","","","","7290104305","รร.ตชด.บ้านชายควน","","","0",""
"2567","11. 2567 REP004-IMPROVEMENT 12 - ตารางสรุปรายงานมาตรฐานแต่ละด้าน พร้อมจำนวนข้อที่ต้องปรับปรุง และจำนวนเด็กที่ผ่านเกณฑ์.xls","165","สำนักงานตำรวจแห่งชาติ","กองบัญชาการตำรวจตระเวนชายแดน","กองบังคับการตำรวจตระเวนชายแดนภาค 4","กองกำกับการตำรวจตระเวนชายแดนที่ 43","","","","7290104307","โรงเรียน ตชด.พลตำรวจเอกสมศักดิ์ แขวงโสภา(บ้านทุ่งสบายใจ)","25/03/2568","","0",""
"2567","11. 2567 REP004-IMPROVEMENT 12 - ตารางสรุปรายงานมาตรฐานแต่ละด้าน พร้อมจำนวนข้อที่ต้องปรับปรุง และจำนวนเด็กที่ผ่านเกณฑ์.xls","166","สำนักงานตำรวจแห่งชาติ","กองบัญชาการตำรวจตระเวนชายแดน","กองบังคับการตำรวจตระเวนชายแดนภาค 4","กองกำกับการตำรวจตระเวนชายแดนที่ 43","","","","7290104315","รร.ตชด.บ้านบาโรย","09/11/2541","","0",""
"2567","11. 2567 REP004-IMPROVEMENT 12 - ตารางสรุปรายงานมาตรฐานแต่ละด้าน พร้อมจำนวนข้อที่ต้องปรับปรุง และจำนวนเด็กที่ผ่านเกณฑ์.xls","167","สำนักงานตำรวจแห่งชาติ","กองบัญชาการตำรวจตระเวนชายแดน","กองบังคับการตำรวจตระเวนชายแดนภาค 4","กองกำกับการตำรวจตระเวนชายแดนที่ 43","","","","7290104316","รร.ตชด.พลเอกนวล-คุณหญิงบานชื่น จันทร์ตรี","17/05/2553","","0",""
"2567","11. 2567 REP004-IMPROVEMENT 12 - ตารางสรุปรายงานมาตรฐานแต่ละด้าน พร้อมจำนวนข้อที่ต้องปรับปรุง และจำนวนเด็กที่ผ่านเกณฑ์.xls","168","สำนักงานตำรวจแห่งชาติ","กองบัญชาการตำรวจตระเวนชายแดน","กองบังคับการตำรวจตระเวนชายแดนภาค 4","กองกำกับการตำรวจตระเวนชายแดนที่ 43","","","","7291034311","รร.ตชด.ยูงทองรัฐประชาสรรค์","16/05/2568","","0",""
"2567","11. 2567 REP004-IMPROVEMENT 12 - ตารางสรุปรายงานมาตรฐานแต่ละด้าน พร้อมจำนวนข้อที่ต้องปรับปรุง และจำนวนเด็กที่ผ่านเกณฑ์.xls","169","สำนักงานตำรวจแห่งชาติ","กองบัญชาการตำรวจตระเวนชายแดน","กองบังคับการตำรวจตระเวนชายแดนภาค 4","กองกำกับการตำรวจตระเวนชายแดนที่ 43","","","","7291034314","รร.ตชด.บ้านส้านแดง","","","0",""
"2567","11. 2567 REP004-IMPROVEMENT 12 - ตารางสรุปรายงานมาตรฐานแต่ละด้าน พร้อมจำนวนข้อที่ต้องปรับปรุง และจำนวนเด็กที่ผ่านเกณฑ์.xls","170","สำนักงานตำรวจแห่งชาติ","กองบัญชาการตำรวจตระเวนชายแดน","กองบังคับการตำรวจตระเวนชายแดนภาค 4","กองกำกับการตำรวจตระเวนชายแดนที่ 43","","","","7292044309","รร.ตชด.สันติราษฎร์ประชาบำรุง","14/06/2528","","0",""
"2567","11. 2567 REP004-IMPROVEMENT 12 - ตารางสรุปรายงานมาตรฐานแต่ละด้าน พร้อมจำนวนข้อที่ต้องปรับปรุง และจำนวนเด็กที่ผ่านเกณฑ์.xls","171","สำนักงานตำรวจแห่งชาติ","กองบัญชาการตำรวจตระเวนชายแดน","กองบังคับการตำรวจตระเวนชายแดนภาค 4","กองกำกับการตำรวจตระเวนชายแดนที่ 43","","","","7292044312","รร.ตชด.บ้านหินจอก","05/05/2531","","0",""
"2567","11. 2567 REP004-IMPROVEMENT 12 - ตารางสรุปรายงานมาตรฐานแต่ละด้าน พร้อมจำนวนข้อที่ต้องปรับปรุง และจำนวนเด็กที่ผ่านเกณฑ์.xls","172","สำนักงานตำรวจแห่งชาติ","กองบัญชาการตำรวจตระเวนชายแดน","กองบังคับการตำรวจตระเวนชายแดนภาค 4","กองกำกับการตำรวจตระเวนชายแดนที่ 43","","","","7293104313","รร.ตชด.บ้านควนตะแบก","14/02/2533","","0",""
"2567","11. 2567 REP004-IMPROVEMENT 12 - ตารางสรุปรายงานมาตรฐานแต่ละด้าน พร้อมจำนวนข้อที่ต้องปรับปรุง และจำนวนเด็กที่ผ่านเกณฑ์.xls","173","สำนักงานตำรวจแห่งชาติ","กองบัญชาการตำรวจตระเวนชายแดน","กองบังคับการตำรวจตระเวนชายแดนภาค 4","กองกำกับการตำรวจตระเวนชายแดนที่ 44","","","","7295014412","รร.ตชด.เฉลิมพระเกียรติ 50 พรรษาฯ","14/06/2564","1.2.3,3.1.3ข","2","1.2.3,3.1.3"
"2567","11. 2567 REP004-IMPROVEMENT 12 - ตารางสรุปรายงานมาตรฐานแต่ละด้าน พร้อมจำนวนข้อที่ต้องปรับปรุง และจำนวนเด็กที่ผ่านเกณฑ์.xls","174","สำนักงานตำรวจแห่งชาติ","กองบัญชาการตำรวจตระเวนชายแดน","กองบังคับการตำรวจตระเวนชายแดนภาค 4","กองกำกับการตำรวจตระเวนชายแดนที่ 44","","","","7295034413","ศกร.ตชด.บ้านภักดี","18/05/2558","2.1.1,2.1.2,2.1.3,2.1.4,2.1.5,2.2.1,2.2.2,2.2.3,2.2.4,2.2.5,2.3.1,2.3.2,2.3.3,2.3.4,2.3.5,2.4.1,2.4.2,2.4.3,2.5.1,2.5.2,3.1.1ก,3.2.1ก,3.2.2ก,3.2.3ก,3.2.4ก,3.2.5ก,3.2.6ก,3.1.1ข,3.1.2ข,3.1.3ข,3.2.1ข,3.3.1ข,3.3.2ข,3.4.1ข,3.4.2ข,3.4.3ข,3.5.1ข,3.5.2ข,3.5.3ข,3.","40","2.1.1,2.1.2,2.1.3,2.1.4,2.1.5,2.2.1,2.2.2,2.2.3,2.2.4,2.2.5,2.3.1,2.3.2,2.3.3,2.3.4,2.3.5,2.4.1,2.4.2,2.4.3,2.5.1,2.5.2,3.1.1,3.2.1,3.2.2,3.2.3,3.2.4,3.2.5,3.2.6,3.1.2,3.1.3,3.3.1,3.3.2,3.4.1,3.4.2,3.4.3,3.5.1,3.5.2,3.5.3"
"2567","11. 2567 REP004-IMPROVEMENT 12 - ตารางสรุปรายงานมาตรฐานแต่ละด้าน พร้อมจำนวนข้อที่ต้องปรับปรุง และจำนวนเด็กที่ผ่านเกณฑ์.xls","175","สำนักงานตำรวจแห่งชาติ","กองบัญชาการตำรวจตระเวนชายแดน","กองบังคับการตำรวจตระเวนชายแดนภาค 4","กองกำกับการตำรวจตระเวนชายแดนที่ 44","","","","7295044401","รร.ตชด.สังวาลย์วิท 4","16/05/2510","","0",""
"2567","11. 2567 REP004-IMPROVEMENT 12 - ตารางสรุปรายงานมาตรฐานแต่ละด้าน พร้อมจำนวนข้อที่ต้องปรับปรุง และจำนวนเด็กที่ผ่านเกณฑ์.xls","176","สำนักงานตำรวจแห่งชาติ","กองบัญชาการตำรวจตระเวนชายแดน","กองบังคับการตำรวจตระเวนชายแดนภาค 4","กองกำกับการตำรวจตระเวนชายแดนที่ 44","","","","7295044403","รร.ตชด.นิคมพิทักษ์ราษฎร์","08/07/2564","","0",""
"2567","11. 2567 REP004-IMPROVEMENT 12 - ตารางสรุปรายงานมาตรฐานแต่ละด้าน พร้อมจำนวนข้อที่ต้องปรับปรุง และจำนวนเด็กที่ผ่านเกณฑ์.xls","177","สำนักงานตำรวจแห่งชาติ","กองบัญชาการตำรวจตระเวนชายแดน","กองบังคับการตำรวจตระเวนชายแดนภาค 4","กองกำกับการตำรวจตระเวนชายแดนที่ 44","","","","7295044404","รร.ตชด.บ้านปาโจแมเราะ","01/06/2531","","0",""
"2567","11. 2567 REP004-IMPROVEMENT 12 - ตารางสรุปรายงานมาตรฐานแต่ละด้าน พร้อมจำนวนข้อที่ต้องปรับปรุง และจำนวนเด็กที่ผ่านเกณฑ์.xls","178","สำนักงานตำรวจแห่งชาติ","กองบัญชาการตำรวจตระเวนชายแดน","กองบังคับการตำรวจตระเวนชายแดนภาค 4","กองกำกับการตำรวจตระเวนชายแดนที่ 44","","","","7295054402","รร.ตชด.โรงงานยาสูบ 2","17/07/2517","","0",""
"2567","11. 2567 REP004-IMPROVEMENT 12 - ตารางสรุปรายงานมาตรฐานแต่ละด้าน พร้อมจำนวนข้อที่ต้องปรับปรุง และจำนวนเด็กที่ผ่านเกณฑ์.xls","179","สำนักงานตำรวจแห่งชาติ","กองบัญชาการตำรวจตระเวนชายแดน","กองบังคับการตำรวจตระเวนชายแดนภาค 4","กองกำกับการตำรวจตระเวนชายแดนที่ 44","","","","7296064411","รร.ตชด.การท่าอากาศยานฯ","16/05/2543","","0",""
"2567","11. 2567 REP004-IMPROVEMENT 12 - ตารางสรุปรายงานมาตรฐานแต่ละด้าน พร้อมจำนวนข้อที่ต้องปรับปรุง และจำนวนเด็กที่ผ่านเกณฑ์.xls","180","สำนักงานตำรวจแห่งชาติ","กองบัญชาการตำรวจตระเวนชายแดน","กองบังคับการตำรวจตระเวนชายแดนภาค 4","กองกำกับการตำรวจตระเวนชายแดนที่ 44","","","","7296074407","รร.ตชด.บ้านตืองอช่างกลปทุมวันอนุสรณ์ 13","15/07/2534","","0",""
"2567","11. 2567 REP004-IMPROVEMENT 12 - ตารางสรุปรายงานมาตรฐานแต่ละด้าน พร้อมจำนวนข้อที่ต้องปรับปรุง และจำนวนเด็กที่ผ่านเกณฑ์.xls","181","สำนักงานตำรวจแห่งชาติ","กองบัญชาการตำรวจตระเวนชายแดน","กองบังคับการตำรวจตระเวนชายแดนภาค 4","กองกำกับการตำรวจตระเวนชายแดนที่ 44","","","","7296074408","รร.ตชด.บ้านละโอ","16/05/2536","","0",""
"2567","11. 2567 REP004-IMPROVEMENT 12 - ตารางสรุปรายงานมาตรฐานแต่ละด้าน พร้อมจำนวนข้อที่ต้องปรับปรุง และจำนวนเด็กที่ผ่านเกณฑ์.xls","182","สำนักงานตำรวจแห่งชาติ","กองบัญชาการตำรวจตระเวนชายแดน","กองบังคับการตำรวจตระเวนชายแดนภาค 4","กองกำกับการตำรวจตระเวนชายแดนที่ 44","","","","7296094409","รร.ตชด.บ้านลีนานนท์","18/06/2536","","0",""
"2567","11. 2567 REP004-IMPROVEMENT 12 - ตารางสรุปรายงานมาตรฐานแต่ละด้าน พร้อมจำนวนข้อที่ต้องปรับปรุง และจำนวนเด็กที่ผ่านเกณฑ์.xls","183","สำนักงานตำรวจแห่งชาติ","กองบัญชาการตำรวจตระเวนชายแดน","กองบังคับการตำรวจตระเวนชายแดนภาค 4","กองกำกับการตำรวจตระเวนชายแดนที่ 44","","","","7296124405","รร.ตชด.บ้านไอร์บือแต","13/06/2533","","0",""
"2568","12. 2568 REP004-IMPROVEMENT 12 - ตารางสรุปรายงานมาตรฐานแต่ละด้าน พร้อมจำนวนข้อที่ต้องปรับปรุง และจำนวนเด็กที่ผ่านเกณฑ์.xls","3","สำนักงานตำรวจแห่งชาติ","กองบัญชาการตำรวจตระเวนชายแดน","กองบังคับการตำรวจตระเวนชายแดนภาค 1","กองกำกับการตำรวจตระเวนชายแดนที่ 11","","","","7222051102","รร.ตชด.บ้านคลองมะลิประเวศน์วิทยา","30/07/2529","","0",""
"2568","12. 2568 REP004-IMPROVEMENT 12 - ตารางสรุปรายงานมาตรฐานแต่ละด้าน พร้อมจำนวนข้อที่ต้องปรับปรุง และจำนวนเด็กที่ผ่านเกณฑ์.xls","4","สำนักงานตำรวจแห่งชาติ","กองบัญชาการตำรวจตระเวนชายแดน","กองบังคับการตำรวจตระเวนชายแดนภาค 1","กองกำกับการตำรวจตระเวนชายแดนที่ 11","","","","7222071103","รร.ตชด.สิงคโปร์แอร์ไลน์สฯ","03/03/2530","","0",""
"2568","12. 2568 REP004-IMPROVEMENT 12 - ตารางสรุปรายงานมาตรฐานแต่ละด้าน พร้อมจำนวนข้อที่ต้องปรับปรุง และจำนวนเด็กที่ผ่านเกณฑ์.xls","5","สำนักงานตำรวจแห่งชาติ","กองบัญชาการตำรวจตระเวนชายแดน","กองบังคับการตำรวจตระเวนชายแดนภาค 1","กองกำกับการตำรวจตระเวนชายแดนที่ 11","","","","7222081104","รร.ตชด.บ้านบ่อชะอม","16/05/2568","1.2.3","1","1.2.3"
"2568","12. 2568 REP004-IMPROVEMENT 12 - ตารางสรุปรายงานมาตรฐานแต่ละด้าน พร้อมจำนวนข้อที่ต้องปรับปรุง และจำนวนเด็กที่ผ่านเกณฑ์.xls","6","สำนักงานตำรวจแห่งชาติ","กองบัญชาการตำรวจตระเวนชายแดน","กองบังคับการตำรวจตระเวนชายแดนภาค 1","กองกำกับการตำรวจตระเวนชายแดนที่ 11","","","","7222081105","รร.ตชด.บ้านหางแมว","15/03/2534","3.1.3ข,3.3.2ข","2","3.1.3,3.3.2"
"2568","12. 2568 REP004-IMPROVEMENT 12 - ตารางสรุปรายงานมาตรฐานแต่ละด้าน พร้อมจำนวนข้อที่ต้องปรับปรุง และจำนวนเด็กที่ผ่านเกณฑ์.xls","7","สำนักงานตำรวจแห่งชาติ","กองบัญชาการตำรวจตระเวนชายแดน","กองบังคับการตำรวจตระเวนชายแดนภาค 1","กองกำกับการตำรวจตระเวนชายแดนที่ 11","","","","7222081108","รร.ตชด.บ้านคลองแดง","16/05/2545","","0",""
"2568","12. 2568 REP004-IMPROVEMENT 12 - ตารางสรุปรายงานมาตรฐานแต่ละด้าน พร้อมจำนวนข้อที่ต้องปรับปรุง และจำนวนเด็กที่ผ่านเกณฑ์.xls","8","สำนักงานตำรวจแห่งชาติ","กองบัญชาการตำรวจตระเวนชายแดน","กองบังคับการตำรวจตระเวนชายแดนภาค 1","กองกำกับการตำรวจตระเวนชายแดนที่ 11","","","","7223011106","รร.ตชด.บ้านท่ากุ่ม","01/11/2536","","0",""
"2568","12. 2568 REP004-IMPROVEMENT 12 - ตารางสรุปรายงานมาตรฐานแต่ละด้าน พร้อมจำนวนข้อที่ต้องปรับปรุง และจำนวนเด็กที่ผ่านเกณฑ์.xls","9","สำนักงานตำรวจแห่งชาติ","กองบัญชาการตำรวจตระเวนชายแดน","กองบังคับการตำรวจตระเวนชายแดนภาค 1","กองกำกับการตำรวจตระเวนชายแดนที่ 11","","","","7223031107","รร.ตชด.บ้านเขาฉลาด","16/05/2542","3.1.3ข","1","3.1.3"
"2568","12. 2568 REP004-IMPROVEMENT 12 - ตารางสรุปรายงานมาตรฐานแต่ละด้าน พร้อมจำนวนข้อที่ต้องปรับปรุง และจำนวนเด็กที่ผ่านเกณฑ์.xls","10","สำนักงานตำรวจแห่งชาติ","กองบัญชาการตำรวจตระเวนชายแดน","กองบังคับการตำรวจตระเวนชายแดนภาค 1","กองกำกับการตำรวจตระเวนชายแดนที่ 12","","","","7224081210","รร.ตชด.บ้านนายาว","12/07/2564","","0",""
"2568","12. 2568 REP004-IMPROVEMENT 12 - ตารางสรุปรายงานมาตรฐานแต่ละด้าน พร้อมจำนวนข้อที่ต้องปรับปรุง และจำนวนเด็กที่ผ่านเกณฑ์.xls","11","สำนักงานตำรวจแห่งชาติ","กองบัญชาการตำรวจตระเวนชายแดน","กองบังคับการตำรวจตระเวนชายแดนภาค 1","กองกำกับการตำรวจตระเวนชายแดนที่ 12","","","","7224081211","รร.ตชด.บ้านนาอิสาน","16/05/2560","1.2.3","1","1.2.3"
"2568","12. 2568 REP004-IMPROVEMENT 12 - ตารางสรุปรายงานมาตรฐานแต่ละด้าน พร้อมจำนวนข้อที่ต้องปรับปรุง และจำนวนเด็กที่ผ่านเกณฑ์.xls","12","สำนักงานตำรวจแห่งชาติ","กองบัญชาการตำรวจตระเวนชายแดน","กองบังคับการตำรวจตระเวนชายแดนภาค 1","กองกำกับการตำรวจตระเวนชายแดนที่ 12","","","","7227021205","รร.ตชด.การบินไทย","16/05/2560","","0",""
"2568","12. 2568 REP004-IMPROVEMENT 12 - ตารางสรุปรายงานมาตรฐานแต่ละด้าน พร้อมจำนวนข้อที่ต้องปรับปรุง และจำนวนเด็กที่ผ่านเกณฑ์.xls","13","สำนักงานตำรวจแห่งชาติ","กองบัญชาการตำรวจตระเวนชายแดน","กองบังคับการตำรวจตระเวนชายแดนภาค 1","กองกำกับการตำรวจตระเวนชายแดนที่ 12","","","","7227041208","รร.ตชด.บ้านคลองตะเคียนชัย","","","0",""
"2568","12. 2568 REP004-IMPROVEMENT 12 - ตารางสรุปรายงานมาตรฐานแต่ละด้าน พร้อมจำนวนข้อที่ต้องปรับปรุง และจำนวนเด็กที่ผ่านเกณฑ์.xls","14","สำนักงานตำรวจแห่งชาติ","กองบัญชาการตำรวจตระเวนชายแดน","กองบังคับการตำรวจตระเวนชายแดนภาค 1","กองกำกับการตำรวจตระเวนชายแดนที่ 12","","","","7227061201","รร.ตชด.บ้านเขาสารภี","27/10/2513","","0",""
"2568","12. 2568 REP004-IMPROVEMENT 12 - ตารางสรุปรายงานมาตรฐานแต่ละด้าน พร้อมจำนวนข้อที่ต้องปรับปรุง และจำนวนเด็กที่ผ่านเกณฑ์.xls","15","สำนักงานตำรวจแห่งชาติ","กองบัญชาการตำรวจตระเวนชายแดน","กองบังคับการตำรวจตระเวนชายแดนภาค 1","กองกำกับการตำรวจตระเวนชายแดนที่ 12","","","","7227061206","รร.ตชด.ประชารัฐบำรุง 1","03/06/2568","","0",""
"2568","12. 2568 REP004-IMPROVEMENT 12 - ตารางสรุปรายงานมาตรฐานแต่ละด้าน พร้อมจำนวนข้อที่ต้องปรับปรุง และจำนวนเด็กที่ผ่านเกณฑ์.xls","16","สำนักงานตำรวจแห่งชาติ","กองบัญชาการตำรวจตระเวนชายแดน","กองบังคับการตำรวจตระเวนชายแดนภาค 1","กองกำกับการตำรวจตระเวนชายแดนที่ 12","","","","7227071209","รร.ตชด.บ้านน้ำอ้อม","09/02/2525","","0",""
"2568","12. 2568 REP004-IMPROVEMENT 12 - ตารางสรุปรายงานมาตรฐานแต่ละด้าน พร้อมจำนวนข้อที่ต้องปรับปรุง และจำนวนเด็กที่ผ่านเกณฑ์.xls","17","สำนักงานตำรวจแห่งชาติ","กองบัญชาการตำรวจตระเวนชายแดน","กองบังคับการตำรวจตระเวนชายแดนภาค 1","กองกำกับการตำรวจตระเวนชายแดนที่ 12","","","","7227091202","รร.ตชด.บ้านทุ่งกบินทร์","20/06/2520","","0",""
"2568","12. 2568 REP004-IMPROVEMENT 12 - ตารางสรุปรายงานมาตรฐานแต่ละด้าน พร้อมจำนวนข้อที่ต้องปรับปรุง และจำนวนเด็กที่ผ่านเกณฑ์.xls","18","สำนักงานตำรวจแห่งชาติ","กองบัญชาการตำรวจตระเวนชายแดน","กองบังคับการตำรวจตระเวนชายแดนภาค 1","กองกำกับการตำรวจตระเวนชายแดนที่ 12","","","","7227091203","รร.ตชด.วังศรีทอง","","","0",""
"2568","12. 2568 REP004-IMPROVEMENT 12 - ตารางสรุปรายงานมาตรฐานแต่ละด้าน พร้อมจำนวนข้อที่ต้องปรับปรุง และจำนวนเด็กที่ผ่านเกณฑ์.xls","19","สำนักงานตำรวจแห่งชาติ","กองบัญชาการตำรวจตระเวนชายแดน","กองบังคับการตำรวจตระเวนชายแดนภาค 1","กองกำกับการตำรวจตระเวนชายแดนที่ 12","","","","7227091212","รร.ตชด.พีระยานุเคราะห์ฯ 1","01/06/2538","","0",""
"2568","12. 2568 REP004-IMPROVEMENT 12 - ตารางสรุปรายงานมาตรฐานแต่ละด้าน พร้อมจำนวนข้อที่ต้องปรับปรุง และจำนวนเด็กที่ผ่านเกณฑ์.xls","20","สำนักงานตำรวจแห่งชาติ","กองบัญชาการตำรวจตระเวนชายแดน","กองบังคับการตำรวจตระเวนชายแดนภาค 2","กองกำกับการตำรวจตระเวนชายแดนที่ 21","","","","7232052103","รร.ตชด.พีระยานุเคราะห์ฯ 2","","","0",""
"2568","12. 2568 REP004-IMPROVEMENT 12 - ตารางสรุปรายงานมาตรฐานแต่ละด้าน พร้อมจำนวนข้อที่ต้องปรับปรุง และจำนวนเด็กที่ผ่านเกณฑ์.xls","21","สำนักงานตำรวจแห่งชาติ","กองบัญชาการตำรวจตระเวนชายแดน","กองบังคับการตำรวจตระเวนชายแดนภาค 2","กองกำกับการตำรวจตระเวนชายแดนที่ 21","","","","7232062108","รร.ตชด.ท่านผู้หญิงสุประภาดา  เกษมสันต์","25/01/2535","","0",""
"2568","12. 2568 REP004-IMPROVEMENT 12 - ตารางสรุปรายงานมาตรฐานแต่ละด้าน พร้อมจำนวนข้อที่ต้องปรับปรุง และจำนวนเด็กที่ผ่านเกณฑ์.xls","22","สำนักงานตำรวจแห่งชาติ","กองบัญชาการตำรวจตระเวนชายแดน","กองบังคับการตำรวจตระเวนชายแดนภาค 2","กองกำกับการตำรวจตระเวนชายแดนที่ 21","","","","7232102105","รร.ตชด.บ้านตาตุม","","","0",""
"2568","12. 2568 REP004-IMPROVEMENT 12 - ตารางสรุปรายงานมาตรฐานแต่ละด้าน พร้อมจำนวนข้อที่ต้องปรับปรุง และจำนวนเด็กที่ผ่านเกณฑ์.xls","23","สำนักงานตำรวจแห่งชาติ","กองบัญชาการตำรวจตระเวนชายแดน","กองบังคับการตำรวจตระเวนชายแดนภาค 2","กองกำกับการตำรวจตระเวนชายแดนที่ 21","","","","7232102106","รร.ตชด.บ้านตาแตรว","30/03/2540","","0",""
"2568","12. 2568 REP004-IMPROVEMENT 12 - ตารางสรุปรายงานมาตรฐานแต่ละด้าน พร้อมจำนวนข้อที่ต้องปรับปรุง และจำนวนเด็กที่ผ่านเกณฑ์.xls","24","สำนักงานตำรวจแห่งชาติ","กองบัญชาการตำรวจตระเวนชายแดน","กองบังคับการตำรวจตระเวนชายแดนภาค 2","กองกำกับการตำรวจตระเวนชายแดนที่ 21","","","","7232132102","รร.ตชด.บ้านซำปะโต","16/05/2568","","0",""
"2568","12. 2568 REP004-IMPROVEMENT 12 - ตารางสรุปรายงานมาตรฐานแต่ละด้าน พร้อมจำนวนข้อที่ต้องปรับปรุง และจำนวนเด็กที่ผ่านเกณฑ์.xls","25","สำนักงานตำรวจแห่งชาติ","กองบัญชาการตำรวจตระเวนชายแดน","กองบังคับการตำรวจตระเวนชายแดนภาค 2","กองกำกับการตำรวจตระเวนชายแดนที่ 21","","","","7232132104","รร.ตชด.บ้านรุน","24/04/2568","1.2.3","1","1.2.3"
"2568","12. 2568 REP004-IMPROVEMENT 12 - ตารางสรุปรายงานมาตรฐานแต่ละด้าน พร้อมจำนวนข้อที่ต้องปรับปรุง และจำนวนเด็กที่ผ่านเกณฑ์.xls","26","สำนักงานตำรวจแห่งชาติ","กองบัญชาการตำรวจตระเวนชายแดน","กองบังคับการตำรวจตระเวนชายแดนภาค 2","กองกำกับการตำรวจตระเวนชายแดนที่ 21","","","","7232142101","รร.ตชด.บ้านโคกแสลง","29/04/2566","","0",""
"2568","12. 2568 REP004-IMPROVEMENT 12 - ตารางสรุปรายงานมาตรฐานแต่ละด้าน พร้อมจำนวนข้อที่ต้องปรับปรุง และจำนวนเด็กที่ผ่านเกณฑ์.xls","27","สำนักงานตำรวจแห่งชาติ","กองบัญชาการตำรวจตระเวนชายแดน","กองบังคับการตำรวจตระเวนชายแดนภาค 2","กองกำกับการตำรวจตระเวนชายแดนที่ 22","","","","7234092203","รร.ตชด.บ้านคำสะอาด","25/03/2525","1.2.3","1","1.2.3"
"2568","12. 2568 REP004-IMPROVEMENT 12 - ตารางสรุปรายงานมาตรฐานแต่ละด้าน พร้อมจำนวนข้อที่ต้องปรับปรุง และจำนวนเด็กที่ผ่านเกณฑ์.xls","28","สำนักงานตำรวจแห่งชาติ","กองบัญชาการตำรวจตระเวนชายแดน","กองบังคับการตำรวจตระเวนชายแดนภาค 2","กองกำกับการตำรวจตระเวนชายแดนที่ 22","","","","7234092204","รร.ตชด.บ้านท่าแสนคูณ","27/08/2567","","0",""
"2568","12. 2568 REP004-IMPROVEMENT 12 - ตารางสรุปรายงานมาตรฐานแต่ละด้าน พร้อมจำนวนข้อที่ต้องปรับปรุง และจำนวนเด็กที่ผ่านเกณฑ์.xls","29","สำนักงานตำรวจแห่งชาติ","กองบัญชาการตำรวจตระเวนชายแดน","กองบังคับการตำรวจตระเวนชายแดนภาค 2","กองกำกับการตำรวจตระเวนชายแดนที่ 22","","","","7234092212","ศกร.ตชด.บ้านหนองบัวพัฒนา","16/05/2557","","0",""
"2568","12. 2568 REP004-IMPROVEMENT 12 - ตารางสรุปรายงานมาตรฐานแต่ละด้าน พร้อมจำนวนข้อที่ต้องปรับปรุง และจำนวนเด็กที่ผ่านเกณฑ์.xls","30","สำนักงานตำรวจแห่งชาติ","กองบัญชาการตำรวจตระเวนชายแดน","กองบังคับการตำรวจตระเวนชายแดนภาค 2","กองกำกับการตำรวจตระเวนชายแดนที่ 22","","","","7234102209","รร.ตชด.ศาสตราจารย์ ดอกเตอร์เนวิน สคริมชอว์","23/04/2567","","0",""
"2568","12. 2568 REP004-IMPROVEMENT 12 - ตารางสรุปรายงานมาตรฐานแต่ละด้าน พร้อมจำนวนข้อที่ต้องปรับปรุง และจำนวนเด็กที่ผ่านเกณฑ์.xls","31","สำนักงานตำรวจแห่งชาติ","กองบัญชาการตำรวจตระเวนชายแดน","กองบังคับการตำรวจตระเวนชายแดนภาค 2","กองกำกับการตำรวจตระเวนชายแดนที่ 22","","","","7237022207","รร.ตชด.บ้านห้วยฆ้อง","11/08/2529","3.5.2ข,3.6.1ข,3.6.2ข,3.6.3ข","4","3.5.2,3.6.1,3.6.2,3.6.3"
"2568","12. 2568 REP004-IMPROVEMENT 12 - ตารางสรุปรายงานมาตรฐานแต่ละด้าน พร้อมจำนวนข้อที่ต้องปรับปรุง และจำนวนเด็กที่ผ่านเกณฑ์.xls","32","สำนักงานตำรวจแห่งชาติ","กองบัญชาการตำรวจตระเวนชายแดน","กองบังคับการตำรวจตระเวนชายแดนภาค 2","กองกำกับการตำรวจตระเวนชายแดนที่ 22","","","","7237112213","ศกร.ตชด.บ้านภูดานกอย","18/05/2558","","0",""
"2568","12. 2568 REP004-IMPROVEMENT 12 - ตารางสรุปรายงานมาตรฐานแต่ละด้าน พร้อมจำนวนข้อที่ต้องปรับปรุง และจำนวนเด็กที่ผ่านเกณฑ์.xls","33","สำนักงานตำรวจแห่งชาติ","กองบัญชาการตำรวจตระเวนชายแดน","กองบังคับการตำรวจตระเวนชายแดนภาค 2","กองกำกับการตำรวจตระเวนชายแดนที่ 24","","","","7238012411","รร.ตชด.บ้านหนองตะไก้","10/06/2538","","0",""
"2568","12. 2568 REP004-IMPROVEMENT 12 - ตารางสรุปรายงานมาตรฐานแต่ละด้าน พร้อมจำนวนข้อที่ต้องปรับปรุง และจำนวนเด็กที่ผ่านเกณฑ์.xls","34","สำนักงานตำรวจแห่งชาติ","กองบัญชาการตำรวจตระเวนชายแดน","กองบังคับการตำรวจตระเวนชายแดนภาค 2","กองกำกับการตำรวจตระเวนชายแดนที่ 24","","","","7238012412","รร.ตชด.บ้านนาแวง","22/07/2564","","0",""
"2568","12. 2568 REP004-IMPROVEMENT 12 - ตารางสรุปรายงานมาตรฐานแต่ละด้าน พร้อมจำนวนข้อที่ต้องปรับปรุง และจำนวนเด็กที่ผ่านเกณฑ์.xls","35","สำนักงานตำรวจแห่งชาติ","กองบัญชาการตำรวจตระเวนชายแดน","กองบังคับการตำรวจตระเวนชายแดนภาค 2","กองกำกับการตำรวจตระเวนชายแดนที่ 24","","","","7241182415","รร.ตชด.บ้านเทพภูเงิน","07/11/2548","","0",""
"2568","12. 2568 REP004-IMPROVEMENT 12 - ตารางสรุปรายงานมาตรฐานแต่ละด้าน พร้อมจำนวนข้อที่ต้องปรับปรุง และจำนวนเด็กที่ผ่านเกณฑ์.xls","36","สำนักงานตำรวจแห่งชาติ","กองบัญชาการตำรวจตระเวนชายแดน","กองบังคับการตำรวจตระเวนชายแดนภาค 2","กองกำกับการตำรวจตระเวนชายแดนที่ 24","","","","7241222413","รร.ตชด.บ้านนาชมภู","22/07/2564","","0",""
"2568","12. 2568 REP004-IMPROVEMENT 12 - ตารางสรุปรายงานมาตรฐานแต่ละด้าน พร้อมจำนวนข้อที่ต้องปรับปรุง และจำนวนเด็กที่ผ่านเกณฑ์.xls","37","สำนักงานตำรวจแห่งชาติ","กองบัญชาการตำรวจตระเวนชายแดน","กองบังคับการตำรวจตระเวนชายแดนภาค 2","กองกำกับการตำรวจตระเวนชายแดนที่ 24","","","","7242042402","รร.ตชด.บ้านห้วยเป้า","20/09/2520","","0",""
"2568","12. 2568 REP004-IMPROVEMENT 12 - ตารางสรุปรายงานมาตรฐานแต่ละด้าน พร้อมจำนวนข้อที่ต้องปรับปรุง และจำนวนเด็กที่ผ่านเกณฑ์.xls","38","สำนักงานตำรวจแห่งชาติ","กองบัญชาการตำรวจตระเวนชายแดน","กองบังคับการตำรวจตระเวนชายแดนภาค 2","กองกำกับการตำรวจตระเวนชายแดนที่ 24","","","","7242042405","รร.ตชด.ฮิลมาร์พาเบิล","23/12/2523","","0",""
"2568","12. 2568 REP004-IMPROVEMENT 12 - ตารางสรุปรายงานมาตรฐานแต่ละด้าน พร้อมจำนวนข้อที่ต้องปรับปรุง และจำนวนเด็กที่ผ่านเกณฑ์.xls","39","สำนักงานตำรวจแห่งชาติ","กองบัญชาการตำรวจตระเวนชายแดน","กองบังคับการตำรวจตระเวนชายแดนภาค 2","กองกำกับการตำรวจตระเวนชายแดนที่ 24","","","","7242042407","รร.ตชด.บ้านนานกปีด","05/05/2529","","0",""
"2568","12. 2568 REP004-IMPROVEMENT 12 - ตารางสรุปรายงานมาตรฐานแต่ละด้าน พร้อมจำนวนข้อที่ต้องปรับปรุง และจำนวนเด็กที่ผ่านเกณฑ์.xls","40","สำนักงานตำรวจแห่งชาติ","กองบัญชาการตำรวจตระเวนชายแดน","กองบังคับการตำรวจตระเวนชายแดนภาค 2","กองกำกับการตำรวจตระเวนชายแดนที่ 24","","","","7242132410","รร.ตชด.บ้านวังชมภู","14/06/2538","","0",""
"2568","12. 2568 REP004-IMPROVEMENT 12 - ตารางสรุปรายงานมาตรฐานแต่ละด้าน พร้อมจำนวนข้อที่ต้องปรับปรุง และจำนวนเด็กที่ผ่านเกณฑ์.xls","41","สำนักงานตำรวจแห่งชาติ","กองบัญชาการตำรวจตระเวนชายแดน","กองบังคับการตำรวจตระเวนชายแดนภาค 2","กองกำกับการตำรวจตระเวนชายแดนที่ 23","","","","7247152307","รร.ตชด.ค็อกนิสไทยฯ","15/05/2568","","0",""
"2568","12. 2568 REP004-IMPROVEMENT 12 - ตารางสรุปรายงานมาตรฐานแต่ละด้าน พร้อมจำนวนข้อที่ต้องปรับปรุง และจำนวนเด็กที่ผ่านเกณฑ์.xls","42","สำนักงานตำรวจแห่งชาติ","กองบัญชาการตำรวจตระเวนชายแดน","กองบังคับการตำรวจตระเวนชายแดนภาค 2","กองกำกับการตำรวจตระเวนชายแดนที่ 23","","","","7248042310","ศกร.ตชด.บ้านปากห้วยม่วง","16/05/2557","","0",""
"2568","12. 2568 REP004-IMPROVEMENT 12 - ตารางสรุปรายงานมาตรฐานแต่ละด้าน พร้อมจำนวนข้อที่ต้องปรับปรุง และจำนวนเด็กที่ผ่านเกณฑ์.xls","43","สำนักงานตำรวจแห่งชาติ","กองบัญชาการตำรวจตระเวนชายแดน","กองบังคับการตำรวจตระเวนชายแดนภาค 2","กองกำกับการตำรวจตระเวนชายแดนที่ 23","","","","7248112302","รร.ตชด.ช่างกลปทุมวันอนุสรณ์ 8","01/06/2519","","0",""
"2568","12. 2568 REP004-IMPROVEMENT 12 - ตารางสรุปรายงานมาตรฐานแต่ละด้าน พร้อมจำนวนข้อที่ต้องปรับปรุง และจำนวนเด็กที่ผ่านเกณฑ์.xls","44","สำนักงานตำรวจแห่งชาติ","กองบัญชาการตำรวจตระเวนชายแดน","กองบังคับการตำรวจตระเวนชายแดนภาค 2","กองกำกับการตำรวจตระเวนชายแดนที่ 23","","","","7249042308","รร.ตชด.การท่าอากาศยานฯ (ขยายโอกาส)","16/02/2543","","0",""
"2568","12. 2568 REP004-IMPROVEMENT 12 - ตารางสรุปรายงานมาตรฐานแต่ละด้าน พร้อมจำนวนข้อที่ต้องปรับปรุง และจำนวนเด็กที่ผ่านเกณฑ์.xls","45","สำนักงานตำรวจแห่งชาติ","กองบัญชาการตำรวจตระเวนชายแดน","กองบังคับการตำรวจตระเวนชายแดนภาค 2","กองกำกับการตำรวจตระเวนชายแดนที่ 23","","","","7249052311","ศกร.ตชด.ใต้ร่มพระบารมี (ธนาคารอาคารสงเคราะห์อุปถัมภ์)","12/05/2558","1.3.8","1","1.3.8"
"2568","12. 2568 REP004-IMPROVEMENT 12 - ตารางสรุปรายงานมาตรฐานแต่ละด้าน พร้อมจำนวนข้อที่ต้องปรับปรุง และจำนวนเด็กที่ผ่านเกณฑ์.xls","46","สำนักงานตำรวจแห่งชาติ","กองบัญชาการตำรวจตระเวนชายแดน","กองบังคับการตำรวจตระเวนชายแดนภาค 3","กองกำกับการตำรวจตระเวนชายแดนที่ 33","","","","7250033310","รร.ตชด.บ้านแม่ลอง","08/07/2564","1.2.3","1","1.2.3"
"2568","12. 2568 REP004-IMPROVEMENT 12 - ตารางสรุปรายงานมาตรฐานแต่ละด้าน พร้อมจำนวนข้อที่ต้องปรับปรุง และจำนวนเด็กที่ผ่านเกณฑ์.xls","47","สำนักงานตำรวจแห่งชาติ","กองบัญชาการตำรวจตระเวนชายแดน","กองบังคับการตำรวจตระเวนชายแดนภาค 3","กองกำกับการตำรวจตระเวนชายแดนที่ 33","","","","7250033314","รร.ตชด.บ้านใหม่พัฒนาสันติ","20/03/2568","","0",""
"2568","12. 2568 REP004-IMPROVEMENT 12 - ตารางสรุปรายงานมาตรฐานแต่ละด้าน พร้อมจำนวนข้อที่ต้องปรับปรุง และจำนวนเด็กที่ผ่านเกณฑ์.xls","48","สำนักงานตำรวจแห่งชาติ","กองบัญชาการตำรวจตระเวนชายแดน","กองบังคับการตำรวจตระเวนชายแดนภาค 3","กองกำกับการตำรวจตระเวนชายแดนที่ 33","","","","7250033332","รร.ตชด.บางกอก เชฟ แชร์ริตี้ บ้านแม่ขอ","16/05/2560","1.2.3,3.1.3ข","2","1.2.3,3.1.3"
"2568","12. 2568 REP004-IMPROVEMENT 12 - ตารางสรุปรายงานมาตรฐานแต่ละด้าน พร้อมจำนวนข้อที่ต้องปรับปรุง และจำนวนเด็กที่ผ่านเกณฑ์.xls","49","สำนักงานตำรวจแห่งชาติ","กองบัญชาการตำรวจตระเวนชายแดน","กองบังคับการตำรวจตระเวนชายแดนภาค 3","กองกำกับการตำรวจตระเวนชายแดนที่ 33","","","","7250033333","ศกร.ตชด.บ้านแม่มุใน (บริษัท ซี เค พาวเวอร์ จำกัด (มหาชน)อุปถัมภ์)","16/05/2561","","0",""
"2568","12. 2568 REP004-IMPROVEMENT 12 - ตารางสรุปรายงานมาตรฐานแต่ละด้าน พร้อมจำนวนข้อที่ต้องปรับปรุง และจำนวนเด็กที่ผ่านเกณฑ์.xls","50","สำนักงานตำรวจแห่งชาติ","กองบัญชาการตำรวจตระเวนชายแดน","กองบังคับการตำรวจตระเวนชายแดนภาค 3","กองกำกับการตำรวจตระเวนชายแดนที่ 33","","","","7250043311","รร.ตชด.เฉลิมพระเกียรติฯ","09/07/2564","1.2.3","1","1.2.3"
"2568","12. 2568 REP004-IMPROVEMENT 12 - ตารางสรุปรายงานมาตรฐานแต่ละด้าน พร้อมจำนวนข้อที่ต้องปรับปรุง และจำนวนเด็กที่ผ่านเกณฑ์.xls","51","สำนักงานตำรวจแห่งชาติ","กองบัญชาการตำรวจตระเวนชายแดน","กองบังคับการตำรวจตระเวนชายแดนภาค 3","กองกำกับการตำรวจตระเวนชายแดนที่ 33","","","","7250063315","รร.ตชด.ไลออนส์มหาจักร 9","27/06/2535","1.2.3","1","1.2.3"
"2568","12. 2568 REP004-IMPROVEMENT 12 - ตารางสรุปรายงานมาตรฐานแต่ละด้าน พร้อมจำนวนข้อที่ต้องปรับปรุง และจำนวนเด็กที่ผ่านเกณฑ์.xls","52","สำนักงานตำรวจแห่งชาติ","กองบัญชาการตำรวจตระเวนชายแดน","กองบังคับการตำรวจตระเวนชายแดนภาค 3","กองกำกับการตำรวจตระเวนชายแดนที่ 33","","","","7250093302","รร.ตชด.อาโอยาม่า","10/01/2510","","0",""
"2568","12. 2568 REP004-IMPROVEMENT 12 - ตารางสรุปรายงานมาตรฐานแต่ละด้าน พร้อมจำนวนข้อที่ต้องปรับปรุง และจำนวนเด็กที่ผ่านเกณฑ์.xls","53","สำนักงานตำรวจแห่งชาติ","กองบัญชาการตำรวจตระเวนชายแดน","กองบังคับการตำรวจตระเวนชายแดนภาค 3","กองกำกับการตำรวจตระเวนชายแดนที่ 33","","","","7250103301","รร.ตชด.เฮียงไทยธำรงค์","11/01/2505","3.1.1ข,3.1.2ข,3.1.3ข,3.2.1ข,3.3.1ข,3.3.2ข,3.4.1ข,3.4.2ข,3.4.3ข,3.5.1ข,3.5.2ข,3.5.3ข,3.5.4ข,3.5.5ข,3.6.1ข,3.6.2ข,3.6.3ข,3.6.4ข,3.7.1ข,3.7.2ข,3.7.3ข,3.7.4ข","22","3.1.1,3.1.2,3.1.3,3.2.1,3.3.1,3.3.2,3.4.1,3.4.2,3.4.3,3.5.1,3.5.2,3.5.3,3.5.4,3.5.5,3.6.1,3.6.2,3.6.3,3.6.4,3.7.1,3.7.2,3.7.3,3.7.4"
"2568","12. 2568 REP004-IMPROVEMENT 12 - ตารางสรุปรายงานมาตรฐานแต่ละด้าน พร้อมจำนวนข้อที่ต้องปรับปรุง และจำนวนเด็กที่ผ่านเกณฑ์.xls","54","สำนักงานตำรวจแห่งชาติ","กองบัญชาการตำรวจตระเวนชายแดน","กองบังคับการตำรวจตระเวนชายแดนภาค 3","กองกำกับการตำรวจตระเวนชายแดนที่ 33","","","","7250103307","รร.ตชด.ทุติยะโพธิ์อนุสรณ์","14/06/2514","1.2.3,3.1.1ข,3.1.2ข,3.1.3ข,3.2.1ข,3.3.1ข,3.3.2ข,3.4.1ข,3.4.2ข,3.4.3ข,3.5.1ข,3.5.2ข,3.5.3ข,3.5.4ข,3.5.5ข,3.6.1ข,3.6.2ข,3.6.3ข,3.6.4ข,3.7.1ข,3.7.2ข,3.7.3ข,3.7.4ข","23","1.2.3,3.1.1,3.1.2,3.1.3,3.2.1,3.3.1,3.3.2,3.4.1,3.4.2,3.4.3,3.5.1,3.5.2,3.5.3,3.5.4,3.5.5,3.6.1,3.6.2,3.6.3,3.6.4,3.7.1,3.7.2,3.7.3,3.7.4"
"2568","12. 2568 REP004-IMPROVEMENT 12 - ตารางสรุปรายงานมาตรฐานแต่ละด้าน พร้อมจำนวนข้อที่ต้องปรับปรุง และจำนวนเด็กที่ผ่านเกณฑ์.xls","55","สำนักงานตำรวจแห่งชาติ","กองบัญชาการตำรวจตระเวนชายแดน","กองบังคับการตำรวจตระเวนชายแดนภาค 3","กองกำกับการตำรวจตระเวนชายแดนที่ 33","","","","7250113304","รร.ตชด.เจ้าพ่อหลวงอุปถัมภ์ 2","01/12/2508","3.2.1ข,3.5.1ข,3.5.2ข,3.5.3ข,3.5.4ข,3.5.5ข","6","3.2.1,3.5.1,3.5.2,3.5.3,3.5.4,3.5.5"
"2568","12. 2568 REP004-IMPROVEMENT 12 - ตารางสรุปรายงานมาตรฐานแต่ละด้าน พร้อมจำนวนข้อที่ต้องปรับปรุง และจำนวนเด็กที่ผ่านเกณฑ์.xls","56","สำนักงานตำรวจแห่งชาติ","กองบัญชาการตำรวจตระเวนชายแดน","กองบังคับการตำรวจตระเวนชายแดนภาค 3","กองกำกับการตำรวจตระเวนชายแดนที่ 33","","","","7250183318","รร.ตชด.รางวัลอินทิรา  คานธี","20/04/2555","","0",""
"2568","12. 2568 REP004-IMPROVEMENT 12 - ตารางสรุปรายงานมาตรฐานแต่ละด้าน พร้อมจำนวนข้อที่ต้องปรับปรุง และจำนวนเด็กที่ผ่านเกณฑ์.xls","57","สำนักงานตำรวจแห่งชาติ","กองบัญชาการตำรวจตระเวนชายแดน","กองบังคับการตำรวจตระเวนชายแดนภาค 3","กองกำกับการตำรวจตระเวนชายแดนที่ 33","","","","7250183326","รร.ตชด.บางกอก เชฟ แชร์ริตี้","18/05/2558","","0",""
"2568","12. 2568 REP004-IMPROVEMENT 12 - ตารางสรุปรายงานมาตรฐานแต่ละด้าน พร้อมจำนวนข้อที่ต้องปรับปรุง และจำนวนเด็กที่ผ่านเกณฑ์.xls","58","สำนักงานตำรวจแห่งชาติ","กองบัญชาการตำรวจตระเวนชายแดน","","","","","","7250183336","ศูนย์การเรียนตำรวจตระเวนชายแดนพระยาประสาทธาตุการย์และคุณหญิงวาส (ประนิช)","","","0",""
"2568","12. 2568 REP004-IMPROVEMENT 12 - ตารางสรุปรายงานมาตรฐานแต่ละด้าน พร้อมจำนวนข้อที่ต้องปรับปรุง และจำนวนเด็กที่ผ่านเกณฑ์.xls","59","สำนักงานตำรวจแห่งชาติ","กองบัญชาการตำรวจตระเวนชายแดน","กองบังคับการตำรวจตระเวนชายแดนภาค 3","กองกำกับการตำรวจตระเวนชายแดนที่ 33","","","","7250203303","รร.ตชด.เบญจมะ 1","01/06/2508","1.1.1,1.1.2,1.1.3,1.2.1,1.2.2,1.2.3,1.2.4,1.3.1,1.3.2,1.3.3,1.3.4,1.3.5,1.3.6,1.3.7,1.3.8,1.4.1,1.4.2,1.4.3,1.4.4,1.4.5,1.4.6,1.4.7,1.5.1,1.5.2,1.5.3,1.5.4,2.1.1,2.1.2,2.1.3,2.1.4,2.1.5,2.2.1,2.2.2,2.2.3,2.2.4,2.2.5,2.3.1,2.3.2,2.3.3,2.3.4,2.3.5,2.4.1,2.4","43","1.1.1,1.1.2,1.1.3,1.2.1,1.2.2,1.2.3,1.2.4,1.3.1,1.3.2,1.3.3,1.3.4,1.3.5,1.3.6,1.3.7,1.3.8,1.4.1,1.4.2,1.4.3,1.4.4,1.4.5,1.4.6,1.4.7,1.5.1,1.5.2,1.5.3,1.5.4,2.1.1,2.1.2,2.1.3,2.1.4,2.1.5,2.2.1,2.2.2,2.2.3,2.2.4,2.2.5,2.3.1,2.3.2,2.3.3,2.3.4,2.3.5,2.4.1"
"2568","12. 2568 REP004-IMPROVEMENT 12 - ตารางสรุปรายงานมาตรฐานแต่ละด้าน พร้อมจำนวนข้อที่ต้องปรับปรุง และจำนวนเด็กที่ผ่านเกณฑ์.xls","60","สำนักงานตำรวจแห่งชาติ","กองบัญชาการตำรวจตระเวนชายแดน","กองบังคับการตำรวจตระเวนชายแดนภาค 3","กองกำกับการตำรวจตระเวนชายแดนที่ 31","","","","7253063101","รร.ตชด.บุญธรรม-บุญพรั้ง","01/05/2501","","0",""
"2568","12. 2568 REP004-IMPROVEMENT 12 - ตารางสรุปรายงานมาตรฐานแต่ละด้าน พร้อมจำนวนข้อที่ต้องปรับปรุง และจำนวนเด็กที่ผ่านเกณฑ์.xls","61","สำนักงานตำรวจแห่งชาติ","กองบัญชาการตำรวจตระเวนชายแดน","กองบังคับการตำรวจตระเวนชายแดนภาค 3","กองกำกับการตำรวจตระเวนชายแดนที่ 31","","","","7253063105","รร.ตชด.ยอดโพธิ์ทอง 1","01/08/2529","","0",""
"2568","12. 2568 REP004-IMPROVEMENT 12 - ตารางสรุปรายงานมาตรฐานแต่ละด้าน พร้อมจำนวนข้อที่ต้องปรับปรุง และจำนวนเด็กที่ผ่านเกณฑ์.xls","62","สำนักงานตำรวจแห่งชาติ","กองบัญชาการตำรวจตระเวนชายแดน","กองบังคับการตำรวจตระเวนชายแดนภาค 3","กองกำกับการตำรวจตระเวนชายแดนที่ 32","","","","7255013224","ศกร.ตชด.บ้านห้วยลู่","24/01/2563","","0",""
"2568","12. 2568 REP004-IMPROVEMENT 12 - ตารางสรุปรายงานมาตรฐานแต่ละด้าน พร้อมจำนวนข้อที่ต้องปรับปรุง และจำนวนเด็กที่ผ่านเกณฑ์.xls","63","สำนักงานตำรวจแห่งชาติ","กองบัญชาการตำรวจตระเวนชายแดน","กองบังคับการตำรวจตระเวนชายแดนภาค 3","กองกำกับการตำรวจตระเวนชายแดนที่ 32","","","","7255023216","รร.ตชด.พีระยานุเคราะห์ฯ 3","26/01/2538","1.2.3","1","1.2.3"
"2568","12. 2568 REP004-IMPROVEMENT 12 - ตารางสรุปรายงานมาตรฐานแต่ละด้าน พร้อมจำนวนข้อที่ต้องปรับปรุง และจำนวนเด็กที่ผ่านเกณฑ์.xls","64","สำนักงานตำรวจแห่งชาติ","กองบัญชาการตำรวจตระเวนชายแดน","กองบังคับการตำรวจตระเวนชายแดนภาค 3","กองกำกับการตำรวจตระเวนชายแดนที่ 32","","","","7255123217","รร.ตชด.เฉลิมฉลอง 100 ปีฯ","","","0",""
"2568","12. 2568 REP004-IMPROVEMENT 12 - ตารางสรุปรายงานมาตรฐานแต่ละด้าน พร้อมจำนวนข้อที่ต้องปรับปรุง และจำนวนเด็กที่ผ่านเกณฑ์.xls","65","สำนักงานตำรวจแห่งชาติ","กองบัญชาการตำรวจตระเวนชายแดน","กองบังคับการตำรวจตระเวนชายแดนภาค 3","กองกำกับการตำรวจตระเวนชายแดนที่ 32","","","","7256033223","ศูนย์การเรียนตำรวจตระเวนชายแดนอินทรีอาสา (บ้านห้วยปุ้ม)","10/02/2561","1.3.3,1.3.4,1.3.5,1.4.5","4","1.3.3,1.3.4,1.3.5,1.4.5"
"2568","12. 2568 REP004-IMPROVEMENT 12 - ตารางสรุปรายงานมาตรฐานแต่ละด้าน พร้อมจำนวนข้อที่ต้องปรับปรุง และจำนวนเด็กที่ผ่านเกณฑ์.xls","66","สำนักงานตำรวจแห่งชาติ","กองบัญชาการตำรวจตระเวนชายแดน","กองบังคับการตำรวจตระเวนชายแดนภาค 3","กองกำกับการตำรวจตระเวนชายแดนที่ 32","","","","7256063211","รร.ตชด.เบ็ตตี้ดูเมน","12/01/2528","","0",""
"2568","12. 2568 REP004-IMPROVEMENT 12 - ตารางสรุปรายงานมาตรฐานแต่ละด้าน พร้อมจำนวนข้อที่ต้องปรับปรุง และจำนวนเด็กที่ผ่านเกณฑ์.xls","67","สำนักงานตำรวจแห่งชาติ","กองบัญชาการตำรวจตระเวนชายแดน","กองบังคับการตำรวจตระเวนชายแดนภาค 3","กองกำกับการตำรวจตระเวนชายแดนที่ 32","","","","7257013213","รร.ตชด.เทคนิคดุสิต","14/06/2564","1.2.3,3.1.3ข","2","1.2.3,3.1.3"
"2568","12. 2568 REP004-IMPROVEMENT 12 - ตารางสรุปรายงานมาตรฐานแต่ละด้าน พร้อมจำนวนข้อที่ต้องปรับปรุง และจำนวนเด็กที่ผ่านเกณฑ์.xls","68","สำนักงานตำรวจแห่งชาติ","กองบัญชาการตำรวจตระเวนชายแดน","กองบังคับการตำรวจตระเวนชายแดนภาค 3","กองกำกับการตำรวจตระเวนชายแดนที่ 32","","","","7257013222","ศกร.ตชด.บ้านจะนู (จิราธิวัฒน์อุปถัมภ์)","17/02/2568","","0",""
"2568","12. 2568 REP004-IMPROVEMENT 12 - ตารางสรุปรายงานมาตรฐานแต่ละด้าน พร้อมจำนวนข้อที่ต้องปรับปรุง และจำนวนเด็กที่ผ่านเกณฑ์.xls","69","สำนักงานตำรวจแห่งชาติ","กองบัญชาการตำรวจตระเวนชายแดน","กองบังคับการตำรวจตระเวนชายแดนภาค 3","กองกำกับการตำรวจตระเวนชายแดนที่ 32","","","","7257033203","รร.ตชด.อาชีวศึกษา เชียงราย-พะเยา","08/05/2508","","0",""
"2568","12. 2568 REP004-IMPROVEMENT 12 - ตารางสรุปรายงานมาตรฐานแต่ละด้าน พร้อมจำนวนข้อที่ต้องปรับปรุง และจำนวนเด็กที่ผ่านเกณฑ์.xls","70","สำนักงานตำรวจแห่งชาติ","กองบัญชาการตำรวจตระเวนชายแดน","กองบังคับการตำรวจตระเวนชายแดนภาค 3","กองกำกับการตำรวจตระเวนชายแดนที่ 32","","","","7257103201","รร.ตชด.บ้านดอยล้าน *","01/10/2503","","0",""
"2568","12. 2568 REP004-IMPROVEMENT 12 - ตารางสรุปรายงานมาตรฐานแต่ละด้าน พร้อมจำนวนข้อที่ต้องปรับปรุง และจำนวนเด็กที่ผ่านเกณฑ์.xls","71","สำนักงานตำรวจแห่งชาติ","กองบัญชาการตำรวจตระเวนชายแดน","กองบังคับการตำรวจตระเวนชายแดนภาค 3","กองกำกับการตำรวจตระเวนชายแดนที่ 32","","","","7257133206","รร.ตชด.ชนัตถ์ปิยะอุย","09/01/2517","","0",""
"2568","12. 2568 REP004-IMPROVEMENT 12 - ตารางสรุปรายงานมาตรฐานแต่ละด้าน พร้อมจำนวนข้อที่ต้องปรับปรุง และจำนวนเด็กที่ผ่านเกณฑ์.xls","72","สำนักงานตำรวจแห่งชาติ","กองบัญชาการตำรวจตระเวนชายแดน","กองบังคับการตำรวจตระเวนชายแดนภาค 3","กองกำกับการตำรวจตระเวนชายแดนที่ 32","","","","7257133219","ศกร.ตชด.บ้านฟ้าไทยงาม","16/05/2557","","0",""
"2568","12. 2568 REP004-IMPROVEMENT 12 - ตารางสรุปรายงานมาตรฐานแต่ละด้าน พร้อมจำนวนข้อที่ต้องปรับปรุง และจำนวนเด็กที่ผ่านเกณฑ์.xls","73","สำนักงานตำรวจแห่งชาติ","กองบัญชาการตำรวจตระเวนชายแดน","กองบังคับการตำรวจตระเวนชายแดนภาค 3","กองกำกับการตำรวจตระเวนชายแดนที่ 32","","","","7257133220","ศกร.ตชด.บ้านห้วยกุ๊ก","28/07/2564","","0",""
"2568","12. 2568 REP004-IMPROVEMENT 12 - ตารางสรุปรายงานมาตรฐานแต่ละด้าน พร้อมจำนวนข้อที่ต้องปรับปรุง และจำนวนเด็กที่ผ่านเกณฑ์.xls","74","สำนักงานตำรวจแห่งชาติ","กองบัญชาการตำรวจตระเวนชายแดน","กองบังคับการตำรวจตระเวนชายแดนภาค 3","กองกำกับการตำรวจตระเวนชายแดนที่ 32","","","","7257153208","รร.ตชด.เจ้าพ่อหลวงอุปถัมภ์ 4 *","01/01/2508","","0",""
"2568","12. 2568 REP004-IMPROVEMENT 12 - ตารางสรุปรายงานมาตรฐานแต่ละด้าน พร้อมจำนวนข้อที่ต้องปรับปรุง และจำนวนเด็กที่ผ่านเกณฑ์.xls","75","สำนักงานตำรวจแห่งชาติ","กองบัญชาการตำรวจตระเวนชายแดน","กองบังคับการตำรวจตระเวนชายแดนภาค 3","กองกำกับการตำรวจตระเวนชายแดนที่ 32","","","","7257153214","รร.ตชด.สังวาลย์วิท 8 *","17/05/2566","","0",""
"2568","12. 2568 REP004-IMPROVEMENT 12 - ตารางสรุปรายงานมาตรฐานแต่ละด้าน พร้อมจำนวนข้อที่ต้องปรับปรุง และจำนวนเด็กที่ผ่านเกณฑ์.xls","76","สำนักงานตำรวจแห่งชาติ","กองบัญชาการตำรวจตระเวนชายแดน","กองบังคับการตำรวจตระเวนชายแดนภาค 3","กองกำกับการตำรวจตระเวนชายแดนที่ 33","","","","7258013323","ศกร.ตชด.บ้านดอยแสง","16/05/2558","","0",""
"2568","12. 2568 REP004-IMPROVEMENT 12 - ตารางสรุปรายงานมาตรฐานแต่ละด้าน พร้อมจำนวนข้อที่ต้องปรับปรุง และจำนวนเด็กที่ผ่านเกณฑ์.xls","77","สำนักงานตำรวจแห่งชาติ","กองบัญชาการตำรวจตระเวนชายแดน","กองบังคับการตำรวจตระเวนชายแดนภาค 3","กองกำกับการตำรวจตระเวนชายแดนที่ 33","","","","7258023328","ศกร.ตชด.บ้านห้วยโปงเลา","24/11/2559","1.2.3,2.1.2,2.1.3,2.1.4,2.1.5,2.3.2","6","1.2.3,2.1.2,2.1.3,2.1.4,2.1.5,2.3.2"
"2568","12. 2568 REP004-IMPROVEMENT 12 - ตารางสรุปรายงานมาตรฐานแต่ละด้าน พร้อมจำนวนข้อที่ต้องปรับปรุง และจำนวนเด็กที่ผ่านเกณฑ์.xls","78","สำนักงานตำรวจแห่งชาติ","กองบัญชาการตำรวจตระเวนชายแดน","กองบังคับการตำรวจตระเวนชายแดนภาค 3","กองกำกับการตำรวจตระเวนชายแดนที่ 33","","","","7258033331","ศูนย์การเรียนตำรวจตระเวนชายแดนบำรุงที่ 114","16/05/2559","","0",""
"2568","12. 2568 REP004-IMPROVEMENT 12 - ตารางสรุปรายงานมาตรฐานแต่ละด้าน พร้อมจำนวนข้อที่ต้องปรับปรุง และจำนวนเด็กที่ผ่านเกณฑ์.xls","79","สำนักงานตำรวจแห่งชาติ","กองบัญชาการตำรวจตระเวนชายแดน","กองบังคับการตำรวจตระเวนชายแดนภาค 3","กองกำกับการตำรวจตระเวนชายแดนที่ 33","","","","7258043320","ศกร.ตชด.บ้านโกแประ","15/05/2551","","0",""
"2568","12. 2568 REP004-IMPROVEMENT 12 - ตารางสรุปรายงานมาตรฐานแต่ละด้าน พร้อมจำนวนข้อที่ต้องปรับปรุง และจำนวนเด็กที่ผ่านเกณฑ์.xls","80","สำนักงานตำรวจแห่งชาติ","กองบัญชาการตำรวจตระเวนชายแดน","กองบังคับการตำรวจตระเวนชายแดนภาค 3","กองกำกับการตำรวจตระเวนชายแดนที่ 33","","","","7258043321","ศกร.ตชด.บ้านปอหมื้อ","17/05/2565","1.4.6","1","1.4.6"
"2568","12. 2568 REP004-IMPROVEMENT 12 - ตารางสรุปรายงานมาตรฐานแต่ละด้าน พร้อมจำนวนข้อที่ต้องปรับปรุง และจำนวนเด็กที่ผ่านเกณฑ์.xls","81","สำนักงานตำรวจแห่งชาติ","กองบัญชาการตำรวจตระเวนชายแดน","กองบังคับการตำรวจตระเวนชายแดนภาค 3","กองกำกับการตำรวจตระเวนชายแดนที่ 33","","","","7258043322","รร.ตชด.๙๐๕","16/05/2569","","0",""
"2568","12. 2568 REP004-IMPROVEMENT 12 - ตารางสรุปรายงานมาตรฐานแต่ละด้าน พร้อมจำนวนข้อที่ต้องปรับปรุง และจำนวนเด็กที่ผ่านเกณฑ์.xls","82","สำนักงานตำรวจแห่งชาติ","กองบัญชาการตำรวจตระเวนชายแดน","กองบังคับการตำรวจตระเวนชายแดนภาค 3","กองกำกับการตำรวจตระเวนชายแดนที่ 33","","","","7258043327","ศกร.ตชด.บ้านแม่เหลอ","30/07/2564","1.2.3","1","1.2.3"
"2568","12. 2568 REP004-IMPROVEMENT 12 - ตารางสรุปรายงานมาตรฐานแต่ละด้าน พร้อมจำนวนข้อที่ต้องปรับปรุง และจำนวนเด็กที่ผ่านเกณฑ์.xls","83","สำนักงานตำรวจแห่งชาติ","กองบัญชาการตำรวจตระเวนชายแดน","กองบังคับการตำรวจตระเวนชายแดนภาค 3","กองกำกับการตำรวจตระเวนชายแดนที่ 33","","","","7258053309","รร.ตชด.บ้านตุน","30/07/2564","1.3.8,1.5.4,3.1.3ข,3.5.2ข,3.5.3ข","5","1.3.8,1.5.4,3.1.3,3.5.2,3.5.3"
"2568","12. 2568 REP004-IMPROVEMENT 12 - ตารางสรุปรายงานมาตรฐานแต่ละด้าน พร้อมจำนวนข้อที่ต้องปรับปรุง และจำนวนเด็กที่ผ่านเกณฑ์.xls","84","สำนักงานตำรวจแห่งชาติ","กองบัญชาการตำรวจตระเวนชายแดน","กองบังคับการตำรวจตระเวนชายแดนภาค 3","กองกำกับการตำรวจตระเวนชายแดนที่ 33","","","","7258063329","ศกร.ตชด.บ้านห้วยมะโอ","","1.2.3","1","1.2.3"
"2568","12. 2568 REP004-IMPROVEMENT 12 - ตารางสรุปรายงานมาตรฐานแต่ละด้าน พร้อมจำนวนข้อที่ต้องปรับปรุง และจำนวนเด็กที่ผ่านเกณฑ์.xls","85","สำนักงานตำรวจแห่งชาติ","กองบัญชาการตำรวจตระเวนชายแดน","กองบังคับการตำรวจตระเวนชายแดนภาค 3","กองกำกับการตำรวจตระเวนชายแดนที่ 33","","","","7258073305","รร.ตชด.ชมรมอนุรักษ์พุทธศิลปไทยอนุสรณ์","","","0",""
"2568","12. 2568 REP004-IMPROVEMENT 12 - ตารางสรุปรายงานมาตรฐานแต่ละด้าน พร้อมจำนวนข้อที่ต้องปรับปรุง และจำนวนเด็กที่ผ่านเกณฑ์.xls","86","สำนักงานตำรวจแห่งชาติ","กองบัญชาการตำรวจตระเวนชายแดน","กองบังคับการตำรวจตระเวนชายแดนภาค 3","กองกำกับการตำรวจตระเวนชายแดนที่ 33","","","","7258073313","รร.ตชด.ชมรมอนุรักษ์พุทธศิลปไทยอนุสรณ์ 2","04/04/2534","","0",""
"2568","12. 2568 REP004-IMPROVEMENT 12 - ตารางสรุปรายงานมาตรฐานแต่ละด้าน พร้อมจำนวนข้อที่ต้องปรับปรุง และจำนวนเด็กที่ผ่านเกณฑ์.xls","87","สำนักงานตำรวจแห่งชาติ","กองบัญชาการตำรวจตระเวนชายแดน","กองบังคับการตำรวจตระเวนชายแดนภาค 3","กองกำกับการตำรวจตระเวนชายแดนที่ 33","","","","7258133330","ศกร.ตชด.พลเอก อรชุน พิบูลนครินทร์","01/05/2559","","0",""
"2568","12. 2568 REP004-IMPROVEMENT 12 - ตารางสรุปรายงานมาตรฐานแต่ละด้าน พร้อมจำนวนข้อที่ต้องปรับปรุง และจำนวนเด็กที่ผ่านเกณฑ์.xls","88","สำนักงานตำรวจแห่งชาติ","กองบัญชาการตำรวจตระเวนชายแดน","กองบังคับการตำรวจตระเวนชายแดนภาค 3","กองกำกับการตำรวจตระเวนชายแดนที่ 34","","","","7263043419","รร.ตชด.หม่อมราชวงศ์เฉลิมลักษณ์ จันทรเสน (ขยายโอกาส)","07/02/2545","1.2.3,3.1.3ข","2","1.2.3,3.1.3"
"2568","12. 2568 REP004-IMPROVEMENT 12 - ตารางสรุปรายงานมาตรฐานแต่ละด้าน พร้อมจำนวนข้อที่ต้องปรับปรุง และจำนวนเด็กที่ผ่านเกณฑ์.xls","89","สำนักงานตำรวจแห่งชาติ","กองบัญชาการตำรวจตระเวนชายแดน","กองบังคับการตำรวจตระเวนชายแดนภาค 3","กองกำกับการตำรวจตระเวนชายแดนที่ 34","","","","7263043420","ศกร.ตชด.บ้านทีวะเบยทะ *","16/05/2545","","0",""
"2568","12. 2568 REP004-IMPROVEMENT 12 - ตารางสรุปรายงานมาตรฐานแต่ละด้าน พร้อมจำนวนข้อที่ต้องปรับปรุง และจำนวนเด็กที่ผ่านเกณฑ์.xls","90","สำนักงานตำรวจแห่งชาติ","กองบัญชาการตำรวจตระเวนชายแดน","กองบังคับการตำรวจตระเวนชายแดนภาค 3","กองกำกับการตำรวจตระเวนชายแดนที่ 34","","","","7263043421","ศกร.ตชด.บ้านวะกะเลโค๊ะ *(เอ็ม เอส ไอ จี อุปถัมภ์)","16/05/2546","1.4.6","1","1.4.6"
"2568","12. 2568 REP004-IMPROVEMENT 12 - ตารางสรุปรายงานมาตรฐานแต่ละด้าน พร้อมจำนวนข้อที่ต้องปรับปรุง และจำนวนเด็กที่ผ่านเกณฑ์.xls","91","สำนักงานตำรวจแห่งชาติ","กองบัญชาการตำรวจตระเวนชายแดน","กองบังคับการตำรวจตระเวนชายแดนภาค 3","กองกำกับการตำรวจตระเวนชายแดนที่ 34","","","","7263043422","ศกร.ตชด.บ้านเลผะสุคี *","16/05/2546","","0",""
"2568","12. 2568 REP004-IMPROVEMENT 12 - ตารางสรุปรายงานมาตรฐานแต่ละด้าน พร้อมจำนวนข้อที่ต้องปรับปรุง และจำนวนเด็กที่ผ่านเกณฑ์.xls","92","สำนักงานตำรวจแห่งชาติ","กองบัญชาการตำรวจตระเวนชายแดน","กองบังคับการตำรวจตระเวนชายแดนภาค 3","กองกำกับการตำรวจตระเวนชายแดนที่ 34","","","","7263043427","ศกร.ตชด.บ้านห้วยสลุง","16/05/2560","","0",""
"2568","12. 2568 REP004-IMPROVEMENT 12 - ตารางสรุปรายงานมาตรฐานแต่ละด้าน พร้อมจำนวนข้อที่ต้องปรับปรุง และจำนวนเด็กที่ผ่านเกณฑ์.xls","93","สำนักงานตำรวจแห่งชาติ","กองบัญชาการตำรวจตระเวนชายแดน","กองบังคับการตำรวจตระเวนชายแดนภาค 3","กองกำกับการตำรวจตระเวนชายแดนที่ 34","","","","7263043428","ศูนย์การเรียนตำรวจตระเวนชายแดนธนาคารออมสินอุปถัมภ์ (บ้านเทอคี)","14/06/2564","","0",""
"2568","12. 2568 REP004-IMPROVEMENT 12 - ตารางสรุปรายงานมาตรฐานแต่ละด้าน พร้อมจำนวนข้อที่ต้องปรับปรุง และจำนวนเด็กที่ผ่านเกณฑ์.xls","94","สำนักงานตำรวจแห่งชาติ","กองบัญชาการตำรวจตระเวนชายแดน","กองบังคับการตำรวจตระเวนชายแดนภาค 3","กองกำกับการตำรวจตระเวนชายแดนที่ 34","","","","7263053402","รร.ตชด.จุฬา - ธรรมศาสตร์ 3","07/09/2515","","0",""
"2568","12. 2568 REP004-IMPROVEMENT 12 - ตารางสรุปรายงานมาตรฐานแต่ละด้าน พร้อมจำนวนข้อที่ต้องปรับปรุง และจำนวนเด็กที่ผ่านเกณฑ์.xls","95","สำนักงานตำรวจแห่งชาติ","กองบัญชาการตำรวจตระเวนชายแดน","กองบังคับการตำรวจตระเวนชายแดนภาค 3","กองกำกับการตำรวจตระเวนชายแดนที่ 34","","","","7263053409","รร.ตชด.บ้านกามาผาโด้","16/05/2526","","0",""
"2568","12. 2568 REP004-IMPROVEMENT 12 - ตารางสรุปรายงานมาตรฐานแต่ละด้าน พร้อมจำนวนข้อที่ต้องปรับปรุง และจำนวนเด็กที่ผ่านเกณฑ์.xls","96","สำนักงานตำรวจแห่งชาติ","กองบัญชาการตำรวจตระเวนชายแดน","กองบังคับการตำรวจตระเวนชายแดนภาค 3","กองกำกับการตำรวจตระเวนชายแดนที่ 34","","","","7263053416","ศกร.ตชด.บ้านพอบือละคี *","16/05/2545","","0",""
"2568","12. 2568 REP004-IMPROVEMENT 12 - ตารางสรุปรายงานมาตรฐานแต่ละด้าน พร้อมจำนวนข้อที่ต้องปรับปรุง และจำนวนเด็กที่ผ่านเกณฑ์.xls","97","สำนักงานตำรวจแห่งชาติ","กองบัญชาการตำรวจตระเวนชายแดน","กองบังคับการตำรวจตระเวนชายแดนภาค 3","กองกำกับการตำรวจตระเวนชายแดนที่ 34","","","","7263053417","ศกร.ตชด.บ้านแม่หละคี *","08/02/2566","","0",""
"2568","12. 2568 REP004-IMPROVEMENT 12 - ตารางสรุปรายงานมาตรฐานแต่ละด้าน พร้อมจำนวนข้อที่ต้องปรับปรุง และจำนวนเด็กที่ผ่านเกณฑ์.xls","98","สำนักงานตำรวจแห่งชาติ","กองบัญชาการตำรวจตระเวนชายแดน","กองบังคับการตำรวจตระเวนชายแดนภาค 3","กองกำกับการตำรวจตระเวนชายแดนที่ 34","","","","7263053423","ศกร.ตชด.บ้านเลโพเด *","16/05/2545","","0",""
"2568","12. 2568 REP004-IMPROVEMENT 12 - ตารางสรุปรายงานมาตรฐานแต่ละด้าน พร้อมจำนวนข้อที่ต้องปรับปรุง และจำนวนเด็กที่ผ่านเกณฑ์.xls","99","สำนักงานตำรวจแห่งชาติ","กองบัญชาการตำรวจตระเวนชายแดน","กองบังคับการตำรวจตระเวนชายแดนภาค 3","กองกำกับการตำรวจตระเวนชายแดนที่ 34","","","","7263053424","ศกร.ตชด.บ้านตีนดอย *","30/01/2547","","0",""
"2568","12. 2568 REP004-IMPROVEMENT 12 - ตารางสรุปรายงานมาตรฐานแต่ละด้าน พร้อมจำนวนข้อที่ต้องปรับปรุง และจำนวนเด็กที่ผ่านเกณฑ์.xls","100","สำนักงานตำรวจแห่งชาติ","กองบัญชาการตำรวจตระเวนชายแดน","กองบังคับการตำรวจตระเวนชายแดนภาค 3","กองกำกับการตำรวจตระเวนชายแดนที่ 34","","","","7263063412","รร.ตชด.ท่านผู้หญิงทวี มณีนุตร","01/05/2541","1.4.6","1","1.4.6"
"2568","12. 2568 REP004-IMPROVEMENT 12 - ตารางสรุปรายงานมาตรฐานแต่ละด้าน พร้อมจำนวนข้อที่ต้องปรับปรุง และจำนวนเด็กที่ผ่านเกณฑ์.xls","101","สำนักงานตำรวจแห่งชาติ","กองบัญชาการตำรวจตระเวนชายแดน","กองบังคับการตำรวจตระเวนชายแดนภาค 3","กองกำกับการตำรวจตระเวนชายแดนที่ 34","","","","7263063425","รร.ตชด.ศาสตราจารย์สำเภา-ไพวรรณ วรางกูร","16/05/2557","","0",""
"2568","12. 2568 REP004-IMPROVEMENT 12 - ตารางสรุปรายงานมาตรฐานแต่ละด้าน พร้อมจำนวนข้อที่ต้องปรับปรุง และจำนวนเด็กที่ผ่านเกณฑ์.xls","102","สำนักงานตำรวจแห่งชาติ","กองบัญชาการตำรวจตระเวนชายแดน","กองบังคับการตำรวจตระเวนชายแดนภาค 3","กองกำกับการตำรวจตระเวนชายแดนที่ 34","","","","7263083408","รร.ตชด.บ้านแม่จันทะ","19/07/2539","1.2.3,3.1.2ข,3.6.4ข","3","1.2.3,3.1.2,3.6.4"
"2568","12. 2568 REP004-IMPROVEMENT 12 - ตารางสรุปรายงานมาตรฐานแต่ละด้าน พร้อมจำนวนข้อที่ต้องปรับปรุง และจำนวนเด็กที่ผ่านเกณฑ์.xls","103","สำนักงานตำรวจแห่งชาติ","กองบัญชาการตำรวจตระเวนชายแดน","กองบังคับการตำรวจตระเวนชายแดนภาค 3","กองกำกับการตำรวจตระเวนชายแดนที่ 34","","","","7263083411","รร.ตชด.เฉลิมพระเกียรติ 7 รอบฯ (บ้านหม่องกั๊วะ จังหวัดตาก)","13/04/2556","","0",""
"2568","12. 2568 REP004-IMPROVEMENT 12 - ตารางสรุปรายงานมาตรฐานแต่ละด้าน พร้อมจำนวนข้อที่ต้องปรับปรุง และจำนวนเด็กที่ผ่านเกณฑ์.xls","104","สำนักงานตำรวจแห่งชาติ","กองบัญชาการตำรวจตระเวนชายแดน","กองบังคับการตำรวจตระเวนชายแดนภาค 3","กองกำกับการตำรวจตระเวนชายแดนที่ 31","","","","7265023104","รร.ตชด.อาทรอุทิศ","18/08/2522","","0",""
"2568","12. 2568 REP004-IMPROVEMENT 12 - ตารางสรุปรายงานมาตรฐานแต่ละด้าน พร้อมจำนวนข้อที่ต้องปรับปรุง และจำนวนเด็กที่ผ่านเกณฑ์.xls","105","สำนักงานตำรวจแห่งชาติ","กองบัญชาการตำรวจตระเวนชายแดน","กองบังคับการตำรวจตระเวนชายแดนภาค 3","กองกำกับการตำรวจตระเวนชายแดนที่ 31","","","","7265033102","รร.ตชด.บ้านลาดเรือ","22/07/2516","","0",""
"2568","12. 2568 REP004-IMPROVEMENT 12 - ตารางสรุปรายงานมาตรฐานแต่ละด้าน พร้อมจำนวนข้อที่ต้องปรับปรุง และจำนวนเด็กที่ผ่านเกณฑ์.xls","106","สำนักงานตำรวจแห่งชาติ","กองบัญชาการตำรวจตระเวนชายแดน","กองบังคับการตำรวจตระเวนชายแดนภาค 3","กองกำกับการตำรวจตระเวนชายแดนที่ 31","","","","7265033106","รร.ตชด.บ้านรักไทย","23/07/2534","","0",""
"2568","12. 2568 REP004-IMPROVEMENT 12 - ตารางสรุปรายงานมาตรฐานแต่ละด้าน พร้อมจำนวนข้อที่ต้องปรับปรุง และจำนวนเด็กที่ผ่านเกณฑ์.xls","107","สำนักงานตำรวจแห่งชาติ","กองบัญชาการตำรวจตระเวนชายแดน","กองบังคับการตำรวจตระเวนชายแดนภาค 3","กองกำกับการตำรวจตระเวนชายแดนที่ 31","","","","7265033107","รร.ตชด.บ้านนุชเทียน","15/07/2536","1.3.3","1","1.3.3"
"2568","12. 2568 REP004-IMPROVEMENT 12 - ตารางสรุปรายงานมาตรฐานแต่ละด้าน พร้อมจำนวนข้อที่ต้องปรับปรุง และจำนวนเด็กที่ผ่านเกณฑ์.xls","108","สำนักงานตำรวจแห่งชาติ","กองบัญชาการตำรวจตระเวนชายแดน","กองบังคับการตำรวจตระเวนชายแดนภาค 3","กองกำกับการตำรวจตระเวนชายแดนที่ 31","","","","7267023103","รร.ตชด.บ้านโป่งตะแบก","14/07/2564","","0",""
"2568","12. 2568 REP004-IMPROVEMENT 12 - ตารางสรุปรายงานมาตรฐานแต่ละด้าน พร้อมจำนวนข้อที่ต้องปรับปรุง และจำนวนเด็กที่ผ่านเกณฑ์.xls","109","สำนักงานตำรวจแห่งชาติ","กองบัญชาการตำรวจตระเวนชายแดน","กองบังคับการตำรวจตระเวนชายแดนภาค 1","กองกำกับการตำรวจตระเวนชายแดนที่ 13","","","","7270031306","รร.ตชด.ตะโกปิดทอง","01/07/2563","","0",""
"2568","12. 2568 REP004-IMPROVEMENT 12 - ตารางสรุปรายงานมาตรฐานแต่ละด้าน พร้อมจำนวนข้อที่ต้องปรับปรุง และจำนวนเด็กที่ผ่านเกณฑ์.xls","110","สำนักงานตำรวจแห่งชาติ","กองบัญชาการตำรวจตระเวนชายแดน","กองบังคับการตำรวจตระเวนชายแดนภาค 1","กองกำกับการตำรวจตระเวนชายแดนที่ 13","","","","7270031309","รร.ตชด.บ้านถ้ำหิน","12/07/2564","","0",""
"2568","12. 2568 REP004-IMPROVEMENT 12 - ตารางสรุปรายงานมาตรฐานแต่ละด้าน พร้อมจำนวนข้อที่ต้องปรับปรุง และจำนวนเด็กที่ผ่านเกณฑ์.xls","111","สำนักงานตำรวจแห่งชาติ","กองบัญชาการตำรวจตระเวนชายแดน","กองบังคับการตำรวจตระเวนชายแดนภาค 1","กองกำกับการตำรวจตระเวนชายแดนที่ 13","","","","7271021305","รร.ตชด.บ้านแม่น้ำน้อย","26/01/2566","","0",""
"2568","12. 2568 REP004-IMPROVEMENT 12 - ตารางสรุปรายงานมาตรฐานแต่ละด้าน พร้อมจำนวนข้อที่ต้องปรับปรุง และจำนวนเด็กที่ผ่านเกณฑ์.xls","112","สำนักงานตำรวจแห่งชาติ","กองบัญชาการตำรวจตระเวนชายแดน","กองบังคับการตำรวจตระเวนชายแดนภาค 1","กองกำกับการตำรวจตระเวนชายแดนที่ 13","","","","7271021307","รร.ตชด.เฮงเค็ลไทย","23/05/2526","","0",""
"2568","12. 2568 REP004-IMPROVEMENT 12 - ตารางสรุปรายงานมาตรฐานแต่ละด้าน พร้อมจำนวนข้อที่ต้องปรับปรุง และจำนวนเด็กที่ผ่านเกณฑ์.xls","113","สำนักงานตำรวจแห่งชาติ","กองบัญชาการตำรวจตระเวนชายแดน","กองบังคับการตำรวจตระเวนชายแดนภาค 1","กองกำกับการตำรวจตระเวนชายแดนที่ 13","","","","7271021308","รร.ตชด.ต้นมะม่วง","13/03/2567","","0",""
"2568","12. 2568 REP004-IMPROVEMENT 12 - ตารางสรุปรายงานมาตรฐานแต่ละด้าน พร้อมจำนวนข้อที่ต้องปรับปรุง และจำนวนเด็กที่ผ่านเกณฑ์.xls","114","สำนักงานตำรวจแห่งชาติ","กองบัญชาการตำรวจตระเวนชายแดน","กองบังคับการตำรวจตระเวนชายแดนภาค 1","กองกำกับการตำรวจตระเวนชายแดนที่ 13","","","","7271021313","รร.ตชด.วัดสุธาสินี","06/07/2564","","0",""
"2568","12. 2568 REP004-IMPROVEMENT 12 - ตารางสรุปรายงานมาตรฐานแต่ละด้าน พร้อมจำนวนข้อที่ต้องปรับปรุง และจำนวนเด็กที่ผ่านเกณฑ์.xls","115","สำนักงานตำรวจแห่งชาติ","กองบัญชาการตำรวจตระเวนชายแดน","กองบังคับการตำรวจตระเวนชายแดนภาค 1","กองกำกับการตำรวจตระเวนชายแดนที่ 13","","","","7271041303","รร.ตชด.มิตรมวลชน 2","17/05/2553","1.2.3","1","1.2.3"
"2568","12. 2568 REP004-IMPROVEMENT 12 - ตารางสรุปรายงานมาตรฐานแต่ละด้าน พร้อมจำนวนข้อที่ต้องปรับปรุง และจำนวนเด็กที่ผ่านเกณฑ์.xls","116","สำนักงานตำรวจแห่งชาติ","กองบัญชาการตำรวจตระเวนชายแดน","กองบังคับการตำรวจตระเวนชายแดนภาค 1","กองกำกับการตำรวจตระเวนชายแดนที่ 13","","","","7271041316","ศูนย์การเรียนตำรวจตระเวนชายแดนปูนอินทรี-มูลนิธิกรุงศรี(บ้านไกรเกรียง)","15/05/2560","","0",""
"2568","12. 2568 REP004-IMPROVEMENT 12 - ตารางสรุปรายงานมาตรฐานแต่ละด้าน พร้อมจำนวนข้อที่ต้องปรับปรุง และจำนวนเด็กที่ผ่านเกณฑ์.xls","117","สำนักงานตำรวจแห่งชาติ","กองบัญชาการตำรวจตระเวนชายแดน","กองบังคับการตำรวจตระเวนชายแดนภาค 1","กองกำกับการตำรวจตระเวนชายแดนที่ 13","","","","7271071304","รร.ตชด.วิจิตรวิทยาคาร","11/04/2569","","0",""
"2568","12. 2568 REP004-IMPROVEMENT 12 - ตารางสรุปรายงานมาตรฐานแต่ละด้าน พร้อมจำนวนข้อที่ต้องปรับปรุง และจำนวนเด็กที่ผ่านเกณฑ์.xls","118","สำนักงานตำรวจแห่งชาติ","กองบัญชาการตำรวจตระเวนชายแดน","กองบังคับการตำรวจตระเวนชายแดนภาค 1","กองกำกับการตำรวจตระเวนชายแดนที่ 13","","","","7271071312","รร.ตชด.บ้านปิล๊อกคี่","","","0",""
"2568","12. 2568 REP004-IMPROVEMENT 12 - ตารางสรุปรายงานมาตรฐานแต่ละด้าน พร้อมจำนวนข้อที่ต้องปรับปรุง และจำนวนเด็กที่ผ่านเกณฑ์.xls","119","สำนักงานตำรวจแห่งชาติ","กองบัญชาการตำรวจตระเวนชายแดน","กองบังคับการตำรวจตระเวนชายแดนภาค 1","กองกำกับการตำรวจตระเวนชายแดนที่ 13","","","","7271071314","ศกร.ตชด.หลวงประกอบนิติสารและท่านผู้หญิงถวิล","24/02/2557","","0",""
"2568","12. 2568 REP004-IMPROVEMENT 12 - ตารางสรุปรายงานมาตรฐานแต่ละด้าน พร้อมจำนวนข้อที่ต้องปรับปรุง และจำนวนเด็กที่ผ่านเกณฑ์.xls","120","สำนักงานตำรวจแห่งชาติ","กองบัญชาการตำรวจตระเวนชายแดน","กองบังคับการตำรวจตระเวนชายแดนภาค 1","กองกำกับการตำรวจตระเวนชายแดนที่ 13","","","","7271081301","รร.ตชด.สหธนาคารกรุงเทพ","26/08/2513","","0",""
"2568","12. 2568 REP004-IMPROVEMENT 12 - ตารางสรุปรายงานมาตรฐานแต่ละด้าน พร้อมจำนวนข้อที่ต้องปรับปรุง และจำนวนเด็กที่ผ่านเกณฑ์.xls","121","สำนักงานตำรวจแห่งชาติ","กองบัญชาการตำรวจตระเวนชายแดน","กองบังคับการตำรวจตระเวนชายแดนภาค 1","กองกำกับการตำรวจตระเวนชายแดนที่ 13","","","","7271081302","รร.ตชด.สุนทรเวช","13/07/2564","","0",""
"2568","12. 2568 REP004-IMPROVEMENT 12 - ตารางสรุปรายงานมาตรฐานแต่ละด้าน พร้อมจำนวนข้อที่ต้องปรับปรุง และจำนวนเด็กที่ผ่านเกณฑ์.xls","122","สำนักงานตำรวจแห่งชาติ","กองบัญชาการตำรวจตระเวนชายแดน","กองบังคับการตำรวจตระเวนชายแดนภาค 1","กองกำกับการตำรวจตระเวนชายแดนที่ 13","","","","7271081310","รร.ตชด.บ้านเรดาร์ *","15/07/2564","","0",""
"2568","12. 2568 REP004-IMPROVEMENT 12 - ตารางสรุปรายงานมาตรฐานแต่ละด้าน พร้อมจำนวนข้อที่ต้องปรับปรุง และจำนวนเด็กที่ผ่านเกณฑ์.xls","123","สำนักงานตำรวจแห่งชาติ","กองบัญชาการตำรวจตระเวนชายแดน","กองบังคับการตำรวจตระเวนชายแดนภาค 1","กองกำกับการตำรวจตระเวนชายแดนที่ 13","","","","7271081311","รร.ตชด.บ้านทิไล่ป้า","19/05/2540","","0",""
"2568","12. 2568 REP004-IMPROVEMENT 12 - ตารางสรุปรายงานมาตรฐานแต่ละด้าน พร้อมจำนวนข้อที่ต้องปรับปรุง และจำนวนเด็กที่ผ่านเกณฑ์.xls","124","สำนักงานตำรวจแห่งชาติ","กองบัญชาการตำรวจตระเวนชายแดน","กองบังคับการตำรวจตระเวนชายแดนภาค 1","กองกำกับการตำรวจตระเวนชายแดนที่ 13","","","","7271081315","ศกร.ตชด.ท่านผู้หญิงมณีรัตน์ บุนนาค","","","0",""
"2568","12. 2568 REP004-IMPROVEMENT 12 - ตารางสรุปรายงานมาตรฐานแต่ละด้าน พร้อมจำนวนข้อที่ต้องปรับปรุง และจำนวนเด็กที่ผ่านเกณฑ์.xls","125","สำนักงานตำรวจแห่งชาติ","กองบัญชาการตำรวจตระเวนชายแดน","กองบังคับการตำรวจตระเวนชายแดนภาค 1","กองกำกับการตำรวจตระเวนชายแดนที่ 14","","","","7276081405","รร.ตชด.นเรศวรบ้านห้วยโสก","01/01/2528","","0",""
"2568","12. 2568 REP004-IMPROVEMENT 12 - ตารางสรุปรายงานมาตรฐานแต่ละด้าน พร้อมจำนวนข้อที่ต้องปรับปรุง และจำนวนเด็กที่ผ่านเกณฑ์.xls","126","สำนักงานตำรวจแห่งชาติ","กองบัญชาการตำรวจตระเวนชายแดน","กองบังคับการตำรวจตระเวนชายแดนภาค 1","กองกำกับการตำรวจตระเวนชายแดนที่ 14","","","","7276081406","รร.ตชด.บ้านโป่งลึก *","09/04/2564","1.2.3","1","1.2.3"
"2568","12. 2568 REP004-IMPROVEMENT 12 - ตารางสรุปรายงานมาตรฐานแต่ละด้าน พร้อมจำนวนข้อที่ต้องปรับปรุง และจำนวนเด็กที่ผ่านเกณฑ์.xls","127","สำนักงานตำรวจแห่งชาติ","กองบัญชาการตำรวจตระเวนชายแดน","กองบังคับการตำรวจตระเวนชายแดนภาค 1","กองกำกับการตำรวจตระเวนชายแดนที่ 14","","","","7276081412","ศกร.ตชด.อินทรีอาสา","01/07/2563","","0",""
"2568","12. 2568 REP004-IMPROVEMENT 12 - ตารางสรุปรายงานมาตรฐานแต่ละด้าน พร้อมจำนวนข้อที่ต้องปรับปรุง และจำนวนเด็กที่ผ่านเกณฑ์.xls","128","สำนักงานตำรวจแห่งชาติ","กองบัญชาการตำรวจตระเวนชายแดน","กองบังคับการตำรวจตระเวนชายแดนภาค 1","กองกำกับการตำรวจตระเวนชายแดนที่ 14","","","","7277021403","รร.ตชด.บ้านย่านซื่อ","23/07/2524","","0",""
"2568","12. 2568 REP004-IMPROVEMENT 12 - ตารางสรุปรายงานมาตรฐานแต่ละด้าน พร้อมจำนวนข้อที่ต้องปรับปรุง และจำนวนเด็กที่ผ่านเกณฑ์.xls","129","สำนักงานตำรวจแห่งชาติ","กองบัญชาการตำรวจตระเวนชายแดน","กองบังคับการตำรวจตระเวนชายแดนภาค 1","กองกำกับการตำรวจตระเวนชายแดนที่ 14","","","","7277051411","ศกร.ตชด.บ้านคีรีล้อม","16/05/2557","","0",""
"2568","12. 2568 REP004-IMPROVEMENT 12 - ตารางสรุปรายงานมาตรฐานแต่ละด้าน พร้อมจำนวนข้อที่ต้องปรับปรุง และจำนวนเด็กที่ผ่านเกณฑ์.xls","130","สำนักงานตำรวจแห่งชาติ","กองบัญชาการตำรวจตระเวนชายแดน","กองบังคับการตำรวจตระเวนชายแดนภาค 1","กองกำกับการตำรวจตระเวนชายแดนที่ 14","","","","7277061401","รร.ตชด.บ้านเขาจ้าว","21/04/2521","1.2.3,3.6.2ข","2","1.2.3,3.6.2"
"2568","12. 2568 REP004-IMPROVEMENT 12 - ตารางสรุปรายงานมาตรฐานแต่ละด้าน พร้อมจำนวนข้อที่ต้องปรับปรุง และจำนวนเด็กที่ผ่านเกณฑ์.xls","131","สำนักงานตำรวจแห่งชาติ","กองบัญชาการตำรวจตระเวนชายแดน","กองบังคับการตำรวจตระเวนชายแดนภาค 1","กองกำกับการตำรวจตระเวนชายแดนที่ 14","","","","7277061407","รร.ตชด.บ้านท่าวังหิน","22/05/2534","","0",""
"2568","12. 2568 REP004-IMPROVEMENT 12 - ตารางสรุปรายงานมาตรฐานแต่ละด้าน พร้อมจำนวนข้อที่ต้องปรับปรุง และจำนวนเด็กที่ผ่านเกณฑ์.xls","132","สำนักงานตำรวจแห่งชาติ","กองบัญชาการตำรวจตระเวนชายแดน","กองบังคับการตำรวจตระเวนชายแดนภาค 1","กองกำกับการตำรวจตระเวนชายแดนที่ 14","","","","7277071404","รร.ตชด.นเรศวรป่าละอู","13/10/2525","","0",""
"2568","12. 2568 REP004-IMPROVEMENT 12 - ตารางสรุปรายงานมาตรฐานแต่ละด้าน พร้อมจำนวนข้อที่ต้องปรับปรุง และจำนวนเด็กที่ผ่านเกณฑ์.xls","133","สำนักงานตำรวจแห่งชาติ","กองบัญชาการตำรวจตระเวนชายแดน","กองบังคับการตำรวจตระเวนชายแดนภาค 1","กองกำกับการตำรวจตระเวนชายแดนที่ 14","","","","7277071408","รร.ตชด.บ้านแพรกตะคร้อ","06/08/2563","","0",""
"2568","12. 2568 REP004-IMPROVEMENT 12 - ตารางสรุปรายงานมาตรฐานแต่ละด้าน พร้อมจำนวนข้อที่ต้องปรับปรุง และจำนวนเด็กที่ผ่านเกณฑ์.xls","134","สำนักงานตำรวจแห่งชาติ","กองบัญชาการตำรวจตระเวนชายแดน","กองบังคับการตำรวจตระเวนชายแดนภาค 1","กองกำกับการตำรวจตระเวนชายแดนที่ 14","","","","7277071409","รร.ตชด.บ้านคลองน้อย","26/03/2568","","0",""
"2568","12. 2568 REP004-IMPROVEMENT 12 - ตารางสรุปรายงานมาตรฐานแต่ละด้าน พร้อมจำนวนข้อที่ต้องปรับปรุง และจำนวนเด็กที่ผ่านเกณฑ์.xls","135","สำนักงานตำรวจแห่งชาติ","กองบัญชาการตำรวจตระเวนชายแดน","กองบังคับการตำรวจตระเวนชายแดนภาค 1","กองกำกับการตำรวจตระเวนชายแดนที่ 14","","","","7277081410","รร.ตชด.บ้านป่าหมาก","01/11/2542","","0",""
"2568","12. 2568 REP004-IMPROVEMENT 12 - ตารางสรุปรายงานมาตรฐานแต่ละด้าน พร้อมจำนวนข้อที่ต้องปรับปรุง และจำนวนเด็กที่ผ่านเกณฑ์.xls","136","สำนักงานตำรวจแห่งชาติ","กองบัญชาการตำรวจตระเวนชายแดน","กองบังคับการตำรวจตระเวนชายแดนภาค 4","กองกำกับการตำรวจตระเวนชายแดนที่ 42","","","","7280074207","ศกร.ตชด.บ้านหลังอ้ายหมี","16/05/2557","","0",""
"2568","12. 2568 REP004-IMPROVEMENT 12 - ตารางสรุปรายงานมาตรฐานแต่ละด้าน พร้อมจำนวนข้อที่ต้องปรับปรุง และจำนวนเด็กที่ผ่านเกณฑ์.xls","137","สำนักงานตำรวจแห่งชาติ","กองบัญชาการตำรวจตระเวนชายแดน","กองบังคับการตำรวจตระเวนชายแดนภาค 4","กองกำกับการตำรวจตระเวนชายแดนที่ 42","","","","7280084205","ศกร.ตชด.บ้านห้วยตง","16/05/2557","","0",""
"2568","12. 2568 REP004-IMPROVEMENT 12 - ตารางสรุปรายงานมาตรฐานแต่ละด้าน พร้อมจำนวนข้อที่ต้องปรับปรุง และจำนวนเด็กที่ผ่านเกณฑ์.xls","138","สำนักงานตำรวจแห่งชาติ","กองบัญชาการตำรวจตระเวนชายแดน","กองบังคับการตำรวจตระเวนชายแดนภาค 4","กองกำกับการตำรวจตระเวนชายแดนที่ 42","","","","7280134204","รร.ตชด.บ้านเขาวัง","15/05/2566","","0",""
"2568","12. 2568 REP004-IMPROVEMENT 12 - ตารางสรุปรายงานมาตรฐานแต่ละด้าน พร้อมจำนวนข้อที่ต้องปรับปรุง และจำนวนเด็กที่ผ่านเกณฑ์.xls","139","สำนักงานตำรวจแห่งชาติ","กองบัญชาการตำรวจตระเวนชายแดน","กองบังคับการตำรวจตระเวนชายแดนภาค 4","กองกำกับการตำรวจตระเวนชายแดนที่ 42","","","","7281044206","ศกร.ตชด.บ้านแผ่นดินเสมอ","16/05/2557","","0",""
"2568","12. 2568 REP004-IMPROVEMENT 12 - ตารางสรุปรายงานมาตรฐานแต่ละด้าน พร้อมจำนวนข้อที่ต้องปรับปรุง และจำนวนเด็กที่ผ่านเกณฑ์.xls","140","สำนักงานตำรวจแห่งชาติ","กองบัญชาการตำรวจตระเวนชายแดน","กองบังคับการตำรวจตระเวนชายแดนภาค 4","กองกำกับการตำรวจตระเวนชายแดนที่ 41","","","","7282194103","รร.ตชด.บ้านคลองวาย","09/05/2531","","0",""
"2568","12. 2568 REP004-IMPROVEMENT 12 - ตารางสรุปรายงานมาตรฐานแต่ละด้าน พร้อมจำนวนข้อที่ต้องปรับปรุง และจำนวนเด็กที่ผ่านเกณฑ์.xls","141","สำนักงานตำรวจแห่งชาติ","กองบัญชาการตำรวจตระเวนชายแดน","กองบังคับการตำรวจตระเวนชายแดนภาค 4","กองกำกับการตำรวจตระเวนชายแดนที่ 41","","","","7284064111","รร.ตชด.บ้านยางโพรง","","","0",""
"2568","12. 2568 REP004-IMPROVEMENT 12 - ตารางสรุปรายงานมาตรฐานแต่ละด้าน พร้อมจำนวนข้อที่ต้องปรับปรุง และจำนวนเด็กที่ผ่านเกณฑ์.xls","142","สำนักงานตำรวจแห่งชาติ","กองบัญชาการตำรวจตระเวนชายแดน","กองบังคับการตำรวจตระเวนชายแดนภาค 4","กองกำกับการตำรวจตระเวนชายแดนที่ 41","","","","7284074110","รร.ตชด.บ้านกอเตย","16/05/2540","","0",""
"2568","12. 2568 REP004-IMPROVEMENT 12 - ตารางสรุปรายงานมาตรฐานแต่ละด้าน พร้อมจำนวนข้อที่ต้องปรับปรุง และจำนวนเด็กที่ผ่านเกณฑ์.xls","143","สำนักงานตำรวจแห่งชาติ","กองบัญชาการตำรวจตระเวนชายแดน","กองบังคับการตำรวจตระเวนชายแดนภาค 4","กองกำกับการตำรวจตระเวนชายแดนที่ 41","","","","7284164101","รร.ตชด.เทคนิคมีนบุรีอนุสรณ์ 1","06/07/2530","","0",""
"2568","12. 2568 REP004-IMPROVEMENT 12 - ตารางสรุปรายงานมาตรฐานแต่ละด้าน พร้อมจำนวนข้อที่ต้องปรับปรุง และจำนวนเด็กที่ผ่านเกณฑ์.xls","144","สำนักงานตำรวจแห่งชาติ","กองบัญชาการตำรวจตระเวนชายแดน","กองบังคับการตำรวจตระเวนชายแดนภาค 4","กองกำกับการตำรวจตระเวนชายแดนที่ 41","","","","7284164109","รร.ตชด.บ้านควนสามัคคี","01/07/2563","","0",""
"2568","12. 2568 REP004-IMPROVEMENT 12 - ตารางสรุปรายงานมาตรฐานแต่ละด้าน พร้อมจำนวนข้อที่ต้องปรับปรุง และจำนวนเด็กที่ผ่านเกณฑ์.xls","145","สำนักงานตำรวจแห่งชาติ","กองบัญชาการตำรวจตระเวนชายแดน","กองบังคับการตำรวจตระเวนชายแดนภาค 4","กองกำกับการตำรวจตระเวนชายแดนที่ 41","","","","7286024102","รร.ตชด.สันตินิมิตร","15/07/2546","1.2.3","1","1.2.3"
"2568","12. 2568 REP004-IMPROVEMENT 12 - ตารางสรุปรายงานมาตรฐานแต่ละด้าน พร้อมจำนวนข้อที่ต้องปรับปรุง และจำนวนเด็กที่ผ่านเกณฑ์.xls","146","สำนักงานตำรวจแห่งชาติ","กองบัญชาการตำรวจตระเวนชายแดน","กองบังคับการตำรวจตระเวนชายแดนภาค 4","กองกำกับการตำรวจตระเวนชายแดนที่ 41","","","","7286024107","รร.ตชด.บ้านพันวาล","17/05/2564","","0",""
"2568","12. 2568 REP004-IMPROVEMENT 12 - ตารางสรุปรายงานมาตรฐานแต่ละด้าน พร้อมจำนวนข้อที่ต้องปรับปรุง และจำนวนเด็กที่ผ่านเกณฑ์.xls","147","สำนักงานตำรวจแห่งชาติ","กองบัญชาการตำรวจตระเวนชายแดน","กองบังคับการตำรวจตระเวนชายแดนภาค 4","กองกำกับการตำรวจตระเวนชายแดนที่ 41","","","","7286044106","รร.ตชด.บ้านห้วยเหมือง","15/07/2531","","0",""
"2568","12. 2568 REP004-IMPROVEMENT 12 - ตารางสรุปรายงานมาตรฐานแต่ละด้าน พร้อมจำนวนข้อที่ต้องปรับปรุง และจำนวนเด็กที่ผ่านเกณฑ์.xls","148","สำนักงานตำรวจแห่งชาติ","กองบัญชาการตำรวจตระเวนชายแดน","กองบังคับการตำรวจตระเวนชายแดนภาค 4","กองกำกับการตำรวจตระเวนชายแดนที่ 41","","","","7286054105","รร.ตชด.สิริราษฎร์","01/02/2531","","0",""
"2568","12. 2568 REP004-IMPROVEMENT 12 - ตารางสรุปรายงานมาตรฐานแต่ละด้าน พร้อมจำนวนข้อที่ต้องปรับปรุง และจำนวนเด็กที่ผ่านเกณฑ์.xls","149","สำนักงานตำรวจแห่งชาติ","กองบัญชาการตำรวจตระเวนชายแดน","กองบังคับการตำรวจตระเวนชายแดนภาค 4","กองกำกับการตำรวจตระเวนชายแดนที่ 41","","","","7286054108","รร.ตชด.บ้านสวนเพชร","13/05/2532","","0",""
"2568","12. 2568 REP004-IMPROVEMENT 12 - ตารางสรุปรายงานมาตรฐานแต่ละด้าน พร้อมจำนวนข้อที่ต้องปรับปรุง และจำนวนเด็กที่ผ่านเกณฑ์.xls","150","สำนักงานตำรวจแห่งชาติ","กองบัญชาการตำรวจตระเวนชายแดน","กองบังคับการตำรวจตระเวนชายแดนภาค 4","กองกำกับการตำรวจตระเวนชายแดนที่ 41","","","","7286064112","รร.ตชด.บ้านตะแบกงาม (ตันตระเธียรอุปถัมป์)","14/03/2565","","0",""
"2568","12. 2568 REP004-IMPROVEMENT 12 - ตารางสรุปรายงานมาตรฐานแต่ละด้าน พร้อมจำนวนข้อที่ต้องปรับปรุง และจำนวนเด็กที่ผ่านเกณฑ์.xls","151","สำนักงานตำรวจแห่งชาติ","กองบัญชาการตำรวจตระเวนชายแดน","กองบังคับการตำรวจตระเวนชายแดนภาค 4","กองกำกับการตำรวจตระเวนชายแดนที่ 43","","","","7290044303","รร.ตชด.เชิญ  พิศลยบุตร","20/02/2568","","0",""
"2568","12. 2568 REP004-IMPROVEMENT 12 - ตารางสรุปรายงานมาตรฐานแต่ละด้าน พร้อมจำนวนข้อที่ต้องปรับปรุง และจำนวนเด็กที่ผ่านเกณฑ์.xls","152","สำนักงานตำรวจแห่งชาติ","กองบัญชาการตำรวจตระเวนชายแดน","กองบังคับการตำรวจตระเวนชายแดนภาค 4","กองกำกับการตำรวจตระเวนชายแดนที่ 43","","","","7290044310","รร.ตชด.บ้านประกอบออก","29/06/2529","","0",""
"2568","12. 2568 REP004-IMPROVEMENT 12 - ตารางสรุปรายงานมาตรฐานแต่ละด้าน พร้อมจำนวนข้อที่ต้องปรับปรุง และจำนวนเด็กที่ผ่านเกณฑ์.xls","153","สำนักงานตำรวจแห่งชาติ","กองบัญชาการตำรวจตระเวนชายแดน","กองบังคับการตำรวจตระเวนชายแดนภาค 4","กองกำกับการตำรวจตระเวนชายแดนที่ 43","","","","7290064302","รร.ตชด.มหาราช 1","16/05/2566","","0",""
"2568","12. 2568 REP004-IMPROVEMENT 12 - ตารางสรุปรายงานมาตรฐานแต่ละด้าน พร้อมจำนวนข้อที่ต้องปรับปรุง และจำนวนเด็กที่ผ่านเกณฑ์.xls","154","สำนักงานตำรวจแห่งชาติ","กองบัญชาการตำรวจตระเวนชายแดน","กองบังคับการตำรวจตระเวนชายแดนภาค 4","กองกำกับการตำรวจตระเวนชายแดนที่ 43","","","","7290064304","รร.ตชด.บ้านสำนักเอาะ","18/06/2518","","0",""
"2568","12. 2568 REP004-IMPROVEMENT 12 - ตารางสรุปรายงานมาตรฐานแต่ละด้าน พร้อมจำนวนข้อที่ต้องปรับปรุง และจำนวนเด็กที่ผ่านเกณฑ์.xls","155","สำนักงานตำรวจแห่งชาติ","กองบัญชาการตำรวจตระเวนชายแดน","กองบังคับการตำรวจตระเวนชายแดนภาค 4","กองกำกับการตำรวจตระเวนชายแดนที่ 43","","","","7290064308","รร.ตชด.บ้านหาดทราย","26/05/2526","","0",""
"2568","12. 2568 REP004-IMPROVEMENT 12 - ตารางสรุปรายงานมาตรฐานแต่ละด้าน พร้อมจำนวนข้อที่ต้องปรับปรุง และจำนวนเด็กที่ผ่านเกณฑ์.xls","156","สำนักงานตำรวจแห่งชาติ","กองบัญชาการตำรวจตระเวนชายแดน","กองบังคับการตำรวจตระเวนชายแดนภาค 4","กองกำกับการตำรวจตระเวนชายแดนที่ 43","","","","7290104301","รร.ตชด.สื่อมวลชนกีฬา","12/10/2502","","0",""
"2568","12. 2568 REP004-IMPROVEMENT 12 - ตารางสรุปรายงานมาตรฐานแต่ละด้าน พร้อมจำนวนข้อที่ต้องปรับปรุง และจำนวนเด็กที่ผ่านเกณฑ์.xls","157","สำนักงานตำรวจแห่งชาติ","กองบัญชาการตำรวจตระเวนชายแดน","กองบังคับการตำรวจตระเวนชายแดนภาค 4","กองกำกับการตำรวจตระเวนชายแดนที่ 43","","","","7290104305","รร.ตชด.บ้านชายควน","","","0",""
"2568","12. 2568 REP004-IMPROVEMENT 12 - ตารางสรุปรายงานมาตรฐานแต่ละด้าน พร้อมจำนวนข้อที่ต้องปรับปรุง และจำนวนเด็กที่ผ่านเกณฑ์.xls","158","สำนักงานตำรวจแห่งชาติ","กองบัญชาการตำรวจตระเวนชายแดน","กองบังคับการตำรวจตระเวนชายแดนภาค 4","กองกำกับการตำรวจตระเวนชายแดนที่ 43","","","","7290104307","โรงเรียน ตชด.พลตำรวจเอกสมศักดิ์ แขวงโสภา(บ้านทุ่งสบายใจ)","25/03/2568","","0",""
"2568","12. 2568 REP004-IMPROVEMENT 12 - ตารางสรุปรายงานมาตรฐานแต่ละด้าน พร้อมจำนวนข้อที่ต้องปรับปรุง และจำนวนเด็กที่ผ่านเกณฑ์.xls","159","สำนักงานตำรวจแห่งชาติ","กองบัญชาการตำรวจตระเวนชายแดน","กองบังคับการตำรวจตระเวนชายแดนภาค 4","กองกำกับการตำรวจตระเวนชายแดนที่ 43","","","","7290104315","รร.ตชด.บ้านบาโรย","09/11/2541","","0",""
"2568","12. 2568 REP004-IMPROVEMENT 12 - ตารางสรุปรายงานมาตรฐานแต่ละด้าน พร้อมจำนวนข้อที่ต้องปรับปรุง และจำนวนเด็กที่ผ่านเกณฑ์.xls","160","สำนักงานตำรวจแห่งชาติ","กองบัญชาการตำรวจตระเวนชายแดน","กองบังคับการตำรวจตระเวนชายแดนภาค 4","กองกำกับการตำรวจตระเวนชายแดนที่ 43","","","","7290104316","รร.ตชด.พลเอกนวล-คุณหญิงบานชื่น จันทร์ตรี","17/05/2553","","0",""
"2568","12. 2568 REP004-IMPROVEMENT 12 - ตารางสรุปรายงานมาตรฐานแต่ละด้าน พร้อมจำนวนข้อที่ต้องปรับปรุง และจำนวนเด็กที่ผ่านเกณฑ์.xls","161","สำนักงานตำรวจแห่งชาติ","กองบัญชาการตำรวจตระเวนชายแดน","กองบังคับการตำรวจตระเวนชายแดนภาค 4","กองกำกับการตำรวจตระเวนชายแดนที่ 43","","","","7291034311","รร.ตชด.ยูงทองรัฐประชาสรรค์","16/05/2568","","0",""
"2568","12. 2568 REP004-IMPROVEMENT 12 - ตารางสรุปรายงานมาตรฐานแต่ละด้าน พร้อมจำนวนข้อที่ต้องปรับปรุง และจำนวนเด็กที่ผ่านเกณฑ์.xls","162","สำนักงานตำรวจแห่งชาติ","กองบัญชาการตำรวจตระเวนชายแดน","กองบังคับการตำรวจตระเวนชายแดนภาค 4","กองกำกับการตำรวจตระเวนชายแดนที่ 43","","","","7291034314","รร.ตชด.บ้านส้านแดง","","","0",""
"2568","12. 2568 REP004-IMPROVEMENT 12 - ตารางสรุปรายงานมาตรฐานแต่ละด้าน พร้อมจำนวนข้อที่ต้องปรับปรุง และจำนวนเด็กที่ผ่านเกณฑ์.xls","163","สำนักงานตำรวจแห่งชาติ","กองบัญชาการตำรวจตระเวนชายแดน","กองบังคับการตำรวจตระเวนชายแดนภาค 4","กองกำกับการตำรวจตระเวนชายแดนที่ 43","","","","7292044309","รร.ตชด.สันติราษฎร์ประชาบำรุง","14/06/2528","","0",""
"2568","12. 2568 REP004-IMPROVEMENT 12 - ตารางสรุปรายงานมาตรฐานแต่ละด้าน พร้อมจำนวนข้อที่ต้องปรับปรุง และจำนวนเด็กที่ผ่านเกณฑ์.xls","164","สำนักงานตำรวจแห่งชาติ","กองบัญชาการตำรวจตระเวนชายแดน","กองบังคับการตำรวจตระเวนชายแดนภาค 4","กองกำกับการตำรวจตระเวนชายแดนที่ 43","","","","7292044312","รร.ตชด.บ้านหินจอก","05/05/2531","1.2.3,3.1.2ข","2","1.2.3,3.1.2"
"2568","12. 2568 REP004-IMPROVEMENT 12 - ตารางสรุปรายงานมาตรฐานแต่ละด้าน พร้อมจำนวนข้อที่ต้องปรับปรุง และจำนวนเด็กที่ผ่านเกณฑ์.xls","165","สำนักงานตำรวจแห่งชาติ","กองบัญชาการตำรวจตระเวนชายแดน","กองบังคับการตำรวจตระเวนชายแดนภาค 4","กองกำกับการตำรวจตระเวนชายแดนที่ 43","","","","7293104313","รร.ตชด.บ้านควนตะแบก","14/02/2533","","0",""
"2568","12. 2568 REP004-IMPROVEMENT 12 - ตารางสรุปรายงานมาตรฐานแต่ละด้าน พร้อมจำนวนข้อที่ต้องปรับปรุง และจำนวนเด็กที่ผ่านเกณฑ์.xls","166","สำนักงานตำรวจแห่งชาติ","กองบัญชาการตำรวจตระเวนชายแดน","กองบังคับการตำรวจตระเวนชายแดนภาค 4","กองกำกับการตำรวจตระเวนชายแดนที่ 44","","","","7295014412","รร.ตชด.เฉลิมพระเกียรติ 50 พรรษาฯ","14/06/2564","1.2.3","1","1.2.3"
"2568","12. 2568 REP004-IMPROVEMENT 12 - ตารางสรุปรายงานมาตรฐานแต่ละด้าน พร้อมจำนวนข้อที่ต้องปรับปรุง และจำนวนเด็กที่ผ่านเกณฑ์.xls","167","สำนักงานตำรวจแห่งชาติ","กองบัญชาการตำรวจตระเวนชายแดน","กองบังคับการตำรวจตระเวนชายแดนภาค 4","กองกำกับการตำรวจตระเวนชายแดนที่ 44","","","","7295034413","ศกร.ตชด.บ้านภักดี","18/05/2558","","0",""
"2568","12. 2568 REP004-IMPROVEMENT 12 - ตารางสรุปรายงานมาตรฐานแต่ละด้าน พร้อมจำนวนข้อที่ต้องปรับปรุง และจำนวนเด็กที่ผ่านเกณฑ์.xls","168","สำนักงานตำรวจแห่งชาติ","กองบัญชาการตำรวจตระเวนชายแดน","กองบังคับการตำรวจตระเวนชายแดนภาค 4","กองกำกับการตำรวจตระเวนชายแดนที่ 44","","","","7295044401","รร.ตชด.สังวาลย์วิท 4","16/05/2510","","0",""
"2568","12. 2568 REP004-IMPROVEMENT 12 - ตารางสรุปรายงานมาตรฐานแต่ละด้าน พร้อมจำนวนข้อที่ต้องปรับปรุง และจำนวนเด็กที่ผ่านเกณฑ์.xls","169","สำนักงานตำรวจแห่งชาติ","กองบัญชาการตำรวจตระเวนชายแดน","กองบังคับการตำรวจตระเวนชายแดนภาค 4","กองกำกับการตำรวจตระเวนชายแดนที่ 44","","","","7295044403","รร.ตชด.นิคมพิทักษ์ราษฎร์","08/07/2564","","0",""
"2568","12. 2568 REP004-IMPROVEMENT 12 - ตารางสรุปรายงานมาตรฐานแต่ละด้าน พร้อมจำนวนข้อที่ต้องปรับปรุง และจำนวนเด็กที่ผ่านเกณฑ์.xls","170","สำนักงานตำรวจแห่งชาติ","กองบัญชาการตำรวจตระเวนชายแดน","กองบังคับการตำรวจตระเวนชายแดนภาค 4","กองกำกับการตำรวจตระเวนชายแดนที่ 44","","","","7295044404","รร.ตชด.บ้านปาโจแมเราะ","01/06/2531","","0",""
"2568","12. 2568 REP004-IMPROVEMENT 12 - ตารางสรุปรายงานมาตรฐานแต่ละด้าน พร้อมจำนวนข้อที่ต้องปรับปรุง และจำนวนเด็กที่ผ่านเกณฑ์.xls","171","สำนักงานตำรวจแห่งชาติ","กองบัญชาการตำรวจตระเวนชายแดน","กองบังคับการตำรวจตระเวนชายแดนภาค 4","กองกำกับการตำรวจตระเวนชายแดนที่ 44","","","","7295054402","รร.ตชด.โรงงานยาสูบ 2","17/07/2517","","0",""
"2568","12. 2568 REP004-IMPROVEMENT 12 - ตารางสรุปรายงานมาตรฐานแต่ละด้าน พร้อมจำนวนข้อที่ต้องปรับปรุง และจำนวนเด็กที่ผ่านเกณฑ์.xls","172","สำนักงานตำรวจแห่งชาติ","กองบัญชาการตำรวจตระเวนชายแดน","กองบังคับการตำรวจตระเวนชายแดนภาค 4","กองกำกับการตำรวจตระเวนชายแดนที่ 44","","","","7296064411","รร.ตชด.การท่าอากาศยานฯ","16/05/2543","","0",""
"2568","12. 2568 REP004-IMPROVEMENT 12 - ตารางสรุปรายงานมาตรฐานแต่ละด้าน พร้อมจำนวนข้อที่ต้องปรับปรุง และจำนวนเด็กที่ผ่านเกณฑ์.xls","173","สำนักงานตำรวจแห่งชาติ","กองบัญชาการตำรวจตระเวนชายแดน","กองบังคับการตำรวจตระเวนชายแดนภาค 4","กองกำกับการตำรวจตระเวนชายแดนที่ 44","","","","7296074407","รร.ตชด.บ้านตืองอช่างกลปทุมวันอนุสรณ์ 13","15/07/2534","3.1.3ข,3.5.2ข","2","3.1.3,3.5.2"
"2568","12. 2568 REP004-IMPROVEMENT 12 - ตารางสรุปรายงานมาตรฐานแต่ละด้าน พร้อมจำนวนข้อที่ต้องปรับปรุง และจำนวนเด็กที่ผ่านเกณฑ์.xls","174","สำนักงานตำรวจแห่งชาติ","กองบัญชาการตำรวจตระเวนชายแดน","กองบังคับการตำรวจตระเวนชายแดนภาค 4","กองกำกับการตำรวจตระเวนชายแดนที่ 44","","","","7296074408","รร.ตชด.บ้านละโอ","16/05/2536","","0",""
"2568","12. 2568 REP004-IMPROVEMENT 12 - ตารางสรุปรายงานมาตรฐานแต่ละด้าน พร้อมจำนวนข้อที่ต้องปรับปรุง และจำนวนเด็กที่ผ่านเกณฑ์.xls","175","สำนักงานตำรวจแห่งชาติ","กองบัญชาการตำรวจตระเวนชายแดน","กองบังคับการตำรวจตระเวนชายแดนภาค 4","กองกำกับการตำรวจตระเวนชายแดนที่ 44","","","","7296094409","รร.ตชด.บ้านลีนานนท์","18/06/2536","1.3.8,1.4.2,2.2.1,3.5.2ข","4","1.3.8,1.4.2,2.2.1,3.5.2"
"2568","12. 2568 REP004-IMPROVEMENT 12 - ตารางสรุปรายงานมาตรฐานแต่ละด้าน พร้อมจำนวนข้อที่ต้องปรับปรุง และจำนวนเด็กที่ผ่านเกณฑ์.xls","176","สำนักงานตำรวจแห่งชาติ","กองบัญชาการตำรวจตระเวนชายแดน","กองบังคับการตำรวจตระเวนชายแดนภาค 4","กองกำกับการตำรวจตระเวนชายแดนที่ 44","","","","7296124405","รร.ตชด.บ้านไอร์บือแต","13/06/2533","","0",""
